ISO-10303-21;
HEADER;
FILE_DESCRIPTION(('STEP AP242'),
    '1');
FILE_NAME('Ротор стол элевации',
    '',
    ('UNSPECIFIED'),
    ('UNSPECIFIED'),
    'C3D Converter',
    'C3D Toolkit',
    '');
FILE_SCHEMA(('AP242_MANAGED_MODEL_BASED_3D_ENGINEERING_MIM_LF { 1 0 10303 442 1 1 4 }'));
ENDSEC;

DATA;
#1=PRODUCT_DEFINITION('','UNSPECIFIED',#28,#31);
#2=SHAPE_DEFINITION_REPRESENTATION(#26,#3);
#3=SHAPE_REPRESENTATION('NONE',(#4),#8);
#4=AXIS2_PLACEMENT_3D('',#5,#6,#7);
#5=CARTESIAN_POINT('',(0.,0.,0.));
#6=DIRECTION('',(0.,0.,1.));
#7=DIRECTION('',(1.,0.,0.));
#8=(GEOMETRIC_REPRESENTATION_CONTEXT(3)GLOBAL_UNCERTAINTY_ASSIGNED_CONTEXT((#10))
GLOBAL_UNIT_ASSIGNED_CONTEXT((#9,#11,#12))REPRESENTATION_CONTEXT('NONE','NONE'));
#9=(LENGTH_UNIT()NAMED_UNIT(*)SI_UNIT(.MILLI.,.METRE.));
#10=UNCERTAINTY_MEASURE_WITH_UNIT(LENGTH_MEASURE(1.E-5),#9,'NONE','NONE');
#11=(NAMED_UNIT(*)PLANE_ANGLE_UNIT()SI_UNIT($,.RADIAN.));
#12=(NAMED_UNIT(*)SI_UNIT($,.STERADIAN.)SOLID_ANGLE_UNIT());
#13=MANIFOLD_SOLID_BREP('',#14);
#14=CLOSED_SHELL('',(#53,#54,#55,#56,#57,#58,#59,#60,#61,#62,#63,#64,#65,#66,#67,
#68,#69,#70,#71,#72,#73,#74,#75,#76,#77,#78,#79,#80,#81,#82,#83,#84,#85,#86,#87,
#88,#89,#90,#91,#92,#93,#94,#95,#96,#97,#98,#99,#100,#101,#102,#103,#104,#105,#106,
#107,#108,#109,#110,#111,#112,#113,#114,#115,#116,#117,#118,#119,#120,#121,#122,
#123,#124,#125,#126,#127,#128,#129,#130,#131,#132,#133,#134,#135,#136,#137,#138,
#139,#140,#141,#142,#143,#144,#145,#146,#147,#148,#149,#150,#151,#152,#153,#154,
#155,#156,#157));
#15=COLOUR_RGB('',0.4,0.4,0.);
#16=FILL_AREA_STYLE_COLOUR('',#15);
#17=FILL_AREA_STYLE($,(#16));
#18=SURFACE_STYLE_FILL_AREA(#17);
#19=SURFACE_SIDE_STYLE('',(#18));
#20=SURFACE_STYLE_USAGE(.BOTH.,#19);
#21=PRESENTATION_STYLE_ASSIGNMENT((#20));
#22=MECHANICAL_DESIGN_GEOMETRIC_PRESENTATION_REPRESENTATION('NONE',(#23),#8);
#23=STYLED_ITEM('',(#21),#13);
#24=ADVANCED_BREP_SHAPE_REPRESENTATION('NONE',(#13),#8);
#25=SHAPE_REPRESENTATION_RELATIONSHIP('','',#3,#24);
#26=PRODUCT_DEFINITION_SHAPE('NONE','NONE',#1);
#27=MECHANICAL_CONTEXT('NONE',#32,'mechanical');
#28=PRODUCT_DEFINITION_FORMATION_WITH_SPECIFIED_SOURCE('ANY','UNSPECIFIED',#29,.NOT_KNOWN.);
#29=PRODUCT('','\X2\0420043E0442043E0440\X0\ \X2\04410442043E043B\X0\ \X2\044D043B043504320430044604380438\X0\',
'NONE',(#27));
#30=PRODUCT_RELATED_PRODUCT_CATEGORY('detail','',(#29));
#31=DESIGN_CONTEXT('detailed design',#32,'design');
#32=APPLICATION_CONTEXT('configuration controlled 3d designs of mechanical parts and assemblies');
#33=APPLICATION_PROTOCOL_DEFINITION('international standard','config_control_design',
1994,#32);
#34=CC_DESIGN_DATE_AND_TIME_ASSIGNMENT(#35,#39,(#1));
#35=DATE_AND_TIME(#36,#37);
#36=CALENDAR_DATE(0,1,1);
#37=LOCAL_TIME(0,0,0.,#38);
#38=COORDINATED_UNIVERSAL_TIME_OFFSET(0,0,.AHEAD.);
#39=DATE_TIME_ROLE('creation_date');
#40=CC_DESIGN_APPROVAL(#41,(#1));
#41=APPROVAL(#42,'UNSPECIFIED');
#42=APPROVAL_STATUS('not_yet_approved');
#43=APPROVAL_DATE_TIME(#44,#41);
#44=DATE_AND_TIME(#45,#46);
#45=CALENDAR_DATE(0,1,1);
#46=LOCAL_TIME(0,0,0.,#47);
#47=COORDINATED_UNIVERSAL_TIME_OFFSET(0,0,.AHEAD.);
#48=PERSON('UNSPECIFIED','yaros','UNSPECIFIED',('UNSPECIFIED'),('UNSPECIFIED'),(
'UNSPECIFIED'));
#49=ORGANIZATION('UNSPECIFIED','UNSPECIFIED','UNSPECIFIED');
#50=PERSON_AND_ORGANIZATION(#48,#49);
#51=PERSON_AND_ORGANIZATION_ROLE('creator');
#52=CC_DESIGN_PERSON_AND_ORGANIZATION_ASSIGNMENT(#50,#51,(#28,#1));
#53=ADVANCED_FACE('',(#158,#160,#162,#164),#166,.F.);
#54=ADVANCED_FACE('',(#171),#173,.F.);
#55=ADVANCED_FACE('',(#178),#180,.F.);
#56=ADVANCED_FACE('',(#185),#187,.F.);
#57=ADVANCED_FACE('',(#192),#194,.T.);
#58=ADVANCED_FACE('',(#199,#201),#203,.F.);
#59=ADVANCED_FACE('',(#208,#210),#212,.F.);
#60=ADVANCED_FACE('',(#217),#219,.T.);
#61=ADVANCED_FACE('',(#224),#226,.F.);
#62=ADVANCED_FACE('',(#231),#233,.F.);
#63=ADVANCED_FACE('',(#238),#240,.F.);
#64=ADVANCED_FACE('',(#245),#247,.F.);
#65=ADVANCED_FACE('',(#252,#254,#256,#258,#260,#262,#264,#266,#268,#270),#272,.T.);
#66=ADVANCED_FACE('',(#277),#279,.F.);
#67=ADVANCED_FACE('',(#284),#286,.T.);
#68=ADVANCED_FACE('',(#291,#293),#295,.F.);
#69=ADVANCED_FACE('',(#300),#302,.F.);
#70=ADVANCED_FACE('',(#307),#309,.T.);
#71=ADVANCED_FACE('',(#314,#316),#318,.T.);
#72=ADVANCED_FACE('',(#323),#325,.F.);
#73=ADVANCED_FACE('',(#330),#332,.F.);
#74=ADVANCED_FACE('',(#337,#339),#341,.F.);
#75=ADVANCED_FACE('',(#346),#348,.F.);
#76=ADVANCED_FACE('',(#353),#355,.F.);
#77=ADVANCED_FACE('',(#360),#362,.F.);
#78=ADVANCED_FACE('',(#367),#369,.F.);
#79=ADVANCED_FACE('',(#374,#376,#378,#380,#382,#384),#386,.T.);
#80=ADVANCED_FACE('',(#391),#393,.F.);
#81=ADVANCED_FACE('',(#398,#400,#402,#404,#406,#408),#410,.T.);
#82=ADVANCED_FACE('',(#415),#417,.T.);
#83=ADVANCED_FACE('',(#422),#424,.F.);
#84=ADVANCED_FACE('',(#470),#472,.F.);
#85=ADVANCED_FACE('',(#477),#479,.T.);
#86=ADVANCED_FACE('',(#525),#527,.T.);
#87=ADVANCED_FACE('',(#532,#534,#536,#538),#540,.T.);
#88=ADVANCED_FACE('',(#545),#547,.T.);
#89=ADVANCED_FACE('',(#552),#554,.F.);
#90=ADVANCED_FACE('',(#600),#602,.F.);
#91=ADVANCED_FACE('',(#607,#609),#611,.T.);
#92=ADVANCED_FACE('',(#616),#618,.T.);
#93=ADVANCED_FACE('',(#623),#625,.T.);
#94=ADVANCED_FACE('',(#671),#673,.T.);
#95=ADVANCED_FACE('',(#678),#680,.F.);
#96=ADVANCED_FACE('',(#685),#687,.F.);
#97=ADVANCED_FACE('',(#692),#694,.T.);
#98=ADVANCED_FACE('',(#699),#701,.F.);
#99=ADVANCED_FACE('',(#706),#708,.F.);
#100=ADVANCED_FACE('',(#713,#715),#717,.F.);
#101=ADVANCED_FACE('',(#722),#724,.F.);
#102=ADVANCED_FACE('',(#729),#731,.F.);
#103=ADVANCED_FACE('',(#736),#738,.F.);
#104=ADVANCED_FACE('',(#743,#745),#747,.T.);
#105=ADVANCED_FACE('',(#752),#754,.F.);
#106=ADVANCED_FACE('',(#759),#761,.F.);
#107=ADVANCED_FACE('',(#810),#812,.F.);
#108=ADVANCED_FACE('',(#817),#819,.F.);
#109=ADVANCED_FACE('',(#904),#906,.F.);
#110=ADVANCED_FACE('',(#911),#913,.T.);
#111=ADVANCED_FACE('',(#992),#994,.F.);
#112=ADVANCED_FACE('',(#999),#1001,.T.);
#113=ADVANCED_FACE('',(#1050),#1052,.F.);
#114=ADVANCED_FACE('',(#1057),#1059,.F.);
#115=ADVANCED_FACE('',(#1064),#1066,.F.);
#116=ADVANCED_FACE('',(#1071),#1073,.F.);
#117=ADVANCED_FACE('',(#1078,#1080),#1082,.F.);
#118=ADVANCED_FACE('',(#1087,#1089),#1091,.F.);
#119=ADVANCED_FACE('',(#1096,#1098),#1100,.F.);
#120=ADVANCED_FACE('',(#1105,#1107),#1109,.F.);
#121=ADVANCED_FACE('',(#1114),#1116,.T.);
#122=ADVANCED_FACE('',(#1192,#1194),#1196,.T.);
#123=ADVANCED_FACE('',(#1201),#1203,.T.);
#124=ADVANCED_FACE('',(#1208),#1210,.T.);
#125=ADVANCED_FACE('',(#1298),#1300,.T.);
#126=ADVANCED_FACE('',(#1325),#1327,.F.);
#127=ADVANCED_FACE('',(#1368),#1370,.F.);
#128=ADVANCED_FACE('',(#1375,#1377),#1379,.T.);
#129=ADVANCED_FACE('',(#1384),#1386,.F.);
#130=ADVANCED_FACE('',(#1391),#1393,.F.);
#131=ADVANCED_FACE('',(#1398),#1400,.F.);
#132=ADVANCED_FACE('',(#1405,#1407),#1409,.F.);
#133=ADVANCED_FACE('',(#1414,#1416),#1418,.F.);
#134=ADVANCED_FACE('',(#1423,#1425),#1427,.F.);
#135=ADVANCED_FACE('',(#1432,#1434),#1436,.F.);
#136=ADVANCED_FACE('',(#1441,#1443),#1445,.F.);
#137=ADVANCED_FACE('',(#1450,#1452),#1454,.F.);
#138=ADVANCED_FACE('',(#1459),#1461,.F.);
#139=ADVANCED_FACE('',(#1466),#1468,.F.);
#140=ADVANCED_FACE('',(#1556,#1558),#1560,.F.);
#141=ADVANCED_FACE('',(#1565),#1567,.F.);
#142=ADVANCED_FACE('',(#1643),#1645,.F.);
#143=ADVANCED_FACE('',(#1670),#1672,.F.);
#144=ADVANCED_FACE('',(#1677),#1679,.T.);
#145=ADVANCED_FACE('',(#1720),#1722,.T.);
#146=ADVANCED_FACE('',(#1727,#1729),#1731,.F.);
#147=ADVANCED_FACE('',(#1736),#1738,.T.);
#148=ADVANCED_FACE('',(#1743,#1745,#1747,#1749,#1751,#1753),#1755,.F.);
#149=ADVANCED_FACE('',(#1760,#1762),#1764,.F.);
#150=ADVANCED_FACE('',(#1769,#1771),#1773,.T.);
#151=ADVANCED_FACE('',(#1778,#1780),#1782,.F.);
#152=ADVANCED_FACE('',(#1787,#1789),#1791,.F.);
#153=ADVANCED_FACE('',(#1796,#1798),#1800,.F.);
#154=ADVANCED_FACE('',(#1805),#1807,.T.);
#155=ADVANCED_FACE('',(#1812),#1814,.T.);
#156=ADVANCED_FACE('',(#1819),#1821,.T.);
#157=ADVANCED_FACE('',(#1826),#1828,.T.);
#158=FACE_BOUND('',#159,.T.);
#159=EDGE_LOOP('',(#1833,#1834,#1835,#1836,#1837,#1838,#1839,#1840,#1841,#1842,#1843,
#1844,#1845,#1846));
#160=FACE_BOUND('',#161,.T.);
#161=EDGE_LOOP('',(#1847));
#162=FACE_BOUND('',#163,.T.);
#163=EDGE_LOOP('',(#1848));
#164=FACE_BOUND('',#165,.T.);
#165=EDGE_LOOP('',(#1849));
#166=PLANE('',#167);
#167=AXIS2_PLACEMENT_3D('',#168,#169,#170);
#168=CARTESIAN_POINT('',(-50.,0.,3.06161699786838E-15));
#169=DIRECTION('',(-1.,0.,6.12323399573677E-17));
#170=DIRECTION('',(3.74939945665464E-33,-1.,6.12323399573677E-17));
#171=FACE_BOUND('',#172,.T.);
#172=EDGE_LOOP('',(#1850,#1851,#1852,#1853,#1854,#1855,#1856,#1857,#1858));
#173=PLANE('',#174);
#174=AXIS2_PLACEMENT_3D('',#175,#176,#177);
#175=CARTESIAN_POINT('',(1.20283995675081E-31,-19.5,-2.98762810001408E-15));
#176=DIRECTION('',(0.,-1.,-1.92125732440235E-16));
#177=DIRECTION('',(1.,4.7057232653355E-32,-2.44929359829471E-16));
#178=FACE_BOUND('',#179,.T.);
#179=EDGE_LOOP('',(#1859,#1860,#1861,#1862,#1863,#1864,#1865,#1866,#1867,#1868,#1869,
#1870,#1871,#1872,#1873,#1874,#1875,#1876,#1877,#1878,#1879,#1880,#1881,#1882,#1883));
#180=PLANE('',#181);
#181=AXIS2_PLACEMENT_3D('',#182,#183,#184);
#182=CARTESIAN_POINT('',(0.,-29.5,-1.80635402874235E-15));
#183=DIRECTION('',(0.,1.,6.12323399573677E-17));
#184=DIRECTION('',(-1.,7.49879891330929E-33,-1.22464679914735E-16));
#185=FACE_BOUND('',#186,.T.);
#186=EDGE_LOOP('',(#1884,#1885,#1886,#1887,#1888,#1889,#1890,#1891,#1892,#1893,#1894,
#1895,#1896,#1897,#1898,#1899,#1900,#1901,#1902,#1903,#1904,#1905,#1906,#1907,#1908));
#187=PLANE('',#188);
#188=AXIS2_PLACEMENT_3D('',#189,#190,#191);
#189=CARTESIAN_POINT('',(50.,29.5,54.));
#190=DIRECTION('',(8.53101850005892E-33,-1.,6.96610525255E-17));
#191=DIRECTION('',(-1.22464679914735E-16,-6.96610525255E-17,-1.));
#192=FACE_BOUND('',#193,.T.);
#193=EDGE_LOOP('',(#1909,#1910,#1911,#1912,#1913,#1914,#1915,#1916,#1917));
#194=PLANE('',#195);
#195=AXIS2_PLACEMENT_3D('',#196,#197,#198);
#196=CARTESIAN_POINT('',(1.20283995675081E-31,19.5,-5.99566841676737E-16));
#197=DIRECTION('',(0.,-1.,6.96610525255E-17));
#198=DIRECTION('',(1.,-1.70620370001178E-32,-2.44929359829471E-16));
#199=FACE_OUTER_BOUND('',#200,.T.);
#200=EDGE_LOOP('',(#1918));
#201=FACE_OUTER_BOUND('',#202,.T.);
#202=EDGE_LOOP('',(#1919));
#203=CYLINDRICAL_SURFACE('',#204,1.6);
#204=AXIS2_PLACEMENT_3D('',#205,#206,#207);
#205=CARTESIAN_POINT('',(-41.,24.5,24.));
#206=DIRECTION('',(-1.,0.,6.12323399573677E-17));
#207=DIRECTION('',(-3.74939945665464E-33,-1.,-6.12323399573677E-17));
#208=FACE_OUTER_BOUND('',#209,.T.);
#209=EDGE_LOOP('',(#1920));
#210=FACE_OUTER_BOUND('',#211,.T.);
#211=EDGE_LOOP('',(#1921));
#212=CYLINDRICAL_SURFACE('',#213,1.6);
#213=AXIS2_PLACEMENT_3D('',#214,#215,#216);
#214=CARTESIAN_POINT('',(-41.,-24.5,24.));
#215=DIRECTION('',(-1.,0.,6.12323399573677E-17));
#216=DIRECTION('',(-3.74939945665464E-33,-1.,-6.12323399573677E-17));
#217=FACE_BOUND('',#218,.T.);
#218=EDGE_LOOP('',(#1922,#1923,#1924,#1925,#1926,#1927));
#219=PLANE('',#220);
#220=AXIS2_PLACEMENT_3D('',#221,#222,#223);
#221=CARTESIAN_POINT('',(-50.,-19.5,20.0494978490274));
#222=DIRECTION('',(0.955637162726794,1.40715458543314E-16,-0.294546453408429));
#223=DIRECTION('',(0.294546453408429,-2.34481982249991E-16,0.955637162726794));
#224=FACE_BOUND('',#225,.T.);
#225=EDGE_LOOP('',(#1928,#1929,#1930,#1931,#1932,#1933));
#226=PLANE('',#227);
#227=AXIS2_PLACEMENT_3D('',#228,#229,#230);
#228=CARTESIAN_POINT('',(-50.,19.5,20.0494978490274));
#229=DIRECTION('',(-0.955637162726794,1.0464392140663E-16,0.294546453408429));
#230=DIRECTION('',(0.294546453408429,1.17450183002029E-16,0.955637162726794));
#231=FACE_BOUND('',#232,.T.);
#232=EDGE_LOOP('',(#1934,#1935,#1936,#1937));
#233=CYLINDRICAL_SURFACE('',#234,7.5);
#234=AXIS2_PLACEMENT_3D('',#235,#236,#237);
#235=CARTESIAN_POINT('',(-50.,-24.5,24.));
#236=DIRECTION('',(1.,0.,-6.12323399573677E-17));
#237=DIRECTION('',(3.74939945665464E-33,1.,6.12323399573677E-17));
#238=FACE_BOUND('',#239,.T.);
#239=EDGE_LOOP('',(#1938,#1939,#1940,#1941));
#240=CYLINDRICAL_SURFACE('',#241,7.5);
#241=AXIS2_PLACEMENT_3D('',#242,#243,#244);
#242=CARTESIAN_POINT('',(-50.,24.5,24.));
#243=DIRECTION('',(1.,0.,-6.12323399573677E-17));
#244=DIRECTION('',(3.74939945665464E-33,1.,6.12323399573677E-17));
#245=FACE_BOUND('',#246,.T.);
#246=EDGE_LOOP('',(#1942,#1943,#1944,#1945));
#247=CYLINDRICAL_SURFACE('',#248,5.);
#248=AXIS2_PLACEMENT_3D('',#249,#250,#251);
#249=CARTESIAN_POINT('',(-101.,-34.5,8.));
#250=DIRECTION('',(-1.,0.,3.90408096571484E-17));
#251=DIRECTION('',(0.,1.,7.105427357601E-16));
#252=FACE_BOUND('',#253,.T.);
#253=EDGE_LOOP('',(#1946));
#254=FACE_BOUND('',#255,.T.);
#255=EDGE_LOOP('',(#1947,#1948,#1949,#1950));
#256=FACE_BOUND('',#257,.T.);
#257=EDGE_LOOP('',(#1951,#1952,#1953,#1954));
#258=FACE_BOUND('',#259,.T.);
#259=EDGE_LOOP('',(#1955,#1956,#1957,#1958));
#260=FACE_BOUND('',#261,.T.);
#261=EDGE_LOOP('',(#1959,#1960,#1961,#1962));
#262=FACE_BOUND('',#263,.T.);
#263=EDGE_LOOP('',(#1963));
#264=FACE_BOUND('',#265,.T.);
#265=EDGE_LOOP('',(#1964));
#266=FACE_BOUND('',#267,.T.);
#267=EDGE_LOOP('',(#1965));
#268=FACE_BOUND('',#269,.T.);
#269=EDGE_LOOP('',(#1966));
#270=FACE_BOUND('',#271,.T.);
#271=EDGE_LOOP('',(#1967,#1968,#1969,#1970));
#272=PLANE('',#273);
#273=AXIS2_PLACEMENT_3D('',#274,#275,#276);
#274=CARTESIAN_POINT('',(0.,0.,3.));
#275=DIRECTION('',(0.,0.,1.));
#276=DIRECTION('',(-1.,1.22464679914735E-16,0.));
#277=FACE_BOUND('',#278,.T.);
#278=EDGE_LOOP('',(#1971,#1972,#1973,#1974));
#279=CYLINDRICAL_SURFACE('',#280,5.);
#280=AXIS2_PLACEMENT_3D('',#281,#282,#283);
#281=CARTESIAN_POINT('',(-10.,34.5,7.99999999999998));
#282=DIRECTION('',(1.,0.,-2.14724453114316E-16));
#283=DIRECTION('',(-3.15544362088404E-31,-1.,-4.97379915032069E-15));
#284=FACE_BOUND('',#285,.T.);
#285=EDGE_LOOP('',(#1975,#1976,#1977,#1978,#1979,#1980,#1981,#1982));
#286=PLANE('',#287);
#287=AXIS2_PLACEMENT_3D('',#288,#289,#290);
#288=CARTESIAN_POINT('',(-50.,-29.5,54.));
#289=DIRECTION('',(0.,0.,1.));
#290=DIRECTION('',(0.,1.,0.));
#291=FACE_OUTER_BOUND('',#292,.T.);
#292=EDGE_LOOP('',(#1983));
#293=FACE_OUTER_BOUND('',#294,.T.);
#294=EDGE_LOOP('',(#1984));
#295=CYLINDRICAL_SURFACE('',#296,18.6);
#296=AXIS2_PLACEMENT_3D('',#297,#298,#299);
#297=CARTESIAN_POINT('',(-50.,-8.4736075498395E-17,24.));
#298=DIRECTION('',(-1.,0.,6.12323399573677E-17));
#299=DIRECTION('',(3.74939945665465E-33,-1.,6.12323399573677E-17));
#300=FACE_BOUND('',#301,.T.);
#301=EDGE_LOOP('',(#1985,#1986,#1987,#1988));
#302=CYLINDRICAL_SURFACE('',#303,5.);
#303=AXIS2_PLACEMENT_3D('',#304,#305,#306);
#304=CARTESIAN_POINT('',(-53.6910114743686,20.5,59.));
#305=DIRECTION('',(0.,1.,0.));
#306=DIRECTION('',(0.955637162726777,0.,-0.294546453408484));
#307=FACE_BOUND('',#308,.T.);
#308=EDGE_LOOP('',(#1989,#1990,#1991,#1992,#1993));
#309=PLANE('',#310);
#310=AXIS2_PLACEMENT_3D('',#311,#312,#313);
#311=CARTESIAN_POINT('',(-34.4029378581635,-19.5,104.603672322705));
#312=DIRECTION('',(-0.955637162726776,-3.60715371366907E-17,0.294546453408486));
#313=DIRECTION('',(-0.294546453408486,1.84123871110623E-16,-0.955637162726776));
#314=FACE_BOUND('',#315,.T.);
#315=EDGE_LOOP('',(#1994,#1995,#1996,#1997,#1998,#1999,#2000,#2001,#2002,#2003,#2004,
#2005,#2006));
#316=FACE_OUTER_BOUND('',#317,.T.);
#317=EDGE_LOOP('',(#2007));
#318=CYLINDRICAL_SURFACE('',#319,36.);
#319=AXIS2_PLACEMENT_3D('',#320,#321,#322);
#320=CARTESIAN_POINT('',(-1.15116799119851E-14,-15.5,94.));
#321=DIRECTION('',(0.,1.,6.12323399573677E-17));
#322=DIRECTION('',(-1.,7.49879891330929E-33,-1.22464679914735E-16));
#323=FACE_BOUND('',#324,.T.);
#324=EDGE_LOOP('',(#2008,#2009,#2010,#2011));
#325=CYLINDRICAL_SURFACE('',#326,5.);
#326=AXIS2_PLACEMENT_3D('',#327,#328,#329);
#327=CARTESIAN_POINT('',(-30.4404313420881,-9.50000000000002,66.5340185009234));
#328=DIRECTION('',(0.,1.,-4.73695157173401E-16));
#329=DIRECTION('',(-0.955637162726794,1.39525228542173E-16,0.294546453408428));
#330=FACE_BOUND('',#331,.T.);
#331=EDGE_LOOP('',(#2012,#2013,#2014,#2015,#2016));
#332=CYLINDRICAL_SURFACE('',#333,5.);
#333=AXIS2_PLACEMENT_3D('',#334,#335,#336);
#334=CARTESIAN_POINT('',(-12.5000000000006,-34.5,83.8178860912623));
#335=DIRECTION('',(-7.14046377906593E-15,0.,1.));
#336=DIRECTION('',(1.,2.8421709430404E-15,7.14046377906593E-15));
#337=FACE_BOUND('',#338,.T.);
#338=EDGE_LOOP('',(#2017,#2018,#2019));
#339=FACE_OUTER_BOUND('',#340,.T.);
#340=EDGE_LOOP('',(#2020));
#341=CYLINDRICAL_SURFACE('',#342,31.1);
#342=AXIS2_PLACEMENT_3D('',#343,#344,#345);
#343=CARTESIAN_POINT('',(-1.15116799119851E-14,-15.5,94.));
#344=DIRECTION('',(0.,1.,6.12323399573677E-17));
#345=DIRECTION('',(-1.,7.49879891330929E-33,-1.22464679914735E-16));
#346=FACE_BOUND('',#347,.T.);
#347=EDGE_LOOP('',(#2021,#2022,#2023,#2024,#2025));
#348=CYLINDRICAL_SURFACE('',#349,5.);
#349=AXIS2_PLACEMENT_3D('',#350,#351,#352);
#350=CARTESIAN_POINT('',(12.4999999999997,-34.5,38.7899162170836));
#351=DIRECTION('',(7.77166499710491E-15,0.,-1.));
#352=DIRECTION('',(-1.,0.,-7.77166499710491E-15));
#353=FACE_BOUND('',#354,.T.);
#354=EDGE_LOOP('',(#2026,#2027,#2028,#2029));
#355=CYLINDRICAL_SURFACE('',#356,5.);
#356=AXIS2_PLACEMENT_3D('',#357,#358,#359);
#357=CARTESIAN_POINT('',(30.4404313420881,-9.50000000000003,66.5340185009234));
#358=DIRECTION('',(2.368475785867E-16,-1.,0.));
#359=DIRECTION('',(0.955637162726794,2.26340347999306E-16,0.294546453408428));
#360=FACE_BOUND('',#361,.T.);
#361=EDGE_LOOP('',(#2030,#2031,#2032,#2033));
#362=PLANE('',#363);
#363=AXIS2_PLACEMENT_3D('',#364,#365,#366);
#364=CARTESIAN_POINT('',(50.,-19.5,20.0494978490274));
#365=DIRECTION('',(0.955637162726794,-1.40715458543314E-16,0.294546453408429));
#366=DIRECTION('',(-0.294546453408429,-2.34481982249991E-16,0.955637162726794));
#367=FACE_BOUND('',#368,.T.);
#368=EDGE_LOOP('',(#2034,#2035,#2036,#2037));
#369=CYLINDRICAL_SURFACE('',#370,5.);
#370=AXIS2_PLACEMENT_3D('',#371,#372,#373);
#371=CARTESIAN_POINT('',(45.,-49.5,19.2964275478941));
#372=DIRECTION('',(0.,1.,5.6843418860808E-16));
#373=DIRECTION('',(0.955637162726793,-1.67430274250608E-16,0.294546453408429));
#374=FACE_BOUND('',#375,.T.);
#375=EDGE_LOOP('',(#2038,#2039,#2040,#2041,#2042,#2043,#2044,#2045,#2046,#2047));
#376=FACE_BOUND('',#377,.T.);
#377=EDGE_LOOP('',(#2048));
#378=FACE_BOUND('',#379,.T.);
#379=EDGE_LOOP('',(#2049));
#380=FACE_BOUND('',#381,.T.);
#381=EDGE_LOOP('',(#2050));
#382=FACE_BOUND('',#383,.T.);
#383=EDGE_LOOP('',(#2051));
#384=FACE_BOUND('',#385,.T.);
#385=EDGE_LOOP('',(#2052));
#386=PLANE('',#387);
#387=AXIS2_PLACEMENT_3D('',#388,#389,#390);
#388=CARTESIAN_POINT('',(50.,0.,-3.06161699786838E-15));
#389=DIRECTION('',(-1.,0.,6.12323399573677E-17));
#390=DIRECTION('',(3.74939945665464E-33,-1.,6.12323399573677E-17));
#391=FACE_BOUND('',#392,.T.);
#392=EDGE_LOOP('',(#2053,#2054,#2055,#2056));
#393=CYLINDRICAL_SURFACE('',#394,5.);
#394=AXIS2_PLACEMENT_3D('',#395,#396,#397);
#395=CARTESIAN_POINT('',(103.,-34.5,8.));
#396=DIRECTION('',(-1.,0.,-1.91006111763468E-17));
#397=DIRECTION('',(0.,1.,-1.62861606239177E-31));
#398=FACE_BOUND('',#399,.T.);
#399=EDGE_LOOP('',(#2057,#2058,#2059,#2060,#2061,#2062,#2063,#2064));
#400=FACE_BOUND('',#401,.T.);
#401=EDGE_LOOP('',(#2065));
#402=FACE_BOUND('',#403,.T.);
#403=EDGE_LOOP('',(#2066));
#404=FACE_BOUND('',#405,.T.);
#405=EDGE_LOOP('',(#2067));
#406=FACE_BOUND('',#407,.T.);
#407=EDGE_LOOP('',(#2068));
#408=FACE_BOUND('',#409,.T.);
#409=EDGE_LOOP('',(#2069));
#410=PLANE('',#411);
#411=AXIS2_PLACEMENT_3D('',#412,#413,#414);
#412=CARTESIAN_POINT('',(63.,4.51322211741925E-48,-3.85763741731416E-15));
#413=DIRECTION('',(1.,0.,-6.12323399573677E-17));
#414=DIRECTION('',(3.74939945665464E-33,1.,6.12323399573677E-17));
#415=FACE_BOUND('',#416,.T.);
#416=EDGE_LOOP('',(#2070,#2071,#2072,#2073));
#417=CYLINDRICAL_SURFACE('',#418,5.);
#418=AXIS2_PLACEMENT_3D('',#419,#420,#421);
#419=CARTESIAN_POINT('',(30.,-24.5,49.));
#420=DIRECTION('',(1.,0.,0.));
#421=DIRECTION('',(0.,0.,1.));
#422=FACE_BOUND('',#423,.T.);
#423=EDGE_LOOP('',(#2074,#2075,#2076,#2077));
#424=(BOUNDED_SURFACE()B_SPLINE_SURFACE(3,2,(
(#425,#426,#427),
(#428,#429,#430),
(#431,#432,#433),
(#434,#435,#436),
(#437,#438,#439),
(#440,#441,#442),
(#443,#444,#445),
(#446,#447,#448),
(#449,#450,#451),
(#452,#453,#454),
(#455,#456,#457),
(#458,#459,#460),
(#461,#462,#463),
(#464,#465,#466),
(#467,#468,#469)),
.UNSPECIFIED.,.F.,.F.,.F.)B_SPLINE_SURFACE_WITH_KNOTS((4,1,1,1,1,1,1,1,1,1,1,1,4),
(3,3),
(0.966563262126474,1.23192797151372,1.3422368594013,1.45254574728888,1.56565925937169,
1.68203211396374,1.79667349985617,1.91156278686803,2.02618752447651,2.14070666473442,
2.25499706256552,2.3694767605292,2.53736244351661),
(0.,1.),
.UNSPECIFIED.)GEOMETRIC_REPRESENTATION_ITEM()RATIONAL_B_SPLINE_SURFACE((
(1.,0.707106682346873,1.),
(1.,0.716320564485926,1.),
(1.,0.729096730327282,1.),
(1.,0.744431639024689,1.),
(1.,0.754376374947167,1.),
(1.,0.763799175906251,1.),
(1.,0.772515893664178,1.),
(1.,0.780354495055283,1.),
(1.,0.787167262916135,1.),
(1.,0.79292808746358,1.),
(1.,0.797582280614444,1.),
(1.,0.80109402599304,1.),
(1.,0.80381869677122,1.),
(1.,0.804500312863248,1.),
(1.,0.804527145755089,1.)))REPRESENTATION_ITEM('')SURFACE());
#425=CARTESIAN_POINT('',(51.9950296432829,-34.4999999999902,47.5272536952987));
#426=CARTESIAN_POINT('',(51.9950276642466,-29.4999979162554,47.5272601161556));
#427=CARTESIAN_POINT('',(56.7732154569168,-29.4999999999951,48.9999929811705));
#428=CARTESIAN_POINT('',(51.726940030087,-34.500377235284,48.3970533290961));
#429=CARTESIAN_POINT('',(51.8489457436947,-29.6291103931767,48.0012135807668));
#430=CARTESIAN_POINT('',(56.5051258437209,-29.500188617642,49.4348927980693));
#431=CARTESIAN_POINT('',(51.3410257162967,-34.3355104513729,49.6491276814387));
#432=CARTESIAN_POINT('',(51.6261671708492,-29.7162039347067,48.7240044370366));
#433=CARTESIAN_POINT('',(56.1192115299305,-29.4177552256865,50.0609299742406));
#434=CARTESIAN_POINT('',(50.8651140711121,-33.8267065205775,51.1931926295986));
#435=CARTESIAN_POINT('',(51.3307169115592,-29.6193403946593,49.6825739402425));
#436=CARTESIAN_POINT('',(55.6432998847459,-29.1633532602887,50.8329624483206));
#437=CARTESIAN_POINT('',(50.5479892679717,-33.3532281580536,52.2220838065129));
#438=CARTESIAN_POINT('',(51.1314377856143,-29.4690881398649,50.3291223413686));
#439=CARTESIAN_POINT('',(55.3261750816055,-28.9266140790268,51.3474080367777));
#440=CARTESIAN_POINT('',(50.2492258850195,-32.7675039096383,53.1914025279136));
#441=CARTESIAN_POINT('',(50.9347596169359,-29.2302036055123,50.967232102702));
#442=CARTESIAN_POINT('',(55.0274116986534,-28.6337519548191,51.832067397478));
#443=CARTESIAN_POINT('',(49.9696188280281,-32.0670231887373,54.0985697727729));
#444=CARTESIAN_POINT('',(50.7460407270916,-28.9019229530639,51.5795184920197));
#445=CARTESIAN_POINT('',(54.747804641662,-28.2835115943687,52.2856510199077));
#446=CARTESIAN_POINT('',(49.715558713265,-31.2636692713697,54.9228515946205));
#447=CARTESIAN_POINT('',(50.5709447317263,-28.4898604622523,52.1476062699555));
#448=CARTESIAN_POINT('',(54.4937445268988,-27.8818346356848,52.6977919308314));
#449=CARTESIAN_POINT('',(49.4916160276534,-30.3711275254896,55.6494193404369));
#450=CARTESIAN_POINT('',(50.4147412947088,-28.0058202201531,52.6543983485299));
#451=CARTESIAN_POINT('',(54.2698018412873,-27.4355637627448,53.0610758037397));
#452=CARTESIAN_POINT('',(49.3010853478851,-29.4036139935622,56.2675839664891));
#453=CARTESIAN_POINT('',(50.279762918364,-27.4565727046093,53.0923270728684));
#454=CARTESIAN_POINT('',(54.0792711615189,-26.9518069967811,53.3701581167658));
#455=CARTESIAN_POINT('',(49.1460279586535,-28.3726435324375,56.7706577661915));
#456=CARTESIAN_POINT('',(50.1688333212552,-26.8531421452546,53.4522310683732));
#457=CARTESIAN_POINT('',(53.9242137722874,-26.4363217662188,53.6216950166169));
#458=CARTESIAN_POINT('',(49.0306127599656,-27.3124235980475,57.1451150096359));
#459=CARTESIAN_POINT('',(50.0839382389192,-26.2060816986204,53.7276677428747));
#460=CARTESIAN_POINT('',(53.8087985735994,-25.9062117990238,53.8089236383392));
#461=CARTESIAN_POINT('',(48.9381989044739,-26.0224437148424,57.444945863604));
#462=CARTESIAN_POINT('',(50.0178413126886,-25.4219401446664,53.9421150000627));
#463=CARTESIAN_POINT('',(53.7163847181077,-25.2612218574212,53.9588390653232));
#464=CARTESIAN_POINT('',(48.9128079728956,-25.0814576034983,57.5273251200221));
#465=CARTESIAN_POINT('',(49.9999752975747,-24.8434686655869,54.000080145442));
#466=CARTESIAN_POINT('',(53.6909937865295,-24.7907288017492,54.0000286935323));
#467=CARTESIAN_POINT('',(48.912825660738,-24.4999854917065,57.527267732947));
#468=CARTESIAN_POINT('',(50.0000000044028,-24.4999910949948,53.9999999857153));
#469=CARTESIAN_POINT('',(53.6910114743718,-24.4999927458533,53.9999999999947));
#470=FACE_BOUND('',#471,.T.);
#471=EDGE_LOOP('',(#2078,#2079,#2080,#2081,#2082));
#472=PLANE('',#473);
#473=AXIS2_PLACEMENT_3D('',#474,#475,#476);
#474=CARTESIAN_POINT('',(34.4029378581635,-19.5,104.603672322705));
#475=DIRECTION('',(-0.955637162726776,3.60715371366907E-17,-0.294546453408486));
#476=DIRECTION('',(0.294546453408486,1.84123871110623E-16,-0.955637162726776));
#477=FACE_BOUND('',#478,.T.);
#478=EDGE_LOOP('',(#2083,#2084,#2085,#2086));
#479=(BOUNDED_SURFACE()B_SPLINE_SURFACE(3,2,(
(#480,#481,#482),
(#483,#484,#485),
(#486,#487,#488),
(#489,#490,#491),
(#492,#493,#494),
(#495,#496,#497),
(#498,#499,#500),
(#501,#502,#503),
(#504,#505,#506),
(#507,#508,#509),
(#510,#511,#512),
(#513,#514,#515),
(#516,#517,#518),
(#519,#520,#521),
(#522,#523,#524)),
.UNSPECIFIED.,.F.,.F.,.F.)B_SPLINE_SURFACE_WITH_KNOTS((4,1,1,1,1,1,1,1,1,1,1,1,4),
(3,3),
(0.966563262126474,1.23192797151297,1.34223685940069,1.45254574728841,1.56565925937117,
1.68203211396322,1.79667349985558,1.91156278686738,2.02618752447596,2.14070666473389,
2.25499706256489,2.36947676052868,2.53736244351661),
(0.,1.),
.UNSPECIFIED.)GEOMETRIC_REPRESENTATION_ITEM()RATIONAL_B_SPLINE_SURFACE((
(1.,0.707106682346873,1.),
(1.,0.7163205644859,1.),
(1.,0.729096730327236,1.),
(1.,0.744431639024633,1.),
(1.,0.754376374947122,1.),
(1.,0.76379917590621,1.),
(1.,0.772515893664139,1.),
(1.,0.780354495055245,1.),
(1.,0.787167262916103,1.),
(1.,0.792928087463553,1.),
(1.,0.797582280614424,1.),
(1.,0.801094025993026,1.),
(1.,0.803818696771217,1.),
(1.,0.804500312863248,1.),
(1.,0.804527145755089,1.)))REPRESENTATION_ITEM('')SURFACE());
#480=CARTESIAN_POINT('',(-51.9950296432829,-34.4999999999902,47.5272536952987));
#481=CARTESIAN_POINT('',(-51.9950276642466,-29.4999979162554,47.5272601161556));
#482=CARTESIAN_POINT('',(-56.7732154569168,-29.4999999999951,48.9999929811706));
#483=CARTESIAN_POINT('',(-51.7269400300876,-34.500377235284,48.3970533290939));
#484=CARTESIAN_POINT('',(-51.8489457436951,-29.6291103931763,48.0012135807655));
#485=CARTESIAN_POINT('',(-56.5051258437215,-29.500188617642,49.4348927980682));
#486=CARTESIAN_POINT('',(-51.3410257162979,-34.3355104513736,49.6491276814346));
#487=CARTESIAN_POINT('',(-51.62616717085,-29.7162039347064,48.7240044370339));
#488=CARTESIAN_POINT('',(-56.1192115299318,-29.4177552256868,50.0609299742385));
#489=CARTESIAN_POINT('',(-50.8651140711138,-33.8267065205797,51.1931926295931));
#490=CARTESIAN_POINT('',(-51.3307169115603,-29.6193403946599,49.6825739402389));
#491=CARTESIAN_POINT('',(-55.6432998847476,-29.1633532602898,50.8329624483178));
#492=CARTESIAN_POINT('',(-50.5479892679731,-33.3532281580562,52.222083806508));
#493=CARTESIAN_POINT('',(-51.1314377856152,-29.4690881398658,50.3291223413655));
#494=CARTESIAN_POINT('',(-55.326175081607,-28.9266140790281,51.3474080367752));
#495=CARTESIAN_POINT('',(-50.2492258850209,-32.7675039096413,53.1914025279093));
#496=CARTESIAN_POINT('',(-50.9347596169368,-29.2302036055135,50.9672321026993));
#497=CARTESIAN_POINT('',(-55.0274116986547,-28.6337519548206,51.8320673974759));
#498=CARTESIAN_POINT('',(-49.9696188280294,-32.0670231887409,54.0985697727688));
#499=CARTESIAN_POINT('',(-50.7460407270924,-28.9019229530657,51.579518492017));
#500=CARTESIAN_POINT('',(-54.7478046416632,-28.2835115943704,52.2856510199056));
#501=CARTESIAN_POINT('',(-49.7155587132662,-31.2636692713739,54.9228515946166));
#502=CARTESIAN_POINT('',(-50.5709447317271,-28.4898604622546,52.1476062699528));
#503=CARTESIAN_POINT('',(-54.4937445269,-27.881834635687,52.6977919308295));
#504=CARTESIAN_POINT('',(-49.4916160276545,-30.3711275254944,55.6494193404335));
#505=CARTESIAN_POINT('',(-50.4147412947095,-28.0058202201558,52.6543983485275));
#506=CARTESIAN_POINT('',(-54.2698018412884,-27.4355637627472,53.061075803738));
#507=CARTESIAN_POINT('',(-49.3010853478859,-29.4036139935673,56.2675839664862));
#508=CARTESIAN_POINT('',(-50.2797629183646,-27.4565727046122,53.0923270728665));
#509=CARTESIAN_POINT('',(-54.0792711615198,-26.9518069967837,53.3701581167644));
#510=CARTESIAN_POINT('',(-49.1460279586542,-28.3726435324428,56.7706577661893));
#511=CARTESIAN_POINT('',(-50.1688333212556,-26.8531421452577,53.4522310683716));
#512=CARTESIAN_POINT('',(-53.924213772288,-26.4363217662214,53.6216950166159));
#513=CARTESIAN_POINT('',(-49.030612759966,-27.3124235980522,57.1451150096346));
#514=CARTESIAN_POINT('',(-50.0839382389195,-26.2060816986237,53.7276677428736));
#515=CARTESIAN_POINT('',(-53.8087985735998,-25.9062117990261,53.8089236383385));
#516=CARTESIAN_POINT('',(-48.9381989044739,-26.0224437148454,57.4449458636037));
#517=CARTESIAN_POINT('',(-50.0178413126887,-25.4219401446688,53.9421150000624));
#518=CARTESIAN_POINT('',(-53.7163847181078,-25.2612218574227,53.9588390653231));
#519=CARTESIAN_POINT('',(-48.9128079728956,-25.0814576034994,57.5273251200221));
#520=CARTESIAN_POINT('',(-49.9999752975747,-24.8434686655879,54.000080145442));
#521=CARTESIAN_POINT('',(-53.6909937865295,-24.7907288017497,54.0000286935323));
#522=CARTESIAN_POINT('',(-48.912825660738,-24.4999854917065,57.527267732947));
#523=CARTESIAN_POINT('',(-50.0000000044028,-24.4999910949948,53.9999999857153));
#524=CARTESIAN_POINT('',(-53.6910114743718,-24.4999927458533,53.9999999999947));
#525=FACE_BOUND('',#526,.T.);
#526=EDGE_LOOP('',(#2087,#2088,#2089,#2090));
#527=CYLINDRICAL_SURFACE('',#528,5.);
#528=AXIS2_PLACEMENT_3D('',#529,#530,#531);
#529=CARTESIAN_POINT('',(-30.,-24.5,49.));
#530=DIRECTION('',(1.,0.,0.));
#531=DIRECTION('',(-1.26217744835362E-30,0.,1.));
#532=FACE_BOUND('',#533,.T.);
#533=EDGE_LOOP('',(#2091,#2092,#2093,#2094,#2095,#2096,#2097,#2098));
#534=FACE_BOUND('',#535,.T.);
#535=EDGE_LOOP('',(#2099));
#536=FACE_BOUND('',#537,.T.);
#537=EDGE_LOOP('',(#2100));
#538=FACE_BOUND('',#539,.T.);
#539=EDGE_LOOP('',(#2101));
#540=PLANE('',#541);
#541=AXIS2_PLACEMENT_3D('',#542,#543,#544);
#542=CARTESIAN_POINT('',(-61.,0.,3.73517273739943E-15));
#543=DIRECTION('',(-1.,0.,6.12323399573677E-17));
#544=DIRECTION('',(-3.74939945665464E-33,-1.,-6.12323399573677E-17));
#545=FACE_BOUND('',#546,.T.);
#546=EDGE_LOOP('',(#2102,#2103,#2104,#2105));
#547=CYLINDRICAL_SURFACE('',#548,5.);
#548=AXIS2_PLACEMENT_3D('',#549,#550,#551);
#549=CARTESIAN_POINT('',(-30.,24.5,49.));
#550=DIRECTION('',(1.,0.,0.));
#551=DIRECTION('',(0.,1.,0.));
#552=FACE_BOUND('',#553,.T.);
#553=EDGE_LOOP('',(#2106,#2107,#2108,#2109));
#554=(BOUNDED_SURFACE()B_SPLINE_SURFACE(3,2,(
(#555,#556,#557),
(#558,#559,#560),
(#561,#562,#563),
(#564,#565,#566),
(#567,#568,#569),
(#570,#571,#572),
(#573,#574,#575),
(#576,#577,#578),
(#579,#580,#581),
(#582,#583,#584),
(#585,#586,#587),
(#588,#589,#590),
(#591,#592,#593),
(#594,#595,#596),
(#597,#598,#599)),
.UNSPECIFIED.,.F.,.F.,.F.)B_SPLINE_SURFACE_WITH_KNOTS((4,1,1,1,1,1,1,1,1,1,1,1,4),
(3,3),
(0.966563262126475,1.23192797152034,1.34223685940791,1.45254574729547,1.56565925937832,
1.68203211396971,1.79667349986252,1.91156278687389,2.02618752448272,2.14070666474049,
2.25499706257158,2.36947676053557,2.53736244351661),
(0.,1.),
.UNSPECIFIED.)GEOMETRIC_REPRESENTATION_ITEM()RATIONAL_B_SPLINE_SURFACE((
(1.,0.707106682346873,1.),
(1.,0.716320564486156,1.),
(1.,0.72909673032773,1.),
(1.,0.744431639025298,1.),
(1.,0.75437637494774,1.),
(1.,0.763799175906759,1.),
(1.,0.772515893664633,1.),
(1.,0.780354495055669,1.),
(1.,0.787167262916472,1.),
(1.,0.792928087463855,1.),
(1.,0.797582280614662,1.),
(1.,0.801094025993201,1.),
(1.,0.803818696771255,1.),
(1.,0.804500312863278,1.),
(1.,0.804527145755089,1.)))REPRESENTATION_ITEM('')SURFACE());
#555=CARTESIAN_POINT('',(-51.9950296432829,34.4999999999902,47.5272536952987));
#556=CARTESIAN_POINT('',(-51.9950276642466,29.4999979162554,47.5272601161556));
#557=CARTESIAN_POINT('',(-56.7732154569168,29.4999999999951,48.9999929811706));
#558=CARTESIAN_POINT('',(-51.726940030081,34.500377235284,48.3970533291153));
#559=CARTESIAN_POINT('',(-51.8489457436911,29.6291103931799,48.0012135807785));
#560=CARTESIAN_POINT('',(-56.5051258437149,29.500188617642,49.4348927980788));
#561=CARTESIAN_POINT('',(-51.341025716284,34.3355104513664,49.64912768148));
#562=CARTESIAN_POINT('',(-51.6261671708413,29.716203934709,48.7240044370622));
#563=CARTESIAN_POINT('',(-56.1192115299179,29.4177552256832,50.0609299742612));
#564=CARTESIAN_POINT('',(-50.8651140710938,33.8267065205544,51.1931926296577));
#565=CARTESIAN_POINT('',(-51.3307169115472,29.6193403946528,49.6825739402812));
#566=CARTESIAN_POINT('',(-55.6432998847277,29.1633532602772,50.8329624483501));
#567=CARTESIAN_POINT('',(-50.5479892679538,33.3532281580229,52.2220838065708));
#568=CARTESIAN_POINT('',(-51.1314377856026,29.4690881398534,50.3291223414066));
#569=CARTESIAN_POINT('',(-55.3261750815877,28.9266140790114,51.3474080368066));
#570=CARTESIAN_POINT('',(-50.2492258850031,32.7675039096017,53.1914025279669));
#571=CARTESIAN_POINT('',(-50.9347596169251,29.2302036054962,50.9672321027373));
#572=CARTESIAN_POINT('',(-55.027411698637,28.6337519548009,51.8320673975046));
#573=CARTESIAN_POINT('',(-49.9696188280135,32.0670231886962,54.0985697728203));
#574=CARTESIAN_POINT('',(-50.7460407270815,28.9019229530435,51.5795184920523));
#575=CARTESIAN_POINT('',(-54.7478046416474,28.2835115943481,52.2856510199314));
#576=CARTESIAN_POINT('',(-49.7155587132521,31.263669271324,54.9228515946622));
#577=CARTESIAN_POINT('',(-50.5709447317175,28.4898604622286,52.1476062699839));
#578=CARTESIAN_POINT('',(-54.493744526886,27.881834635662,52.6977919308523));
#579=CARTESIAN_POINT('',(-49.4916160276424,30.3711275254402,55.6494193404727));
#580=CARTESIAN_POINT('',(-50.4147412947009,28.0058202201254,52.6543983485553));
#581=CARTESIAN_POINT('',(-54.2698018412763,27.4355637627201,53.0610758037576));
#582=CARTESIAN_POINT('',(-49.3010853478758,29.4036139935089,56.267583966519));
#583=CARTESIAN_POINT('',(-50.2797629183575,27.4565727045788,53.0923270728896));
#584=CARTESIAN_POINT('',(-54.0792711615097,26.9518069967545,53.3701581167807));
#585=CARTESIAN_POINT('',(-49.1460279586462,28.372643532381,56.7706577662152));
#586=CARTESIAN_POINT('',(-50.1688333212499,26.8531421452211,53.4522310683902));
#587=CARTESIAN_POINT('',(-53.9242137722801,26.4363217661905,53.6216950166288));
#588=CARTESIAN_POINT('',(-49.0306127599603,27.3124235979897,57.1451150096528));
#589=CARTESIAN_POINT('',(-50.0839382389153,26.2060816985846,53.7276677428872));
#590=CARTESIAN_POINT('',(-53.8087985735942,25.9062117989948,53.8089236383476));
#591=CARTESIAN_POINT('',(-48.9381989044725,26.0224437148027,57.4449458636086));
#592=CARTESIAN_POINT('',(-50.0178413126876,25.4219401446409,53.9421150000662));
#593=CARTESIAN_POINT('',(-53.7163847181063,25.2612218574014,53.9588390653255));
#594=CARTESIAN_POINT('',(-48.9128079728956,25.0814576034791,57.5273251200222));
#595=CARTESIAN_POINT('',(-49.9999752975746,24.8434686655738,54.000080145442));
#596=CARTESIAN_POINT('',(-53.6909937865295,24.7907288017396,54.0000286935323));
#597=CARTESIAN_POINT('',(-48.9128256607379,24.4999854917065,57.5272677329471));
#598=CARTESIAN_POINT('',(-50.0000000044028,24.4999910949948,53.9999999857153));
#599=CARTESIAN_POINT('',(-53.6910114743718,24.4999927458533,53.9999999999947));
#600=FACE_BOUND('',#601,.T.);
#601=EDGE_LOOP('',(#2110,#2111,#2112,#2113,#2114));
#602=PLANE('',#603);
#603=AXIS2_PLACEMENT_3D('',#604,#605,#606);
#604=CARTESIAN_POINT('',(-34.4029378581635,19.5,104.603672322705));
#605=DIRECTION('',(0.955637162726776,0.,-0.294546453408486));
#606=DIRECTION('',(-0.294546453408486,-6.70920718626624E-17,-0.955637162726776));
#607=FACE_BOUND('',#608,.T.);
#608=EDGE_LOOP('',(#2115,#2116,#2117,#2118,#2119,#2120,#2121,#2122,#2123,#2124,#2125,
#2126,#2127));
#609=FACE_OUTER_BOUND('',#610,.T.);
#610=EDGE_LOOP('',(#2128));
#611=CYLINDRICAL_SURFACE('',#612,36.);
#612=AXIS2_PLACEMENT_3D('',#613,#614,#615);
#613=CARTESIAN_POINT('',(-1.15116799119851E-14,15.5,94.));
#614=DIRECTION('',(0.,1.,6.12323399573676E-17));
#615=DIRECTION('',(-1.,7.49879891330928E-33,-1.22464679914735E-16));
#616=FACE_BOUND('',#617,.T.);
#617=EDGE_LOOP('',(#2129,#2130,#2131,#2132,#2133));
#618=PLANE('',#619);
#619=AXIS2_PLACEMENT_3D('',#620,#621,#622);
#620=CARTESIAN_POINT('',(34.4029378581635,19.5,104.603672322705));
#621=DIRECTION('',(0.955637162726776,0.,0.294546453408486));
#622=DIRECTION('',(0.294546453408486,-6.70920718626624E-17,-0.955637162726776));
#623=FACE_BOUND('',#624,.T.);
#624=EDGE_LOOP('',(#2134,#2135,#2136,#2137));
#625=(BOUNDED_SURFACE()B_SPLINE_SURFACE(3,2,(
(#626,#627,#628),
(#629,#630,#631),
(#632,#633,#634),
(#635,#636,#637),
(#638,#639,#640),
(#641,#642,#643),
(#644,#645,#646),
(#647,#648,#649),
(#650,#651,#652),
(#653,#654,#655),
(#656,#657,#658),
(#659,#660,#661),
(#662,#663,#664),
(#665,#666,#667),
(#668,#669,#670)),
.UNSPECIFIED.,.F.,.F.,.F.)B_SPLINE_SURFACE_WITH_KNOTS((4,1,1,1,1,1,1,1,1,1,1,1,4),
(3,3),
(0.966563262126475,1.23192797150942,1.34223685939709,1.45254574728476,1.56565925936762,
1.68203211396,1.7966734998525,1.91156278686419,2.0261875244728,2.14070666473064,
2.25499706256193,2.36947676052513,2.53736244351661),
(0.,1.),
.UNSPECIFIED.)GEOMETRIC_REPRESENTATION_ITEM()RATIONAL_B_SPLINE_SURFACE((
(1.,0.707106682346873,1.),
(1.,0.716320564485776,1.),
(1.,0.729096730326994,1.),
(1.,0.7444316390243,1.),
(1.,0.754376374946811,1.),
(1.,0.763799175905934,1.),
(1.,0.772515893663902,1.),
(1.,0.780354495055043,1.),
(1.,0.787167262915931,1.),
(1.,0.792928087463407,1.),
(1.,0.797582280614313,1.),
(1.,0.801094025992941,1.),
(1.,0.803818696771198,1.),
(1.,0.804500312863235,1.),
(1.,0.804527145755089,1.)))REPRESENTATION_ITEM('')SURFACE());
#626=CARTESIAN_POINT('',(51.9950296432829,34.4999999999902,47.5272536952987));
#627=CARTESIAN_POINT('',(51.9950276642466,29.4999979162554,47.5272601161556));
#628=CARTESIAN_POINT('',(56.7732154569168,29.4999999999951,48.9999929811706));
#629=CARTESIAN_POINT('',(51.7269400300908,34.500377235284,48.3970533290837));
#630=CARTESIAN_POINT('',(51.848945743697,29.6291103931746,48.0012135807592));
#631=CARTESIAN_POINT('',(56.5051258437247,29.500188617642,49.4348927980631));
#632=CARTESIAN_POINT('',(51.3410257163048,34.3355104513771,49.6491276814123));
#633=CARTESIAN_POINT('',(51.6261671708543,29.7162039347052,48.7240044370202));
#634=CARTESIAN_POINT('',(56.1192115299387,29.4177552256886,50.0609299742274));
#635=CARTESIAN_POINT('',(50.8651140711236,33.8267065205921,51.1931926295611));
#636=CARTESIAN_POINT('',(51.3307169115668,29.6193403946634,49.6825739402178));
#637=CARTESIAN_POINT('',(55.6432998847575,29.1633532602961,50.8329624483018));
#638=CARTESIAN_POINT('',(50.5479892679828,33.3532281580729,52.2220838064766));
#639=CARTESIAN_POINT('',(51.1314377856216,29.4690881398721,50.3291223413449));
#640=CARTESIAN_POINT('',(55.3261750816167,28.9266140790365,51.3474080367595));
#641=CARTESIAN_POINT('',(50.2492258850296,32.7675039096608,53.1914025278808));
#642=CARTESIAN_POINT('',(50.9347596169427,29.2302036055222,50.9672321026802));
#643=CARTESIAN_POINT('',(55.0274116986635,28.6337519548304,51.8320673974616));
#644=CARTESIAN_POINT('',(49.9696188280371,32.0670231887626,54.0985697727438));
#645=CARTESIAN_POINT('',(50.7460407270976,28.9019229530763,51.579518492));
#646=CARTESIAN_POINT('',(54.747804641671,28.2835115943813,52.2856510198931));
#647=CARTESIAN_POINT('',(49.7155587132728,31.2636692713976,54.922851594595));
#648=CARTESIAN_POINT('',(50.5709447317317,28.489860462267,52.147606269938));
#649=CARTESIAN_POINT('',(54.4937445269067,27.8818346356988,52.6977919308187));
#650=CARTESIAN_POINT('',(49.4916160276602,30.3711275255202,55.6494193404149));
#651=CARTESIAN_POINT('',(50.4147412947135,28.00582022017,52.6543983485145));
#652=CARTESIAN_POINT('',(54.2698018412941,27.4355637627601,53.0610758037287));
#653=CARTESIAN_POINT('',(49.3010853478907,29.4036139935949,56.2675839664708));
#654=CARTESIAN_POINT('',(50.279762918368,27.4565727046283,53.0923270728552));
#655=CARTESIAN_POINT('',(54.0792711615246,26.9518069967975,53.3701581167566));
#656=CARTESIAN_POINT('',(49.146027958658,28.3726435324723,56.7706577661769));
#657=CARTESIAN_POINT('',(50.1688333212584,26.8531421452749,53.4522310683629));
#658=CARTESIAN_POINT('',(53.9242137722919,26.4363217662361,53.6216950166097));
#659=CARTESIAN_POINT('',(49.0306127599687,27.3124235980821,57.1451150096259));
#660=CARTESIAN_POINT('',(50.0839382389215,26.2060816986425,53.7276677428669));
#661=CARTESIAN_POINT('',(53.8087985736025,25.906211799041,53.8089236383342));
#662=CARTESIAN_POINT('',(48.9381989044747,26.022443714866,57.4449458636014));
#663=CARTESIAN_POINT('',(50.0178413126893,25.4219401446821,53.9421150000605));
#664=CARTESIAN_POINT('',(53.7163847181086,25.261221857433,53.9588390653219));
#665=CARTESIAN_POINT('',(48.9128079728956,25.0814576035092,57.5273251200222));
#666=CARTESIAN_POINT('',(49.9999752975746,24.8434686655952,54.000080145442));
#667=CARTESIAN_POINT('',(53.6909937865295,24.7907288017546,54.0000286935323));
#668=CARTESIAN_POINT('',(48.912825660738,24.4999854917065,57.5272677329471));
#669=CARTESIAN_POINT('',(50.0000000044028,24.4999910949948,53.9999999857153));
#670=CARTESIAN_POINT('',(53.6910114743719,24.4999927458533,53.9999999999947));
#671=FACE_BOUND('',#672,.T.);
#672=EDGE_LOOP('',(#2138,#2139,#2140,#2141));
#673=CYLINDRICAL_SURFACE('',#674,5.);
#674=AXIS2_PLACEMENT_3D('',#675,#676,#677);
#675=CARTESIAN_POINT('',(30.,24.5,49.));
#676=DIRECTION('',(1.,0.,-1.34064667124547E-16));
#677=DIRECTION('',(0.,1.,-2.85776026042329E-31));
#678=FACE_BOUND('',#679,.T.);
#679=EDGE_LOOP('',(#2142,#2143,#2144,#2145));
#680=CYLINDRICAL_SURFACE('',#681,5.);
#681=AXIS2_PLACEMENT_3D('',#682,#683,#684);
#682=CARTESIAN_POINT('',(9.99999999999999,34.5,8.00000000000002));
#683=DIRECTION('',(1.,0.,-2.29207334116161E-16));
#684=DIRECTION('',(6.3108872417681E-31,-1.,3.19744231092046E-15));
#685=FACE_BOUND('',#686,.T.);
#686=EDGE_LOOP('',(#2146,#2147,#2148,#2149));
#687=CYLINDRICAL_SURFACE('',#688,5.);
#688=AXIS2_PLACEMENT_3D('',#689,#690,#691);
#689=CARTESIAN_POINT('',(45.,49.5,19.2964275478941));
#690=DIRECTION('',(0.,1.,-3.5527136788005E-16));
#691=DIRECTION('',(0.955637162726794,1.0464392140663E-16,0.294546453408429));
#692=FACE_BOUND('',#693,.T.);
#693=EDGE_LOOP('',(#2150,#2151,#2152,#2153));
#694=PLANE('',#695);
#695=AXIS2_PLACEMENT_3D('',#696,#697,#698);
#696=CARTESIAN_POINT('',(50.,19.5,20.0494978490274));
#697=DIRECTION('',(-0.955637162726794,-1.0464392140663E-16,-0.294546453408429));
#698=DIRECTION('',(-0.294546453408429,1.17450183002029E-16,0.955637162726794));
#699=FACE_BOUND('',#700,.T.);
#700=EDGE_LOOP('',(#2154,#2155,#2156,#2157));
#701=CYLINDRICAL_SURFACE('',#702,5.);
#702=AXIS2_PLACEMENT_3D('',#703,#704,#705);
#703=CARTESIAN_POINT('',(30.4404313420881,9.50000000000001,66.5340185009234));
#704=DIRECTION('',(0.,-1.,0.));
#705=DIRECTION('',(0.955637162726794,0.,0.294546453408429));
#706=FACE_BOUND('',#707,.T.);
#707=EDGE_LOOP('',(#2158,#2159,#2160,#2161,#2162));
#708=CYLINDRICAL_SURFACE('',#709,5.);
#709=AXIS2_PLACEMENT_3D('',#710,#711,#712);
#710=CARTESIAN_POINT('',(12.4999999999997,34.5,38.7899162170836));
#711=DIRECTION('',(-7.25881400744824E-15,0.,1.));
#712=DIRECTION('',(-1.,0.,-7.25881400744824E-15));
#713=FACE_BOUND('',#714,.T.);
#714=EDGE_LOOP('',(#2163,#2164,#2165));
#715=FACE_OUTER_BOUND('',#716,.T.);
#716=EDGE_LOOP('',(#2166));
#717=CYLINDRICAL_SURFACE('',#718,31.1);
#718=AXIS2_PLACEMENT_3D('',#719,#720,#721);
#719=CARTESIAN_POINT('',(-1.15116799119851E-14,15.5,94.));
#720=DIRECTION('',(0.,1.,6.12323399573676E-17));
#721=DIRECTION('',(-1.,7.49879891330928E-33,-1.22464679914735E-16));
#722=FACE_BOUND('',#723,.T.);
#723=EDGE_LOOP('',(#2167,#2168,#2169,#2170,#2171));
#724=CYLINDRICAL_SURFACE('',#725,5.);
#725=AXIS2_PLACEMENT_3D('',#726,#727,#728);
#726=CARTESIAN_POINT('',(-12.5000000000006,34.5,83.8178860912623));
#727=DIRECTION('',(6.94321339842875E-15,0.,-1.));
#728=DIRECTION('',(1.,0.,6.94321339842875E-15));
#729=FACE_BOUND('',#730,.T.);
#730=EDGE_LOOP('',(#2172,#2173,#2174,#2175));
#731=CYLINDRICAL_SURFACE('',#732,5.);
#732=AXIS2_PLACEMENT_3D('',#733,#734,#735);
#733=CARTESIAN_POINT('',(-30.4404313420881,9.50000000000001,66.5340185009234));
#734=DIRECTION('',(0.,1.,0.));
#735=DIRECTION('',(-0.955637162726793,0.,0.294546453408431));
#736=FACE_BOUND('',#737,.T.);
#737=EDGE_LOOP('',(#2176,#2177,#2178,#2179));
#738=CYLINDRICAL_SURFACE('',#739,5.);
#739=AXIS2_PLACEMENT_3D('',#740,#741,#742);
#740=CARTESIAN_POINT('',(-53.6910114743686,-20.5,59.));
#741=DIRECTION('',(0.,1.,0.));
#742=DIRECTION('',(0.955637162726776,0.,-0.294546453408485));
#743=FACE_OUTER_BOUND('',#744,.T.);
#744=EDGE_LOOP('',(#2180));
#745=FACE_OUTER_BOUND('',#746,.T.);
#746=EDGE_LOOP('',(#2181));
#747=CYLINDRICAL_SURFACE('',#748,93.);
#748=AXIS2_PLACEMENT_3D('',#749,#750,#751);
#749=CARTESIAN_POINT('',(0.,0.,0.));
#750=DIRECTION('',(0.,0.,1.));
#751=DIRECTION('',(-1.,1.22464679914735E-16,0.));
#752=FACE_BOUND('',#753,.T.);
#753=EDGE_LOOP('',(#2182,#2183,#2184,#2185));
#754=CYLINDRICAL_SURFACE('',#755,5.);
#755=AXIS2_PLACEMENT_3D('',#756,#757,#758);
#756=CARTESIAN_POINT('',(12.5,-32.2633759532429,8.));
#757=DIRECTION('',(8.8893325048403E-17,-1.,0.));
#758=DIRECTION('',(-1.,-8.8893325048403E-17,-7.8159700933611E-15));
#759=FACE_BOUND('',#760,.T.);
#760=EDGE_LOOP('',(#2186,#2187,#2188,#2189,#2190,#2191,#2192,#2193));
#761=B_SPLINE_SURFACE_WITH_KNOTS('',3,3,(
(#762,#763,#764,#765),
(#766,#767,#768,#769),
(#770,#771,#772,#773),
(#774,#775,#776,#777),
(#778,#779,#780,#781),
(#782,#783,#784,#785),
(#786,#787,#788,#789),
(#790,#791,#792,#793),
(#794,#795,#796,#797),
(#798,#799,#800,#801),
(#802,#803,#804,#805),
(#806,#807,#808,#809)),
.UNSPECIFIED.,.F.,.F.,.F.,
(4,1,1,1,1,1,1,1,1,4),
(4,4),
(-0.0566769816794585,-0.0195009025988711,0.014216522769589,0.0439576525969843,0.0736987824243795,
0.104278324285274,0.134646841205252,0.16439396383112,0.195212772813732,0.219017351054064),
(0.,1.),
.UNSPECIFIED.);
#762=CARTESIAN_POINT('',(12.7105195923964,-91.622555583717,2.99999999999999));
#763=CARTESIAN_POINT('',(12.6403463949125,-70.9150370558113,23.8408801906089));
#764=CARTESIAN_POINT('',(12.5701731974287,-50.2075185279057,44.6817603812177));
#765=CARTESIAN_POINT('',(12.4999999999448,-29.5,65.5226405718266));
#766=CARTESIAN_POINT('',(11.5751304684145,-91.7800646775577,2.99999999999999));
#767=CARTESIAN_POINT('',(11.5304587365844,-71.0200431183718,23.6859494040299));
#768=CARTESIAN_POINT('',(11.4857870047544,-50.2600215591859,44.3718988080597));
#769=CARTESIAN_POINT('',(11.4411152729243,-29.5,65.0578482120897));
#770=CARTESIAN_POINT('',(9.40439864756776,-92.0401784487283,2.99999999999999));
#771=CARTESIAN_POINT('',(9.39372350068883,-71.1934522991522,23.4280838936111));
#772=CARTESIAN_POINT('',(9.38304835380987,-50.3467261495761,43.856167787222));
#773=CARTESIAN_POINT('',(9.37237320693093,-29.5,64.2842516808331));
#774=CARTESIAN_POINT('',(6.31194975931481,-92.2999720858552,2.99999999999999));
#775=CARTESIAN_POINT('',(6.32016827228028,-71.3666480572368,23.168098740953));
#776=CARTESIAN_POINT('',(6.32838678524575,-50.4333240286184,43.336197481906));
#777=CARTESIAN_POINT('',(6.33660529821122,-29.5,63.504296222859));
#778=CARTESIAN_POINT('',(3.44187220887335,-92.4495897644443,2.99999999999999));
#779=CARTESIAN_POINT('',(3.45124914493562,-71.4663931762961,23.0175416238198));
#780=CARTESIAN_POINT('',(3.46062608099789,-50.4831965881481,43.0350832476395));
#781=CARTESIAN_POINT('',(3.47000301706016,-29.5,63.0526248714593));
#782=CARTESIAN_POINT('',(0.665352727266216,-92.5116330696686,2.99999999999999));
#783=CARTESIAN_POINT('',(0.667581628929505,-71.5077553797791,22.9549228061415));
#784=CARTESIAN_POINT('',(0.669810530592796,-50.5038776898896,42.909845612283));
#785=CARTESIAN_POINT('',(0.672039432256087,-29.5,62.8647684184245));
#786=CARTESIAN_POINT('',(-2.13113865094554,-92.489768656249,2.99999999999999));
#787=CARTESIAN_POINT('',(-2.13780651351873,-71.493179104166,22.9770035792889));
#788=CARTESIAN_POINT('',(-2.14447437609192,-50.496589552083,42.9540071585779));
#789=CARTESIAN_POINT('',(-2.15114223866511,-29.5,62.9310107378668));
#790=CARTESIAN_POINT('',(-4.92584559607218,-92.3827002146346,2.99999999999999));
#791=CARTESIAN_POINT('',(-4.93610534765645,-71.4218001430897,23.0849293878272));
#792=CARTESIAN_POINT('',(-4.94636509924073,-50.4609000715448,43.1698587756545));
#793=CARTESIAN_POINT('',(-4.95662485082501,-29.5,63.2547881634818));
#794=CARTESIAN_POINT('',(-7.72342038755916,-92.1911871271973,2.99999999999999));
#795=CARTESIAN_POINT('',(-7.72518745530634,-71.2941247514648,23.2771418359222));
#796=CARTESIAN_POINT('',(-7.72695452305354,-50.3970623757324,43.5542836718443));
#797=CARTESIAN_POINT('',(-7.72872159080073,-29.5,63.8314255077665));
#798=CARTESIAN_POINT('',(-10.3125080594123,-91.9349856444805,2.99999999999999));
#799=CARTESIAN_POINT('',(-10.2889190992263,-71.123323762987,23.5325605806337));
#800=CARTESIAN_POINT('',(-10.2653301390404,-50.3116618814936,44.0651211612674));
#801=CARTESIAN_POINT('',(-10.2417411788544,-29.5,64.5976817419011));
#802=CARTESIAN_POINT('',(-11.9835074947393,-91.7234117697544,2.99999999999999));
#803=CARTESIAN_POINT('',(-11.9296633897639,-70.9822745131697,23.7416749456727));
#804=CARTESIAN_POINT('',(-11.8758192847885,-50.2411372565848,44.4833498913455));
#805=CARTESIAN_POINT('',(-11.8219751798132,-29.5,65.2250248370182));
#806=CARTESIAN_POINT('',(-12.7105195923965,-91.622555583717,2.99999999999999));
#807=CARTESIAN_POINT('',(-12.640346394913,-70.9150370558113,23.8408801906089));
#808=CARTESIAN_POINT('',(-12.5701731974294,-50.2075185279056,44.6817603812178));
#809=CARTESIAN_POINT('',(-12.4999999999458,-29.5,65.5226405718267));
#810=FACE_BOUND('',#811,.T.);
#811=EDGE_LOOP('',(#2194,#2195,#2196,#2197));
#812=CYLINDRICAL_SURFACE('',#813,5.);
#813=AXIS2_PLACEMENT_3D('',#814,#815,#816);
#814=CARTESIAN_POINT('',(-12.5,-112.195444572929,8.));
#815=DIRECTION('',(-4.44466625214081E-17,1.,0.));
#816=DIRECTION('',(1.,4.44466625214081E-17,7.46069872548105E-15));
#817=FACE_BOUND('',#818,.T.);
#818=EDGE_LOOP('',(#2198,#2199,#2200,#2201,#2202,#2203));
#819=(BOUNDED_SURFACE()B_SPLINE_SURFACE(3,2,(
(#820,#821,#822),
(#823,#824,#825),
(#826,#827,#828),
(#829,#830,#831),
(#832,#833,#834),
(#835,#836,#837),
(#838,#839,#840),
(#841,#842,#843),
(#844,#845,#846),
(#847,#848,#849),
(#850,#851,#852),
(#853,#854,#855),
(#856,#857,#858),
(#859,#860,#861),
(#862,#863,#864),
(#865,#866,#867),
(#868,#869,#870),
(#871,#872,#873),
(#874,#875,#876),
(#877,#878,#879),
(#880,#881,#882),
(#883,#884,#885),
(#886,#887,#888),
(#889,#890,#891),
(#892,#893,#894),
(#895,#896,#897),
(#898,#899,#900),
(#901,#902,#903)),
.UNSPECIFIED.,.F.,.F.,.F.)B_SPLINE_SURFACE_WITH_KNOTS((4,1,1,1,1,1,1,1,1,1,1,1,1,
1,1,1,1,1,1,1,1,1,1,1,1,4),
(3,3),
(1.46588160875807,1.90928183489888,2.09073652523369,2.24536093374479,2.39844210723002,
2.5499800456894,2.70151798414877,2.86065352601334,3.02892990630897,3.23087788744999,
3.52516890834422,3.87864657978079,4.25379689361606,4.58024106627345,4.86669282714887,
5.08297981508588,5.21563325554939,5.34542940875262,5.47522556195585,5.63478006884535,
5.76872455897552,5.89658429998995,6.01877732468661,6.14431105598273,6.28936555355802,
6.53411839124191),
(0.,1.),
.UNSPECIFIED.)GEOMETRIC_REPRESENTATION_ITEM()RATIONAL_B_SPLINE_SURFACE((
(1.,0.396965066497755,1.),
(1.,0.39530087975228,1.),
(1.,0.393160865338161,1.),
(1.,0.390851036360619,1.),
(1.,0.389522869333551,1.),
(1.,0.388380180530752,1.),
(1.,0.387347713598267,1.),
(1.,0.38640535291223,1.),
(1.,0.385538860633777,1.),
(1.,0.384709459168213,1.),
(1.,0.383851187566362,1.),
(1.,0.383066649670416,1.),
(1.,0.38261387548699,1.),
(1.,0.382717649376327,1.),
(1.,0.383329386019878,1.),
(1.,0.384219806325082,1.),
(1.,0.385139436226945,1.),
(1.,0.385956280862653,1.),
(1.,0.38670158802181,1.),
(1.,0.387578599471697,1.),
(1.,0.388554960641904,1.),
(1.,0.389618077016043,1.),
(1.,0.390661100361287,1.),
(1.,0.391750653684426,1.),
(1.,0.392961842655864,1.),
(1.,0.394653825932446,1.),
(1.,0.39604728809417,1.),
(1.,0.396965066497754,1.)))REPRESENTATION_ITEM('')SURFACE());
#820=CARTESIAN_POINT('',(-12.5000096118589,-71.9488241039096,3.));
#821=CARTESIAN_POINT('',(-13.4428837032501,-83.4709546899935,3.));
#822=CARTESIAN_POINT('',(-12.7971471554724,-75.5801567782085,11.4241657945735));
#823=CARTESIAN_POINT('',(-11.7880567803301,-72.0060732423398,3.));
#824=CARTESIAN_POINT('',(-12.6501913952059,-83.5935595096848,3.));
#825=CARTESIAN_POINT('',(-12.0642605968234,-75.6280705902724,11.4369733456648));
#826=CARTESIAN_POINT('',(-10.7784727426795,-72.0823295103255,3.));
#827=CARTESIAN_POINT('',(-11.5386442856685,-83.7500432984652,3.));
#828=CARTESIAN_POINT('',(-11.0235870060401,-75.6873787467235,11.4545936989107));
#829=CARTESIAN_POINT('',(-9.50008783243618,-72.1574547010397,3.));
#830=CARTESIAN_POINT('',(-10.159983158067,-83.9166760897055,3.));
#831=CARTESIAN_POINT('',(-9.71320220326719,-75.754206165513,11.4695151392774));
#832=CARTESIAN_POINT('',(-8.68310953321543,-72.2011039258572,3.));
#833=CARTESIAN_POINT('',(-9.29372139841006,-84.012466126139,3.));
#834=CARTESIAN_POINT('',(-8.8763891735314,-75.7921536315713,11.4786724204232));
#835=CARTESIAN_POINT('',(-7.91434741375291,-72.2417736680968,3.));
#836=CARTESIAN_POINT('',(-8.48099886100369,-84.0946084981934,3.));
#837=CARTESIAN_POINT('',(-8.08813255882346,-75.8216504268682,11.4893191547455));
#838=CARTESIAN_POINT('',(-7.16017820824578,-72.2793831442688,3.));
#839=CARTESIAN_POINT('',(-7.67441694017021,-84.1684794980069,3.));
#840=CARTESIAN_POINT('',(-7.31320509962582,-75.8464748694421,11.4999760506212));
#841=CARTESIAN_POINT('',(-6.39436091380302,-72.3099437583715,3.));
#842=CARTESIAN_POINT('',(-6.85742383757903,-84.2358580893403,3.));
#843=CARTESIAN_POINT('',(-6.52994049597463,-75.8714276893968,11.5069002192837));
#844=CARTESIAN_POINT('',(-5.5880415361793,-72.3392326396533,3.));
#845=CARTESIAN_POINT('',(-6.01123708655931,-84.2976177240202,3.));
#846=CARTESIAN_POINT('',(-5.70440509276107,-75.8942026736692,11.513617298912));
#847=CARTESIAN_POINT('',(-4.67013189380507,-72.367050473318,3.));
#848=CARTESIAN_POINT('',(-5.0764478643745,-84.3565267802911,3.));
#849=CARTESIAN_POINT('',(-4.76657539068214,-75.9161290084901,11.5203009024341));
#850=CARTESIAN_POINT('',(-3.54818132354535,-72.394263272685,3.));
#851=CARTESIAN_POINT('',(-3.90342979027384,-84.4175037656001,3.));
#852=CARTESIAN_POINT('',(-3.621153023444,-75.9374250362837,11.5270584575925));
#853=CARTESIAN_POINT('',(-2.15487493684122,-72.4178173761691,3.));
#854=CARTESIAN_POINT('',(-2.40514266856945,-84.4729391326407,3.));
#855=CARTESIAN_POINT('',(-2.19881034374026,-75.9558502116977,11.5328867435889));
#856=CARTESIAN_POINT('',(-0.546663360130242,-72.4309019731691,3.));
#857=CARTESIAN_POINT('',(-0.602997340137908,-84.5049199933214,3.));
#858=CARTESIAN_POINT('',(-0.557636018321151,-75.9659890183071,11.535995096736));
#859=CARTESIAN_POINT('',(1.13785170556972,-72.4280333903954,3.));
#860=CARTESIAN_POINT('',(1.25517424398344,-84.4976119370191,3.));
#861=CARTESIAN_POINT('',(1.16054184357137,-75.9637442022771,11.5352413894105));
#862=CARTESIAN_POINT('',(2.71534369353722,-72.4097719893266,3.));
#863=CARTESIAN_POINT('',(2.99641994771438,-84.4543882819986,3.));
#864=CARTESIAN_POINT('',(2.77118407662163,-75.9496009251996,11.5309686091269));
#865=CARTESIAN_POINT('',(4.06218851838543,-72.3829820461141,3.));
#866=CARTESIAN_POINT('',(4.45879519755028,-84.3913557870309,3.));
#867=CARTESIAN_POINT('',(4.14573485531255,-75.9285546681771,11.5242224743818));
#868=CARTESIAN_POINT('',(5.12881203601128,-72.35375388391,3.));
#869=CARTESIAN_POINT('',(5.58098203968827,-84.3260016074716,3.));
#870=CARTESIAN_POINT('',(5.2351582467646,-75.9057477348005,11.517071911055));
#871=CARTESIAN_POINT('',(5.95514013808143,-72.3264893356274,3.));
#872=CARTESIAN_POINT('',(6.42683678624657,-84.2678813286432,3.));
#873=CARTESIAN_POINT('',(6.07993323925861,-75.8841191555007,11.5106692890704));
#874=CARTESIAN_POINT('',(6.6623196639135,-72.299054329383,3.));
#875=CARTESIAN_POINT('',(7.11998777095875,-84.2146502114668,3.));
#876=CARTESIAN_POINT('',(6.80439622362976,-75.8630328459597,11.5044056768377));
#877=CARTESIAN_POINT('',(7.33902975853859,-72.2729662779374,3.));
#878=CARTESIAN_POINT('',(7.8607727992749,-84.1519689746359,3.));
#879=CARTESIAN_POINT('',(7.49631661624238,-75.8391712028233,11.499184548304));
#880=CARTESIAN_POINT('',(8.03043453064328,-72.2337351603324,3.));
#881=CARTESIAN_POINT('',(8.60932601271898,-84.0820690775787,3.));
#882=CARTESIAN_POINT('',(8.20870179196705,-75.8188286188694,11.4861315768364));
#883=CARTESIAN_POINT('',(8.70298102101417,-72.1987282771968,3.));
#884=CARTESIAN_POINT('',(9.35530817621696,-84.0055602912525,3.));
#885=CARTESIAN_POINT('',(8.89772049243536,-75.7919898044105,11.477461108805));
#886=CARTESIAN_POINT('',(9.34932999340529,-72.1643550699283,3.));
#887=CARTESIAN_POINT('',(10.0355326598531,-83.9303177965221,3.));
#888=CARTESIAN_POINT('',(9.55955079370202,-75.7620372737044,11.4702889764834));
#889=CARTESIAN_POINT('',(9.9798940093215,-72.128966056081,3.));
#890=CARTESIAN_POINT('',(10.7012098256178,-83.8515871886097,3.));
#891=CARTESIAN_POINT('',(10.2052841586992,-75.7297046997978,11.4635318022147));
#892=CARTESIAN_POINT('',(10.6363213360304,-72.0884937211867,3.));
#893=CARTESIAN_POINT('',(11.397788822541,-83.7637646666629,3.));
#894=CARTESIAN_POINT('',(10.8785921641894,-75.6937604029567,11.4555799431014));
#895=CARTESIAN_POINT('',(11.4794791005285,-72.0289104200056,3.));
#896=CARTESIAN_POINT('',(12.3120017490582,-83.6405332433541,3.));
#897=CARTESIAN_POINT('',(11.7463408002094,-75.6459793529162,11.4422165196051));
#898=CARTESIAN_POINT('',(12.1079873024089,-71.9809079057138,3.));
#899=CARTESIAN_POINT('',(13.0063372036988,-83.5385793848601,3.));
#900=CARTESIAN_POINT('',(12.3931156664799,-75.6064594656836,11.431333481553));
#901=CARTESIAN_POINT('',(12.5000096118589,-71.9488241039096,3.));
#902=CARTESIAN_POINT('',(13.44288370325,-83.4709546899935,3.));
#903=CARTESIAN_POINT('',(12.7971471554723,-75.5801567782085,11.4241657945735));
#904=FACE_BOUND('',#905,.T.);
#905=EDGE_LOOP('',(#2204,#2205,#2206,#2207));
#906=CYLINDRICAL_SURFACE('',#907,5.);
#907=AXIS2_PLACEMENT_3D('',#908,#909,#910);
#908=CARTESIAN_POINT('',(12.5,32.2633759482193,8.));
#909=DIRECTION('',(-1.1111665630352E-16,-1.,0.));
#910=DIRECTION('',(-1.,1.1111665630352E-16,-7.63833440942108E-15));
#911=FACE_BOUND('',#912,.T.);
#912=EDGE_LOOP('',(#2208,#2209,#2210,#2211,#2212,#2213));
#913=(BOUNDED_SURFACE()B_SPLINE_SURFACE(3,2,(
(#914,#915,#916),
(#917,#918,#919),
(#920,#921,#922),
(#923,#924,#925),
(#926,#927,#928),
(#929,#930,#931),
(#932,#933,#934),
(#935,#936,#937),
(#938,#939,#940),
(#941,#942,#943),
(#944,#945,#946),
(#947,#948,#949),
(#950,#951,#952),
(#953,#954,#955),
(#956,#957,#958),
(#959,#960,#961),
(#962,#963,#964),
(#965,#966,#967),
(#968,#969,#970),
(#971,#972,#973),
(#974,#975,#976),
(#977,#978,#979),
(#980,#981,#982),
(#983,#984,#985),
(#986,#987,#988),
(#989,#990,#991)),
.UNSPECIFIED.,.F.,.F.,.F.)B_SPLINE_SURFACE_WITH_KNOTS((4,1,1,1,1,1,1,1,1,1,1,1,1,
1,1,1,1,1,1,1,1,1,1,4),
(3,3),
(1.46588160875807,2.05708429842114,2.26049207334912,2.4368826112223,2.61327314909548,
2.80001951845628,2.99988535986356,3.18295971593333,3.36462977370018,3.58921753294368,
3.83960768329437,4.13376400259464,4.43213862552841,4.72655527076494,4.98610936162109,
5.19992474776296,5.3485550096242,5.49718527148544,5.66875817353618,5.85928851463604,
6.00084322635752,6.12758270628858,6.27826684327353,6.53411839124192),
(0.,1.),
.UNSPECIFIED.)GEOMETRIC_REPRESENTATION_ITEM()RATIONAL_B_SPLINE_SURFACE((
(1.,0.396965066497755,1.),
(1.,0.39474582921156,1.),
(1.,0.392111742162242,1.),
(1.,0.389461955079041,1.),
(1.,0.388100009346696,1.),
(1.,0.386919455366157,1.),
(1.,0.385839026564982,1.),
(1.,0.384908508494776,1.),
(1.,0.384146973276142,1.),
(1.,0.38351167488185,1.),
(1.,0.383001789428712,1.),
(1.,0.382675632187818,1.),
(1.,0.3826589650943,1.),
(1.,0.383031613441579,1.),
(1.,0.383764649690161,1.),
(1.,0.384740605172357,1.),
(1.,0.385750096079628,1.),
(1.,0.386716445380306,1.),
(1.,0.387706133234222,1.),
(1.,0.388905293893379,1.),
(1.,0.390222289942776,1.),
(1.,0.391534599766109,1.),
(1.,0.392815890592235,1.),
(1.,0.394555674222645,1.),
(1.,0.396005663105143,1.),
(1.,0.396965066497754,1.)))REPRESENTATION_ITEM('')SURFACE());
#914=CARTESIAN_POINT('',(-12.5000096118589,71.9488241039096,3.));
#915=CARTESIAN_POINT('',(-13.4428837032501,83.4709546899935,3.));
#916=CARTESIAN_POINT('',(-12.7971471554724,75.5801567782085,11.4241657945735));
#917=CARTESIAN_POINT('',(-11.5716855018,72.0253447955965,3.));
#918=CARTESIAN_POINT('',(-12.3840974077726,83.6349026310536,3.));
#919=CARTESIAN_POINT('',(-11.8402438998686,75.6414866352595,11.4421675732439));
#920=CARTESIAN_POINT('',(-10.2836529395941,72.1162156118306,3.));
#921=CARTESIAN_POINT('',(-10.9728140954787,83.8263973364447,3.));
#922=CARTESIAN_POINT('',(-10.5151749216742,75.7163675897174,11.4615047807576));
#923=CARTESIAN_POINT('',(-8.68910460457431,72.1986253302099,3.));
#924=CARTESIAN_POINT('',(-9.25795954774661,84.0169249191072,3.));
#925=CARTESIAN_POINT('',(-8.88405431979118,75.7941659000671,11.4766582310649));
#926=CARTESIAN_POINT('',(-7.72984412174574,72.2517863858144,3.));
#927=CARTESIAN_POINT('',(-8.27401530449323,84.1147217540151,3.));
#928=CARTESIAN_POINT('',(-7.89939830888322,75.8281360773736,11.4921320349578));
#929=CARTESIAN_POINT('',(-6.82161556591063,72.2949758314324,3.));
#930=CARTESIAN_POINT('',(-7.32017257780925,84.1991178490722,3.));
#931=CARTESIAN_POINT('',(-6.96637134383064,75.8568083785928,11.5045317745733));
#932=CARTESIAN_POINT('',(-5.90475919520436,72.328062006797,3.));
#933=CARTESIAN_POINT('',(-6.32519029529967,84.2763074422212,3.));
#934=CARTESIAN_POINT('',(-6.0286251774299,75.8862617480334,11.5107035067696));
#935=CARTESIAN_POINT('',(-4.97365171050679,72.3585583243261,3.));
#936=CARTESIAN_POINT('',(-5.31930318975946,84.3423902338229,3.));
#937=CARTESIAN_POINT('',(-5.07652202364904,75.9092500863486,11.5183097441593));
#938=CARTESIAN_POINT('',(-4.02750120088506,72.3831463335885,3.));
#939=CARTESIAN_POINT('',(-4.32292558337321,84.3964902973796,3.));
#940=CARTESIAN_POINT('',(-4.11042001016909,75.9287758301858,11.5242553557345));
#941=CARTESIAN_POINT('',(-3.03325448771565,72.4034412588362,3.));
#942=CARTESIAN_POINT('',(-3.2835466261275,84.4414675781549,3.));
#943=CARTESIAN_POINT('',(-3.0956793960691,75.9446044697067,11.5293835144312));
#944=CARTESIAN_POINT('',(-1.92667001243129,72.4196242526276,3.));
#945=CARTESIAN_POINT('',(-2.12583251391375,84.4775275138126,3.));
#946=CARTESIAN_POINT('',(-1.96561920258728,75.9572343477454,11.53324649872));
#947=CARTESIAN_POINT('',(-0.680351282723823,72.4293177707892,3.));
#948=CARTESIAN_POINT('',(-0.770587186327383,84.5005607680502,3.));
#949=CARTESIAN_POINT('',(-0.694200873660554,75.9647568500024,11.5356113027508));
#950=CARTESIAN_POINT('',(0.69250225636432,72.4295299236156,3.));
#951=CARTESIAN_POINT('',(0.714384334912371,84.5017377804109,3.));
#952=CARTESIAN_POINT('',(0.706587547526274,75.9649201932523,11.5356593667249));
#953=CARTESIAN_POINT('',(2.11100269313884,72.4180752912372,3.));
#954=CARTESIAN_POINT('',(2.27697179553014,84.4754140736703,3.));
#955=CARTESIAN_POINT('',(2.15384376699551,75.9560500322141,11.5329062290872));
#956=CARTESIAN_POINT('',(3.48776092090629,72.3957064680255,3.));
#957=CARTESIAN_POINT('',(3.77941497948841,84.4236366594393,3.));
#958=CARTESIAN_POINT('',(3.55953568375099,75.9385160028927,11.5274458590983));
#959=CARTESIAN_POINT('',(4.71874146530196,72.3659843186434,3.));
#960=CARTESIAN_POINT('',(5.1342702247391,84.3543463071826,3.));
#961=CARTESIAN_POINT('',(4.81621246080015,75.9154247180227,11.5199961931307));
#962=CARTESIAN_POINT('',(5.76173270160892,72.333825349053,3.));
#963=CARTESIAN_POINT('',(6.23303108761925,84.2826263165338,3.));
#964=CARTESIAN_POINT('',(5.88182775836978,75.8896616092881,11.5124000822566));
#965=CARTESIAN_POINT('',(6.63984006812033,72.2999154482653,3.));
#966=CARTESIAN_POINT('',(7.13640385996575,84.2136037023468,3.));
#967=CARTESIAN_POINT('',(6.781526737061,75.8640863242702,11.504487247777));
#968=CARTESIAN_POINT('',(7.45678237423539,72.2674892823595,3.));
#969=CARTESIAN_POINT('',(7.96504154274176,84.1428660626133,3.));
#970=CARTESIAN_POINT('',(7.61670348989684,75.8354802612816,11.4976729654383));
#971=CARTESIAN_POINT('',(8.26832537378445,72.2221870028465,3.));
#972=CARTESIAN_POINT('',(8.86811594649745,84.0569826652379,3.));
#973=CARTESIAN_POINT('',(8.45178888060595,75.809641688356,11.483438091664));
#974=CARTESIAN_POINT('',(9.07476179545292,72.1806951307159,3.));
#975=CARTESIAN_POINT('',(9.76008769962758,83.9620413421911,3.));
#976=CARTESIAN_POINT('',(9.27745858424129,75.7744527186764,11.4743567563513));
#977=CARTESIAN_POINT('',(9.83065826401674,72.1383598366054,3.));
#978=CARTESIAN_POINT('',(10.5735093425854,83.8672407431809,3.));
#979=CARTESIAN_POINT('',(10.0519740548595,75.7372704655861,11.4656895382083));
#980=CARTESIAN_POINT('',(10.5539047366731,72.0939829376345,3.));
#981=CARTESIAN_POINT('',(11.3165389446235,83.7743855922176,3.));
#982=CARTESIAN_POINT('',(10.7938991736418,75.6983864658564,11.4567297312929));
#983=CARTESIAN_POINT('',(11.4364126317219,72.0322360884831,3.));
#984=CARTESIAN_POINT('',(12.2623491348095,83.6477265412157,3.));
#985=CARTESIAN_POINT('',(11.7019722604237,75.6485843280004,11.4430104631387));
#986=CARTESIAN_POINT('',(12.0899491283963,71.9823597508484,3.));
#987=CARTESIAN_POINT('',(12.9864928490059,83.5416514708419,3.));
#988=CARTESIAN_POINT('',(12.3745410526051,75.6076831747728,11.4316480127564));
#989=CARTESIAN_POINT('',(12.5000096118589,71.9488241039096,3.));
#990=CARTESIAN_POINT('',(13.44288370325,83.4709546899935,3.));
#991=CARTESIAN_POINT('',(12.7971471554723,75.5801567782085,11.4241657945735));
#992=FACE_BOUND('',#993,.T.);
#993=EDGE_LOOP('',(#2214,#2215,#2216,#2217));
#994=CYLINDRICAL_SURFACE('',#995,5.);
#995=AXIS2_PLACEMENT_3D('',#996,#997,#998);
#996=CARTESIAN_POINT('',(-12.5,112.195444572929,8.));
#997=DIRECTION('',(8.88933250484031E-17,1.,0.));
#998=DIRECTION('',(1.,-8.8893325048403E-17,7.46069872548105E-15));
#999=FACE_BOUND('',#1000,.T.);
#1000=EDGE_LOOP('',(#2218,#2219,#2220,#2221,#2222,#2223,#2224,#2225));
#1001=B_SPLINE_SURFACE_WITH_KNOTS('',3,3,(
(#1002,#1003,#1004,#1005),
(#1006,#1007,#1008,#1009),
(#1010,#1011,#1012,#1013),
(#1014,#1015,#1016,#1017),
(#1018,#1019,#1020,#1021),
(#1022,#1023,#1024,#1025),
(#1026,#1027,#1028,#1029),
(#1030,#1031,#1032,#1033),
(#1034,#1035,#1036,#1037),
(#1038,#1039,#1040,#1041),
(#1042,#1043,#1044,#1045),
(#1046,#1047,#1048,#1049)),
.UNSPECIFIED.,.F.,.F.,.F.,
(4,1,1,1,1,1,1,1,1,4),
(4,4),
(-0.0566769816794583,-0.0195009025998555,0.0142165227678492,0.043957652595192,0.0736987824225348,
0.104278324283276,0.134646841203361,0.164393963829197,0.195212772811691,0.219017351054064),
(0.,1.),
.UNSPECIFIED.);
#1002=CARTESIAN_POINT('',(12.7105195923964,91.622555583717,3.));
#1003=CARTESIAN_POINT('',(12.6403463949125,70.9150370558113,23.8408801906089));
#1004=CARTESIAN_POINT('',(12.5701731974287,50.2075185279057,44.6817603812177));
#1005=CARTESIAN_POINT('',(12.4999999999448,29.5,65.5226405718266));
#1006=CARTESIAN_POINT('',(11.5751304684446,91.7800646775536,3.));
#1007=CARTESIAN_POINT('',(11.5304587366138,71.020043118369,23.685949404034));
#1008=CARTESIAN_POINT('',(11.4857870047831,50.2600215591845,44.3718988080679));
#1009=CARTESIAN_POINT('',(11.4411152729523,29.5,65.057848212102));
#1010=CARTESIAN_POINT('',(9.40439864765118,92.0401784487188,3.));
#1011=CARTESIAN_POINT('',(9.39372350077114,71.1934522991459,23.4280838936205));
#1012=CARTESIAN_POINT('',(9.38304835389109,50.3467261495729,43.856167787241));
#1013=CARTESIAN_POINT('',(9.37237320701106,29.5,64.2842516808614));
#1014=CARTESIAN_POINT('',(6.31194975945378,92.2999720858452,3.));
#1015=CARTESIAN_POINT('',(6.32016827241877,71.3666480572302,23.168098740963));
#1016=CARTESIAN_POINT('',(6.32838678538378,50.4333240286151,43.3361974819259));
#1017=CARTESIAN_POINT('',(6.33660529834878,29.5,63.5042962228889));
#1018=CARTESIAN_POINT('',(3.44187220903905,92.4495897644381,3.));
#1019=CARTESIAN_POINT('',(3.45124914510156,71.466393176292,23.017541623826));
#1020=CARTESIAN_POINT('',(3.46062608116406,50.4831965881461,43.0350832476521));
#1021=CARTESIAN_POINT('',(3.47000301722657,29.5,63.0526248714781));
#1022=CARTESIAN_POINT('',(0.665352727439969,92.5116330696673,3.));
#1023=CARTESIAN_POINT('',(0.667581629103826,71.5077553797781,22.9549228061429));
#1024=CARTESIAN_POINT('',(0.669810530767684,50.5038776898891,42.9098456122857));
#1025=CARTESIAN_POINT('',(0.672039432431541,29.5,62.8647684184286));
#1026=CARTESIAN_POINT('',(-2.13113865076878,92.489768656253,3.));
#1027=CARTESIAN_POINT('',(-2.1378065133415,71.4931791041686,22.9770035792849));
#1028=CARTESIAN_POINT('',(-2.14447437591422,50.4965895520844,42.9540071585697));
#1029=CARTESIAN_POINT('',(-2.15114223848694,29.5,62.9310107378545));
#1030=CARTESIAN_POINT('',(-4.92584559589325,92.3827002146441,3.));
#1031=CARTESIAN_POINT('',(-4.93610534747761,71.4218001430961,23.0849293878176));
#1032=CARTESIAN_POINT('',(-4.94636509906197,50.460900071548,43.1698587756352));
#1033=CARTESIAN_POINT('',(-4.95662485064633,29.5,63.2547881634529));
#1034=CARTESIAN_POINT('',(-7.7234203873793,92.1911871272124,3.));
#1035=CARTESIAN_POINT('',(-7.72518745512754,71.2941247514748,23.2771418359072));
#1036=CARTESIAN_POINT('',(-7.72695452287578,50.3970623757375,43.5542836718143));
#1037=CARTESIAN_POINT('',(-7.72872159062402,29.5,63.8314255077215));
#1038=CARTESIAN_POINT('',(-10.3125080592908,91.9349856444949,3.));
#1039=CARTESIAN_POINT('',(-10.2889190991067,71.1233237629966,23.5325605806194));
#1040=CARTESIAN_POINT('',(-10.2653301389227,50.3116618814983,44.0651211612388));
#1041=CARTESIAN_POINT('',(-10.2417411787386,29.5,64.5976817418583));
#1042=CARTESIAN_POINT('',(-11.9835074946769,91.7234117697631,3.));
#1043=CARTESIAN_POINT('',(-11.929663389703,70.9822745131754,23.7416749456642));
#1044=CARTESIAN_POINT('',(-11.875819284729,50.2411372565877,44.4833498913284));
#1045=CARTESIAN_POINT('',(-11.821975179755,29.5,65.2250248369927));
#1046=CARTESIAN_POINT('',(-12.7105195923965,91.622555583717,3.));
#1047=CARTESIAN_POINT('',(-12.640346394913,70.9150370558113,23.8408801906089));
#1048=CARTESIAN_POINT('',(-12.5701731974294,50.2075185279057,44.6817603812178));
#1049=CARTESIAN_POINT('',(-12.4999999999458,29.5,65.5226405718267));
#1050=FACE_BOUND('',#1051,.T.);
#1051=EDGE_LOOP('',(#2226,#2227,#2228,#2229));
#1052=CYLINDRICAL_SURFACE('',#1053,5.);
#1053=AXIS2_PLACEMENT_3D('',#1054,#1055,#1056);
#1054=CARTESIAN_POINT('',(15.0000000000734,35.3553390593777,-7.));
#1055=DIRECTION('',(0.,0.,1.));
#1056=DIRECTION('',(3.35328397673988E-12,-1.,0.));
#1057=FACE_BOUND('',#1058,.T.);
#1058=EDGE_LOOP('',(#2230,#2231,#2232,#2233));
#1059=PLANE('',#1060);
#1060=AXIS2_PLACEMENT_3D('',#1061,#1062,#1063);
#1061=CARTESIAN_POINT('',(-15.0000000000566,30.3553390592771,-7.));
#1062=DIRECTION('',(3.3530511700355E-12,-1.,0.));
#1063=DIRECTION('',(1.,3.3530511700355E-12,0.));
#1064=FACE_BOUND('',#1065,.T.);
#1065=EDGE_LOOP('',(#2234,#2235,#2236,#2237));
#1066=CYLINDRICAL_SURFACE('',#1067,5.);
#1067=AXIS2_PLACEMENT_3D('',#1068,#1069,#1070);
#1068=CARTESIAN_POINT('',(-15.0000000000734,35.3553390592771,-7.));
#1069=DIRECTION('',(0.,0.,1.));
#1070=DIRECTION('',(-3.35328397673988E-12,1.,0.));
#1071=FACE_BOUND('',#1072,.T.);
#1072=EDGE_LOOP('',(#2238,#2239,#2240,#2241));
#1073=PLANE('',#1074);
#1074=AXIS2_PLACEMENT_3D('',#1075,#1076,#1077);
#1075=CARTESIAN_POINT('',(15.0000000000566,40.3553390593777,-7.));
#1076=DIRECTION('',(-3.35328801761409E-12,1.,0.));
#1077=DIRECTION('',(-1.,-3.35328801761409E-12,0.));
#1078=FACE_OUTER_BOUND('',#1079,.T.);
#1079=EDGE_LOOP('',(#2242));
#1080=FACE_OUTER_BOUND('',#1081,.T.);
#1081=EDGE_LOOP('',(#2243));
#1082=CYLINDRICAL_SURFACE('',#1083,1.6);
#1083=AXIS2_PLACEMENT_3D('',#1084,#1085,#1086);
#1084=CARTESIAN_POINT('',(-35.3553390593274,-35.3553390593274,-7.));
#1085=DIRECTION('',(0.,0.,1.));
#1086=DIRECTION('',(-1.,1.22464679914735E-16,0.));
#1087=FACE_OUTER_BOUND('',#1088,.T.);
#1088=EDGE_LOOP('',(#2244));
#1089=FACE_OUTER_BOUND('',#1090,.T.);
#1090=EDGE_LOOP('',(#2245));
#1091=CYLINDRICAL_SURFACE('',#1092,1.6);
#1092=AXIS2_PLACEMENT_3D('',#1093,#1094,#1095);
#1093=CARTESIAN_POINT('',(-35.3553390593274,35.3553390593274,-7.));
#1094=DIRECTION('',(0.,0.,1.));
#1095=DIRECTION('',(-1.,1.22464679914735E-16,0.));
#1096=FACE_OUTER_BOUND('',#1097,.T.);
#1097=EDGE_LOOP('',(#2246));
#1098=FACE_OUTER_BOUND('',#1099,.T.);
#1099=EDGE_LOOP('',(#2247));
#1100=CYLINDRICAL_SURFACE('',#1101,1.6);
#1101=AXIS2_PLACEMENT_3D('',#1102,#1103,#1104);
#1102=CARTESIAN_POINT('',(35.3553390593274,35.3553390593274,-7.));
#1103=DIRECTION('',(0.,0.,1.));
#1104=DIRECTION('',(-1.,1.22464679914735E-16,0.));
#1105=FACE_OUTER_BOUND('',#1106,.T.);
#1106=EDGE_LOOP('',(#2248));
#1107=FACE_OUTER_BOUND('',#1108,.T.);
#1108=EDGE_LOOP('',(#2249));
#1109=CYLINDRICAL_SURFACE('',#1110,1.6);
#1110=AXIS2_PLACEMENT_3D('',#1111,#1112,#1113);
#1111=CARTESIAN_POINT('',(35.3553390593274,-35.3553390593274,-7.));
#1112=DIRECTION('',(0.,0.,1.));
#1113=DIRECTION('',(-1.,1.22464679914735E-16,0.));
#1114=FACE_BOUND('',#1115,.T.);
#1115=EDGE_LOOP('',(#2250,#2251,#2252));
#1116=(BOUNDED_SURFACE()B_SPLINE_SURFACE(3,2,(
(#1117,#1118,#1119),
(#1120,#1121,#1122),
(#1123,#1124,#1125),
(#1126,#1127,#1128),
(#1129,#1130,#1131),
(#1132,#1133,#1134),
(#1135,#1136,#1137),
(#1138,#1139,#1140),
(#1141,#1142,#1143),
(#1144,#1145,#1146),
(#1147,#1148,#1149),
(#1150,#1151,#1152),
(#1153,#1154,#1155),
(#1156,#1157,#1158),
(#1159,#1160,#1161),
(#1162,#1163,#1164),
(#1165,#1166,#1167),
(#1168,#1169,#1170),
(#1171,#1172,#1173),
(#1174,#1175,#1176),
(#1177,#1178,#1179),
(#1180,#1181,#1182),
(#1183,#1184,#1185),
(#1186,#1187,#1188),
(#1189,#1190,#1191)),
.UNSPECIFIED.,.F.,.F.,.F.)B_SPLINE_SURFACE_WITH_KNOTS((4,1,1,1,1,1,1,1,1,1,1,1,1,
1,1,1,1,1,1,1,1,1,4),
(3,3),
(0.,1.17489373929293,1.64876010960375,2.03248703727579,2.39323817767564,2.73727932645468,
3.07254800218873,3.39904420487778,3.72497258498303,4.05090096508828,4.38595123456966,
4.73012339342719,5.08767594267915,5.45112242277624,5.82199804776029,6.18885700918146,
6.55169930703976,6.90977383210929,7.25665455540931,7.50246256788219,7.72718484267485,
7.95190711746752,8.29016726063132),
(0.,1.),
.UNSPECIFIED.)GEOMETRIC_REPRESENTATION_ITEM()RATIONAL_B_SPLINE_SURFACE((
(1.,1.,1.),
(1.,0.999981469229088,1.),
(1.,0.99910301406504,1.),
(1.,0.996502130097122,1.),
(1.,0.994547152754877,1.),
(1.,0.992476653709275,1.),
(1.,0.990229274647642,1.),
(1.,0.987808555736312,1.),
(1.,0.985201161136866,1.),
(1.,0.982405994458375,1.),
(1.,0.979378710249453,1.),
(1.,0.976080852890978,1.),
(1.,0.972463825809453,1.),
(1.,0.968533593733092,1.),
(1.,0.964270671745704,1.),
(1.,0.959747305303977,1.),
(1.,0.955014857009786,1.),
(1.,0.950121587880727,1.),
(1.,0.945121808537902,1.),
(1.,0.940509712217044,1.),
(1.,0.936422360295447,1.),
(1.,0.93287017578551,1.),
(1.,0.928788292113016,1.),
(1.,0.925774691559582,1.),
(1.,0.923912355969884,1.)))REPRESENTATION_ITEM('')SURFACE());
#1117=CARTESIAN_POINT('',(-12.4999999999889,-29.5,60.2398163512063));
#1118=CARTESIAN_POINT('',(-12.4999999999947,-29.5,60.2398163511908));
#1119=CARTESIAN_POINT('',(-12.5000000000004,-29.5,60.2398163511753));
#1120=CARTESIAN_POINT('',(-12.2955186886004,-29.2957290375403,60.1640795092043));
#1121=CARTESIAN_POINT('',(-12.2904300858934,-29.3954330893762,60.1621937121131));
#1122=CARTESIAN_POINT('',(-12.2949036737232,-29.4999568760251,60.1639086525683));
#1123=CARTESIAN_POINT('',(-12.003255036845,-29.0291494787398,60.0589420797362));
#1124=CARTESIAN_POINT('',(-11.9927834496745,-29.269201590263,60.0551875481631));
#1125=CARTESIAN_POINT('',(-12.0097474312309,-29.5179085985237,60.0423506118736));
#1126=CARTESIAN_POINT('',(-11.6450791153611,-28.737089241077,59.9351768728869));
#1127=CARTESIAN_POINT('',(-11.6334915650088,-29.151964985024,59.9312380935243));
#1128=CARTESIAN_POINT('',(-11.6669106028068,-29.5682065560935,59.8709163712629));
#1129=CARTESIAN_POINT('',(-11.4272730513855,-28.5718624921818,59.861569449347));
#1130=CARTESIAN_POINT('',(-11.4197358497884,-29.0934415696727,59.8590490770275));
#1131=CARTESIAN_POINT('',(-11.4616074767964,-29.607741021607,59.7599769854042));
#1132=CARTESIAN_POINT('',(-11.2341659358424,-28.4331236562755,59.7975745085963));
#1133=CARTESIAN_POINT('',(-11.2311784682981,-29.0500011614465,59.7966065969293));
#1134=CARTESIAN_POINT('',(-11.280650840878,-29.6498934718412,59.6557697813571));
#1135=CARTESIAN_POINT('',(-11.0550527245845,-28.3122838140362,59.7392789093036));
#1136=CARTESIAN_POINT('',(-11.0529309976661,-29.0167471509837,59.7385920451607));
#1137=CARTESIAN_POINT('',(-11.1146279860435,-29.6947853124242,59.554690353076));
#1138=CARTESIAN_POINT('',(-10.8838355941712,-28.2034201936204,59.6845166824302));
#1139=CARTESIAN_POINT('',(-10.8827808733738,-28.9920355819162,59.6841711527116));
#1140=CARTESIAN_POINT('',(-10.9572361170707,-29.7430510617167,59.4538344467031));
#1141=CARTESIAN_POINT('',(-10.7188681750471,-28.1039988145646,59.6326385575214));
#1142=CARTESIAN_POINT('',(-10.7181200278282,-28.9747673176355,59.6324185118906));
#1143=CARTESIAN_POINT('',(-10.806245103816,-29.7947404750142,59.35232111229));
#1144=CARTESIAN_POINT('',(-10.5570696597749,-28.0128332025737,59.5825965046242));
#1145=CARTESIAN_POINT('',(-10.5573537214418,-28.9646093940196,59.5826916674411));
#1146=CARTESIAN_POINT('',(-10.6594228311605,-29.850228228428,59.2489806425391));
#1147=CARTESIAN_POINT('',(-10.3968043206872,-27.9283998115359,59.5338464428346));
#1148=CARTESIAN_POINT('',(-10.3976628523103,-28.9612491962372,59.5340816650437));
#1149=CARTESIAN_POINT('',(-10.5149852866624,-29.9100240759866,59.1426877282071));
#1150=CARTESIAN_POINT('',(-10.236436284455,-27.8492575124334,59.4858762788994));
#1151=CARTESIAN_POINT('',(-10.2378815958731,-28.9646688289582,59.4863088904152));
#1152=CARTESIAN_POINT('',(-10.3711133002077,-29.9749308581643,59.0320412796717));
#1153=CARTESIAN_POINT('',(-10.0749287110964,-27.7757728299279,59.4383832718404));
#1154=CARTESIAN_POINT('',(-10.0761313137557,-28.9755399161249,59.4387581968594));
#1155=CARTESIAN_POINT('',(-10.2271421449341,-30.0454681506386,58.9163126079554));
#1156=CARTESIAN_POINT('',(-9.91208451543721,-27.7083158329991,59.3913278861893));
#1157=CARTESIAN_POINT('',(-9.91321838314177,-28.9945242417794,59.3916247046771));
#1158=CARTESIAN_POINT('',(-10.0829972660255,-30.1219730769234,58.795147053988));
#1159=CARTESIAN_POINT('',(-9.74972013124488,-27.6471599256079,59.3452399389134));
#1160=CARTESIAN_POINT('',(-9.74992605063623,-29.0217968467481,59.3453003988338));
#1161=CARTESIAN_POINT('',(-9.94000225677673,-30.2040069874266,58.6693905290382));
#1162=CARTESIAN_POINT('',(-9.5894344300186,-27.5934319652899,59.3005503990431));
#1163=CARTESIAN_POINT('',(-9.58909900380923,-29.0574173811438,59.3004840095513));
#1164=CARTESIAN_POINT('',(-9.79963393473292,-30.2908353465215,58.540207512163));
#1165=CARTESIAN_POINT('',(-9.43310329241257,-27.548001056475,59.2577340436674));
#1166=CARTESIAN_POINT('',(-9.43226229649934,-29.1011609428821,59.2574811910138));
#1167=CARTESIAN_POINT('',(-9.6636424188358,-30.3812807658448,58.4092609209527));
#1168=CARTESIAN_POINT('',(-9.2823998143142,-27.5103138182934,59.2171759863512));
#1169=CARTESIAN_POINT('',(-9.28120603509672,-29.1520144406025,59.2168586298005));
#1170=CARTESIAN_POINT('',(-9.53317188641455,-30.4742955610395,58.2778804603314));
#1171=CARTESIAN_POINT('',(-9.14219538708208,-27.4813680804061,59.1800811581724));
#1172=CARTESIAN_POINT('',(-9.1367170568807,-29.2093639391124,59.1786620928056));
#1173=CARTESIAN_POINT('',(-9.41259893996095,-30.5661498762489,58.1510020562611));
#1174=CARTESIAN_POINT('',(-9.01737365941128,-27.4610367789244,59.1475725535057));
#1175=CARTESIAN_POINT('',(-9.01152132545917,-29.2668795950352,59.1460478917054));
#1176=CARTESIAN_POINT('',(-9.30585011420041,-30.6525494104046,58.0339372215436));
#1177=CARTESIAN_POINT('',(-8.91158779636732,-27.4475992188025,59.1203943152473));
#1178=CARTESIAN_POINT('',(-8.90643737102006,-29.3208333060927,59.119084645632));
#1179=CARTESIAN_POINT('',(-9.21564702245397,-30.7294585299811,57.9313602681643));
#1180=CARTESIAN_POINT('',(-8.81863152569527,-27.4388832514247,59.0967850613856));
#1181=CARTESIAN_POINT('',(-8.81886665338056,-29.3698456160253,59.0968313782431));
#1182=CARTESIAN_POINT('',(-9.13632846162091,-30.8001248786936,57.8383008255525));
#1183=CARTESIAN_POINT('',(-8.72144213338247,-27.433807684327,59.0723577826274));
#1184=CARTESIAN_POINT('',(-8.72173042517158,-29.4290595957747,59.0721450321882));
#1185=CARTESIAN_POINT('',(-9.05305798161991,-30.8773671377015,57.7377173509656));
#1186=CARTESIAN_POINT('',(-8.65373941237179,-27.4320527643531,59.0555522229921));
#1187=CARTESIAN_POINT('',(-8.65383068603931,-29.4739452779079,59.0553144443504));
#1188=CARTESIAN_POINT('',(-8.99572361565685,-30.9331811001999,57.6659670077963));
#1189=CARTESIAN_POINT('',(-8.61437276716347,-27.4310555828211,59.0458502917271));
#1190=CARTESIAN_POINT('',(-8.6133729886595,-29.5016208050245,59.0456040088142));
#1191=CARTESIAN_POINT('',(-8.96295014783838,-30.9659826905743,57.6240974058887));
#1192=FACE_BOUND('',#1193,.T.);
#1193=EDGE_LOOP('',(#2253));
#1194=FACE_BOUND('',#1195,.T.);
#1195=EDGE_LOOP('',(#2254));
#1196=PLANE('',#1197);
#1197=AXIS2_PLACEMENT_3D('',#1198,#1199,#1200);
#1198=CARTESIAN_POINT('',(0.,-15.5,-9.49101269339199E-16));
#1199=DIRECTION('',(0.,1.,6.12323399573677E-17));
#1200=DIRECTION('',(-1.,7.49879891330929E-33,-1.22464679914735E-16));
#1201=FACE_BOUND('',#1202,.T.);
#1202=EDGE_LOOP('',(#2255,#2256,#2257,#2258,#2259,#2260,#2261,#2262));
#1203=PLANE('',#1204);
#1204=AXIS2_PLACEMENT_3D('',#1205,#1206,#1207);
#1205=CARTESIAN_POINT('',(-1.93709757028512E-31,-19.5,-2.98762810001408E-15));
#1206=DIRECTION('',(8.53101850005892E-33,1.,1.92125732440235E-16));
#1207=DIRECTION('',(-1.,3.20596348267364E-32,-1.22464679914735E-16));
#1208=FACE_BOUND('',#1209,.T.);
#1209=EDGE_LOOP('',(#2263,#2264,#2265));
#1210=(BOUNDED_SURFACE()B_SPLINE_SURFACE(3,2,(
(#1211,#1212,#1213),
(#1214,#1215,#1216),
(#1217,#1218,#1219),
(#1220,#1221,#1222),
(#1223,#1224,#1225),
(#1226,#1227,#1228),
(#1229,#1230,#1231),
(#1232,#1233,#1234),
(#1235,#1236,#1237),
(#1238,#1239,#1240),
(#1241,#1242,#1243),
(#1244,#1245,#1246),
(#1247,#1248,#1249),
(#1250,#1251,#1252),
(#1253,#1254,#1255),
(#1256,#1257,#1258),
(#1259,#1260,#1261),
(#1262,#1263,#1264),
(#1265,#1266,#1267),
(#1268,#1269,#1270),
(#1271,#1272,#1273),
(#1274,#1275,#1276),
(#1277,#1278,#1279),
(#1280,#1281,#1282),
(#1283,#1284,#1285),
(#1286,#1287,#1288),
(#1289,#1290,#1291),
(#1292,#1293,#1294),
(#1295,#1296,#1297)),
.UNSPECIFIED.,.F.,.F.,.F.)B_SPLINE_SURFACE_WITH_KNOTS((4,1,1,1,1,1,1,1,1,1,1,1,1,
1,1,1,1,1,1,1,1,1,1,1,1,1,4),
(3,3),
(-4.76516686331274E-5,0.534209266690412,0.761929259606808,0.966018665739871,1.17010807187293,
1.4095161736617,1.67528274876582,1.97135228483556,2.32894309391663,2.69376479214443,
3.07365165024183,3.42280816656393,3.76778424892158,4.10671432493879,4.44074025931047,
4.77189104691818,5.09864216138189,5.43644103241947,5.76997017951145,6.08794661510937,
6.3609647109202,6.68895305148986,7.01462960992918,7.32927316576702,7.58606214305698,
7.88134461409424,8.29011960471845),
(0.,1.),
.UNSPECIFIED.)GEOMETRIC_REPRESENTATION_ITEM()RATIONAL_B_SPLINE_SURFACE((
(1.,0.923912358007133,1.),
(1.,0.926856142739183,1.),
(1.,0.930859836313577,1.),
(1.,0.935801705952817,1.),
(1.,0.938997448700525,1.),
(1.,0.942183152443035,1.),
(1.,0.945596145669131,1.),
(1.,0.949353079008127,1.),
(1.,0.953536879205436,1.),
(1.,0.957989631016745,1.),
(1.,0.962598567746608,1.),
(1.,0.966956706054196,1.),
(1.,0.971003565212971,1.),
(1.,0.974687815570639,1.),
(1.,0.97811481514919,1.),
(1.,0.981278329776229,1.),
(1.,0.984189658190468,1.),
(1.,0.98689990482207,1.),
(1.,0.989385080890645,1.),
(1.,0.991610513622872,1.),
(1.,0.993470367026062,1.),
(1.,0.99511304625945,1.),
(1.,0.996540213723783,1.),
(1.,0.997812440865193,1.),
(1.,0.998625394967237,1.),
(1.,0.999368723765626,1.),
(1.,0.999953383522069,1.),
(1.,0.999919207291986,1.),
(1.,1.,1.)))REPRESENTATION_ITEM('')SURFACE());
#1211=CARTESIAN_POINT('',(8.61437277066053,-27.4310555828616,59.045850292589));
#1212=CARTESIAN_POINT('',(8.61337298901912,-29.5016208058825,59.0456040088711));
#1213=CARTESIAN_POINT('',(8.96295014911154,-30.9659826892992,57.6240974075179));
#1214=CARTESIAN_POINT('',(8.67773298624717,-27.4327649657587,59.0614676975469));
#1215=CARTESIAN_POINT('',(8.67723514999093,-29.457999633082,59.0609062901923));
#1216=CARTESIAN_POINT('',(9.0156530977909,-30.9132342466918,57.6914281173961));
#1217=CARTESIAN_POINT('',(8.76824293016028,-27.4348125679529,59.0840260087549));
#1218=CARTESIAN_POINT('',(8.76943430535427,-29.3980586509559,59.0842545168973));
#1219=CARTESIAN_POINT('',(9.09324146570738,-30.8389611305604,57.7873254689757));
#1220=CARTESIAN_POINT('',(8.88902215358472,-27.4452671765059,59.1146482591499));
#1221=CARTESIAN_POINT('',(8.89099934014652,-29.3292576739905,59.1151617808384));
#1222=CARTESIAN_POINT('',(9.19641788313953,-30.7464223135119,57.9089581769029));
#1223=CARTESIAN_POINT('',(8.97294057442158,-27.4552280219694,59.1361393265019));
#1224=CARTESIAN_POINT('',(8.97250082278308,-29.2867154120933,59.1360163156564));
#1225=CARTESIAN_POINT('',(9.26794529604674,-30.6846773359514,57.9910117737888));
#1226=CARTESIAN_POINT('',(9.05953660930045,-27.4677104521605,59.1585357563354));
#1227=CARTESIAN_POINT('',(9.05685147229636,-29.2458438374107,59.1578452465271));
#1228=CARTESIAN_POINT('',(9.34189889425481,-30.6231932582124,58.073637207757));
#1229=CARTESIAN_POINT('',(9.1550819765555,-27.4842175828279,59.1835078226212));
#1230=CARTESIAN_POINT('',(9.15087815236259,-29.2040681581497,59.1824237397295));
#1231=CARTESIAN_POINT('',(9.42369818905608,-30.5578662063704,58.1625211969839));
#1232=CARTESIAN_POINT('',(9.26468354669278,-27.5066652590659,59.2124940915732));
#1233=CARTESIAN_POINT('',(9.25913970542784,-29.1607729486272,59.2110362225742));
#1234=CARTESIAN_POINT('',(9.5179283647328,-30.4859531756679,58.26179873147));
#1235=CARTESIAN_POINT('',(9.39068533025352,-27.5370265190429,59.2462725949309));
#1236=CARTESIAN_POINT('',(9.38587640104922,-29.1161297475855,59.2449413960678));
#1237=CARTESIAN_POINT('',(9.62689314937022,-30.4070665809275,58.372637510538));
#1238=CARTESIAN_POINT('',(9.53391984429356,-27.5766139442745,59.28526802992));
#1239=CARTESIAN_POINT('',(9.52962486169774,-29.0729966339275,59.2840923973527));
#1240=CARTESIAN_POINT('',(9.75125806559474,-30.3223507792347,58.4942310406157));
#1241=CARTESIAN_POINT('',(9.68901406514683,-27.6259354575917,59.3282204800773));
#1242=CARTESIAN_POINT('',(9.68910921521493,-29.034155676876,59.3282733909385));
#1243=CARTESIAN_POINT('',(9.88671858959481,-30.2362147266671,58.6210393959552));
#1244=CARTESIAN_POINT('',(9.85048497314252,-27.6844332386588,59.3737460447837));
#1245=CARTESIAN_POINT('',(9.85126372333007,-29.0038777955949,59.3739296171335));
#1246=CARTESIAN_POINT('',(10.0286777987697,-30.1524016425079,58.7480417424054));
#1247=CARTESIAN_POINT('',(10.0123452215679,-27.7491064017382,59.4202026973223));
#1248=CARTESIAN_POINT('',(10.0142193952356,-28.981858544534,59.420754558521));
#1249=CARTESIAN_POINT('',(10.1716448498373,-30.0742257719777,58.8702922066691));
#1250=CARTESIAN_POINT('',(10.1736494607526,-27.8198823960806,59.4673175956882));
#1251=CARTESIAN_POINT('',(10.1741781938798,-28.9680280664763,59.4674993557026));
#1252=CARTESIAN_POINT('',(10.3150021054986,-30.0017557476285,58.9875356607496));
#1253=CARTESIAN_POINT('',(10.3341640572017,-27.8968711562228,59.5150110720309));
#1254=CARTESIAN_POINT('',(10.3347799848648,-28.9617506789392,59.5151729445078));
#1255=CARTESIAN_POINT('',(10.458730526212,-29.9347438646816,59.1000136343947));
#1256=CARTESIAN_POINT('',(10.4956731916773,-27.9797908173206,59.5638213880501));
#1257=CARTESIAN_POINT('',(10.4961589039535,-28.9624982309276,59.5639599742227));
#1258=CARTESIAN_POINT('',(10.6039840216511,-29.8725365233835,59.2087551502384));
#1259=CARTESIAN_POINT('',(10.6587156108444,-28.0693413501781,59.61393370806));
#1260=CARTESIAN_POINT('',(10.6582834793097,-28.9701570071159,59.6138232002399));
#1261=CARTESIAN_POINT('',(10.7515055596196,-29.8147935782296,59.314355644205));
#1262=CARTESIAN_POINT('',(10.8236105166758,-28.1664562919457,59.6654750327805));
#1263=CARTESIAN_POINT('',(10.8233719968007,-28.9850245963714,59.6653893549291));
#1264=CARTESIAN_POINT('',(10.9020241258085,-29.761319276649,59.4172743612677));
#1265=CARTESIAN_POINT('',(10.9910054914665,-28.2708923571657,59.7186894568205));
#1266=CARTESIAN_POINT('',(10.9913764026527,-29.0070198251317,59.7187940525648));
#1267=CARTESIAN_POINT('',(11.0556516686771,-29.7122440398111,59.5174517746291));
#1268=CARTESIAN_POINT('',(11.1567472328959,-28.380136211838,59.7722783213243));
#1269=CARTESIAN_POINT('',(11.1602284419976,-29.0359881729763,59.7734179555648));
#1270=CARTESIAN_POINT('',(11.2086962231263,-29.6687653465457,59.6124763156907));
#1271=CARTESIAN_POINT('',(11.3193552711877,-28.4937984179655,59.825717071466));
#1272=CARTESIAN_POINT('',(11.3196507721869,-29.069832024233,59.8258198382238));
#1273=CARTESIAN_POINT('',(11.3604248217843,-29.630788792783,59.7021681396875));
#1274=CARTESIAN_POINT('',(11.4801632377507,-28.6116507946062,59.8793970411723));
#1275=CARTESIAN_POINT('',(11.4796956514042,-29.1094471697542,59.8792404219649));
#1276=CARTESIAN_POINT('',(11.5113825946368,-29.5978922911928,59.7871057079673));
#1277=CARTESIAN_POINT('',(11.6451730110483,-28.7382256703017,59.9353504340619));
#1278=CARTESIAN_POINT('',(11.6425611031783,-29.1555399243446,59.934450788988));
#1279=CARTESIAN_POINT('',(11.6672592196045,-29.5689567274024,59.8703861105848));
#1280=CARTESIAN_POINT('',(11.809741258758,-28.8711193504889,59.9920563348805));
#1281=CARTESIAN_POINT('',(11.8138777319081,-29.2108656855031,59.9934869204387));
#1282=CARTESIAN_POINT('',(11.8244884073053,-29.5449790846975,59.9498083989362));
#1283=CARTESIAN_POINT('',(11.9717830311197,-29.008351160708,60.04877435132));
#1284=CARTESIAN_POINT('',(11.973540911542,-29.2686698128758,60.0493861403519));
#1285=CARTESIAN_POINT('',(11.9804315183474,-29.5262832690621,60.0241040682608));
#1286=CARTESIAN_POINT('',(12.1242023796478,-29.1428103462058,60.102920446467));
#1287=CARTESIAN_POINT('',(12.1287585261913,-29.3301283552818,60.1045409714988));
#1288=CARTESIAN_POINT('',(12.1283599406641,-29.513125618085,60.0905449580323));
#1289=CARTESIAN_POINT('',(12.2997961923317,-29.3038704950707,60.1661671510113));
#1290=CARTESIAN_POINT('',(12.3009845931701,-29.4038186709716,60.1665967952019));
#1291=CARTESIAN_POINT('',(12.3007310805807,-29.502830188633,60.1635123923482));
#1292=CARTESIAN_POINT('',(12.4233233605116,-29.4244512252936,60.2114263913517));
#1293=CARTESIAN_POINT('',(12.427072025059,-29.4640216234454,60.2128122530442));
#1294=CARTESIAN_POINT('',(12.4236813030896,-29.4999972144842,60.2115610715827));
#1295=CARTESIAN_POINT('',(12.4999999999881,-29.5,60.239816351206));
#1296=CARTESIAN_POINT('',(12.4999999999938,-29.5,60.2398163511905));
#1297=CARTESIAN_POINT('',(12.4999999999996,-29.5,60.239816351175));
#1298=FACE_BOUND('',#1299,.T.);
#1299=EDGE_LOOP('',(#2266,#2267,#2268,#2269));
#1300=(BOUNDED_SURFACE()B_SPLINE_SURFACE(3,2,(
(#1301,#1302,#1303),
(#1304,#1305,#1306),
(#1307,#1308,#1309),
(#1310,#1311,#1312),
(#1313,#1314,#1315),
(#1316,#1317,#1318),
(#1319,#1320,#1321),
(#1322,#1323,#1324)),
.UNSPECIFIED.,.F.,.F.,.F.)B_SPLINE_SURFACE_WITH_KNOTS((4,1,1,1,1,4),
(3,3),
(6.75520407316562,9.23045223336331,10.2321207818222,11.1045612650676,11.9046354438458,
13.2447959273802),
(0.,1.),
.UNSPECIFIED.)GEOMETRIC_REPRESENTATION_ITEM()RATIONAL_B_SPLINE_SURFACE((
(1.,0.923912167962961,1.),
(1.,0.923886960876476,1.),
(1.,0.923880027913616,1.),
(1.,0.923879352943104,1.),
(1.,0.923880345651288,1.),
(1.,0.92388733731948,1.),
(1.,0.923895718164627,1.),
(1.,0.923912167962986,1.)))REPRESENTATION_ITEM('')SURFACE());
#1301=CARTESIAN_POINT('',(-8.61440829512069,-27.4310560318329,59.0458590475327));
#1302=CARTESIAN_POINT('',(-8.6133716756793,-29.5016090835629,59.0456038826811));
#1303=CARTESIAN_POINT('',(-8.96298353236263,-30.96596837454,57.624120391509));
#1304=CARTESIAN_POINT('',(-6.51586599988636,-27.4298507772288,58.5283180781937));
#1305=CARTESIAN_POINT('',(-6.46596359146261,-29.5007926875601,58.5160814538401));
#1306=CARTESIAN_POINT('',(-6.77984734726668,-30.9652553689038,57.0853102627016));
#1307=CARTESIAN_POINT('',(-3.46971891011387,-27.4290349522684,58.0636171985069));
#1308=CARTESIAN_POINT('',(-3.38062792213451,-29.500079956944,58.0520844809464));
#1309=CARTESIAN_POINT('',(-3.61036169074296,-30.9645618446652,56.6017304040447));
#1310=CARTESIAN_POINT('',(0.396218292443661,-27.428886244241,57.9718829937789));
#1311=CARTESIAN_POINT('',(0.507018811009212,-29.4999605407078,57.9742998015297));
#1312=CARTESIAN_POINT('',(0.412283421207964,-30.964423801876,56.5062768740604));
#1313=CARTESIAN_POINT('',(2.80579558400263,-27.4290739809782,58.0858609228161));
#1314=CARTESIAN_POINT('',(2.89502376975547,-29.5001431645187,58.0932387474701));
#1315=CARTESIAN_POINT('',(2.9195021186701,-30.964595090227,56.6248769090997));
#1316=CARTESIAN_POINT('',(5.52066676482464,-27.4296169743519,58.3854365542317));
#1317=CARTESIAN_POINT('',(5.57092556745466,-29.500605775867,58.3942749863614));
#1318=CARTESIAN_POINT('',(5.74433889295762,-30.9650389333839,56.9366372257908));
#1319=CARTESIAN_POINT('',(7.4227437446347,-27.4303571192831,58.7521311974605));
#1320=CARTESIAN_POINT('',(7.45071393134128,-29.5011672747005,58.7590750600176));
#1321=CARTESIAN_POINT('',(7.72328337232998,-30.9655657007013,57.318312931331));
#1322=CARTESIAN_POINT('',(8.61440829654062,-27.431056031834,59.0458590478826));
#1323=CARTESIAN_POINT('',(8.61337167709892,-29.5016090835636,59.0456038830309));
#1324=CARTESIAN_POINT('',(8.96298353383981,-30.9659683745409,57.6241203918731));
#1325=FACE_BOUND('',#1326,.T.);
#1326=EDGE_LOOP('',(#2270,#2271,#2272,#2273,#2274,#2275));
#1327=B_SPLINE_SURFACE_WITH_KNOTS('',3,3,(
(#1328,#1329,#1330,#1331),
(#1332,#1333,#1334,#1335),
(#1336,#1337,#1338,#1339),
(#1340,#1341,#1342,#1343),
(#1344,#1345,#1346,#1347),
(#1348,#1349,#1350,#1351),
(#1352,#1353,#1354,#1355),
(#1356,#1357,#1358,#1359),
(#1360,#1361,#1362,#1363),
(#1364,#1365,#1366,#1367)),
.UNSPECIFIED.,.F.,.F.,.F.,
(4,1,1,1,1,1,1,4),
(4,4),
(-0.0176710682312301,0.0222966992824056,0.0586670691325951,0.090855420105785,0.123043771078975,
0.155654510164813,0.180340629695759,0.195419764543094),
(0.152315170847052,0.973373343744231),
.UNSPECIFIED.);
#1328=CARTESIAN_POINT('',(-8.98244805011096,-75.7164844325749,11.5499751529513));
#1329=CARTESIAN_POINT('',(-8.97595145000682,-60.7948921296672,26.9129162142581));
#1330=CARTESIAN_POINT('',(-8.96945484990264,-45.8732998267594,42.275857275565));
#1331=CARTESIAN_POINT('',(-8.96295824979849,-30.9517075238517,57.6387983368718));
#1332=CARTESIAN_POINT('',(-7.86649404674434,-75.8179672545804,11.5070286600413));
#1333=CARTESIAN_POINT('',(-7.86614454363743,-60.8636099044324,26.7928017264052));
#1334=CARTESIAN_POINT('',(-7.86579504053049,-45.9092525542843,42.0785747927691));
#1335=CARTESIAN_POINT('',(-7.86544553742358,-30.9548952041363,57.364347859133));
#1336=CARTESIAN_POINT('',(-5.72728264934369,-75.9755759409707,11.4400720271131));
#1337=CARTESIAN_POINT('',(-5.7329645754706,-60.9703325792494,26.6055347081323));
#1338=CARTESIAN_POINT('',(-5.73864650159751,-45.965089217528,41.7709973891515));
#1339=CARTESIAN_POINT('',(-5.74432842772443,-30.9598458558067,56.9364600701706));
#1340=CARTESIAN_POINT('',(-2.67286608269152,-76.1009431928699,11.3866113362937));
#1341=CARTESIAN_POINT('',(-2.6773606504847,-61.0552233854833,26.456013686439));
#1342=CARTESIAN_POINT('',(-2.68185521827787,-46.0095035780966,41.5254160365842));
#1343=CARTESIAN_POINT('',(-2.68634978607106,-30.96378377071,56.5948183867295));
#1344=CARTESIAN_POINT('',(0.167603953254846,-76.1348951180719,11.372111925228));
#1345=CARTESIAN_POINT('',(0.167917633065268,-61.0782134906339,26.4154611473068));
#1346=CARTESIAN_POINT('',(0.168231312875691,-46.0215318631956,41.4588103693857));
#1347=CARTESIAN_POINT('',(0.168544992686114,-30.9648502357575,56.5021595914644));
#1348=CARTESIAN_POINT('',(2.90177810592982,-76.0930349443066,11.3899870737019));
#1349=CARTESIAN_POINT('',(2.90650071066635,-61.0498684176886,26.4654550853157));
#1350=CARTESIAN_POINT('',(2.91122331540287,-46.0067018910704,41.5409230969294));
#1351=CARTESIAN_POINT('',(2.9159459201394,-30.9635353644524,56.6163911085432));
#1352=CARTESIAN_POINT('',(5.41970855118049,-75.9852222903691,11.435948960036));
#1353=CARTESIAN_POINT('',(5.42498063891263,-60.9768644794485,26.5940031474205));
#1354=CARTESIAN_POINT('',(5.43025272664479,-45.9685066685279,41.7520573348048));
#1355=CARTESIAN_POINT('',(5.43552481437693,-30.9601488576073,56.9101115221893));
#1356=CARTESIAN_POINT('',(7.4495966232627,-75.8486227696191,11.4940031023338));
#1357=CARTESIAN_POINT('',(7.45041390826856,-60.8843678882577,26.7563713199385));
#1358=CARTESIAN_POINT('',(7.45123119327439,-45.9201130068963,42.018739537543));
#1359=CARTESIAN_POINT('',(7.45204847828025,-30.9558581255349,57.2811077551476));
#1360=CARTESIAN_POINT('',(8.56141825875812,-75.754772114017,11.5337721975437));
#1361=CARTESIAN_POINT('',(8.55724085008988,-60.8208181358388,26.8675991334302));
#1362=CARTESIAN_POINT('',(8.55306344142164,-45.8868641576604,42.2014260693165));
#1363=CARTESIAN_POINT('',(8.5488860327534,-30.9529101794821,57.5352530052029));
#1364=CARTESIAN_POINT('',(8.98244805218784,-75.716484432386,11.5499751530312));
#1365=CARTESIAN_POINT('',(8.97595145207202,-60.7948921295393,26.9129162144817));
#1366=CARTESIAN_POINT('',(8.96945485195618,-45.8732998266925,42.2758572759321));
#1367=CARTESIAN_POINT('',(8.96295825184036,-30.9517075238458,57.6387983373826));
#1368=FACE_BOUND('',#1369,.T.);
#1369=EDGE_LOOP('',(#2276,#2277,#2278,#2279,#2280));
#1370=PLANE('',#1371);
#1371=AXIS2_PLACEMENT_3D('',#1372,#1373,#1374);
#1372=CARTESIAN_POINT('',(-7.49999999999999,-92.1954445729289,2.99999999999999));
#1373=DIRECTION('',(1.,1.10622086646534E-16,7.08568626281446E-15));
#1374=DIRECTION('',(-1.10622086646535E-16,1.,1.22464679914735E-16));
#1375=FACE_BOUND('',#1376,.T.);
#1376=EDGE_LOOP('',(#2281));
#1377=FACE_BOUND('',#1378,.T.);
#1378=EDGE_LOOP('',(#2282));
#1379=PLANE('',#1380);
#1380=AXIS2_PLACEMENT_3D('',#1381,#1382,#1383);
#1381=CARTESIAN_POINT('',(0.,-17.5,-1.07156594925393E-15));
#1382=DIRECTION('',(0.,-1.,-6.12323399573677E-17));
#1383=DIRECTION('',(1.,0.,0.));
#1384=FACE_BOUND('',#1385,.T.);
#1385=EDGE_LOOP('',(#2283,#2284,#2285,#2286,#2287));
#1386=PLANE('',#1387);
#1387=AXIS2_PLACEMENT_3D('',#1388,#1389,#1390);
#1388=CARTESIAN_POINT('',(7.5,-84.1665016500018,2.99999999999999));
#1389=DIRECTION('',(-1.,-1.10622086646534E-16,-7.70835145041652E-15));
#1390=DIRECTION('',(1.10622086646535E-16,-1.,-1.22464679914735E-16));
#1391=FACE_BOUND('',#1392,.T.);
#1392=EDGE_LOOP('',(#2288,#2289,#2290,#2291,#2292,#2293,#2294,#2295));
#1393=PLANE('',#1394);
#1394=AXIS2_PLACEMENT_3D('',#1395,#1396,#1397);
#1395=CARTESIAN_POINT('',(50.,-29.5,54.));
#1396=DIRECTION('',(-1.22464679914735E-16,0.,-1.));
#1397=DIRECTION('',(0.,1.,0.));
#1398=FACE_BOUND('',#1399,.T.);
#1399=EDGE_LOOP('',(#2296,#2297,#2298,#2299,#2300,#2301,#2302,#2303));
#1400=PLANE('',#1401);
#1401=AXIS2_PLACEMENT_3D('',#1402,#1403,#1404);
#1402=CARTESIAN_POINT('',(-1.93709757028512E-31,19.5,-5.99566841676737E-16));
#1403=DIRECTION('',(-8.53101850005892E-33,1.,-6.96610525255E-17));
#1404=DIRECTION('',(-1.,-1.70620370001178E-32,-1.22464679914735E-16));
#1405=FACE_OUTER_BOUND('',#1406,.T.);
#1406=EDGE_LOOP('',(#2304));
#1407=FACE_OUTER_BOUND('',#1408,.T.);
#1408=EDGE_LOOP('',(#2305));
#1409=CYLINDRICAL_SURFACE('',#1410,1.6);
#1410=AXIS2_PLACEMENT_3D('',#1411,#1412,#1413);
#1411=CARTESIAN_POINT('',(93.,15.5,39.5));
#1412=DIRECTION('',(-1.,0.,6.12323399573677E-17));
#1413=DIRECTION('',(-3.74939945665464E-33,-1.,-6.12323399573677E-17));
#1414=FACE_OUTER_BOUND('',#1415,.T.);
#1415=EDGE_LOOP('',(#2306));
#1416=FACE_OUTER_BOUND('',#1417,.T.);
#1417=EDGE_LOOP('',(#2307));
#1418=CYLINDRICAL_SURFACE('',#1419,1.6);
#1419=AXIS2_PLACEMENT_3D('',#1420,#1421,#1422);
#1420=CARTESIAN_POINT('',(93.,-15.5,39.5));
#1421=DIRECTION('',(-1.,0.,6.12323399573677E-17));
#1422=DIRECTION('',(-3.74939945665464E-33,-1.,-6.12323399573677E-17));
#1423=FACE_OUTER_BOUND('',#1424,.T.);
#1424=EDGE_LOOP('',(#2308));
#1425=FACE_OUTER_BOUND('',#1426,.T.);
#1426=EDGE_LOOP('',(#2309));
#1427=CYLINDRICAL_SURFACE('',#1428,1.6);
#1428=AXIS2_PLACEMENT_3D('',#1429,#1430,#1431);
#1429=CARTESIAN_POINT('',(93.,-15.5,8.5));
#1430=DIRECTION('',(-1.,0.,6.12323399573677E-17));
#1431=DIRECTION('',(-3.74939945665464E-33,-1.,-6.12323399573677E-17));
#1432=FACE_OUTER_BOUND('',#1433,.T.);
#1433=EDGE_LOOP('',(#2310));
#1434=FACE_OUTER_BOUND('',#1435,.T.);
#1435=EDGE_LOOP('',(#2311));
#1436=CYLINDRICAL_SURFACE('',#1437,1.6);
#1437=AXIS2_PLACEMENT_3D('',#1438,#1439,#1440);
#1438=CARTESIAN_POINT('',(93.,15.5,8.5));
#1439=DIRECTION('',(-1.,0.,6.12323399573677E-17));
#1440=DIRECTION('',(-3.74939945665464E-33,-1.,-6.12323399573677E-17));
#1441=FACE_OUTER_BOUND('',#1442,.T.);
#1442=EDGE_LOOP('',(#2312));
#1443=FACE_OUTER_BOUND('',#1444,.T.);
#1444=EDGE_LOOP('',(#2313));
#1445=CYLINDRICAL_SURFACE('',#1446,18.6);
#1446=AXIS2_PLACEMENT_3D('',#1447,#1448,#1449);
#1447=CARTESIAN_POINT('',(50.,-8.4736075498395E-17,24.));
#1448=DIRECTION('',(-1.,0.,6.12323399573676E-17));
#1449=DIRECTION('',(3.74939945665464E-33,-1.,6.12323399573677E-17));
#1450=FACE_OUTER_BOUND('',#1451,.T.);
#1451=EDGE_LOOP('',(#2314));
#1452=FACE_OUTER_BOUND('',#1453,.T.);
#1453=EDGE_LOOP('',(#2315));
#1454=CYLINDRICAL_SURFACE('',#1455,12.5);
#1455=AXIS2_PLACEMENT_3D('',#1456,#1457,#1458);
#1456=CARTESIAN_POINT('',(59.,-1.46957615897682E-15,24.));
#1457=DIRECTION('',(1.,0.,-6.12323399573676E-17));
#1458=DIRECTION('',(3.74939945665464E-33,1.,6.12323399573677E-17));
#1459=FACE_BOUND('',#1460,.T.);
#1460=EDGE_LOOP('',(#2316,#2317,#2318,#2319));
#1461=CYLINDRICAL_SURFACE('',#1462,5.);
#1462=AXIS2_PLACEMENT_3D('',#1463,#1464,#1465);
#1463=CARTESIAN_POINT('',(53.6910114743686,-44.5,59.));
#1464=DIRECTION('',(-1.09314267040015E-16,-1.,-1.09314267040015E-16));
#1465=DIRECTION('',(-0.955637162726776,1.36662905663262E-16,-0.294546453408485));
#1466=FACE_BOUND('',#1467,.T.);
#1467=EDGE_LOOP('',(#2320,#2321,#2322));
#1468=(BOUNDED_SURFACE()B_SPLINE_SURFACE(3,2,(
(#1469,#1470,#1471),
(#1472,#1473,#1474),
(#1475,#1476,#1477),
(#1478,#1479,#1480),
(#1481,#1482,#1483),
(#1484,#1485,#1486),
(#1487,#1488,#1489),
(#1490,#1491,#1492),
(#1493,#1494,#1495),
(#1496,#1497,#1498),
(#1499,#1500,#1501),
(#1502,#1503,#1504),
(#1505,#1506,#1507),
(#1508,#1509,#1510),
(#1511,#1512,#1513),
(#1514,#1515,#1516),
(#1517,#1518,#1519),
(#1520,#1521,#1522),
(#1523,#1524,#1525),
(#1526,#1527,#1528),
(#1529,#1530,#1531),
(#1532,#1533,#1534),
(#1535,#1536,#1537),
(#1538,#1539,#1540),
(#1541,#1542,#1543),
(#1544,#1545,#1546),
(#1547,#1548,#1549),
(#1550,#1551,#1552),
(#1553,#1554,#1555)),
.UNSPECIFIED.,.F.,.F.,.F.)B_SPLINE_SURFACE_WITH_KNOTS((4,1,1,1,1,1,1,1,1,1,1,1,1,
1,1,1,1,1,1,1,1,1,1,1,1,1,4),
(3,3),
(-4.76516686248498E-5,0.534209266714767,0.761929259641306,0.966018665783268,1.17010807192523,
1.40951617372348,1.67528274884801,1.97135228494289,2.32894309403262,2.69376479224277,
3.0736516502799,3.42280816659736,3.76778424896596,4.10671432503159,4.44074025939639,
4.7718910469924,5.09864216145025,5.43644103245064,5.76997017950414,6.0879466150616,
6.36096471088265,6.68895305167887,7.01462961032244,7.32927316635791,7.58606214365176,
7.88134461475285,8.29011960471841),
(0.,1.),
.UNSPECIFIED.)GEOMETRIC_REPRESENTATION_ITEM()RATIONAL_B_SPLINE_SURFACE((
(1.,0.923912358007133,1.),
(1.,0.926856142739319,1.),
(1.,0.930859836313881,1.),
(1.,0.935801705953339,1.),
(1.,0.938997448701174,1.),
(1.,0.942183152443802,1.),
(1.,0.945596145670066,1.),
(1.,0.949353079009292,1.),
(1.,0.9535368792068,1.),
(1.,0.957989631018121,1.),
(1.,0.96259856774763,1.),
(1.,0.966956706054848,1.),
(1.,0.971003565213396,1.),
(1.,0.974687815571236,1.),
(1.,0.978114815149923,1.),
(1.,0.981278329776997,1.),
(1.,0.984189658191112,1.),
(1.,0.986899904822517,1.),
(1.,0.989385080890854,1.),
(1.,0.991610513622813,1.),
(1.,0.993470367025877,1.),
(1.,0.995113046259667,1.),
(1.,0.996540213724533,1.),
(1.,0.997812440866878,1.),
(1.,0.998625394967769,1.),
(1.,0.99936872376713,1.),
(1.,0.999953383521934,1.),
(1.,0.999919207292222,1.),
(1.,1.,1.)))REPRESENTATION_ITEM('')SURFACE());
#1469=CARTESIAN_POINT('',(8.61437277066056,27.4310555828615,59.045850292589));
#1470=CARTESIAN_POINT('',(8.61337298901912,29.5016208058825,59.0456040088711));
#1471=CARTESIAN_POINT('',(8.96295014911154,30.9659826892992,57.6240974075179));
#1472=CARTESIAN_POINT('',(8.67773298625031,27.4327649657589,59.0614676975477));
#1473=CARTESIAN_POINT('',(8.67723514999385,29.45799963308,59.060906290193));
#1474=CARTESIAN_POINT('',(9.0156530977933,30.9132342466895,57.6914281173993));
#1475=CARTESIAN_POINT('',(8.76824293016707,27.434812567953,59.0840260087566));
#1476=CARTESIAN_POINT('',(8.76943430536136,29.3980586509514,59.0842545168991));
#1477=CARTESIAN_POINT('',(9.09324146571335,30.8389611305547,57.787325468983));
#1478=CARTESIAN_POINT('',(8.8890221535977,27.4452671765073,59.1146482591532));
#1479=CARTESIAN_POINT('',(8.89099934015948,29.3292576739834,59.1151617808416));
#1480=CARTESIAN_POINT('',(9.19641788315046,30.7464223135022,57.9089581769156));
#1481=CARTESIAN_POINT('',(8.9729405744383,27.4552280219716,59.1361393265062));
#1482=CARTESIAN_POINT('',(8.97250082279992,29.2867154120847,59.1360163156607));
#1483=CARTESIAN_POINT('',(9.26794529606103,30.6846773359392,57.9910117738051));
#1484=CARTESIAN_POINT('',(9.0595366093217,27.4677104521639,59.1585357563409));
#1485=CARTESIAN_POINT('',(9.05685147231704,29.2458438374011,59.1578452465325));
#1486=CARTESIAN_POINT('',(9.34189889427292,30.6231932581976,58.073637207777));
#1487=CARTESIAN_POINT('',(9.15508197658253,27.4842175828329,59.1835078226283));
#1488=CARTESIAN_POINT('',(9.15087815238881,29.2040681581386,59.1824237397363));
#1489=CARTESIAN_POINT('',(9.42369818907924,30.5578662063522,58.1625211970088));
#1490=CARTESIAN_POINT('',(9.26468354672698,27.5066652590735,59.2124940915823));
#1491=CARTESIAN_POINT('',(9.25913970546207,29.1607729486142,59.2110362225832));
#1492=CARTESIAN_POINT('',(9.51792836476234,30.4859531756459,58.2617987315006));
#1493=CARTESIAN_POINT('',(9.3906853302944,27.5370265190534,59.246272594942));
#1494=CARTESIAN_POINT('',(9.38587640109177,29.1161297475716,59.2449413960793));
#1495=CARTESIAN_POINT('',(9.62689314940561,30.4070665809026,58.3726375105734));
#1496=CARTESIAN_POINT('',(9.53391984433564,27.5766139442871,59.2852680299316));
#1497=CARTESIAN_POINT('',(9.52962486174377,29.072996633915,59.2840923973653));
#1498=CARTESIAN_POINT('',(9.75125806563133,30.3223507792106,58.4942310406507));
#1499=CARTESIAN_POINT('',(9.6890140651832,27.6259354576043,59.3282204800875));
#1500=CARTESIAN_POINT('',(9.68910921525208,29.0341556768683,59.3282733909489));
#1501=CARTESIAN_POINT('',(9.88671858962668,30.2362147266477,58.6210393959842));
#1502=CARTESIAN_POINT('',(9.85048497316957,27.6844332386692,59.3737460447914));
#1503=CARTESIAN_POINT('',(9.85126372335575,29.003877795591,59.3739296171409));
#1504=CARTESIAN_POINT('',(10.0286777987935,30.1524016424945,58.7480417424261));
#1505=CARTESIAN_POINT('',(10.0123452215913,27.7491064017479,59.4202026973291));
#1506=CARTESIAN_POINT('',(10.0142193952533,28.981858544532,59.4207545585261));
#1507=CARTESIAN_POINT('',(10.171644849858,30.0742257719668,58.8702922066863));
#1508=CARTESIAN_POINT('',(10.173649460779,27.8198823960927,59.467317595696));
#1509=CARTESIAN_POINT('',(10.1741781939064,28.9680280664744,59.4674993557104));
#1510=CARTESIAN_POINT('',(10.3150021055222,30.001755747617,58.9875356607686));
#1511=CARTESIAN_POINT('',(10.334164057236,27.8968711562397,59.5150110720411));
#1512=CARTESIAN_POINT('',(10.3347799849002,28.9617506789385,59.5151729445184));
#1513=CARTESIAN_POINT('',(10.4587305262427,29.9347438646678,59.1000136344183));
#1514=CARTESIAN_POINT('',(10.4956731917154,27.9797908173408,59.5638213880617));
#1515=CARTESIAN_POINT('',(10.4961589039946,28.9624982309288,59.5639599742352));
#1516=CARTESIAN_POINT('',(10.6039840216854,29.8725365233694,59.2087551502635));
#1517=CARTESIAN_POINT('',(10.6587156108805,28.0693413501986,59.6139337080712));
#1518=CARTESIAN_POINT('',(10.6582834793473,28.9701570071186,59.6138232002515));
#1519=CARTESIAN_POINT('',(10.7515055596522,29.8147935782175,59.3143556442278));
#1520=CARTESIAN_POINT('',(10.8236105167034,28.1664562919626,59.6654750327892));
#1521=CARTESIAN_POINT('',(10.8233719968298,28.9850245963747,59.6653893549383));
#1522=CARTESIAN_POINT('',(10.9020241258338,29.7613192766406,59.4172743612845));
#1523=CARTESIAN_POINT('',(10.9910054914801,28.2708923571747,59.7186894568249));
#1524=CARTESIAN_POINT('',(10.9913764026684,29.0070198251343,59.7187940525699));
#1525=CARTESIAN_POINT('',(11.0556516686898,29.7122440398075,59.517451774637));
#1526=CARTESIAN_POINT('',(11.1567472328945,28.3801362118373,59.7722783213239));
#1527=CARTESIAN_POINT('',(11.1602284419936,29.0359881729757,59.7734179555636));
#1528=CARTESIAN_POINT('',(11.2086962231251,29.6687653465461,59.6124763156898));
#1529=CARTESIAN_POINT('',(11.3193552711869,28.4937984179648,59.8257170714657));
#1530=CARTESIAN_POINT('',(11.3196507721708,29.0698320242295,59.8258198382185));
#1531=CARTESIAN_POINT('',(11.3604248217836,29.630788792783,59.7021681396871));
#1532=CARTESIAN_POINT('',(11.4801632377828,28.6116507946297,59.879397041183));
#1533=CARTESIAN_POINT('',(11.4796956514221,29.1094471697581,59.8792404219708));
#1534=CARTESIAN_POINT('',(11.511382594667,29.5978922911861,59.7871057079844));
#1535=CARTESIAN_POINT('',(11.6451730111555,28.7382256703845,59.9353504340983));
#1536=CARTESIAN_POINT('',(11.642561103274,29.155539924372,59.9344507890205));
#1537=CARTESIAN_POINT('',(11.6672592197057,29.5689567273843,59.8703861106383));
#1538=CARTESIAN_POINT('',(11.8097412589521,28.8711193506487,59.9920563349477));
#1539=CARTESIAN_POINT('',(11.8138777321158,29.2108656855729,59.9934869205107));
#1540=CARTESIAN_POINT('',(11.824488407492,29.5449790846711,59.9498083990286));
#1541=CARTESIAN_POINT('',(11.9717830313936,29.0083511609435,60.0487743514164));
#1542=CARTESIAN_POINT('',(11.9735409118237,29.2686698129817,60.0493861404511));
#1543=CARTESIAN_POINT('',(11.980431518611,29.5262832690339,60.0241040683834));
#1544=CARTESIAN_POINT('',(12.1242023799352,29.1428103464648,60.1029204465699));
#1545=CARTESIAN_POINT('',(12.1287585265222,29.3301283554179,60.1045409716172));
#1546=CARTESIAN_POINT('',(12.1283599409451,29.5131256180641,60.0905449581548));
#1547=CARTESIAN_POINT('',(12.2997961925235,29.3038704952544,60.1661671510814));
#1548=CARTESIAN_POINT('',(12.3009845933946,29.4038186710759,60.1665967952838));
#1549=CARTESIAN_POINT('',(12.3007310807714,29.5028301886274,60.1635123924237));
#1550=CARTESIAN_POINT('',(12.4233233605943,29.4244512253765,60.2114263913824));
#1551=CARTESIAN_POINT('',(12.4270720251766,29.4640216235041,60.2128122530878));
#1552=CARTESIAN_POINT('',(12.4236813031721,29.4999972144842,60.2115610716131));
#1553=CARTESIAN_POINT('',(12.4999999999881,29.5,60.239816351206));
#1554=CARTESIAN_POINT('',(12.4999999999938,29.5,60.2398163511905));
#1555=CARTESIAN_POINT('',(12.4999999999996,29.5,60.239816351175));
#1556=FACE_BOUND('',#1557,.T.);
#1557=EDGE_LOOP('',(#2323));
#1558=FACE_BOUND('',#1559,.T.);
#1559=EDGE_LOOP('',(#2324));
#1560=PLANE('',#1561);
#1561=AXIS2_PLACEMENT_3D('',#1562,#1563,#1564);
#1562=CARTESIAN_POINT('',(0.,15.5,9.49101269339199E-16));
#1563=DIRECTION('',(0.,1.,6.12323399573677E-17));
#1564=DIRECTION('',(-1.,7.49879891330929E-33,-1.22464679914735E-16));
#1565=FACE_BOUND('',#1566,.T.);
#1566=EDGE_LOOP('',(#2325,#2326,#2327));
#1567=(BOUNDED_SURFACE()B_SPLINE_SURFACE(3,2,(
(#1568,#1569,#1570),
(#1571,#1572,#1573),
(#1574,#1575,#1576),
(#1577,#1578,#1579),
(#1580,#1581,#1582),
(#1583,#1584,#1585),
(#1586,#1587,#1588),
(#1589,#1590,#1591),
(#1592,#1593,#1594),
(#1595,#1596,#1597),
(#1598,#1599,#1600),
(#1601,#1602,#1603),
(#1604,#1605,#1606),
(#1607,#1608,#1609),
(#1610,#1611,#1612),
(#1613,#1614,#1615),
(#1616,#1617,#1618),
(#1619,#1620,#1621),
(#1622,#1623,#1624),
(#1625,#1626,#1627),
(#1628,#1629,#1630),
(#1631,#1632,#1633),
(#1634,#1635,#1636),
(#1637,#1638,#1639),
(#1640,#1641,#1642)),
.UNSPECIFIED.,.F.,.F.,.F.)B_SPLINE_SURFACE_WITH_KNOTS((4,1,1,1,1,1,1,1,1,1,1,1,1,
1,1,1,1,1,1,1,1,1,4),
(3,3),
(0.,1.1748937393483,1.64876010966412,2.03248703731885,2.39323817768803,2.73727932642629,
3.07254800210869,3.39904420473522,3.72497258477428,4.05090096481334,4.38595123423665,
4.73012339304422,5.08767594226947,5.45112242235618,5.82199804736871,6.18885700886618,
6.5516993068486,6.90977383210407,7.25665455469255,7.50246256667234,7.72718484271614,
7.95190711875993,8.29016726063129),
(0.,1.),
.UNSPECIFIED.)GEOMETRIC_REPRESENTATION_ITEM()RATIONAL_B_SPLINE_SURFACE((
(1.,1.,1.),
(1.,0.999981469228965,1.),
(1.,0.999103014065131,1.),
(1.,0.99650213009687,1.),
(1.,0.994547152754672,1.),
(1.,0.992476653709209,1.),
(1.,0.990229274647849,1.),
(1.,0.987808555736932,1.),
(1.,0.985201161138038,1.),
(1.,0.982405994460215,1.),
(1.,0.979378710252032,1.),
(1.,0.976080852894327,1.),
(1.,0.972463825813485,1.),
(1.,0.968533593737691,1.),
(1.,0.964270671750607,1.),
(1.,0.959747305308722,1.),
(1.,0.955014857013756,1.),
(1.,0.950121587883105,1.),
(1.,0.945121808542214,1.),
(1.,0.940509712226446,1.),
(1.,0.936422360305052,1.),
(1.,0.932870175784963,1.),
(1.,0.928788292106014,1.),
(1.,0.925774691552465,1.),
(1.,0.923912355969884,1.)))REPRESENTATION_ITEM('')SURFACE());
#1568=CARTESIAN_POINT('',(-12.4999999999889,29.5,60.2398163512063));
#1569=CARTESIAN_POINT('',(-12.4999999999947,29.5,60.2398163511908));
#1570=CARTESIAN_POINT('',(-12.5000000000004,29.5,60.2398163511753));
#1571=CARTESIAN_POINT('',(-12.2955186885913,29.2957290375313,60.1640795092009));
#1572=CARTESIAN_POINT('',(-12.2904300858835,29.3954330893712,60.1621937121095));
#1573=CARTESIAN_POINT('',(-12.2949036737142,29.4999568760252,60.163908652565));
#1574=CARTESIAN_POINT('',(-12.0032550368268,29.029149478723,60.0589420797296));
#1575=CARTESIAN_POINT('',(-11.9927834496537,29.2692015902543,60.0551875481556));
#1576=CARTESIAN_POINT('',(-12.009747431213,29.5179085985251,60.0423506118657));
#1577=CARTESIAN_POINT('',(-11.6450791153362,28.7370892410574,59.9351768728784));
#1578=CARTESIAN_POINT('',(-11.6334915649807,29.1519649850156,59.9312380935148));
#1579=CARTESIAN_POINT('',(-11.6669106027832,29.5682065560976,59.8709163712506));
#1580=CARTESIAN_POINT('',(-11.4272730513679,28.571862492169,59.8615694493411));
#1581=CARTESIAN_POINT('',(-11.4197358497683,29.0934415696678,59.8590490770208));
#1582=CARTESIAN_POINT('',(-11.46160747678,29.6077410216106,59.7599769853949));
#1583=CARTESIAN_POINT('',(-11.2341659358398,28.4331236562739,59.7975745085954));
#1584=CARTESIAN_POINT('',(-11.2311784682935,29.0500011614458,59.7966065969278));
#1585=CARTESIAN_POINT('',(-11.2806508408757,29.649893471842,59.6557697813555));
#1586=CARTESIAN_POINT('',(-11.0550527246027,28.3122838140484,59.7392789093095));
#1587=CARTESIAN_POINT('',(-11.0529309976826,29.0167471509868,59.7385920451661));
#1588=CARTESIAN_POINT('',(-11.1146279860604,29.6947853124196,59.5546903530863));
#1589=CARTESIAN_POINT('',(-10.883835594215,28.2034201936477,59.6845166824442));
#1590=CARTESIAN_POINT('',(-10.8827808734161,28.9920355819219,59.6841711527251));
#1591=CARTESIAN_POINT('',(-10.9572361171109,29.743051061704,59.4538344467292));
#1592=CARTESIAN_POINT('',(-10.7188681751193,28.1039988146072,59.6326385575439));
#1593=CARTESIAN_POINT('',(-10.7181200278997,28.9747673176419,59.632418511913));
#1594=CARTESIAN_POINT('',(-10.8062451038819,29.7947404749908,59.352321112335));
#1595=CARTESIAN_POINT('',(-10.5570696598771,28.0128332026297,59.5825965046556));
#1596=CARTESIAN_POINT('',(-10.5573537215442,28.9646093940243,59.5826916674726));
#1597=CARTESIAN_POINT('',(-10.6594228312529,29.8502282283918,59.2489806426052));
#1598=CARTESIAN_POINT('',(-10.3968043208175,27.9283998116026,59.533846442874));
#1599=CARTESIAN_POINT('',(-10.3976628524416,28.9612491962376,59.5340816650834));
#1600=CARTESIAN_POINT('',(-10.5149852867796,29.9100240759363,59.142687728295));
#1601=CARTESIAN_POINT('',(-10.2364362846089,27.8492575125069,59.4858762789451));
#1602=CARTESIAN_POINT('',(-10.2378815960292,28.9646688289518,59.4863088904615));
#1603=CARTESIAN_POINT('',(-10.3711133003455,29.9749308580997,59.0320412797798));
#1604=CARTESIAN_POINT('',(-10.0749287112681,27.7757728300025,59.4383832718905));
#1605=CARTESIAN_POINT('',(-10.0761313139298,28.9755399161092,59.4387581969102));
#1606=CARTESIAN_POINT('',(-10.2271421450865,30.0454681505611,58.9163126080806));
#1607=CARTESIAN_POINT('',(-9.91208451561675,27.7083158330699,59.3913278862407));
#1608=CARTESIAN_POINT('',(-9.91321838332528,28.9945242417535,59.3916247047298));
#1609=CARTESIAN_POINT('',(-10.0829972661839,30.121973076836,58.7951470541241));
#1610=CARTESIAN_POINT('',(-9.74972013141996,27.6471599256707,59.3452399389626));
#1611=CARTESIAN_POINT('',(-9.74992605081662,29.0217968467131,59.3453003988845));
#1612=CARTESIAN_POINT('',(-9.94000225693066,30.2040069873348,58.6693905291767));
#1613=CARTESIAN_POINT('',(-9.58943443017471,27.5934319653382,59.3005503990862));
#1614=CARTESIAN_POINT('',(-9.58909900397162,29.0574173811028,59.3004840095962));
#1615=CARTESIAN_POINT('',(-9.79963393486899,30.2908353464338,58.5402075122914));
#1616=CARTESIAN_POINT('',(-9.43310329253121,27.5480010565064,59.2577340436995));
#1617=CARTESIAN_POINT('',(-9.43226229662517,29.1011609428425,59.2574811910479));
#1618=CARTESIAN_POINT('',(-9.66364241893865,30.3812807657734,58.4092609210546));
#1619=CARTESIAN_POINT('',(-9.28239981442028,27.5103138183178,59.2171759863796));
#1620=CARTESIAN_POINT('',(-9.28120603516605,29.1520144405758,59.2168586298189));
#1621=CARTESIAN_POINT('',(-9.53317188650615,30.474295560972,58.2778804604256));
#1622=CARTESIAN_POINT('',(-9.14219538723255,27.4813680804354,59.180081158212));
#1623=CARTESIAN_POINT('',(-9.13671705700395,29.209363939062,59.178662092838));
#1624=CARTESIAN_POINT('',(-9.41259894009013,30.5661498761488,58.1510020563987));
#1625=CARTESIAN_POINT('',(-9.01737365961733,27.4610367789547,59.1475725535591));
#1626=CARTESIAN_POINT('',(-9.01152132571341,29.2668795949161,59.1460478917716));
#1627=CARTESIAN_POINT('',(-9.30585011437659,30.6525494102592,58.0339372217395));
#1628=CARTESIAN_POINT('',(-8.91158779652343,27.4475992188192,59.120394315287));
#1629=CARTESIAN_POINT('',(-8.90643737125918,29.320833305963,59.1190846456926));
#1630=CARTESIAN_POINT('',(-9.21564702258675,30.729458529864,57.931360268319));
#1631=CARTESIAN_POINT('',(-8.81863152563909,27.4388832514164,59.0967850613712));
#1632=CARTESIAN_POINT('',(-8.81886665336049,29.3698456160293,59.0968313782381));
#1633=CARTESIAN_POINT('',(-9.13632846157311,30.8001248787338,57.8383008254986));
#1634=CARTESIAN_POINT('',(-8.721442133255,27.4338076843237,59.0723577825956));
#1635=CARTESIAN_POINT('',(-8.72173042500997,29.4290595958794,59.0721450321472));
#1636=CARTESIAN_POINT('',(-9.05305798151072,30.8773671378058,57.7377173508309));
#1637=CARTESIAN_POINT('',(-8.6537394122494,27.4320527643501,59.0555522229619));
#1638=CARTESIAN_POINT('',(-8.65383068588504,29.4739452780135,59.0553144443134));
#1639=CARTESIAN_POINT('',(-8.99572361555468,30.9331811003022,57.6659670076658));
#1640=CARTESIAN_POINT('',(-8.61437276716354,27.4310555828211,59.0458502917272));
#1641=CARTESIAN_POINT('',(-8.61337298865953,29.5016208050245,59.0456040088142));
#1642=CARTESIAN_POINT('',(-8.96295014783838,30.9659826905743,57.6240974058887));
#1643=FACE_BOUND('',#1644,.T.);
#1644=EDGE_LOOP('',(#2328,#2329,#2330,#2331));
#1645=(BOUNDED_SURFACE()B_SPLINE_SURFACE(3,2,(
(#1646,#1647,#1648),
(#1649,#1650,#1651),
(#1652,#1653,#1654),
(#1655,#1656,#1657),
(#1658,#1659,#1660),
(#1661,#1662,#1663),
(#1664,#1665,#1666),
(#1667,#1668,#1669)),
.UNSPECIFIED.,.F.,.F.,.F.)B_SPLINE_SURFACE_WITH_KNOTS((4,1,1,1,1,4),
(3,3),
(6.75520407316559,9.23045223281747,10.2321207817017,11.1045612648654,11.9046354435828,
13.2447959273801),
(0.,1.),
.UNSPECIFIED.)GEOMETRIC_REPRESENTATION_ITEM()RATIONAL_B_SPLINE_SURFACE((
(1.,0.92391216796296,1.),
(1.,0.923886960876476,1.),
(1.,0.923880027913618,1.),
(1.,0.923879352943104,1.),
(1.,0.923880345651286,1.),
(1.,0.92388733731948,1.),
(1.,0.923895718164625,1.),
(1.,0.923912167962986,1.)))REPRESENTATION_ITEM('')SURFACE());
#1646=CARTESIAN_POINT('',(-8.61440829512072,27.4310560318329,59.0458590475327));
#1647=CARTESIAN_POINT('',(-8.61337167567933,29.5016090835629,59.045603882681));
#1648=CARTESIAN_POINT('',(-8.96298353236267,30.96596837454,57.624120391509));
#1649=CARTESIAN_POINT('',(-6.51586600016385,27.429850777229,58.5283180782625));
#1650=CARTESIAN_POINT('',(-6.46596359193554,29.5007926875602,58.5160814539571));
#1651=CARTESIAN_POINT('',(-6.77984734755547,30.9652553689039,57.0853102627731));
#1652=CARTESIAN_POINT('',(-3.46971891065863,27.4290349522685,58.0636171985788));
#1653=CARTESIAN_POINT('',(-3.38062792273043,29.5000799569441,58.0520844810173));
#1654=CARTESIAN_POINT('',(-3.61036169130978,30.9645618446653,56.6017304041195));
#1655=CARTESIAN_POINT('',(0.396218291723544,27.428886244241,57.971882993767));
#1656=CARTESIAN_POINT('',(0.5070188102335,29.4999605407078,57.9742998015077));
#1657=CARTESIAN_POINT('',(0.41228342045874,30.964423801876,56.5062768740481));
#1658=CARTESIAN_POINT('',(2.80579558337496,27.4290739809781,58.085860922765));
#1659=CARTESIAN_POINT('',(2.89502376923294,29.5001431645186,58.093238747432));
#1660=CARTESIAN_POINT('',(2.91950211801703,30.9645950902269,56.6248769090466));
#1661=CARTESIAN_POINT('',(5.52066676445933,27.4296169743518,58.3854365541672));
#1662=CARTESIAN_POINT('',(5.57092556704491,29.5006057758669,58.394274986289));
#1663=CARTESIAN_POINT('',(5.74433889257733,30.9650389333838,56.9366372257236));
#1664=CARTESIAN_POINT('',(7.42274374444408,27.430357119283,58.7521311974134));
#1665=CARTESIAN_POINT('',(7.45071393111292,29.5011672747004,58.7590750599613));
#1666=CARTESIAN_POINT('',(7.72328337213175,30.9655657007012,57.3183129312819));
#1667=CARTESIAN_POINT('',(8.61440829654062,27.4310560318339,59.0458590478826));
#1668=CARTESIAN_POINT('',(8.61337167709891,29.5016090835636,59.0456038830309));
#1669=CARTESIAN_POINT('',(8.96298353383984,30.9659683745409,57.6241203918731));
#1670=FACE_BOUND('',#1671,.T.);
#1671=EDGE_LOOP('',(#2332,#2333,#2334,#2335));
#1672=CYLINDRICAL_SURFACE('',#1673,5.);
#1673=AXIS2_PLACEMENT_3D('',#1674,#1675,#1676);
#1674=CARTESIAN_POINT('',(53.6910114743686,44.5,59.));
#1675=DIRECTION('',(-1.09314267040015E-16,-1.,2.18628534080031E-16));
#1676=DIRECTION('',(-0.955637162726776,4.00685166725077E-17,-0.294546453408487));
#1677=FACE_BOUND('',#1678,.T.);
#1678=EDGE_LOOP('',(#2336,#2337,#2338,#2339,#2340,#2341));
#1679=B_SPLINE_SURFACE_WITH_KNOTS('',3,3,(
(#1680,#1681,#1682,#1683),
(#1684,#1685,#1686,#1687),
(#1688,#1689,#1690,#1691),
(#1692,#1693,#1694,#1695),
(#1696,#1697,#1698,#1699),
(#1700,#1701,#1702,#1703),
(#1704,#1705,#1706,#1707),
(#1708,#1709,#1710,#1711),
(#1712,#1713,#1714,#1715),
(#1716,#1717,#1718,#1719)),
.UNSPECIFIED.,.F.,.F.,.F.,
(4,1,1,1,1,1,1,4),
(4,4),
(-0.0176710682312304,0.0222966992823393,0.0586670691325778,0.0908554201057702,0.123043771078963,
0.155654510164919,0.180340629696487,0.195419764543094),
(0.152315170847052,0.973373343744231),
.UNSPECIFIED.);
#1680=CARTESIAN_POINT('',(-8.98244805011096,75.7164844325749,11.5499751529513));
#1681=CARTESIAN_POINT('',(-8.97595145000681,60.7948921296672,26.9129162142581));
#1682=CARTESIAN_POINT('',(-8.96945484990264,45.8732998267594,42.275857275565));
#1683=CARTESIAN_POINT('',(-8.96295824979849,30.9517075238517,57.6387983368718));
#1684=CARTESIAN_POINT('',(-7.86649404674618,75.8179672545803,11.5070286600414));
#1685=CARTESIAN_POINT('',(-7.86614454363925,60.8636099044323,26.7928017264054));
#1686=CARTESIAN_POINT('',(-7.86579504053232,45.9092525542843,42.0785747927695));
#1687=CARTESIAN_POINT('',(-7.86544553742539,30.9548952041363,57.3643478591335));
#1688=CARTESIAN_POINT('',(-5.72728264934596,75.9755759409706,11.4400720271132));
#1689=CARTESIAN_POINT('',(-5.7329645754729,60.9703325792493,26.6055347081324));
#1690=CARTESIAN_POINT('',(-5.73864650159983,45.965089217528,41.7709973891518));
#1691=CARTESIAN_POINT('',(-5.74432842772677,30.9598458558067,56.936460070171));
#1692=CARTESIAN_POINT('',(-2.67286608269435,76.1009431928698,11.3866113362937));
#1693=CARTESIAN_POINT('',(-2.67736065048751,61.0552233854832,26.456013686439));
#1694=CARTESIAN_POINT('',(-2.68185521828068,46.0095035780966,41.5254160365843));
#1695=CARTESIAN_POINT('',(-2.68634978607384,30.96378377071,56.5948183867297));
#1696=CARTESIAN_POINT('',(0.16760395325357,76.134895118072,11.372111925228));
#1697=CARTESIAN_POINT('',(0.167917633063987,61.0782134906338,26.4154611473068));
#1698=CARTESIAN_POINT('',(0.168231312874406,46.0215318631956,41.4588103693857));
#1699=CARTESIAN_POINT('',(0.168544992684824,30.9648502357575,56.5021595914644));
#1700=CARTESIAN_POINT('',(2.90177810593206,76.0930349443066,11.3899870737019));
#1701=CARTESIAN_POINT('',(2.90650071066859,61.0498684176885,26.4654550853157));
#1702=CARTESIAN_POINT('',(2.91122331540511,46.0067018910705,41.5409230969295));
#1703=CARTESIAN_POINT('',(2.91594592014164,30.9635353644524,56.6163911085432));
#1704=CARTESIAN_POINT('',(5.41970855120356,75.9852222903681,11.4359489600364));
#1705=CARTESIAN_POINT('',(5.42498063893573,60.9768644794478,26.5940031474216));
#1706=CARTESIAN_POINT('',(5.4302527266679,45.9685066685275,41.7520573348068));
#1707=CARTESIAN_POINT('',(5.43552481440008,30.9601488576072,56.910111522192));
#1708=CARTESIAN_POINT('',(7.44959662328608,75.8486227696173,11.4940031023346));
#1709=CARTESIAN_POINT('',(7.45041390829186,60.8843678882565,26.7563713199405));
#1710=CARTESIAN_POINT('',(7.45123119329763,45.9201130068957,42.0187395375465));
#1711=CARTESIAN_POINT('',(7.4520484783034,30.9558581255348,57.2811077551524));
#1712=CARTESIAN_POINT('',(8.56141825877845,75.7547721140152,11.5337721975445));
#1713=CARTESIAN_POINT('',(8.5572408501101,60.8208181358375,26.8675991334323));
#1714=CARTESIAN_POINT('',(8.55306344144175,45.8868641576598,42.2014260693201));
#1715=CARTESIAN_POINT('',(8.5488860327734,30.9529101794821,57.5352530052079));
#1716=CARTESIAN_POINT('',(8.98244805218784,75.716484432386,11.5499751530312));
#1717=CARTESIAN_POINT('',(8.97595145207202,60.7948921295393,26.9129162144817));
#1718=CARTESIAN_POINT('',(8.96945485195618,45.8732998266925,42.2758572759321));
#1719=CARTESIAN_POINT('',(8.96295825184036,30.9517075238458,57.6387983373826));
#1720=FACE_BOUND('',#1721,.T.);
#1721=EDGE_LOOP('',(#2342,#2343,#2344,#2345,#2346));
#1722=PLANE('',#1723);
#1723=AXIS2_PLACEMENT_3D('',#1724,#1725,#1726);
#1724=CARTESIAN_POINT('',(7.5,84.1665016500018,3.));
#1725=DIRECTION('',(1.,-1.10622086646535E-16,7.70835145041652E-15));
#1726=DIRECTION('',(1.10622086646535E-16,1.,0.));
#1727=FACE_BOUND('',#1728,.T.);
#1728=EDGE_LOOP('',(#2347));
#1729=FACE_BOUND('',#1730,.T.);
#1730=EDGE_LOOP('',(#2348));
#1731=PLANE('',#1732);
#1732=AXIS2_PLACEMENT_3D('',#1733,#1734,#1735);
#1733=CARTESIAN_POINT('',(0.,17.5,1.07156594925393E-15));
#1734=DIRECTION('',(0.,-1.,-6.12323399573677E-17));
#1735=DIRECTION('',(1.,0.,0.));
#1736=FACE_BOUND('',#1737,.T.);
#1737=EDGE_LOOP('',(#2349,#2350,#2351,#2352,#2353));
#1738=PLANE('',#1739);
#1739=AXIS2_PLACEMENT_3D('',#1740,#1741,#1742);
#1740=CARTESIAN_POINT('',(-7.49999999999999,92.1954445729289,3.));
#1741=DIRECTION('',(-1.,1.10622086646535E-16,-7.08568626281446E-15));
#1742=DIRECTION('',(-1.10622086646535E-16,-1.,0.));
#1743=FACE_BOUND('',#1744,.T.);
#1744=EDGE_LOOP('',(#2354));
#1745=FACE_BOUND('',#1746,.T.);
#1746=EDGE_LOOP('',(#2355));
#1747=FACE_BOUND('',#1748,.T.);
#1748=EDGE_LOOP('',(#2356));
#1749=FACE_BOUND('',#1750,.T.);
#1750=EDGE_LOOP('',(#2357));
#1751=FACE_BOUND('',#1752,.T.);
#1752=EDGE_LOOP('',(#2358));
#1753=FACE_BOUND('',#1754,.T.);
#1754=EDGE_LOOP('',(#2359,#2360,#2361,#2362));
#1755=PLANE('',#1756);
#1756=AXIS2_PLACEMENT_3D('',#1757,#1758,#1759);
#1757=CARTESIAN_POINT('',(0.,0.,0.));
#1758=DIRECTION('',(0.,0.,1.));
#1759=DIRECTION('',(-1.,1.22464679914735E-16,0.));
#1760=FACE_OUTER_BOUND('',#1761,.T.);
#1761=EDGE_LOOP('',(#2363));
#1762=FACE_OUTER_BOUND('',#1763,.T.);
#1763=EDGE_LOOP('',(#2364));
#1764=CYLINDRICAL_SURFACE('',#1765,29.);
#1765=AXIS2_PLACEMENT_3D('',#1766,#1767,#1768);
#1766=CARTESIAN_POINT('',(-1.15116799119851E-14,-17.5,94.));
#1767=DIRECTION('',(0.,-1.,-6.12323399573676E-17));
#1768=DIRECTION('',(1.,0.,0.));
#1769=FACE_BOUND('',#1770,.T.);
#1770=EDGE_LOOP('',(#2365));
#1771=FACE_BOUND('',#1772,.T.);
#1772=EDGE_LOOP('',(#2366));
#1773=PLANE('',#1774);
#1774=AXIS2_PLACEMENT_3D('',#1775,#1776,#1777);
#1775=CARTESIAN_POINT('',(57.,0.,-3.49024337756996E-15));
#1776=DIRECTION('',(-1.,0.,6.12323399573677E-17));
#1777=DIRECTION('',(-3.74939945665464E-33,-1.,-6.12323399573677E-17));
#1778=FACE_BOUND('',#1779,.T.);
#1779=EDGE_LOOP('',(#2367));
#1780=FACE_BOUND('',#1781,.T.);
#1781=EDGE_LOOP('',(#2368));
#1782=PLANE('',#1783);
#1783=AXIS2_PLACEMENT_3D('',#1784,#1785,#1786);
#1784=CARTESIAN_POINT('',(59.,4.51322211741925E-48,-3.61270805748469E-15));
#1785=DIRECTION('',(1.,0.,-6.12323399573677E-17));
#1786=DIRECTION('',(3.74939945665464E-33,1.,6.12323399573677E-17));
#1787=FACE_OUTER_BOUND('',#1788,.T.);
#1788=EDGE_LOOP('',(#2369));
#1789=FACE_OUTER_BOUND('',#1790,.T.);
#1790=EDGE_LOOP('',(#2370));
#1791=CYLINDRICAL_SURFACE('',#1792,29.);
#1792=AXIS2_PLACEMENT_3D('',#1793,#1794,#1795);
#1793=CARTESIAN_POINT('',(-1.15116799119851E-14,17.5,94.));
#1794=DIRECTION('',(0.,-1.,-6.12323399573677E-17));
#1795=DIRECTION('',(1.,0.,0.));
#1796=FACE_OUTER_BOUND('',#1797,.T.);
#1797=EDGE_LOOP('',(#2371));
#1798=FACE_OUTER_BOUND('',#1799,.T.);
#1799=EDGE_LOOP('',(#2372));
#1800=CYLINDRICAL_SURFACE('',#1801,17.);
#1801=AXIS2_PLACEMENT_3D('',#1802,#1803,#1804);
#1802=CARTESIAN_POINT('',(57.,-8.4736075498395E-17,24.));
#1803=DIRECTION('',(-1.,0.,6.12323399573677E-17));
#1804=DIRECTION('',(-3.74939945665465E-33,-1.,-6.12323399573677E-17));
#1805=FACE_BOUND('',#1806,.T.);
#1806=EDGE_LOOP('',(#2373,#2374,#2375,#2376));
#1807=CYLINDRICAL_SURFACE('',#1808,1.);
#1808=AXIS2_PLACEMENT_3D('',#1809,#1810,#1811);
#1809=CARTESIAN_POINT('',(-52.,-20.5,31.5));
#1810=DIRECTION('',(1.,0.,0.));
#1811=DIRECTION('',(0.,-0.470588235294115,-0.882352941176472));
#1812=FACE_BOUND('',#1813,.T.);
#1813=EDGE_LOOP('',(#2377,#2378,#2379,#2380));
#1814=CYLINDRICAL_SURFACE('',#1815,1.);
#1815=AXIS2_PLACEMENT_3D('',#1816,#1817,#1818);
#1816=CARTESIAN_POINT('',(-54.,-28.5,31.5));
#1817=DIRECTION('',(-1.,-3.97367458154631E-16,-3.97367458154631E-16));
#1818=DIRECTION('',(1.63621894534261E-16,0.470588235294115,-0.882352941176472));
#1819=FACE_BOUND('',#1820,.T.);
#1820=EDGE_LOOP('',(#2381,#2382,#2383,#2384));
#1821=CYLINDRICAL_SURFACE('',#1822,1.);
#1822=AXIS2_PLACEMENT_3D('',#1823,#1824,#1825);
#1823=CARTESIAN_POINT('',(-54.,28.5,31.5));
#1824=DIRECTION('',(1.,0.,-7.94734916309263E-16));
#1825=DIRECTION('',(-7.01236690861116E-16,-0.470588235294113,-0.882352941176473));
#1826=FACE_BOUND('',#1827,.T.);
#1827=EDGE_LOOP('',(#2385,#2386,#2387,#2388));
#1828=CYLINDRICAL_SURFACE('',#1829,1.);
#1829=AXIS2_PLACEMENT_3D('',#1830,#1831,#1832);
#1830=CARTESIAN_POINT('',(-52.,20.5,31.5));
#1831=DIRECTION('',(-1.,0.,0.));
#1832=DIRECTION('',(0.,0.470588235294115,-0.882352941176472));
#1833=ORIENTED_EDGE('',*,*,#2389,.F.);
#1834=ORIENTED_EDGE('',*,*,#2390,.F.);
#1835=ORIENTED_EDGE('',*,*,#2391,.F.);
#1836=ORIENTED_EDGE('',*,*,#2392,.F.);
#1837=ORIENTED_EDGE('',*,*,#2393,.F.);
#1838=ORIENTED_EDGE('',*,*,#2394,.T.);
#1839=ORIENTED_EDGE('',*,*,#2395,.F.);
#1840=ORIENTED_EDGE('',*,*,#2396,.F.);
#1841=ORIENTED_EDGE('',*,*,#2397,.F.);
#1842=ORIENTED_EDGE('',*,*,#2398,.T.);
#1843=ORIENTED_EDGE('',*,*,#2399,.F.);
#1844=ORIENTED_EDGE('',*,*,#2400,.F.);
#1845=ORIENTED_EDGE('',*,*,#2401,.F.);
#1846=ORIENTED_EDGE('',*,*,#2402,.T.);
#1847=ORIENTED_EDGE('',*,*,#2403,.T.);
#1848=ORIENTED_EDGE('',*,*,#2404,.F.);
#1849=ORIENTED_EDGE('',*,*,#2405,.F.);
#1850=ORIENTED_EDGE('',*,*,#2406,.T.);
#1851=ORIENTED_EDGE('',*,*,#2392,.T.);
#1852=ORIENTED_EDGE('',*,*,#2407,.T.);
#1853=ORIENTED_EDGE('',*,*,#2408,.F.);
#1854=ORIENTED_EDGE('',*,*,#2409,.F.);
#1855=ORIENTED_EDGE('',*,*,#2410,.T.);
#1856=ORIENTED_EDGE('',*,*,#2411,.T.);
#1857=ORIENTED_EDGE('',*,*,#2412,.F.);
#1858=ORIENTED_EDGE('',*,*,#2413,.F.);
#1859=ORIENTED_EDGE('',*,*,#2414,.T.);
#1860=ORIENTED_EDGE('',*,*,#2415,.T.);
#1861=ORIENTED_EDGE('',*,*,#2416,.F.);
#1862=ORIENTED_EDGE('',*,*,#2417,.F.);
#1863=ORIENTED_EDGE('',*,*,#2418,.F.);
#1864=ORIENTED_EDGE('',*,*,#2419,.F.);
#1865=ORIENTED_EDGE('',*,*,#2420,.F.);
#1866=ORIENTED_EDGE('',*,*,#2421,.F.);
#1867=ORIENTED_EDGE('',*,*,#2422,.F.);
#1868=ORIENTED_EDGE('',*,*,#2423,.F.);
#1869=ORIENTED_EDGE('',*,*,#2424,.F.);
#1870=ORIENTED_EDGE('',*,*,#2425,.F.);
#1871=ORIENTED_EDGE('',*,*,#2426,.F.);
#1872=ORIENTED_EDGE('',*,*,#2427,.T.);
#1873=ORIENTED_EDGE('',*,*,#2428,.F.);
#1874=ORIENTED_EDGE('',*,*,#2429,.F.);
#1875=ORIENTED_EDGE('',*,*,#2430,.F.);
#1876=ORIENTED_EDGE('',*,*,#2431,.F.);
#1877=ORIENTED_EDGE('',*,*,#2432,.F.);
#1878=ORIENTED_EDGE('',*,*,#2433,.T.);
#1879=ORIENTED_EDGE('',*,*,#2434,.F.);
#1880=ORIENTED_EDGE('',*,*,#2435,.T.);
#1881=ORIENTED_EDGE('',*,*,#2436,.F.);
#1882=ORIENTED_EDGE('',*,*,#2437,.T.);
#1883=ORIENTED_EDGE('',*,*,#2396,.T.);
#1884=ORIENTED_EDGE('',*,*,#2438,.T.);
#1885=ORIENTED_EDGE('',*,*,#2400,.T.);
#1886=ORIENTED_EDGE('',*,*,#2439,.T.);
#1887=ORIENTED_EDGE('',*,*,#2440,.F.);
#1888=ORIENTED_EDGE('',*,*,#2441,.F.);
#1889=ORIENTED_EDGE('',*,*,#2442,.F.);
#1890=ORIENTED_EDGE('',*,*,#2443,.F.);
#1891=ORIENTED_EDGE('',*,*,#2444,.T.);
#1892=ORIENTED_EDGE('',*,*,#2445,.T.);
#1893=ORIENTED_EDGE('',*,*,#2446,.F.);
#1894=ORIENTED_EDGE('',*,*,#2447,.T.);
#1895=ORIENTED_EDGE('',*,*,#2448,.F.);
#1896=ORIENTED_EDGE('',*,*,#2449,.T.);
#1897=ORIENTED_EDGE('',*,*,#2450,.F.);
#1898=ORIENTED_EDGE('',*,*,#2451,.F.);
#1899=ORIENTED_EDGE('',*,*,#2452,.T.);
#1900=ORIENTED_EDGE('',*,*,#2453,.F.);
#1901=ORIENTED_EDGE('',*,*,#2454,.T.);
#1902=ORIENTED_EDGE('',*,*,#2455,.F.);
#1903=ORIENTED_EDGE('',*,*,#2456,.T.);
#1904=ORIENTED_EDGE('',*,*,#2457,.T.);
#1905=ORIENTED_EDGE('',*,*,#2458,.F.);
#1906=ORIENTED_EDGE('',*,*,#2459,.T.);
#1907=ORIENTED_EDGE('',*,*,#2460,.F.);
#1908=ORIENTED_EDGE('',*,*,#2461,.F.);
#1909=ORIENTED_EDGE('',*,*,#2462,.T.);
#1910=ORIENTED_EDGE('',*,*,#2463,.T.);
#1911=ORIENTED_EDGE('',*,*,#2464,.F.);
#1912=ORIENTED_EDGE('',*,*,#2465,.T.);
#1913=ORIENTED_EDGE('',*,*,#2466,.T.);
#1914=ORIENTED_EDGE('',*,*,#2467,.T.);
#1915=ORIENTED_EDGE('',*,*,#2468,.F.);
#1916=ORIENTED_EDGE('',*,*,#2469,.T.);
#1917=ORIENTED_EDGE('',*,*,#2390,.T.);
#1918=ORIENTED_EDGE('',*,*,#2404,.T.);
#1919=ORIENTED_EDGE('',*,*,#2470,.F.);
#1920=ORIENTED_EDGE('',*,*,#2405,.T.);
#1921=ORIENTED_EDGE('',*,*,#2471,.F.);
#1922=ORIENTED_EDGE('',*,*,#2472,.F.);
#1923=ORIENTED_EDGE('',*,*,#2473,.T.);
#1924=ORIENTED_EDGE('',*,*,#2474,.F.);
#1925=ORIENTED_EDGE('',*,*,#2413,.T.);
#1926=ORIENTED_EDGE('',*,*,#2475,.T.);
#1927=ORIENTED_EDGE('',*,*,#2415,.F.);
#1928=ORIENTED_EDGE('',*,*,#2476,.F.);
#1929=ORIENTED_EDGE('',*,*,#2477,.T.);
#1930=ORIENTED_EDGE('',*,*,#2478,.F.);
#1931=ORIENTED_EDGE('',*,*,#2461,.T.);
#1932=ORIENTED_EDGE('',*,*,#2479,.T.);
#1933=ORIENTED_EDGE('',*,*,#2463,.F.);
#1934=ORIENTED_EDGE('',*,*,#2480,.F.);
#1935=ORIENTED_EDGE('',*,*,#2394,.F.);
#1936=ORIENTED_EDGE('',*,*,#2481,.F.);
#1937=ORIENTED_EDGE('',*,*,#2473,.F.);
#1938=ORIENTED_EDGE('',*,*,#2482,.F.);
#1939=ORIENTED_EDGE('',*,*,#2402,.F.);
#1940=ORIENTED_EDGE('',*,*,#2483,.F.);
#1941=ORIENTED_EDGE('',*,*,#2477,.F.);
#1942=ORIENTED_EDGE('',*,*,#2484,.T.);
#1943=ORIENTED_EDGE('',*,*,#2397,.T.);
#1944=ORIENTED_EDGE('',*,*,#2437,.F.);
#1945=ORIENTED_EDGE('',*,*,#2485,.T.);
#1946=ORIENTED_EDGE('',*,*,#2486,.T.);
#1947=ORIENTED_EDGE('',*,*,#2487,.F.);
#1948=ORIENTED_EDGE('',*,*,#2488,.F.);
#1949=ORIENTED_EDGE('',*,*,#2489,.F.);
#1950=ORIENTED_EDGE('',*,*,#2490,.F.);
#1951=ORIENTED_EDGE('',*,*,#2484,.F.);
#1952=ORIENTED_EDGE('',*,*,#2491,.F.);
#1953=ORIENTED_EDGE('',*,*,#2492,.F.);
#1954=ORIENTED_EDGE('',*,*,#2398,.F.);
#1955=ORIENTED_EDGE('',*,*,#2493,.F.);
#1956=ORIENTED_EDGE('',*,*,#2494,.F.);
#1957=ORIENTED_EDGE('',*,*,#2495,.F.);
#1958=ORIENTED_EDGE('',*,*,#2496,.F.);
#1959=ORIENTED_EDGE('',*,*,#2497,.T.);
#1960=ORIENTED_EDGE('',*,*,#2498,.T.);
#1961=ORIENTED_EDGE('',*,*,#2499,.T.);
#1962=ORIENTED_EDGE('',*,*,#2500,.T.);
#1963=ORIENTED_EDGE('',*,*,#2501,.T.);
#1964=ORIENTED_EDGE('',*,*,#2502,.T.);
#1965=ORIENTED_EDGE('',*,*,#2503,.T.);
#1966=ORIENTED_EDGE('',*,*,#2504,.T.);
#1967=ORIENTED_EDGE('',*,*,#2505,.F.);
#1968=ORIENTED_EDGE('',*,*,#2506,.F.);
#1969=ORIENTED_EDGE('',*,*,#2507,.F.);
#1970=ORIENTED_EDGE('',*,*,#2508,.F.);
#1971=ORIENTED_EDGE('',*,*,#2492,.T.);
#1972=ORIENTED_EDGE('',*,*,#2509,.T.);
#1973=ORIENTED_EDGE('',*,*,#2439,.F.);
#1974=ORIENTED_EDGE('',*,*,#2399,.T.);
#1975=ORIENTED_EDGE('',*,*,#2510,.F.);
#1976=ORIENTED_EDGE('',*,*,#2407,.F.);
#1977=ORIENTED_EDGE('',*,*,#2391,.T.);
#1978=ORIENTED_EDGE('',*,*,#2469,.F.);
#1979=ORIENTED_EDGE('',*,*,#2511,.F.);
#1980=ORIENTED_EDGE('',*,*,#2512,.T.);
#1981=ORIENTED_EDGE('',*,*,#2513,.F.);
#1982=ORIENTED_EDGE('',*,*,#2514,.F.);
#1983=ORIENTED_EDGE('',*,*,#2403,.F.);
#1984=ORIENTED_EDGE('',*,*,#2515,.F.);
#1985=ORIENTED_EDGE('',*,*,#2510,.T.);
#1986=ORIENTED_EDGE('',*,*,#2516,.T.);
#1987=ORIENTED_EDGE('',*,*,#2517,.F.);
#1988=ORIENTED_EDGE('',*,*,#2408,.T.);
#1989=ORIENTED_EDGE('',*,*,#2517,.T.);
#1990=ORIENTED_EDGE('',*,*,#2518,.F.);
#1991=ORIENTED_EDGE('',*,*,#2433,.F.);
#1992=ORIENTED_EDGE('',*,*,#2519,.T.);
#1993=ORIENTED_EDGE('',*,*,#2409,.T.);
#1994=ORIENTED_EDGE('',*,*,#2520,.F.);
#1995=ORIENTED_EDGE('',*,*,#2521,.F.);
#1996=ORIENTED_EDGE('',*,*,#2422,.T.);
#1997=ORIENTED_EDGE('',*,*,#2522,.F.);
#1998=ORIENTED_EDGE('',*,*,#2523,.F.);
#1999=ORIENTED_EDGE('',*,*,#2524,.F.);
#2000=ORIENTED_EDGE('',*,*,#2417,.T.);
#2001=ORIENTED_EDGE('',*,*,#2525,.F.);
#2002=ORIENTED_EDGE('',*,*,#2411,.F.);
#2003=ORIENTED_EDGE('',*,*,#2410,.F.);
#2004=ORIENTED_EDGE('',*,*,#2519,.F.);
#2005=ORIENTED_EDGE('',*,*,#2432,.T.);
#2006=ORIENTED_EDGE('',*,*,#2526,.F.);
#2007=ORIENTED_EDGE('',*,*,#2527,.F.);
#2008=ORIENTED_EDGE('',*,*,#2525,.T.);
#2009=ORIENTED_EDGE('',*,*,#2416,.T.);
#2010=ORIENTED_EDGE('',*,*,#2475,.F.);
#2011=ORIENTED_EDGE('',*,*,#2412,.T.);
#2012=ORIENTED_EDGE('',*,*,#2528,.T.);
#2013=ORIENTED_EDGE('',*,*,#2529,.T.);
#2014=ORIENTED_EDGE('',*,*,#2530,.F.);
#2015=ORIENTED_EDGE('',*,*,#2531,.T.);
#2016=ORIENTED_EDGE('',*,*,#2418,.T.);
#2017=ORIENTED_EDGE('',*,*,#2420,.T.);
#2018=ORIENTED_EDGE('',*,*,#2419,.T.);
#2019=ORIENTED_EDGE('',*,*,#2532,.F.);
#2020=ORIENTED_EDGE('',*,*,#2533,.F.);
#2021=ORIENTED_EDGE('',*,*,#2534,.T.);
#2022=ORIENTED_EDGE('',*,*,#2421,.T.);
#2023=ORIENTED_EDGE('',*,*,#2535,.T.);
#2024=ORIENTED_EDGE('',*,*,#2536,.F.);
#2025=ORIENTED_EDGE('',*,*,#2537,.T.);
#2026=ORIENTED_EDGE('',*,*,#2521,.T.);
#2027=ORIENTED_EDGE('',*,*,#2538,.T.);
#2028=ORIENTED_EDGE('',*,*,#2539,.F.);
#2029=ORIENTED_EDGE('',*,*,#2423,.T.);
#2030=ORIENTED_EDGE('',*,*,#2539,.T.);
#2031=ORIENTED_EDGE('',*,*,#2540,.F.);
#2032=ORIENTED_EDGE('',*,*,#2541,.T.);
#2033=ORIENTED_EDGE('',*,*,#2424,.T.);
#2034=ORIENTED_EDGE('',*,*,#2542,.T.);
#2035=ORIENTED_EDGE('',*,*,#2425,.T.);
#2036=ORIENTED_EDGE('',*,*,#2541,.F.);
#2037=ORIENTED_EDGE('',*,*,#2543,.T.);
#2038=ORIENTED_EDGE('',*,*,#2542,.F.);
#2039=ORIENTED_EDGE('',*,*,#2544,.F.);
#2040=ORIENTED_EDGE('',*,*,#2545,.T.);
#2041=ORIENTED_EDGE('',*,*,#2546,.F.);
#2042=ORIENTED_EDGE('',*,*,#2547,.F.);
#2043=ORIENTED_EDGE('',*,*,#2450,.T.);
#2044=ORIENTED_EDGE('',*,*,#2548,.F.);
#2045=ORIENTED_EDGE('',*,*,#2506,.T.);
#2046=ORIENTED_EDGE('',*,*,#2549,.F.);
#2047=ORIENTED_EDGE('',*,*,#2426,.T.);
#2048=ORIENTED_EDGE('',*,*,#2550,.T.);
#2049=ORIENTED_EDGE('',*,*,#2551,.T.);
#2050=ORIENTED_EDGE('',*,*,#2552,.T.);
#2051=ORIENTED_EDGE('',*,*,#2553,.T.);
#2052=ORIENTED_EDGE('',*,*,#2554,.F.);
#2053=ORIENTED_EDGE('',*,*,#2505,.T.);
#2054=ORIENTED_EDGE('',*,*,#2555,.T.);
#2055=ORIENTED_EDGE('',*,*,#2427,.F.);
#2056=ORIENTED_EDGE('',*,*,#2549,.T.);
#2057=ORIENTED_EDGE('',*,*,#2556,.F.);
#2058=ORIENTED_EDGE('',*,*,#2428,.T.);
#2059=ORIENTED_EDGE('',*,*,#2555,.F.);
#2060=ORIENTED_EDGE('',*,*,#2508,.T.);
#2061=ORIENTED_EDGE('',*,*,#2557,.F.);
#2062=ORIENTED_EDGE('',*,*,#2448,.T.);
#2063=ORIENTED_EDGE('',*,*,#2558,.F.);
#2064=ORIENTED_EDGE('',*,*,#2559,.T.);
#2065=ORIENTED_EDGE('',*,*,#2560,.T.);
#2066=ORIENTED_EDGE('',*,*,#2561,.T.);
#2067=ORIENTED_EDGE('',*,*,#2562,.T.);
#2068=ORIENTED_EDGE('',*,*,#2563,.T.);
#2069=ORIENTED_EDGE('',*,*,#2564,.T.);
#2070=ORIENTED_EDGE('',*,*,#2565,.T.);
#2071=ORIENTED_EDGE('',*,*,#2429,.T.);
#2072=ORIENTED_EDGE('',*,*,#2556,.T.);
#2073=ORIENTED_EDGE('',*,*,#2566,.F.);
#2074=ORIENTED_EDGE('',*,*,#2567,.T.);
#2075=ORIENTED_EDGE('',*,*,#2430,.T.);
#2076=ORIENTED_EDGE('',*,*,#2565,.F.);
#2077=ORIENTED_EDGE('',*,*,#2568,.T.);
#2078=ORIENTED_EDGE('',*,*,#2567,.F.);
#2079=ORIENTED_EDGE('',*,*,#2569,.T.);
#2080=ORIENTED_EDGE('',*,*,#2570,.F.);
#2081=ORIENTED_EDGE('',*,*,#2526,.T.);
#2082=ORIENTED_EDGE('',*,*,#2431,.T.);
#2083=ORIENTED_EDGE('',*,*,#2518,.T.);
#2084=ORIENTED_EDGE('',*,*,#2516,.F.);
#2085=ORIENTED_EDGE('',*,*,#2571,.F.);
#2086=ORIENTED_EDGE('',*,*,#2434,.T.);
#2087=ORIENTED_EDGE('',*,*,#2571,.T.);
#2088=ORIENTED_EDGE('',*,*,#2514,.T.);
#2089=ORIENTED_EDGE('',*,*,#2572,.T.);
#2090=ORIENTED_EDGE('',*,*,#2435,.F.);
#2091=ORIENTED_EDGE('',*,*,#2485,.F.);
#2092=ORIENTED_EDGE('',*,*,#2436,.T.);
#2093=ORIENTED_EDGE('',*,*,#2572,.F.);
#2094=ORIENTED_EDGE('',*,*,#2513,.T.);
#2095=ORIENTED_EDGE('',*,*,#2573,.F.);
#2096=ORIENTED_EDGE('',*,*,#2440,.T.);
#2097=ORIENTED_EDGE('',*,*,#2509,.F.);
#2098=ORIENTED_EDGE('',*,*,#2491,.T.);
#2099=ORIENTED_EDGE('',*,*,#2470,.T.);
#2100=ORIENTED_EDGE('',*,*,#2471,.T.);
#2101=ORIENTED_EDGE('',*,*,#2515,.T.);
#2102=ORIENTED_EDGE('',*,*,#2574,.T.);
#2103=ORIENTED_EDGE('',*,*,#2441,.T.);
#2104=ORIENTED_EDGE('',*,*,#2573,.T.);
#2105=ORIENTED_EDGE('',*,*,#2512,.F.);
#2106=ORIENTED_EDGE('',*,*,#2575,.T.);
#2107=ORIENTED_EDGE('',*,*,#2442,.T.);
#2108=ORIENTED_EDGE('',*,*,#2574,.F.);
#2109=ORIENTED_EDGE('',*,*,#2576,.T.);
#2110=ORIENTED_EDGE('',*,*,#2575,.F.);
#2111=ORIENTED_EDGE('',*,*,#2577,.T.);
#2112=ORIENTED_EDGE('',*,*,#2467,.F.);
#2113=ORIENTED_EDGE('',*,*,#2578,.T.);
#2114=ORIENTED_EDGE('',*,*,#2443,.T.);
#2115=ORIENTED_EDGE('',*,*,#2444,.F.);
#2116=ORIENTED_EDGE('',*,*,#2578,.F.);
#2117=ORIENTED_EDGE('',*,*,#2466,.F.);
#2118=ORIENTED_EDGE('',*,*,#2465,.F.);
#2119=ORIENTED_EDGE('',*,*,#2579,.F.);
#2120=ORIENTED_EDGE('',*,*,#2459,.F.);
#2121=ORIENTED_EDGE('',*,*,#2580,.F.);
#2122=ORIENTED_EDGE('',*,*,#2581,.F.);
#2123=ORIENTED_EDGE('',*,*,#2582,.F.);
#2124=ORIENTED_EDGE('',*,*,#2454,.F.);
#2125=ORIENTED_EDGE('',*,*,#2583,.F.);
#2126=ORIENTED_EDGE('',*,*,#2584,.F.);
#2127=ORIENTED_EDGE('',*,*,#2585,.F.);
#2128=ORIENTED_EDGE('',*,*,#2586,.T.);
#2129=ORIENTED_EDGE('',*,*,#2587,.T.);
#2130=ORIENTED_EDGE('',*,*,#2588,.F.);
#2131=ORIENTED_EDGE('',*,*,#2445,.F.);
#2132=ORIENTED_EDGE('',*,*,#2585,.T.);
#2133=ORIENTED_EDGE('',*,*,#2589,.T.);
#2134=ORIENTED_EDGE('',*,*,#2588,.T.);
#2135=ORIENTED_EDGE('',*,*,#2590,.F.);
#2136=ORIENTED_EDGE('',*,*,#2591,.F.);
#2137=ORIENTED_EDGE('',*,*,#2446,.T.);
#2138=ORIENTED_EDGE('',*,*,#2591,.T.);
#2139=ORIENTED_EDGE('',*,*,#2592,.T.);
#2140=ORIENTED_EDGE('',*,*,#2558,.T.);
#2141=ORIENTED_EDGE('',*,*,#2447,.F.);
#2142=ORIENTED_EDGE('',*,*,#2507,.T.);
#2143=ORIENTED_EDGE('',*,*,#2548,.T.);
#2144=ORIENTED_EDGE('',*,*,#2449,.F.);
#2145=ORIENTED_EDGE('',*,*,#2557,.T.);
#2146=ORIENTED_EDGE('',*,*,#2547,.T.);
#2147=ORIENTED_EDGE('',*,*,#2593,.T.);
#2148=ORIENTED_EDGE('',*,*,#2594,.F.);
#2149=ORIENTED_EDGE('',*,*,#2451,.T.);
#2150=ORIENTED_EDGE('',*,*,#2594,.T.);
#2151=ORIENTED_EDGE('',*,*,#2595,.T.);
#2152=ORIENTED_EDGE('',*,*,#2596,.T.);
#2153=ORIENTED_EDGE('',*,*,#2452,.F.);
#2154=ORIENTED_EDGE('',*,*,#2583,.T.);
#2155=ORIENTED_EDGE('',*,*,#2453,.T.);
#2156=ORIENTED_EDGE('',*,*,#2596,.F.);
#2157=ORIENTED_EDGE('',*,*,#2597,.T.);
#2158=ORIENTED_EDGE('',*,*,#2598,.T.);
#2159=ORIENTED_EDGE('',*,*,#2599,.T.);
#2160=ORIENTED_EDGE('',*,*,#2600,.F.);
#2161=ORIENTED_EDGE('',*,*,#2601,.T.);
#2162=ORIENTED_EDGE('',*,*,#2455,.T.);
#2163=ORIENTED_EDGE('',*,*,#2602,.F.);
#2164=ORIENTED_EDGE('',*,*,#2457,.F.);
#2165=ORIENTED_EDGE('',*,*,#2456,.F.);
#2166=ORIENTED_EDGE('',*,*,#2603,.F.);
#2167=ORIENTED_EDGE('',*,*,#2604,.T.);
#2168=ORIENTED_EDGE('',*,*,#2458,.T.);
#2169=ORIENTED_EDGE('',*,*,#2605,.T.);
#2170=ORIENTED_EDGE('',*,*,#2606,.F.);
#2171=ORIENTED_EDGE('',*,*,#2607,.T.);
#2172=ORIENTED_EDGE('',*,*,#2579,.T.);
#2173=ORIENTED_EDGE('',*,*,#2464,.T.);
#2174=ORIENTED_EDGE('',*,*,#2479,.F.);
#2175=ORIENTED_EDGE('',*,*,#2460,.T.);
#2176=ORIENTED_EDGE('',*,*,#2511,.T.);
#2177=ORIENTED_EDGE('',*,*,#2468,.T.);
#2178=ORIENTED_EDGE('',*,*,#2577,.F.);
#2179=ORIENTED_EDGE('',*,*,#2576,.F.);
#2180=ORIENTED_EDGE('',*,*,#2486,.F.);
#2181=ORIENTED_EDGE('',*,*,#2608,.T.);
#2182=ORIENTED_EDGE('',*,*,#2487,.T.);
#2183=ORIENTED_EDGE('',*,*,#2609,.T.);
#2184=ORIENTED_EDGE('',*,*,#2610,.F.);
#2185=ORIENTED_EDGE('',*,*,#2611,.T.);
#2186=ORIENTED_EDGE('',*,*,#2535,.F.);
#2187=ORIENTED_EDGE('',*,*,#2532,.T.);
#2188=ORIENTED_EDGE('',*,*,#2531,.F.);
#2189=ORIENTED_EDGE('',*,*,#2612,.F.);
#2190=ORIENTED_EDGE('',*,*,#2613,.F.);
#2191=ORIENTED_EDGE('',*,*,#2488,.T.);
#2192=ORIENTED_EDGE('',*,*,#2611,.F.);
#2193=ORIENTED_EDGE('',*,*,#2614,.T.);
#2194=ORIENTED_EDGE('',*,*,#2489,.T.);
#2195=ORIENTED_EDGE('',*,*,#2613,.T.);
#2196=ORIENTED_EDGE('',*,*,#2615,.F.);
#2197=ORIENTED_EDGE('',*,*,#2616,.T.);
#2198=ORIENTED_EDGE('',*,*,#2609,.F.);
#2199=ORIENTED_EDGE('',*,*,#2490,.T.);
#2200=ORIENTED_EDGE('',*,*,#2616,.F.);
#2201=ORIENTED_EDGE('',*,*,#2617,.T.);
#2202=ORIENTED_EDGE('',*,*,#2618,.F.);
#2203=ORIENTED_EDGE('',*,*,#2619,.T.);
#2204=ORIENTED_EDGE('',*,*,#2493,.T.);
#2205=ORIENTED_EDGE('',*,*,#2620,.T.);
#2206=ORIENTED_EDGE('',*,*,#2621,.F.);
#2207=ORIENTED_EDGE('',*,*,#2622,.T.);
#2208=ORIENTED_EDGE('',*,*,#2622,.F.);
#2209=ORIENTED_EDGE('',*,*,#2623,.T.);
#2210=ORIENTED_EDGE('',*,*,#2624,.F.);
#2211=ORIENTED_EDGE('',*,*,#2625,.T.);
#2212=ORIENTED_EDGE('',*,*,#2626,.F.);
#2213=ORIENTED_EDGE('',*,*,#2494,.T.);
#2214=ORIENTED_EDGE('',*,*,#2495,.T.);
#2215=ORIENTED_EDGE('',*,*,#2626,.T.);
#2216=ORIENTED_EDGE('',*,*,#2627,.F.);
#2217=ORIENTED_EDGE('',*,*,#2628,.T.);
#2218=ORIENTED_EDGE('',*,*,#2601,.F.);
#2219=ORIENTED_EDGE('',*,*,#2629,.F.);
#2220=ORIENTED_EDGE('',*,*,#2620,.F.);
#2221=ORIENTED_EDGE('',*,*,#2496,.T.);
#2222=ORIENTED_EDGE('',*,*,#2628,.F.);
#2223=ORIENTED_EDGE('',*,*,#2630,.T.);
#2224=ORIENTED_EDGE('',*,*,#2605,.F.);
#2225=ORIENTED_EDGE('',*,*,#2602,.T.);
#2226=ORIENTED_EDGE('',*,*,#2497,.F.);
#2227=ORIENTED_EDGE('',*,*,#2631,.F.);
#2228=ORIENTED_EDGE('',*,*,#2632,.F.);
#2229=ORIENTED_EDGE('',*,*,#2633,.T.);
#2230=ORIENTED_EDGE('',*,*,#2498,.F.);
#2231=ORIENTED_EDGE('',*,*,#2633,.F.);
#2232=ORIENTED_EDGE('',*,*,#2634,.F.);
#2233=ORIENTED_EDGE('',*,*,#2635,.T.);
#2234=ORIENTED_EDGE('',*,*,#2499,.F.);
#2235=ORIENTED_EDGE('',*,*,#2635,.F.);
#2236=ORIENTED_EDGE('',*,*,#2636,.F.);
#2237=ORIENTED_EDGE('',*,*,#2637,.T.);
#2238=ORIENTED_EDGE('',*,*,#2500,.F.);
#2239=ORIENTED_EDGE('',*,*,#2637,.F.);
#2240=ORIENTED_EDGE('',*,*,#2638,.F.);
#2241=ORIENTED_EDGE('',*,*,#2631,.T.);
#2242=ORIENTED_EDGE('',*,*,#2501,.F.);
#2243=ORIENTED_EDGE('',*,*,#2639,.F.);
#2244=ORIENTED_EDGE('',*,*,#2502,.F.);
#2245=ORIENTED_EDGE('',*,*,#2640,.F.);
#2246=ORIENTED_EDGE('',*,*,#2503,.F.);
#2247=ORIENTED_EDGE('',*,*,#2641,.F.);
#2248=ORIENTED_EDGE('',*,*,#2504,.F.);
#2249=ORIENTED_EDGE('',*,*,#2642,.F.);
#2250=ORIENTED_EDGE('',*,*,#2643,.T.);
#2251=ORIENTED_EDGE('',*,*,#2528,.F.);
#2252=ORIENTED_EDGE('',*,*,#2524,.T.);
#2253=ORIENTED_EDGE('',*,*,#2527,.T.);
#2254=ORIENTED_EDGE('',*,*,#2644,.F.);
#2255=ORIENTED_EDGE('',*,*,#2538,.F.);
#2256=ORIENTED_EDGE('',*,*,#2520,.T.);
#2257=ORIENTED_EDGE('',*,*,#2570,.T.);
#2258=ORIENTED_EDGE('',*,*,#2645,.F.);
#2259=ORIENTED_EDGE('',*,*,#2646,.T.);
#2260=ORIENTED_EDGE('',*,*,#2544,.T.);
#2261=ORIENTED_EDGE('',*,*,#2543,.F.);
#2262=ORIENTED_EDGE('',*,*,#2540,.T.);
#2263=ORIENTED_EDGE('',*,*,#2534,.F.);
#2264=ORIENTED_EDGE('',*,*,#2647,.F.);
#2265=ORIENTED_EDGE('',*,*,#2522,.T.);
#2266=ORIENTED_EDGE('',*,*,#2523,.T.);
#2267=ORIENTED_EDGE('',*,*,#2647,.T.);
#2268=ORIENTED_EDGE('',*,*,#2648,.F.);
#2269=ORIENTED_EDGE('',*,*,#2643,.F.);
#2270=ORIENTED_EDGE('',*,*,#2648,.T.);
#2271=ORIENTED_EDGE('',*,*,#2537,.F.);
#2272=ORIENTED_EDGE('',*,*,#2649,.F.);
#2273=ORIENTED_EDGE('',*,*,#2618,.T.);
#2274=ORIENTED_EDGE('',*,*,#2650,.T.);
#2275=ORIENTED_EDGE('',*,*,#2529,.F.);
#2276=ORIENTED_EDGE('',*,*,#2530,.T.);
#2277=ORIENTED_EDGE('',*,*,#2650,.F.);
#2278=ORIENTED_EDGE('',*,*,#2617,.F.);
#2279=ORIENTED_EDGE('',*,*,#2615,.T.);
#2280=ORIENTED_EDGE('',*,*,#2612,.T.);
#2281=ORIENTED_EDGE('',*,*,#2533,.T.);
#2282=ORIENTED_EDGE('',*,*,#2651,.F.);
#2283=ORIENTED_EDGE('',*,*,#2536,.T.);
#2284=ORIENTED_EDGE('',*,*,#2614,.F.);
#2285=ORIENTED_EDGE('',*,*,#2610,.T.);
#2286=ORIENTED_EDGE('',*,*,#2619,.F.);
#2287=ORIENTED_EDGE('',*,*,#2649,.T.);
#2288=ORIENTED_EDGE('',*,*,#2652,.F.);
#2289=ORIENTED_EDGE('',*,*,#2566,.T.);
#2290=ORIENTED_EDGE('',*,*,#2559,.F.);
#2291=ORIENTED_EDGE('',*,*,#2592,.F.);
#2292=ORIENTED_EDGE('',*,*,#2653,.F.);
#2293=ORIENTED_EDGE('',*,*,#2654,.F.);
#2294=ORIENTED_EDGE('',*,*,#2545,.F.);
#2295=ORIENTED_EDGE('',*,*,#2646,.F.);
#2296=ORIENTED_EDGE('',*,*,#2593,.F.);
#2297=ORIENTED_EDGE('',*,*,#2546,.T.);
#2298=ORIENTED_EDGE('',*,*,#2654,.T.);
#2299=ORIENTED_EDGE('',*,*,#2655,.F.);
#2300=ORIENTED_EDGE('',*,*,#2589,.F.);
#2301=ORIENTED_EDGE('',*,*,#2584,.T.);
#2302=ORIENTED_EDGE('',*,*,#2597,.F.);
#2303=ORIENTED_EDGE('',*,*,#2595,.F.);
#2304=ORIENTED_EDGE('',*,*,#2560,.F.);
#2305=ORIENTED_EDGE('',*,*,#2550,.F.);
#2306=ORIENTED_EDGE('',*,*,#2561,.F.);
#2307=ORIENTED_EDGE('',*,*,#2551,.F.);
#2308=ORIENTED_EDGE('',*,*,#2562,.F.);
#2309=ORIENTED_EDGE('',*,*,#2552,.F.);
#2310=ORIENTED_EDGE('',*,*,#2563,.F.);
#2311=ORIENTED_EDGE('',*,*,#2553,.F.);
#2312=ORIENTED_EDGE('',*,*,#2656,.F.);
#2313=ORIENTED_EDGE('',*,*,#2554,.T.);
#2314=ORIENTED_EDGE('',*,*,#2564,.F.);
#2315=ORIENTED_EDGE('',*,*,#2657,.F.);
#2316=ORIENTED_EDGE('',*,*,#2652,.T.);
#2317=ORIENTED_EDGE('',*,*,#2645,.T.);
#2318=ORIENTED_EDGE('',*,*,#2569,.F.);
#2319=ORIENTED_EDGE('',*,*,#2568,.F.);
#2320=ORIENTED_EDGE('',*,*,#2582,.T.);
#2321=ORIENTED_EDGE('',*,*,#2658,.T.);
#2322=ORIENTED_EDGE('',*,*,#2598,.F.);
#2323=ORIENTED_EDGE('',*,*,#2586,.F.);
#2324=ORIENTED_EDGE('',*,*,#2659,.T.);
#2325=ORIENTED_EDGE('',*,*,#2580,.T.);
#2326=ORIENTED_EDGE('',*,*,#2604,.F.);
#2327=ORIENTED_EDGE('',*,*,#2660,.F.);
#2328=ORIENTED_EDGE('',*,*,#2581,.T.);
#2329=ORIENTED_EDGE('',*,*,#2660,.T.);
#2330=ORIENTED_EDGE('',*,*,#2661,.F.);
#2331=ORIENTED_EDGE('',*,*,#2658,.F.);
#2332=ORIENTED_EDGE('',*,*,#2653,.T.);
#2333=ORIENTED_EDGE('',*,*,#2590,.T.);
#2334=ORIENTED_EDGE('',*,*,#2587,.F.);
#2335=ORIENTED_EDGE('',*,*,#2655,.T.);
#2336=ORIENTED_EDGE('',*,*,#2661,.T.);
#2337=ORIENTED_EDGE('',*,*,#2607,.F.);
#2338=ORIENTED_EDGE('',*,*,#2662,.F.);
#2339=ORIENTED_EDGE('',*,*,#2624,.T.);
#2340=ORIENTED_EDGE('',*,*,#2663,.T.);
#2341=ORIENTED_EDGE('',*,*,#2599,.F.);
#2342=ORIENTED_EDGE('',*,*,#2600,.T.);
#2343=ORIENTED_EDGE('',*,*,#2663,.F.);
#2344=ORIENTED_EDGE('',*,*,#2623,.F.);
#2345=ORIENTED_EDGE('',*,*,#2621,.T.);
#2346=ORIENTED_EDGE('',*,*,#2629,.T.);
#2347=ORIENTED_EDGE('',*,*,#2603,.T.);
#2348=ORIENTED_EDGE('',*,*,#2664,.T.);
#2349=ORIENTED_EDGE('',*,*,#2606,.T.);
#2350=ORIENTED_EDGE('',*,*,#2630,.F.);
#2351=ORIENTED_EDGE('',*,*,#2627,.T.);
#2352=ORIENTED_EDGE('',*,*,#2625,.F.);
#2353=ORIENTED_EDGE('',*,*,#2662,.T.);
#2354=ORIENTED_EDGE('',*,*,#2608,.F.);
#2355=ORIENTED_EDGE('',*,*,#2642,.T.);
#2356=ORIENTED_EDGE('',*,*,#2641,.T.);
#2357=ORIENTED_EDGE('',*,*,#2640,.T.);
#2358=ORIENTED_EDGE('',*,*,#2639,.T.);
#2359=ORIENTED_EDGE('',*,*,#2632,.T.);
#2360=ORIENTED_EDGE('',*,*,#2638,.T.);
#2361=ORIENTED_EDGE('',*,*,#2636,.T.);
#2362=ORIENTED_EDGE('',*,*,#2634,.T.);
#2363=ORIENTED_EDGE('',*,*,#2644,.T.);
#2364=ORIENTED_EDGE('',*,*,#2651,.T.);
#2365=ORIENTED_EDGE('',*,*,#2656,.T.);
#2366=ORIENTED_EDGE('',*,*,#2665,.F.);
#2367=ORIENTED_EDGE('',*,*,#2666,.T.);
#2368=ORIENTED_EDGE('',*,*,#2657,.T.);
#2369=ORIENTED_EDGE('',*,*,#2664,.F.);
#2370=ORIENTED_EDGE('',*,*,#2659,.F.);
#2371=ORIENTED_EDGE('',*,*,#2666,.F.);
#2372=ORIENTED_EDGE('',*,*,#2665,.T.);
#2373=ORIENTED_EDGE('',*,*,#2406,.F.);
#2374=ORIENTED_EDGE('',*,*,#2474,.T.);
#2375=ORIENTED_EDGE('',*,*,#2481,.T.);
#2376=ORIENTED_EDGE('',*,*,#2393,.T.);
#2377=ORIENTED_EDGE('',*,*,#2414,.F.);
#2378=ORIENTED_EDGE('',*,*,#2395,.T.);
#2379=ORIENTED_EDGE('',*,*,#2480,.T.);
#2380=ORIENTED_EDGE('',*,*,#2472,.T.);
#2381=ORIENTED_EDGE('',*,*,#2438,.F.);
#2382=ORIENTED_EDGE('',*,*,#2478,.T.);
#2383=ORIENTED_EDGE('',*,*,#2483,.T.);
#2384=ORIENTED_EDGE('',*,*,#2401,.T.);
#2385=ORIENTED_EDGE('',*,*,#2462,.F.);
#2386=ORIENTED_EDGE('',*,*,#2389,.T.);
#2387=ORIENTED_EDGE('',*,*,#2482,.T.);
#2388=ORIENTED_EDGE('',*,*,#2476,.T.);
#2389=EDGE_CURVE('',#2667,#2668,#2669,.F.);
#2390=EDGE_CURVE('',#2670,#2667,#2671,.F.);
#2391=EDGE_CURVE('',#2672,#2670,#2673,.T.);
#2392=EDGE_CURVE('',#2674,#2672,#2675,.T.);
#2393=EDGE_CURVE('',#2676,#2674,#2677,.F.);
#2394=EDGE_CURVE('',#2676,#2678,#2679,.T.);
#2395=EDGE_CURVE('',#2680,#2678,#2681,.F.);
#2396=EDGE_CURVE('',#2682,#2680,#2683,.T.);
#2397=EDGE_CURVE('',#2684,#2682,#2685,.F.);
#2398=EDGE_CURVE('',#2684,#2686,#2687,.F.);
#2399=EDGE_CURVE('',#2688,#2686,#2689,.F.);
#2400=EDGE_CURVE('',#2690,#2688,#2691,.T.);
#2401=EDGE_CURVE('',#2692,#2690,#2693,.F.);
#2402=EDGE_CURVE('',#2692,#2668,#2694,.T.);
#2403=EDGE_CURVE('',#2695,#2695,#2696,.T.);
#2404=EDGE_CURVE('',#2697,#2697,#2698,.F.);
#2405=EDGE_CURVE('',#2699,#2699,#2700,.F.);
#2406=EDGE_CURVE('',#2701,#2674,#2702,.F.);
#2407=EDGE_CURVE('',#2672,#2703,#2704,.F.);
#2408=EDGE_CURVE('',#2705,#2703,#2706,.T.);
#2409=EDGE_CURVE('',#2707,#2705,#2708,.T.);
#2410=EDGE_CURVE('',#2707,#2709,#2710,.F.);
#2411=EDGE_CURVE('',#2709,#2711,#2712,.F.);
#2412=EDGE_CURVE('',#2713,#2711,#2714,.F.);
#2413=EDGE_CURVE('',#2701,#2713,#2715,.T.);
#2414=EDGE_CURVE('',#2680,#2716,#2717,.T.);
#2415=EDGE_CURVE('',#2716,#2718,#2719,.T.);
#2416=EDGE_CURVE('',#2720,#2718,#2721,.F.);
#2417=EDGE_CURVE('',#2722,#2720,#2723,.T.);
#2418=EDGE_CURVE('',#2724,#2722,#2725,.T.);
#2419=EDGE_CURVE('',#2726,#2724,#2727,.F.);
#2420=EDGE_CURVE('',#2728,#2726,#2729,.F.);
#2421=EDGE_CURVE('',#2730,#2728,#2731,.T.);
#2422=EDGE_CURVE('',#2732,#2730,#2733,.T.);
#2423=EDGE_CURVE('',#2734,#2732,#2735,.F.);
#2424=EDGE_CURVE('',#2736,#2734,#2737,.T.);
#2425=EDGE_CURVE('',#2738,#2736,#2739,.F.);
#2426=EDGE_CURVE('',#2740,#2738,#2741,.T.);
#2427=EDGE_CURVE('',#2740,#2742,#2743,.F.);
#2428=EDGE_CURVE('',#2744,#2742,#2745,.T.);
#2429=EDGE_CURVE('',#2746,#2744,#2747,.T.);
#2430=EDGE_CURVE('',#2748,#2746,#2749,.T.);
#2431=EDGE_CURVE('',#2750,#2748,#2751,.T.);
#2432=EDGE_CURVE('',#2752,#2750,#2753,.T.);
#2433=EDGE_CURVE('',#2752,#2754,#2755,.T.);
#2434=EDGE_CURVE('',#2756,#2754,#2757,.F.);
#2435=EDGE_CURVE('',#2756,#2758,#2759,.T.);
#2436=EDGE_CURVE('',#2760,#2758,#2761,.T.);
#2437=EDGE_CURVE('',#2760,#2682,#2762,.T.);
#2438=EDGE_CURVE('',#2763,#2690,#2764,.F.);
#2439=EDGE_CURVE('',#2688,#2765,#2766,.T.);
#2440=EDGE_CURVE('',#2767,#2765,#2768,.T.);
#2441=EDGE_CURVE('',#2769,#2767,#2770,.T.);
#2442=EDGE_CURVE('',#2771,#2769,#2772,.T.);
#2443=EDGE_CURVE('',#2773,#2771,#2774,.T.);
#2444=EDGE_CURVE('',#2773,#2775,#2776,.T.);
#2445=EDGE_CURVE('',#2775,#2777,#2778,.T.);
#2446=EDGE_CURVE('',#2779,#2777,#2780,.F.);
#2447=EDGE_CURVE('',#2779,#2781,#2782,.T.);
#2448=EDGE_CURVE('',#2783,#2781,#2784,.T.);
#2449=EDGE_CURVE('',#2783,#2785,#2786,.F.);
#2450=EDGE_CURVE('',#2787,#2785,#2788,.T.);
#2451=EDGE_CURVE('',#2789,#2787,#2790,.F.);
#2452=EDGE_CURVE('',#2789,#2791,#2792,.T.);
#2453=EDGE_CURVE('',#2793,#2791,#2794,.F.);
#2454=EDGE_CURVE('',#2793,#2795,#2796,.T.);
#2455=EDGE_CURVE('',#2797,#2795,#2798,.F.);
#2456=EDGE_CURVE('',#2797,#2799,#2800,.F.);
#2457=EDGE_CURVE('',#2799,#2801,#2802,.F.);
#2458=EDGE_CURVE('',#2803,#2801,#2804,.F.);
#2459=EDGE_CURVE('',#2803,#2805,#2806,.T.);
#2460=EDGE_CURVE('',#2807,#2805,#2808,.F.);
#2461=EDGE_CURVE('',#2763,#2807,#2809,.T.);
#2462=EDGE_CURVE('',#2667,#2810,#2811,.T.);
#2463=EDGE_CURVE('',#2810,#2812,#2813,.T.);
#2464=EDGE_CURVE('',#2814,#2812,#2815,.F.);
#2465=EDGE_CURVE('',#2814,#2816,#2817,.T.);
#2466=EDGE_CURVE('',#2816,#2818,#2819,.T.);
#2467=EDGE_CURVE('',#2818,#2820,#2821,.T.);
#2468=EDGE_CURVE('',#2822,#2820,#2823,.F.);
#2469=EDGE_CURVE('',#2822,#2670,#2824,.T.);
#2470=EDGE_CURVE('',#2825,#2825,#2826,.F.);
#2471=EDGE_CURVE('',#2827,#2827,#2828,.F.);
#2472=EDGE_CURVE('',#2829,#2716,#2830,.F.);
#2473=EDGE_CURVE('',#2829,#2831,#2832,.F.);
#2474=EDGE_CURVE('',#2701,#2831,#2833,.T.);
#2475=EDGE_CURVE('',#2713,#2718,#2834,.T.);
#2476=EDGE_CURVE('',#2835,#2810,#2836,.F.);
#2477=EDGE_CURVE('',#2835,#2837,#2838,.F.);
#2478=EDGE_CURVE('',#2763,#2837,#2839,.T.);
#2479=EDGE_CURVE('',#2807,#2812,#2840,.F.);
#2480=EDGE_CURVE('',#2678,#2829,#2841,.T.);
#2481=EDGE_CURVE('',#2831,#2676,#2842,.F.);
#2482=EDGE_CURVE('',#2668,#2835,#2843,.T.);
#2483=EDGE_CURVE('',#2837,#2692,#2844,.F.);
#2484=EDGE_CURVE('',#2845,#2684,#2846,.T.);
#2485=EDGE_CURVE('',#2760,#2845,#2847,.F.);
#2486=EDGE_CURVE('',#2848,#2848,#2849,.T.);
#2487=EDGE_CURVE('',#2850,#2851,#2852,.F.);
#2488=EDGE_CURVE('',#2853,#2850,#2854,.F.);
#2489=EDGE_CURVE('',#2855,#2853,#2856,.F.);
#2490=EDGE_CURVE('',#2851,#2855,#2857,.F.);
#2491=EDGE_CURVE('',#2858,#2845,#2859,.T.);
#2492=EDGE_CURVE('',#2686,#2858,#2860,.T.);
#2493=EDGE_CURVE('',#2861,#2862,#2863,.T.);
#2494=EDGE_CURVE('',#2864,#2861,#2865,.T.);
#2495=EDGE_CURVE('',#2866,#2864,#2867,.T.);
#2496=EDGE_CURVE('',#2862,#2866,#2868,.T.);
#2497=EDGE_CURVE('',#2869,#2870,#2871,.F.);
#2498=EDGE_CURVE('',#2870,#2872,#2873,.F.);
#2499=EDGE_CURVE('',#2872,#2874,#2875,.F.);
#2500=EDGE_CURVE('',#2874,#2869,#2876,.F.);
#2501=EDGE_CURVE('',#2877,#2877,#2878,.F.);
#2502=EDGE_CURVE('',#2879,#2879,#2880,.F.);
#2503=EDGE_CURVE('',#2881,#2881,#2882,.F.);
#2504=EDGE_CURVE('',#2883,#2883,#2884,.F.);
#2505=EDGE_CURVE('',#2885,#2886,#2887,.F.);
#2506=EDGE_CURVE('',#2888,#2885,#2889,.T.);
#2507=EDGE_CURVE('',#2890,#2888,#2891,.F.);
#2508=EDGE_CURVE('',#2886,#2890,#2892,.T.);
#2509=EDGE_CURVE('',#2858,#2765,#2893,.F.);
#2510=EDGE_CURVE('',#2703,#2894,#2895,.T.);
#2511=EDGE_CURVE('',#2896,#2822,#2897,.F.);
#2512=EDGE_CURVE('',#2896,#2898,#2899,.T.);
#2513=EDGE_CURVE('',#2900,#2898,#2901,.T.);
#2514=EDGE_CURVE('',#2894,#2900,#2902,.T.);
#2515=EDGE_CURVE('',#2903,#2903,#2904,.T.);
#2516=EDGE_CURVE('',#2894,#2905,#2906,.T.);
#2517=EDGE_CURVE('',#2705,#2905,#2907,.T.);
#2518=EDGE_CURVE('',#2754,#2905,#2908,.T.);
#2519=EDGE_CURVE('',#2752,#2707,#2909,.F.);
#2520=EDGE_CURVE('',#2910,#2911,#2912,.F.);
#2521=EDGE_CURVE('',#2732,#2910,#2913,.F.);
#2522=EDGE_CURVE('',#2914,#2730,#2915,.T.);
#2523=EDGE_CURVE('',#2916,#2914,#2917,.T.);
#2524=EDGE_CURVE('',#2722,#2916,#2918,.T.);
#2525=EDGE_CURVE('',#2711,#2720,#2919,.T.);
#2526=EDGE_CURVE('',#2911,#2750,#2920,.T.);
#2527=EDGE_CURVE('',#2921,#2921,#2922,.T.);
#2528=EDGE_CURVE('',#2722,#2923,#2924,.T.);
#2529=EDGE_CURVE('',#2923,#2925,#2926,.F.);
#2530=EDGE_CURVE('',#2927,#2925,#2928,.T.);
#2531=EDGE_CURVE('',#2927,#2724,#2929,.T.);
#2532=EDGE_CURVE('',#2728,#2724,#2930,.T.);
#2533=EDGE_CURVE('',#2931,#2931,#2932,.F.);
#2534=EDGE_CURVE('',#2933,#2730,#2934,.T.);
#2535=EDGE_CURVE('',#2728,#2935,#2936,.F.);
#2536=EDGE_CURVE('',#2937,#2935,#2938,.T.);
#2537=EDGE_CURVE('',#2937,#2933,#2939,.T.);
#2538=EDGE_CURVE('',#2910,#2940,#2941,.F.);
#2539=EDGE_CURVE('',#2734,#2940,#2942,.F.);
#2540=EDGE_CURVE('',#2943,#2940,#2944,.T.);
#2541=EDGE_CURVE('',#2943,#2736,#2945,.F.);
#2542=EDGE_CURVE('',#2946,#2738,#2947,.F.);
#2543=EDGE_CURVE('',#2943,#2946,#2948,.F.);
#2544=EDGE_CURVE('',#2949,#2946,#2950,.T.);
#2545=EDGE_CURVE('',#2949,#2951,#2952,.T.);
#2546=EDGE_CURVE('',#2953,#2951,#2954,.F.);
#2547=EDGE_CURVE('',#2787,#2953,#2955,.T.);
#2548=EDGE_CURVE('',#2888,#2785,#2956,.F.);
#2549=EDGE_CURVE('',#2740,#2885,#2957,.F.);
#2550=EDGE_CURVE('',#2958,#2958,#2959,.F.);
#2551=EDGE_CURVE('',#2960,#2960,#2961,.F.);
#2552=EDGE_CURVE('',#2962,#2962,#2963,.F.);
#2553=EDGE_CURVE('',#2964,#2964,#2965,.F.);
#2554=EDGE_CURVE('',#2966,#2966,#2967,.T.);
#2555=EDGE_CURVE('',#2886,#2742,#2968,.F.);
#2556=EDGE_CURVE('',#2744,#2969,#2970,.F.);
#2557=EDGE_CURVE('',#2783,#2890,#2971,.F.);
#2558=EDGE_CURVE('',#2972,#2781,#2973,.F.);
#2559=EDGE_CURVE('',#2972,#2969,#2974,.T.);
#2560=EDGE_CURVE('',#2975,#2975,#2976,.T.);
#2561=EDGE_CURVE('',#2977,#2977,#2978,.T.);
#2562=EDGE_CURVE('',#2979,#2979,#2980,.T.);
#2563=EDGE_CURVE('',#2981,#2981,#2982,.T.);
#2564=EDGE_CURVE('',#2983,#2983,#2984,.F.);
#2565=EDGE_CURVE('',#2985,#2746,#2986,.F.);
#2566=EDGE_CURVE('',#2985,#2969,#2987,.T.);
#2567=EDGE_CURVE('',#2988,#2748,#2989,.F.);
#2568=EDGE_CURVE('',#2985,#2988,#2990,.F.);
#2569=EDGE_CURVE('',#2988,#2991,#2992,.T.);
#2570=EDGE_CURVE('',#2911,#2991,#2993,.T.);
#2571=EDGE_CURVE('',#2756,#2894,#2994,.T.);
#2572=EDGE_CURVE('',#2900,#2758,#2995,.F.);
#2573=EDGE_CURVE('',#2767,#2898,#2996,.F.);
#2574=EDGE_CURVE('',#2896,#2769,#2997,.F.);
#2575=EDGE_CURVE('',#2998,#2771,#2999,.F.);
#2576=EDGE_CURVE('',#2896,#2998,#3000,.F.);
#2577=EDGE_CURVE('',#2998,#2820,#3001,.F.);
#2578=EDGE_CURVE('',#2818,#2773,#3002,.T.);
#2579=EDGE_CURVE('',#2805,#2814,#3003,.F.);
#2580=EDGE_CURVE('',#3004,#2803,#3005,.F.);
#2581=EDGE_CURVE('',#3006,#3004,#3007,.F.);
#2582=EDGE_CURVE('',#2795,#3006,#3008,.F.);
#2583=EDGE_CURVE('',#3009,#2793,#3010,.T.);
#2584=EDGE_CURVE('',#3011,#3009,#3012,.T.);
#2585=EDGE_CURVE('',#2775,#3011,#3013,.F.);
#2586=EDGE_CURVE('',#3014,#3014,#3015,.T.);
#2587=EDGE_CURVE('',#3016,#3017,#3018,.F.);
#2588=EDGE_CURVE('',#2777,#3017,#3019,.T.);
#2589=EDGE_CURVE('',#3011,#3016,#3020,.T.);
#2590=EDGE_CURVE('',#3021,#3017,#3022,.T.);
#2591=EDGE_CURVE('',#2779,#3021,#3023,.T.);
#2592=EDGE_CURVE('',#3021,#2972,#3024,.T.);
#2593=EDGE_CURVE('',#2953,#3025,#3026,.F.);
#2594=EDGE_CURVE('',#2789,#3025,#3027,.T.);
#2595=EDGE_CURVE('',#3025,#3028,#3029,.T.);
#2596=EDGE_CURVE('',#3028,#2791,#3030,.T.);
#2597=EDGE_CURVE('',#3028,#3009,#3031,.F.);
#2598=EDGE_CURVE('',#2795,#3032,#3033,.F.);
#2599=EDGE_CURVE('',#3032,#3034,#3035,.F.);
#2600=EDGE_CURVE('',#3036,#3034,#3037,.F.);
#2601=EDGE_CURVE('',#3036,#2797,#3038,.T.);
#2602=EDGE_CURVE('',#2801,#2797,#3039,.F.);
#2603=EDGE_CURVE('',#3040,#3040,#3041,.T.);
#2604=EDGE_CURVE('',#3042,#2803,#3043,.F.);
#2605=EDGE_CURVE('',#2801,#3044,#3045,.F.);
#2606=EDGE_CURVE('',#3046,#3044,#3047,.F.);
#2607=EDGE_CURVE('',#3046,#3042,#3048,.T.);
#2608=EDGE_CURVE('',#3049,#3049,#3050,.T.);
#2609=EDGE_CURVE('',#2851,#3051,#3052,.F.);
#2610=EDGE_CURVE('',#3053,#3051,#3054,.F.);
#2611=EDGE_CURVE('',#3053,#2850,#3055,.T.);
#2612=EDGE_CURVE('',#3056,#2927,#3057,.T.);
#2613=EDGE_CURVE('',#2853,#3056,#3058,.F.);
#2614=EDGE_CURVE('',#3053,#2935,#3059,.T.);
#2615=EDGE_CURVE('',#3060,#3056,#3061,.F.);
#2616=EDGE_CURVE('',#3060,#2855,#3062,.T.);
#2617=EDGE_CURVE('',#3060,#3063,#3064,.T.);
#2618=EDGE_CURVE('',#3065,#3063,#3066,.F.);
#2619=EDGE_CURVE('',#3065,#3051,#3067,.F.);
#2620=EDGE_CURVE('',#2862,#3068,#3069,.F.);
#2621=EDGE_CURVE('',#3070,#3068,#3071,.T.);
#2622=EDGE_CURVE('',#3070,#2861,#3072,.T.);
#2623=EDGE_CURVE('',#3070,#3073,#3074,.T.);
#2624=EDGE_CURVE('',#3075,#3073,#3076,.T.);
#2625=EDGE_CURVE('',#3075,#3077,#3078,.F.);
#2626=EDGE_CURVE('',#2864,#3077,#3079,.F.);
#2627=EDGE_CURVE('',#3080,#3077,#3081,.T.);
#2628=EDGE_CURVE('',#3080,#2866,#3082,.T.);
#2629=EDGE_CURVE('',#3068,#3036,#3083,.T.);
#2630=EDGE_CURVE('',#3080,#3044,#3084,.T.);
#2631=EDGE_CURVE('',#3085,#2869,#3086,.T.);
#2632=EDGE_CURVE('',#3087,#3085,#3088,.T.);
#2633=EDGE_CURVE('',#3087,#2870,#3089,.T.);
#2634=EDGE_CURVE('',#3090,#3087,#3091,.T.);
#2635=EDGE_CURVE('',#3090,#2872,#3092,.T.);
#2636=EDGE_CURVE('',#3093,#3090,#3094,.T.);
#2637=EDGE_CURVE('',#3093,#2874,#3095,.T.);
#2638=EDGE_CURVE('',#3085,#3093,#3096,.T.);
#2639=EDGE_CURVE('',#3097,#3097,#3098,.T.);
#2640=EDGE_CURVE('',#3099,#3099,#3100,.T.);
#2641=EDGE_CURVE('',#3101,#3101,#3102,.T.);
#2642=EDGE_CURVE('',#3103,#3103,#3104,.T.);
#2643=EDGE_CURVE('',#2916,#2923,#3105,.T.);
#2644=EDGE_CURVE('',#3106,#3106,#3107,.F.);
#2645=EDGE_CURVE('',#3108,#2991,#3109,.F.);
#2646=EDGE_CURVE('',#3108,#2949,#3110,.T.);
#2647=EDGE_CURVE('',#2914,#2933,#3111,.T.);
#2648=EDGE_CURVE('',#2923,#2933,#3112,.T.);
#2649=EDGE_CURVE('',#3065,#2937,#3113,.T.);
#2650=EDGE_CURVE('',#3063,#2925,#3114,.T.);
#2651=EDGE_CURVE('',#3115,#3115,#3116,.T.);
#2652=EDGE_CURVE('',#2985,#3108,#3117,.T.);
#2653=EDGE_CURVE('',#3118,#3021,#3119,.F.);
#2654=EDGE_CURVE('',#2951,#3118,#3120,.F.);
#2655=EDGE_CURVE('',#3016,#3118,#3121,.T.);
#2656=EDGE_CURVE('',#3122,#3122,#3123,.T.);
#2657=EDGE_CURVE('',#3124,#3124,#3125,.T.);
#2658=EDGE_CURVE('',#3006,#3032,#3126,.T.);
#2659=EDGE_CURVE('',#3127,#3127,#3128,.F.);
#2660=EDGE_CURVE('',#3004,#3042,#3129,.T.);
#2661=EDGE_CURVE('',#3032,#3042,#3130,.F.);
#2662=EDGE_CURVE('',#3075,#3046,#3131,.T.);
#2663=EDGE_CURVE('',#3073,#3034,#3132,.T.);
#2664=EDGE_CURVE('',#3133,#3133,#3134,.T.);
#2665=EDGE_CURVE('',#3135,#3135,#3136,.T.);
#2666=EDGE_CURVE('',#3137,#3137,#3138,.T.);
#2667=VERTEX_POINT('',#3139);
#2668=VERTEX_POINT('',#3140);
#2669=CIRCLE('',#3141,1.);
#2670=VERTEX_POINT('',#3145);
#2671=LINE('',#3146,#3147);
#2672=VERTEX_POINT('',#3149);
#2673=LINE('',#3150,#3151);
#2674=VERTEX_POINT('',#3153);
#2675=LINE('',#3154,#3155);
#2676=VERTEX_POINT('',#3157);
#2677=CIRCLE('',#3158,1.);
#2678=VERTEX_POINT('',#3162);
#2679=CIRCLE('',#3163,7.5);
#2680=VERTEX_POINT('',#3167);
#2681=CIRCLE('',#3168,0.999999999999998);
#2682=VERTEX_POINT('',#3172);
#2683=LINE('',#3173,#3174);
#2684=VERTEX_POINT('',#3176);
#2685=CIRCLE('',#3177,5.);
#2686=VERTEX_POINT('',#3181);
#2687=LINE('',#3182,#3183);
#2688=VERTEX_POINT('',#3185);
#2689=CIRCLE('',#3186,4.99999999999998);
#2690=VERTEX_POINT('',#3190);
#2691=LINE('',#3191,#3192);
#2692=VERTEX_POINT('',#3194);
#2693=CIRCLE('',#3195,1.00000000000001);
#2694=CIRCLE('',#3199,7.5);
#2695=VERTEX_POINT('',#3203);
#2696=CIRCLE('',#3204,18.6);
#2697=VERTEX_POINT('',#3208);
#2698=CIRCLE('',#3209,1.6);
#2699=VERTEX_POINT('',#3213);
#2700=CIRCLE('',#3214,1.6);
#2701=VERTEX_POINT('',#3218);
#2702=LINE('',#3219,#3220);
#2703=VERTEX_POINT('',#3222);
#2704=LINE('',#3223,#3224);
#2705=VERTEX_POINT('',#3226);
#2706=CIRCLE('',#3227,5.);
#2707=VERTEX_POINT('',#3231);
#2708=LINE('',#3232,#3233);
#2709=VERTEX_POINT('',#3235);
#2710=CIRCLE('',#3236,36.);
#2711=VERTEX_POINT('',#3240);
#2712=CIRCLE('',#3241,36.);
#2713=VERTEX_POINT('',#3245);
#2714=CIRCLE('',#3246,4.99999999999999);
#2715=LINE('',#3250,#3251);
#2716=VERTEX_POINT('',#3253);
#2717=LINE('',#3254,#3255);
#2718=VERTEX_POINT('',#3257);
#2719=LINE('',#3258,#3259);
#2720=VERTEX_POINT('',#3261);
#2721=CIRCLE('',#3262,5.00000000000001);
#2722=VERTEX_POINT('',#3266);
#2723=CIRCLE('',#3267,36.);
#2724=VERTEX_POINT('',#3271);
#2725=LINE('',#3272,#3273);
#2726=VERTEX_POINT('',#3275);
#2727=CIRCLE('',#3276,31.1);
#2728=VERTEX_POINT('',#3280);
#2729=CIRCLE('',#3281,31.1);
#2730=VERTEX_POINT('',#3285);
#2731=LINE('',#3286,#3287);
#2732=VERTEX_POINT('',#3289);
#2733=CIRCLE('',#3290,36.);
#2734=VERTEX_POINT('',#3294);
#2735=CIRCLE('',#3295,5.);
#2736=VERTEX_POINT('',#3299);
#2737=LINE('',#3300,#3301);
#2738=VERTEX_POINT('',#3303);
#2739=CIRCLE('',#3304,5.);
#2740=VERTEX_POINT('',#3308);
#2741=LINE('',#3309,#3310);
#2742=VERTEX_POINT('',#3312);
#2743=LINE('',#3313,#3314);
#2744=VERTEX_POINT('',#3316);
#2745=LINE('',#3317,#3318);
#2746=VERTEX_POINT('',#3320);
#2747=LINE('',#3321,#3322);
#2748=VERTEX_POINT('',#3324);
#2749=B_SPLINE_CURVE_WITH_KNOTS('',3,
(#3325,#3326,#3327,#3328,#3329,#3330,#3331,#3332,#3333,#3334,#3335,#3336,#3337,#3338,
#3339,#3340,#3341,#3342,#3343,#3344,#3345,#3346,#3347,#3348,#3349,#3350,#3351,#3352,
#3353,#3354,#3355,#3356,#3357,#3358,#3359,#3360,#3361,#3362,#3363,#3364,#3365,#3366,
#3367,#3368),
.UNSPECIFIED.,.F.,.F.,
(4,1,1,1,1,1,1,1,1,1,1,1,1,1,1,1,1,1,1,1,1,1,1,1,1,1,1,1,1,1,1,1,1,1,1,1,1,1,1,1,
1,4),
(0.,0.0216356373945487,0.0353022299615455,0.0434916304504756,0.0654990801129941,
0.0876784055019655,0.109951998112167,0.115117265738651,0.132373953309964,0.154868653269654,
0.177437403393715,0.200000832790218,0.2037376275126,0.223028014353635,0.246507855500403,
0.270894348318415,0.292126546205463,0.295723538379677,0.321896739000654,0.348972611352468,
0.37741771411701,0.387076925483858,0.406347960058723,0.437022857727138,0.468969126146127,
0.502336128713527,0.502977388387206,0.53775671782218,0.574489873097176,0.612357822892328,
0.643869286146589,0.65172536627026,0.691408186990279,0.73230847792663,0.774095326767365,
0.817363691088064,0.822983392328713,0.861294554927126,0.90659900693708,0.952804230629424,
0.962733624573057,1.),
.UNSPECIFIED.);
#2750=VERTEX_POINT('',#3369);
#2751=LINE('',#3370,#3371);
#2752=VERTEX_POINT('',#3373);
#2753=CIRCLE('',#3374,36.);
#2754=VERTEX_POINT('',#3378);
#2755=LINE('',#3379,#3380);
#2756=VERTEX_POINT('',#3382);
#2757=B_SPLINE_CURVE_WITH_KNOTS('',3,
(#3383,#3384,#3385,#3386,#3387,#3388,#3389,#3390,#3391,#3392,#3393,#3394,#3395,#3396,
#3397,#3398,#3399,#3400,#3401,#3402,#3403,#3404,#3405,#3406,#3407,#3408,#3409,#3410,
#3411,#3412,#3413,#3414,#3415,#3416,#3417,#3418,#3419,#3420,#3421,#3422,#3423,#3424,
#3425,#3426),
.UNSPECIFIED.,.F.,.F.,
(4,1,1,1,1,1,1,1,1,1,1,1,1,1,1,1,1,1,1,1,1,1,1,1,1,1,1,1,1,1,1,1,1,1,1,1,1,1,1,1,
1,4),
(0.,0.0216356373945472,0.035302229961547,0.0434916304504786,0.0654990801129968,0.0876784055019689,
0.109951998112167,0.115117265738652,0.132373953309962,0.154868653269652,0.177437403393713,
0.200000832790217,0.203737627512602,0.223028014353635,0.246507855500403,0.270894348318414,
0.292126546205469,0.295723538379676,0.321896739000656,0.348972611352471,0.377417714117013,
0.387076925483863,0.406347960058725,0.437022857727142,0.468969126146129,0.502336128713537,
0.502977388387208,0.53775671782218,0.574489873097174,0.612357822892327,0.643869286146604,
0.651725366270258,0.691408186990278,0.732308477926627,0.774095326767362,0.81736369108806,
0.82298339232875,0.861294554927123,0.906599006937079,0.952804230629423,0.962733624573083,
1.),
.UNSPECIFIED.);
#2758=VERTEX_POINT('',#3427);
#2759=LINE('',#3428,#3429);
#2760=VERTEX_POINT('',#3431);
#2761=LINE('',#3432,#3433);
#2762=LINE('',#3435,#3436);
#2763=VERTEX_POINT('',#3438);
#2764=LINE('',#3439,#3440);
#2765=VERTEX_POINT('',#3442);
#2766=LINE('',#3443,#3444);
#2767=VERTEX_POINT('',#3446);
#2768=LINE('',#3447,#3448);
#2769=VERTEX_POINT('',#3450);
#2770=LINE('',#3451,#3452);
#2771=VERTEX_POINT('',#3454);
#2772=B_SPLINE_CURVE_WITH_KNOTS('',3,
(#3455,#3456,#3457,#3458,#3459,#3460,#3461,#3462,#3463,#3464,#3465,#3466,#3467,#3468,
#3469,#3470,#3471,#3472,#3473,#3474,#3475,#3476,#3477,#3478,#3479,#3480,#3481,#3482,
#3483,#3484,#3485,#3486,#3487,#3488,#3489,#3490,#3491,#3492,#3493,#3494,#3495,#3496,
#3497,#3498),
.UNSPECIFIED.,.F.,.F.,
(4,1,1,1,1,1,1,1,1,1,1,1,1,1,1,1,1,1,1,1,1,1,1,1,1,1,1,1,1,1,1,1,1,1,1,1,1,1,1,1,
1,4),
(0.,0.0216356373945461,0.0353022299615455,0.0434916304504757,0.0654990801129929,
0.0876784055019672,0.109951998112167,0.115117265738652,0.132373953309964,0.154868653269652,
0.177437403393715,0.200000832790217,0.203737627512599,0.223028014353634,0.246507855500402,
0.270894348318413,0.292126546205459,0.295723538379674,0.321896739000652,0.348972611352468,
0.37741771411701,0.387076925483846,0.406347960058723,0.437022857727141,0.468969126146129,
0.502336128713505,0.502977388387208,0.537756717822181,0.574489873097176,0.612357822892329,
0.643869286146542,0.651725366270264,0.691408186990282,0.732308477926633,0.774095326767371,
0.817363691088067,0.822983392328623,0.861294554927131,0.906599006937084,0.952804230629424,
0.962733624572994,1.),
.UNSPECIFIED.);
#2773=VERTEX_POINT('',#3499);
#2774=LINE('',#3500,#3501);
#2775=VERTEX_POINT('',#3503);
#2776=CIRCLE('',#3504,36.);
#2777=VERTEX_POINT('',#3508);
#2778=LINE('',#3509,#3510);
#2779=VERTEX_POINT('',#3512);
#2780=B_SPLINE_CURVE_WITH_KNOTS('',3,
(#3513,#3514,#3515,#3516,#3517,#3518,#3519,#3520,#3521,#3522,#3523,#3524,#3525,#3526,
#3527,#3528,#3529,#3530,#3531,#3532,#3533,#3534,#3535,#3536,#3537,#3538,#3539,#3540,
#3541,#3542,#3543,#3544,#3545,#3546,#3547,#3548,#3549,#3550,#3551,#3552,#3553,#3554,
#3555,#3556),
.UNSPECIFIED.,.F.,.F.,
(4,1,1,1,1,1,1,1,1,1,1,1,1,1,1,1,1,1,1,1,1,1,1,1,1,1,1,1,1,1,1,1,1,1,1,1,1,1,1,1,
1,4),
(0.,0.0216356373945486,0.0353022299615482,0.0434916304504802,0.0654990801129966,
0.0876784055019695,0.109951998112169,0.115117265738652,0.132373953309968,0.154868653269654,
0.177437403393716,0.20000083279022,0.203737627512602,0.223028014353635,0.246507855500403,
0.270894348318414,0.292126546205464,0.295723538379677,0.321896739000655,0.348972611352471,
0.377417714117013,0.387076925483856,0.406347960058726,0.437022857727141,0.46896912614613,
0.502336128713525,0.502977388387207,0.53775671782218,0.574489873097175,0.612357822892327,
0.643869286146582,0.65172536627026,0.691408186990281,0.732308477926628,0.774095326767364,
0.817363691088064,0.8229833923287,0.861294554927125,0.90659900693708,0.952804230629424,
0.962733624573048,1.),
.UNSPECIFIED.);
#2781=VERTEX_POINT('',#3557);
#2782=LINE('',#3558,#3559);
#2783=VERTEX_POINT('',#3561);
#2784=LINE('',#3562,#3563);
#2785=VERTEX_POINT('',#3565);
#2786=LINE('',#3566,#3567);
#2787=VERTEX_POINT('',#3569);
#2788=LINE('',#3570,#3571);
#2789=VERTEX_POINT('',#3573);
#2790=CIRCLE('',#3574,5.);
#2791=VERTEX_POINT('',#3578);
#2792=LINE('',#3579,#3580);
#2793=VERTEX_POINT('',#3582);
#2794=CIRCLE('',#3583,5.);
#2795=VERTEX_POINT('',#3587);
#2796=CIRCLE('',#3588,36.);
#2797=VERTEX_POINT('',#3592);
#2798=LINE('',#3593,#3594);
#2799=VERTEX_POINT('',#3596);
#2800=CIRCLE('',#3597,31.1);
#2801=VERTEX_POINT('',#3601);
#2802=CIRCLE('',#3602,31.1);
#2803=VERTEX_POINT('',#3606);
#2804=LINE('',#3607,#3608);
#2805=VERTEX_POINT('',#3610);
#2806=CIRCLE('',#3611,36.);
#2807=VERTEX_POINT('',#3615);
#2808=CIRCLE('',#3616,4.99999999999999);
#2809=LINE('',#3620,#3621);
#2810=VERTEX_POINT('',#3623);
#2811=LINE('',#3624,#3625);
#2812=VERTEX_POINT('',#3627);
#2813=LINE('',#3628,#3629);
#2814=VERTEX_POINT('',#3631);
#2815=CIRCLE('',#3632,5.00000000000001);
#2816=VERTEX_POINT('',#3636);
#2817=CIRCLE('',#3637,36.);
#2818=VERTEX_POINT('',#3641);
#2819=CIRCLE('',#3642,36.);
#2820=VERTEX_POINT('',#3646);
#2821=LINE('',#3647,#3648);
#2822=VERTEX_POINT('',#3650);
#2823=CIRCLE('',#3651,5.);
#2824=LINE('',#3655,#3656);
#2825=VERTEX_POINT('',#3658);
#2826=CIRCLE('',#3659,1.6);
#2827=VERTEX_POINT('',#3663);
#2828=CIRCLE('',#3664,1.6);
#2829=VERTEX_POINT('',#3668);
#2830=(BOUNDED_CURVE()B_SPLINE_CURVE(3,
(#3669,#3670,#3671,#3672),
.UNSPECIFIED.,.F.,.F.)B_SPLINE_CURVE_WITH_KNOTS((4,4),
(0.,1.),
.UNSPECIFIED.)CURVE()GEOMETRIC_REPRESENTATION_ITEM()RATIONAL_B_SPLINE_CURVE((1.,
0.67633050361835,0.67633050361835,1.))REPRESENTATION_ITEM(''));
#2831=VERTEX_POINT('',#3673);
#2832=(BOUNDED_CURVE()B_SPLINE_CURVE(3,
(#3674,#3675,#3676,#3677),
.UNSPECIFIED.,.F.,.F.)B_SPLINE_CURVE_WITH_KNOTS((4,4),
(0.,1.),
.UNSPECIFIED.)CURVE()GEOMETRIC_REPRESENTATION_ITEM()RATIONAL_B_SPLINE_CURVE((1.,
0.92156862745098,0.92156862745098,1.))REPRESENTATION_ITEM(''));
#2833=(BOUNDED_CURVE()B_SPLINE_CURVE(3,
(#3678,#3679,#3680,#3681),
.UNSPECIFIED.,.F.,.F.)B_SPLINE_CURVE_WITH_KNOTS((4,4),
(0.,1.),
.UNSPECIFIED.)CURVE()GEOMETRIC_REPRESENTATION_ITEM()RATIONAL_B_SPLINE_CURVE((1.,
0.676330503618351,0.676330503618351,1.))REPRESENTATION_ITEM(''));
#2834=LINE('',#3682,#3683);
#2835=VERTEX_POINT('',#3685);
#2836=(BOUNDED_CURVE()B_SPLINE_CURVE(3,
(#3686,#3687,#3688,#3689),
.UNSPECIFIED.,.F.,.F.)B_SPLINE_CURVE_WITH_KNOTS((4,4),
(0.,1.),
.UNSPECIFIED.)CURVE()GEOMETRIC_REPRESENTATION_ITEM()RATIONAL_B_SPLINE_CURVE((1.,
0.676330503618351,0.676330503618351,1.))REPRESENTATION_ITEM(''));
#2837=VERTEX_POINT('',#3690);
#2838=(BOUNDED_CURVE()B_SPLINE_CURVE(3,
(#3691,#3692,#3693,#3694),
.UNSPECIFIED.,.F.,.F.)B_SPLINE_CURVE_WITH_KNOTS((4,4),
(0.,1.),
.UNSPECIFIED.)CURVE()GEOMETRIC_REPRESENTATION_ITEM()RATIONAL_B_SPLINE_CURVE((1.,
0.92156862745098,0.92156862745098,1.))REPRESENTATION_ITEM(''));
#2839=(BOUNDED_CURVE()B_SPLINE_CURVE(3,
(#3695,#3696,#3697,#3698),
.UNSPECIFIED.,.F.,.F.)B_SPLINE_CURVE_WITH_KNOTS((4,4),
(0.,1.),
.UNSPECIFIED.)CURVE()GEOMETRIC_REPRESENTATION_ITEM()RATIONAL_B_SPLINE_CURVE((1.,
0.676330503618351,0.676330503618351,1.))REPRESENTATION_ITEM(''));
#2840=LINE('',#3699,#3700);
#2841=LINE('',#3702,#3703);
#2842=LINE('',#3705,#3706);
#2843=LINE('',#3708,#3709);
#2844=LINE('',#3711,#3712);
#2845=VERTEX_POINT('',#3714);
#2846=LINE('',#3715,#3716);
#2847=CIRCLE('',#3718,5.);
#2848=VERTEX_POINT('',#3722);
#2849=CIRCLE('',#3723,93.);
#2850=VERTEX_POINT('',#3727);
#2851=VERTEX_POINT('',#3728);
#2852=LINE('',#3729,#3730);
#2853=VERTEX_POINT('',#3732);
#2854=CIRCLE('',#3733,92.5);
#2855=VERTEX_POINT('',#3737);
#2856=LINE('',#3738,#3739);
#2857=B_SPLINE_CURVE_WITH_KNOTS('',3,
(#3741,#3742,#3743,#3744,#3745,#3746,#3747,#3748,#3749,#3750,#3751,#3752,#3753,#3754,
#3755,#3756,#3757,#3758,#3759,#3760,#3761,#3762,#3763,#3764,#3765,#3766),
.UNSPECIFIED.,.F.,.F.,
(4,2,2,2,2,2,2,2,2,2,2,2,4),
(0.,0.0644940355136773,0.200426953107656,0.20674496145864,0.239147122201701,0.413608010230878,
0.500000000000003,0.586391989769127,0.760852877798304,0.793256641562941,0.799575167230612,
0.935505964486328,1.),
.UNSPECIFIED.);
#2858=VERTEX_POINT('',#3767);
#2859=LINE('',#3768,#3769);
#2860=LINE('',#3771,#3772);
#2861=VERTEX_POINT('',#3774);
#2862=VERTEX_POINT('',#3775);
#2863=LINE('',#3776,#3777);
#2864=VERTEX_POINT('',#3779);
#2865=B_SPLINE_CURVE_WITH_KNOTS('',3,
(#3780,#3781,#3782,#3783,#3784,#3785,#3786,#3787,#3788,#3789,#3790,#3791,#3792,#3793,
#3794,#3795,#3796,#3797,#3798,#3799,#3800,#3801,#3802,#3803,#3804,#3805),
.UNSPECIFIED.,.F.,.F.,
(4,2,2,2,2,2,2,2,2,2,2,2,4),
(0.,0.0644940355136774,0.200424832769392,0.206743358437059,0.239147122201701,0.413608010230878,
0.500000000000003,0.586391989769127,0.760852877798304,0.79325503854136,0.799573046892348,
0.935505964486328,1.),
.UNSPECIFIED.);
#2866=VERTEX_POINT('',#3806);
#2867=LINE('',#3807,#3808);
#2868=CIRCLE('',#3810,92.5);
#2869=VERTEX_POINT('',#3814);
#2870=VERTEX_POINT('',#3815);
#2871=CIRCLE('',#3816,5.);
#2872=VERTEX_POINT('',#3820);
#2873=LINE('',#3821,#3822);
#2874=VERTEX_POINT('',#3824);
#2875=CIRCLE('',#3825,5.);
#2876=LINE('',#3829,#3830);
#2877=VERTEX_POINT('',#3832);
#2878=CIRCLE('',#3833,1.6);
#2879=VERTEX_POINT('',#3837);
#2880=CIRCLE('',#3838,1.6);
#2881=VERTEX_POINT('',#3842);
#2882=CIRCLE('',#3843,1.6);
#2883=VERTEX_POINT('',#3847);
#2884=CIRCLE('',#3848,1.6);
#2885=VERTEX_POINT('',#3852);
#2886=VERTEX_POINT('',#3853);
#2887=LINE('',#3854,#3855);
#2888=VERTEX_POINT('',#3857);
#2889=LINE('',#3858,#3859);
#2890=VERTEX_POINT('',#3861);
#2891=LINE('',#3862,#3863);
#2892=LINE('',#3865,#3866);
#2893=CIRCLE('',#3868,5.00000000000001);
#2894=VERTEX_POINT('',#3872);
#2895=LINE('',#3873,#3874);
#2896=VERTEX_POINT('',#3876);
#2897=LINE('',#3877,#3878);
#2898=VERTEX_POINT('',#3880);
#2899=LINE('',#3881,#3882);
#2900=VERTEX_POINT('',#3884);
#2901=LINE('',#3885,#3886);
#2902=LINE('',#3888,#3889);
#2903=VERTEX_POINT('',#3891);
#2904=CIRCLE('',#3892,18.6);
#2905=VERTEX_POINT('',#3896);
#2906=CIRCLE('',#3897,5.);
#2907=LINE('',#3901,#3902);
#2908=(BOUNDED_CURVE()B_SPLINE_CURVE(3,
(#3904,#3905,#3906,#3907),
.UNSPECIFIED.,.F.,.F.)B_SPLINE_CURVE_WITH_KNOTS((4,4),
(0.,1.),
.UNSPECIFIED.)CURVE()GEOMETRIC_REPRESENTATION_ITEM()RATIONAL_B_SPLINE_CURVE((1.,
0.977283884192714,0.977283884192714,1.))REPRESENTATION_ITEM(''));
#2909=LINE('',#3908,#3909);
#2910=VERTEX_POINT('',#3911);
#2911=VERTEX_POINT('',#3912);
#2912=CIRCLE('',#3913,36.);
#2913=LINE('',#3917,#3918);
#2914=VERTEX_POINT('',#3920);
#2915=B_SPLINE_CURVE_WITH_KNOTS('',3,
(#3921,#3922,#3923,#3924,#3925,#3926,#3927,#3928,#3929,#3930,#3931,#3932,#3933,#3934,
#3935,#3936,#3937,#3938,#3939,#3940,#3941,#3942,#3943,#3944,#3945,#3946,#3947,#3948,
#3949,#3950),
.UNSPECIFIED.,.F.,.F.,
(4,1,1,1,1,1,1,1,1,1,1,1,1,1,1,1,1,1,1,1,1,1,1,1,1,1,1,4),
(0.,0.0341383952496798,0.0644689488428067,0.0919475306972712,0.116574140813073,0.145459718207993,
0.177524548087897,0.213238537783931,0.256413766992395,0.300456111674635,0.34630510929476,
0.388422364796428,0.430036518014098,0.470927311480293,0.511217329117586,0.551161446941639,
0.590583492183358,0.631315131475966,0.671529783446801,0.709868588277574,0.742800513411302,
0.782419934905219,0.821755446904282,0.85975881527671,0.890732972655078,0.92636297767797,
0.963230744877067,1.),
.UNSPECIFIED.);
#2916=VERTEX_POINT('',#3951);
#2917=B_SPLINE_CURVE_WITH_KNOTS('',3,
(#3952,#3953,#3954,#3955,#3956,#3957,#3958,#3959,#3960,#3961),
.UNSPECIFIED.,.F.,.F.,
(4,1,1,1,1,1,1,4),
(0.,0.20086086251194,0.381419211184214,0.538629890520565,0.690836589964312,0.841193461761955,
0.941544105547185,1.),
.UNSPECIFIED.);
#2918=B_SPLINE_CURVE_WITH_KNOTS('',3,
(#3962,#3963,#3964,#3965,#3966,#3967,#3968,#3969,#3970,#3971,#3972,#3973,#3974,#3975,
#3976,#3977,#3978,#3979,#3980,#3981,#3982,#3983,#3984,#3985,#3986,#3987),
.UNSPECIFIED.,.F.,.F.,
(4,1,1,1,1,1,1,1,1,1,1,1,1,1,1,1,1,1,1,1,1,1,1,4),
(0.,0.0749119123086096,0.141722174576289,0.198882561882661,0.245169845284394,0.28868567482242,
0.33018586693338,0.370627891556096,0.410011748690569,0.449327132636791,0.489742802074601,
0.531258757004,0.574388508962504,0.618229058274783,0.662965468156647,0.707217385224548,
0.750984809478484,0.794177936044059,0.837747392197558,0.875307243956918,0.904943096897431,
0.932087309031141,0.963166564704231,1.),
.UNSPECIFIED.);
#2919=LINE('',#3988,#3989);
#2920=LINE('',#3991,#3992);
#2921=VERTEX_POINT('',#3994);
#2922=CIRCLE('',#3995,36.);
#2923=VERTEX_POINT('',#3999);
#2924=B_SPLINE_CURVE_WITH_KNOTS('',3,
(#4000,#4001,#4002,#4003,#4004,#4005,#4006,#4007,#4008,#4009,#4010,#4011,#4012,#4013,
#4014,#4015,#4016,#4017,#4018,#4019,#4020,#4021,#4022,#4023,#4024,#4025,#4026,#4027,
#4028,#4029,#4030,#4031,#4032,#4033,#4034,#4035,#4036,#4037,#4038,#4039,#4040),
.UNSPECIFIED.,.F.,.F.,
(4,1,1,1,1,1,1,1,1,1,1,1,1,1,1,1,1,1,1,1,1,1,1,1,1,1,1,1,1,1,1,1,1,1,1,1,1,1,4),
(0.,0.0294179190283942,0.059012899236596,0.088719349271534,0.118424443141526,0.148075132108246,
0.177623395689198,0.207092676463601,0.236417825215358,0.265679127706737,0.294765270935779,
0.32372855381288,0.35251174474009,0.381227575926326,0.409822116014152,0.438357198696241,
0.466840978274887,0.495334773087723,0.52360779433917,0.551654953975999,0.579247337674851,
0.606612476035906,0.633296239125625,0.659526148898616,0.693446940963109,0.726448254411061,
0.758527697183687,0.781069888862572,0.803138118548859,0.824015923487364,0.8441757981631,
0.869602348074366,0.894290947701321,0.918241740562964,0.935224144013131,0.951964809469441,
0.968218942798909,0.984230241680645,1.),
.UNSPECIFIED.);
#2925=VERTEX_POINT('',#4041);
#2926=B_SPLINE_CURVE_WITH_KNOTS('',3,
(#4042,#4043,#4044,#4045,#4046,#4047,#4048,#4049,#4050,#4051,#4052,#4053,#4054,#4055,
#4056,#4057,#4058,#4059,#4060,#4061,#4062,#4063,#4064,#4065,#4066,#4067,#4068,#4069,
#4070,#4071,#4072,#4073),
.UNSPECIFIED.,.F.,.F.,
(4,1,1,1,1,1,1,1,1,1,1,1,1,1,1,1,1,1,1,1,1,1,1,1,1,1,1,1,1,4),
(0.,0.0233946091412217,0.0496188494336539,0.078663226510216,0.121525346821539,0.164750623288006,
0.20835136993332,0.238834206801894,0.266812462819604,0.300967706486823,0.338209516230655,
0.378539372946544,0.430528387864757,0.49964856069748,0.57999126232794,0.639939801400531,
0.679615760869543,0.704860999292805,0.730040422124819,0.755047637865909,0.779951586020184,
0.804710943827906,0.829433618797949,0.85403792461803,0.878563119276909,0.902966401923353,
0.927326258429564,0.95159930107021,0.975824770747712,1.),
.UNSPECIFIED.);
#2927=VERTEX_POINT('',#4074);
#2928=LINE('',#4075,#4076);
#2929=B_SPLINE_CURVE_WITH_KNOTS('',3,
(#4078,#4079,#4080,#4081,#4082,#4083,#4084,#4085,#4086,#4087,#4088,#4089,#4090,#4091,
#4092,#4093,#4094,#4095,#4096,#4097,#4098,#4099,#4100,#4101,#4102,#4103,#4104,#4105,
#4106,#4107,#4108,#4109,#4110,#4111,#4112,#4113,#4114,#4115,#4116,#4117,#4118,#4119,
#4120,#4121,#4122,#4123,#4124,#4125,#4126,#4127,#4128,#4129,#4130,#4131),
.UNSPECIFIED.,.F.,.F.,
(4,1,1,1,1,1,1,1,1,1,1,1,1,1,1,1,1,1,1,1,1,1,1,1,1,1,1,1,1,1,1,1,1,1,1,1,1,1,1,1,
1,1,1,1,1,1,1,1,1,1,1,4),
(0.,0.0214590893601191,0.0429513777101206,0.0644598841103377,0.0859697789719129,
0.107483360060605,0.129020622592819,0.15057816575538,0.172166379017374,0.193764727550148,
0.217951447173824,0.244713179022197,0.28412236868588,0.323823181959105,0.363812036726449,
0.391488014491043,0.416633851155839,0.439133528092112,0.461519038105219,0.483485383330655,
0.505147437445276,0.533245952762765,0.560736006401711,0.587621060464243,0.60693322196805,
0.626017893596974,0.650615457977469,0.674895677538179,0.698855609887526,0.716464494219677,
0.733780181767866,0.750553644018185,0.767078625922338,0.7828937801052,0.798247826322402,
0.81292824172997,0.827394705237892,0.841185540620616,0.854513021960264,0.867125405887705,
0.879487151728191,0.891299329451279,0.902814834114868,0.913988655844214,0.925119560115486,
0.936111102030689,0.947004608645577,0.95775642666556,0.968473325910849,0.979075295434366,
0.989587845656979,1.),
.UNSPECIFIED.);
#2930=CIRCLE('',#4132,31.1);
#2931=VERTEX_POINT('',#4136);
#2932=CIRCLE('',#4137,31.1);
#2933=VERTEX_POINT('',#4141);
#2934=B_SPLINE_CURVE_WITH_KNOTS('',3,
(#4142,#4143,#4144,#4145,#4146,#4147,#4148,#4149,#4150,#4151,#4152,#4153,#4154,#4155,
#4156,#4157,#4158,#4159,#4160,#4161,#4162,#4163,#4164,#4165,#4166,#4167,#4168,#4169,
#4170,#4171,#4172,#4173,#4174,#4175,#4176,#4177,#4178,#4179,#4180,#4181,#4182,#4183,
#4184),
.UNSPECIFIED.,.F.,.F.,
(4,1,1,1,1,1,1,1,1,1,1,1,1,1,1,1,1,1,1,1,1,1,1,1,1,1,1,1,1,1,1,1,1,1,1,1,1,1,1,1,
4),
(0.,0.0213990228668053,0.0429076101818885,0.064526966966164,0.0863743686325581,0.108337230581517,
0.130657040866143,0.153216460091912,0.176141718871937,0.199190073555779,0.222707367646322,
0.246572017817269,0.27100518918713,0.295662865406929,0.320864567270429,0.346387071294472,
0.372327924296461,0.398366057567499,0.424657505037263,0.451104355605165,0.477764630713215,
0.504482972255436,0.531270599515596,0.558068059487423,0.584827967720325,0.611537341901134,
0.638090898957298,0.664537214785605,0.690818675952108,0.717046810962686,0.743136506481606,
0.769148044816152,0.795062065662519,0.820964795713972,0.846790923367158,0.872549258397935,
0.898224638935853,0.923898803769478,0.949427991003419,0.974813654057535,1.),
.UNSPECIFIED.);
#2935=VERTEX_POINT('',#4185);
#2936=B_SPLINE_CURVE_WITH_KNOTS('',3,
(#4186,#4187,#4188,#4189,#4190,#4191,#4192,#4193,#4194,#4195,#4196,#4197,#4198,#4199,
#4200,#4201,#4202,#4203,#4204,#4205,#4206,#4207,#4208,#4209,#4210,#4211,#4212,#4213,
#4214,#4215,#4216,#4217,#4218,#4219,#4220,#4221,#4222,#4223,#4224,#4225,#4226,#4227,
#4228,#4229,#4230,#4231,#4232,#4233,#4234,#4235,#4236,#4237,#4238,#4239),
.UNSPECIFIED.,.F.,.F.,
(4,1,1,1,1,1,1,1,1,1,1,1,1,1,1,1,1,1,1,1,1,1,1,1,1,1,1,1,1,1,1,1,1,1,1,1,1,1,1,1,
1,1,1,1,1,1,1,1,1,1,1,4),
(0.,0.0214590893601177,0.042951377710121,0.0644598841103384,0.0859697789719176,0.107483360060609,
0.129020622592821,0.150578165755384,0.172166379017377,0.19376472755015,0.217951447173826,
0.244713179022201,0.284122368685883,0.32382318195911,0.363812036726457,0.391488014491052,
0.416633851155849,0.439133528092124,0.46151903810523,0.483485383330664,0.505147437445286,
0.533245952762778,0.560736006401727,0.587621060464258,0.606933221968063,0.62601789359699,
0.650615457977482,0.674895677538194,0.698855609887541,0.716464494219692,0.733780181767881,
0.7505536440182,0.767078625922355,0.782893780105212,0.798247826322418,0.812928241729984,
0.827394705237904,0.841185540620629,0.854513021960278,0.867125405887717,0.879487151728204,
0.891299329451288,0.902814834114878,0.913988655844221,0.925119560115491,0.936111102030696,
0.947004608645583,0.957756426665569,0.968473325910857,0.979075295434378,0.989587845656986,
1.),
.UNSPECIFIED.);
#2937=VERTEX_POINT('',#4240);
#2938=LINE('',#4241,#4242);
#2939=B_SPLINE_CURVE_WITH_KNOTS('',3,
(#4244,#4245,#4246,#4247,#4248,#4249,#4250,#4251,#4252,#4253,#4254,#4255,#4256,#4257,
#4258,#4259,#4260,#4261,#4262,#4263,#4264,#4265,#4266,#4267,#4268,#4269,#4270,#4271,
#4272,#4273,#4274,#4275),
.UNSPECIFIED.,.F.,.F.,
(4,1,1,1,1,1,1,1,1,1,1,1,1,1,1,1,1,1,1,1,1,1,1,1,1,1,1,1,1,4),
(0.,0.0233946091411954,0.0496188494336111,0.0786632265101686,0.121525346821543,0.164750623288134,
0.20835136993368,0.238834206802466,0.266812462820373,0.300967706487742,0.338209516231475,
0.378539372946902,0.430528387863951,0.49964856069586,0.579991262328832,0.639939801407157,
0.679615760881695,0.7048609993075,0.730040422140831,0.755047637879389,0.779951586027468,
0.804710943822585,0.829433618775471,0.854037924573532,0.878563119207755,0.902966401826194,
0.927326258301075,0.951599300927261,0.97582477064783,1.),
.UNSPECIFIED.);
#2940=VERTEX_POINT('',#4276);
#2941=CIRCLE('',#4277,5.00000000000002);
#2942=LINE('',#4281,#4282);
#2943=VERTEX_POINT('',#4284);
#2944=LINE('',#4285,#4286);
#2945=LINE('',#4288,#4289);
#2946=VERTEX_POINT('',#4291);
#2947=LINE('',#4292,#4293);
#2948=CIRCLE('',#4295,5.);
#2949=VERTEX_POINT('',#4299);
#2950=LINE('',#4300,#4301);
#2951=VERTEX_POINT('',#4303);
#2952=LINE('',#4304,#4305);
#2953=VERTEX_POINT('',#4307);
#2954=LINE('',#4308,#4309);
#2955=LINE('',#4311,#4312);
#2956=CIRCLE('',#4314,4.99999999999999);
#2957=CIRCLE('',#4318,5.);
#2958=VERTEX_POINT('',#4322);
#2959=CIRCLE('',#4323,1.6);
#2960=VERTEX_POINT('',#4327);
#2961=CIRCLE('',#4328,1.6);
#2962=VERTEX_POINT('',#4332);
#2963=CIRCLE('',#4333,1.6);
#2964=VERTEX_POINT('',#4337);
#2965=CIRCLE('',#4338,1.6);
#2966=VERTEX_POINT('',#4342);
#2967=CIRCLE('',#4343,18.6);
#2968=CIRCLE('',#4347,4.99999999999999);
#2969=VERTEX_POINT('',#4351);
#2970=CIRCLE('',#4352,5.00000000000001);
#2971=CIRCLE('',#4356,5.00000000000001);
#2972=VERTEX_POINT('',#4360);
#2973=CIRCLE('',#4361,5.);
#2974=LINE('',#4365,#4366);
#2975=VERTEX_POINT('',#4368);
#2976=CIRCLE('',#4369,1.6);
#2977=VERTEX_POINT('',#4373);
#2978=CIRCLE('',#4374,1.6);
#2979=VERTEX_POINT('',#4378);
#2980=CIRCLE('',#4379,1.6);
#2981=VERTEX_POINT('',#4383);
#2982=CIRCLE('',#4384,1.6);
#2983=VERTEX_POINT('',#4388);
#2984=CIRCLE('',#4389,12.5);
#2985=VERTEX_POINT('',#4393);
#2986=(BOUNDED_CURVE()B_SPLINE_CURVE(3,
(#4394,#4395,#4396,#4397),
.UNSPECIFIED.,.F.,.F.)B_SPLINE_CURVE_WITH_KNOTS((4,4),
(0.,1.),
.UNSPECIFIED.)CURVE()GEOMETRIC_REPRESENTATION_ITEM()RATIONAL_B_SPLINE_CURVE((1.,
0.804737854124365,0.804737854124365,1.))REPRESENTATION_ITEM(''));
#2987=LINE('',#4398,#4399);
#2988=VERTEX_POINT('',#4401);
#2989=(BOUNDED_CURVE()B_SPLINE_CURVE(3,
(#4402,#4403,#4404,#4405),
.UNSPECIFIED.,.F.,.F.)B_SPLINE_CURVE_WITH_KNOTS((4,4),
(0.,1.),
.UNSPECIFIED.)CURVE()GEOMETRIC_REPRESENTATION_ITEM()RATIONAL_B_SPLINE_CURVE((1.,
0.977283884192714,0.977283884192714,1.))REPRESENTATION_ITEM(''));
#2990=CIRCLE('',#4406,5.);
#2991=VERTEX_POINT('',#4410);
#2992=LINE('',#4411,#4412);
#2993=LINE('',#4414,#4415);
#2994=(BOUNDED_CURVE()B_SPLINE_CURVE(3,
(#4417,#4418,#4419,#4420),
.UNSPECIFIED.,.F.,.F.)B_SPLINE_CURVE_WITH_KNOTS((4,4),
(0.,1.),
.UNSPECIFIED.)CURVE()GEOMETRIC_REPRESENTATION_ITEM()RATIONAL_B_SPLINE_CURVE((1.,
0.804737854124365,0.804737854124365,1.))REPRESENTATION_ITEM(''));
#2995=CIRCLE('',#4421,5.);
#2996=CIRCLE('',#4425,5.);
#2997=(BOUNDED_CURVE()B_SPLINE_CURVE(3,
(#4429,#4430,#4431,#4432),
.UNSPECIFIED.,.F.,.F.)B_SPLINE_CURVE_WITH_KNOTS((4,4),
(0.,1.),
.UNSPECIFIED.)CURVE()GEOMETRIC_REPRESENTATION_ITEM()RATIONAL_B_SPLINE_CURVE((1.,
0.804737854124365,0.804737854124365,1.))REPRESENTATION_ITEM(''));
#2998=VERTEX_POINT('',#4433);
#2999=(BOUNDED_CURVE()B_SPLINE_CURVE(3,
(#4434,#4435,#4436,#4437),
.UNSPECIFIED.,.F.,.F.)B_SPLINE_CURVE_WITH_KNOTS((4,4),
(0.,1.),
.UNSPECIFIED.)CURVE()GEOMETRIC_REPRESENTATION_ITEM()RATIONAL_B_SPLINE_CURVE((1.,
0.977283884192714,0.977283884192714,1.))REPRESENTATION_ITEM(''));
#3000=CIRCLE('',#4438,5.);
#3001=LINE('',#4442,#4443);
#3002=LINE('',#4445,#4446);
#3003=LINE('',#4448,#4449);
#3004=VERTEX_POINT('',#4451);
#3005=B_SPLINE_CURVE_WITH_KNOTS('',3,
(#4452,#4453,#4454,#4455,#4456,#4457,#4458,#4459,#4460,#4461,#4462,#4463,#4464,#4465,
#4466,#4467,#4468,#4469,#4470,#4471,#4472,#4473,#4474,#4475,#4476,#4477),
.UNSPECIFIED.,.F.,.F.,
(4,1,1,1,1,1,1,1,1,1,1,1,1,1,1,1,1,1,1,1,1,1,1,4),
(0.,0.0749119123034683,0.141722174566014,0.198882561866686,0.245169845261241,0.288685674790601,
0.330185866892369,0.370627891507751,0.410011748636748,0.449327132581393,0.489742802022777,
0.531258756960898,0.574388508931826,0.618229058257508,0.662965468152261,0.707217385229118,
0.750984809488078,0.794177936055794,0.837747392206438,0.875307243962107,0.904943096899209,
0.932087309056984,0.963166564729708,1.),
.UNSPECIFIED.);
#3006=VERTEX_POINT('',#4478);
#3007=B_SPLINE_CURVE_WITH_KNOTS('',3,
(#4479,#4480,#4481,#4482,#4483,#4484,#4485,#4486,#4487,#4488),
.UNSPECIFIED.,.F.,.F.,
(4,1,1,1,1,1,1,4),
(0.,0.200860862509938,0.381419211178966,0.538629890520106,0.690836589977544,0.841193461804188,
0.94154410558505,1.),
.UNSPECIFIED.);
#3008=B_SPLINE_CURVE_WITH_KNOTS('',3,
(#4489,#4490,#4491,#4492,#4493,#4494,#4495,#4496,#4497,#4498,#4499,#4500,#4501,#4502,
#4503,#4504,#4505,#4506,#4507,#4508,#4509,#4510,#4511,#4512,#4513,#4514,#4515,#4516,
#4517,#4518),
.UNSPECIFIED.,.F.,.F.,
(4,1,1,1,1,1,1,1,1,1,1,1,1,1,1,1,1,1,1,1,1,1,1,1,1,1,1,4),
(0.,0.0341383952536563,0.0644689488504322,0.0919475307082704,0.116574140827171,0.145459718224434,
0.177524548105901,0.213238537801144,0.256413767018731,0.30045611170808,0.346305109331024,
0.388422364830447,0.430036518046935,0.470927311515943,0.511217329150345,0.551161446972616,
0.590583492218839,0.631315131490972,0.671529783437904,0.709868588241433,0.742800513374856,
0.782419934950781,0.821755447023987,0.859758815468358,0.890732972844205,0.926362977881165,
0.963230745019121,1.),
.UNSPECIFIED.);
#3009=VERTEX_POINT('',#4519);
#3010=LINE('',#4520,#4521);
#3011=VERTEX_POINT('',#4523);
#3012=CIRCLE('',#4524,36.);
#3013=LINE('',#4528,#4529);
#3014=VERTEX_POINT('',#4531);
#3015=CIRCLE('',#4532,36.);
#3016=VERTEX_POINT('',#4536);
#3017=VERTEX_POINT('',#4537);
#3018=LINE('',#4538,#4539);
#3019=(BOUNDED_CURVE()B_SPLINE_CURVE(3,
(#4541,#4542,#4543,#4544),
.UNSPECIFIED.,.F.,.F.)B_SPLINE_CURVE_WITH_KNOTS((4,4),
(0.,1.),
.UNSPECIFIED.)CURVE()GEOMETRIC_REPRESENTATION_ITEM()RATIONAL_B_SPLINE_CURVE((1.,
0.977283884192714,0.977283884192714,1.))REPRESENTATION_ITEM(''));
#3020=LINE('',#4545,#4546);
#3021=VERTEX_POINT('',#4548);
#3022=CIRCLE('',#4549,5.);
#3023=(BOUNDED_CURVE()B_SPLINE_CURVE(3,
(#4553,#4554,#4555,#4556),
.UNSPECIFIED.,.F.,.F.)B_SPLINE_CURVE_WITH_KNOTS((4,4),
(0.,1.),
.UNSPECIFIED.)CURVE()GEOMETRIC_REPRESENTATION_ITEM()RATIONAL_B_SPLINE_CURVE((1.,
0.804737854124365,0.804737854124365,1.))REPRESENTATION_ITEM(''));
#3024=LINE('',#4557,#4558);
#3025=VERTEX_POINT('',#4560);
#3026=CIRCLE('',#4561,5.);
#3027=LINE('',#4565,#4566);
#3028=VERTEX_POINT('',#4568);
#3029=LINE('',#4569,#4570);
#3030=LINE('',#4572,#4573);
#3031=CIRCLE('',#4575,5.00000000000001);
#3032=VERTEX_POINT('',#4579);
#3033=B_SPLINE_CURVE_WITH_KNOTS('',3,
(#4580,#4581,#4582,#4583,#4584,#4585,#4586,#4587,#4588,#4589,#4590,#4591,#4592,#4593,
#4594,#4595,#4596,#4597,#4598,#4599,#4600,#4601,#4602,#4603,#4604,#4605,#4606,#4607,
#4608,#4609,#4610,#4611,#4612,#4613,#4614,#4615,#4616,#4617,#4618,#4619,#4620,#4621,
#4622),
.UNSPECIFIED.,.F.,.F.,
(4,1,1,1,1,1,1,1,1,1,1,1,1,1,1,1,1,1,1,1,1,1,1,1,1,1,1,1,1,1,1,1,1,1,1,1,1,1,1,1,
4),
(0.,0.0213990228667963,0.042907610181873,0.0645269669661394,0.0863743686325344,0.108337230581497,
0.130657040866121,0.153216460091899,0.176141718871924,0.199190073555769,0.2227073676463,
0.246572017817254,0.271005189187108,0.295662865406915,0.32086456727041,0.346387071294458,
0.372327924296445,0.398366057567474,0.424657505037244,0.451104355605158,0.477764630713205,
0.504482972255417,0.531270599515579,0.558068059487407,0.584827967720315,0.611537341901126,
0.638090898957297,0.664537214785607,0.690818675952114,0.717046810962687,0.743136506481598,
0.769148044816143,0.795062065662515,0.820964795713967,0.846790923367149,0.872549258397938,
0.898224638935856,0.92389880376948,0.949427991003425,0.974813654057537,1.),
.UNSPECIFIED.);
#3034=VERTEX_POINT('',#4623);
#3035=B_SPLINE_CURVE_WITH_KNOTS('',3,
(#4624,#4625,#4626,#4627,#4628,#4629,#4630,#4631,#4632,#4633,#4634,#4635,#4636,#4637,
#4638,#4639,#4640,#4641,#4642,#4643,#4644,#4645,#4646,#4647,#4648,#4649,#4650,#4651,
#4652,#4653,#4654,#4655),
.UNSPECIFIED.,.F.,.F.,
(4,1,1,1,1,1,1,1,1,1,1,1,1,1,1,1,1,1,1,1,1,1,1,1,1,1,1,1,1,4),
(0.,0.023394609141201,0.0496188494336146,0.078663226510174,0.121525346821544,0.164750623288143,
0.208351369933686,0.238834206802474,0.266812462820381,0.300967706487752,0.338209516231483,
0.378539372946909,0.430528387863956,0.49964856069587,0.57999126232883,0.63993980140715,
0.679615760881689,0.704860999307492,0.73004042214083,0.755047637879385,0.779951586027468,
0.804710943822582,0.829433618775467,0.854037924573533,0.878563119207754,0.902966401826194,
0.927326258301074,0.95159930092726,0.975824770647835,1.),
.UNSPECIFIED.);
#3036=VERTEX_POINT('',#4656);
#3037=LINE('',#4657,#4658);
#3038=B_SPLINE_CURVE_WITH_KNOTS('',3,
(#4660,#4661,#4662,#4663,#4664,#4665,#4666,#4667,#4668,#4669,#4670,#4671,#4672,#4673,
#4674,#4675,#4676,#4677,#4678,#4679,#4680,#4681,#4682,#4683,#4684,#4685,#4686,#4687,
#4688,#4689,#4690,#4691,#4692,#4693,#4694,#4695,#4696,#4697,#4698,#4699,#4700,#4701,
#4702,#4703,#4704,#4705,#4706,#4707,#4708,#4709,#4710,#4711,#4712,#4713),
.UNSPECIFIED.,.F.,.F.,
(4,1,1,1,1,1,1,1,1,1,1,1,1,1,1,1,1,1,1,1,1,1,1,1,1,1,1,1,1,1,1,1,1,1,1,1,1,1,1,1,
1,1,1,1,1,1,1,1,1,1,1,4),
(0.,0.0214590893601198,0.042951377710123,0.0644598841103378,0.0859697789719152,0.10748336006061,
0.129020622592822,0.150578165755386,0.172166379017379,0.193764727550152,0.217951447173829,
0.244713179022205,0.284122368685889,0.323823181959114,0.363812036726461,0.391488014491056,
0.416633851155853,0.439133528092125,0.461519038105229,0.483485383330666,0.50514743744529,
0.533245952762781,0.560736006401728,0.587621060464262,0.606933221968065,0.626017893596992,
0.650615457977485,0.674895677538195,0.69885560988754,0.71646449421969,0.733780181767881,
0.7505536440182,0.767078625922355,0.782893780105216,0.798247826322422,0.812928241729988,
0.827394705237908,0.841185540620634,0.854513021960282,0.86712540588772,0.879487151728205,
0.891299329451292,0.902814834114879,0.913988655844225,0.925119560115494,0.9361111020307,
0.947004608645591,0.957756426665574,0.968473325910864,0.979075295434379,0.989587845656986,
1.),
.UNSPECIFIED.);
#3039=CIRCLE('',#4714,31.1);
#3040=VERTEX_POINT('',#4718);
#3041=CIRCLE('',#4719,31.1);
#3042=VERTEX_POINT('',#4723);
#3043=B_SPLINE_CURVE_WITH_KNOTS('',3,
(#4724,#4725,#4726,#4727,#4728,#4729,#4730,#4731,#4732,#4733,#4734,#4735,#4736,#4737,
#4738,#4739,#4740,#4741,#4742,#4743,#4744,#4745,#4746,#4747,#4748,#4749,#4750,#4751,
#4752,#4753,#4754,#4755,#4756,#4757,#4758,#4759,#4760,#4761,#4762,#4763,#4764),
.UNSPECIFIED.,.F.,.F.,
(4,1,1,1,1,1,1,1,1,1,1,1,1,1,1,1,1,1,1,1,1,1,1,1,1,1,1,1,1,1,1,1,1,1,1,1,1,1,4),
(0.,0.029417919028395,0.0590128992365968,0.088719349271534,0.118424443141522,0.148075132108243,
0.177623395689195,0.207092676463599,0.236417825215363,0.265679127706737,0.294765270935782,
0.323728553812881,0.352511744740087,0.381227575926322,0.409822116014154,0.438357198696239,
0.466840978274882,0.495334773087715,0.523607794339154,0.551654953975986,0.579247337674842,
0.606612476035903,0.633296239125624,0.659526148898614,0.693446940963108,0.726448254411057,
0.758527697183688,0.781069888862572,0.803138118548862,0.824015923487368,0.844175798163101,
0.869602348074368,0.894290947701317,0.918241740562961,0.935224144013126,0.951964809469438,
0.968218942798907,0.984230241680643,1.),
.UNSPECIFIED.);
#3044=VERTEX_POINT('',#4765);
#3045=B_SPLINE_CURVE_WITH_KNOTS('',3,
(#4766,#4767,#4768,#4769,#4770,#4771,#4772,#4773,#4774,#4775,#4776,#4777,#4778,#4779,
#4780,#4781,#4782,#4783,#4784,#4785,#4786,#4787,#4788,#4789,#4790,#4791,#4792,#4793,
#4794,#4795,#4796,#4797,#4798,#4799,#4800,#4801,#4802,#4803,#4804,#4805,#4806,#4807,
#4808,#4809,#4810,#4811,#4812,#4813,#4814,#4815,#4816,#4817,#4818,#4819),
.UNSPECIFIED.,.F.,.F.,
(4,1,1,1,1,1,1,1,1,1,1,1,1,1,1,1,1,1,1,1,1,1,1,1,1,1,1,1,1,1,1,1,1,1,1,1,1,1,1,1,
1,1,1,1,1,1,1,1,1,1,1,4),
(0.,0.0214590893601158,0.0429513777101193,0.0644598841103358,0.0859697789719165,
0.107483360060609,0.129020622592822,0.150578165755385,0.172166379017378,0.193764727550152,
0.217951447173828,0.244713179022203,0.284122368685885,0.323823181959111,0.363812036726452,
0.391488014491046,0.416633851155843,0.439133528092116,0.461519038105222,0.483485383330658,
0.505147437445277,0.533245952762767,0.560736006401716,0.587621060464248,0.606933221968051,
0.626017893596978,0.650615457977469,0.674895677538181,0.698855609887527,0.716464494219681,
0.73378018176787,0.750553644018191,0.767078625922342,0.782893780105201,0.798247826322405,
0.81292824172997,0.82739470523789,0.841185540620618,0.854513021960265,0.867125405887704,
0.879487151728192,0.891299329451281,0.902814834114869,0.913988655844216,0.92511956011549,
0.936111102030696,0.947004608645581,0.957756426665564,0.968473325910851,0.979075295434369,
0.98958784565698,1.),
.UNSPECIFIED.);
#3046=VERTEX_POINT('',#4820);
#3047=LINE('',#4821,#4822);
#3048=B_SPLINE_CURVE_WITH_KNOTS('',3,
(#4824,#4825,#4826,#4827,#4828,#4829,#4830,#4831,#4832,#4833,#4834,#4835,#4836,#4837,
#4838,#4839,#4840,#4841,#4842,#4843,#4844,#4845,#4846,#4847,#4848,#4849,#4850,#4851,
#4852,#4853,#4854,#4855),
.UNSPECIFIED.,.F.,.F.,
(4,1,1,1,1,1,1,1,1,1,1,1,1,1,1,1,1,1,1,1,1,1,1,1,1,1,1,1,1,4),
(0.,0.0233946091412293,0.0496188494336618,0.0786632265102245,0.121525346821543,0.16475062328801,
0.208351369933321,0.238834206801896,0.266812462819601,0.300967706486823,0.338209516230652,
0.378539372946535,0.430528387864747,0.499648560697477,0.579991262327933,0.639939801400523,
0.679615760869527,0.704860999292793,0.730040422124806,0.7550476378659,0.779951586020176,
0.804710943827903,0.829433618797941,0.854037924618027,0.878563119276905,0.902966401923353,
0.927326258429572,0.951599301070212,0.975824770747715,1.),
.UNSPECIFIED.);
#3049=VERTEX_POINT('',#4856);
#3050=CIRCLE('',#4857,93.);
#3051=VERTEX_POINT('',#4861);
#3052=B_SPLINE_CURVE_WITH_KNOTS('',3,
(#4862,#4863,#4864,#4865,#4866,#4867,#4868,#4869,#4870,#4871,#4872,#4873,#4874,#4875,
#4876,#4877,#4878,#4879,#4880,#4881,#4882,#4883,#4884,#4885,#4886,#4887,#4888,#4889,
#4890,#4891,#4892,#4893,#4894,#4895,#4896,#4897,#4898,#4899,#4900,#4901,#4902,#4903,
#4904,#4905,#4906,#4907,#4908,#4909,#4910,#4911,#4912,#4913,#4914,#4915,#4916,#4917,
#4918,#4919,#4920),
.UNSPECIFIED.,.F.,.F.,
(4,1,1,1,1,1,1,1,1,1,1,1,1,1,1,1,1,1,1,1,1,1,1,1,1,1,1,1,1,1,1,1,1,1,1,1,1,1,1,1,
1,1,1,1,1,1,1,1,1,1,1,1,1,1,1,1,4),
(0.,0.0101489415068827,0.0203258505320756,0.03051758620936,0.0407239878781107,0.0509434022920352,
0.061178062027506,0.0714209291979446,0.0816694537974749,0.0919121508775555,0.102166398974601,
0.11243584891689,0.122742431097218,0.13306875584783,0.143464058143679,0.153906819122236,
0.164424032420996,0.174969177666674,0.186868529775504,0.20009557762105,0.214747463044518,
0.22949894835493,0.244455864766246,0.259517407794511,0.273590109237708,0.286575306323826,
0.298593316024842,0.310731401858559,0.323184500771196,0.335830440034829,0.353116992053838,
0.370776706293982,0.388804812661365,0.402954774102676,0.417307879894218,0.434012020763436,
0.452861815134191,0.476458882291003,0.50266427004664,0.542394826206405,0.581509977567302,
0.620024894981549,0.645430393756045,0.66926059106035,0.691872159503544,0.714837613831688,
0.73867211538003,0.763014303353455,0.788016272280774,0.813162053137293,0.838789832246373,
0.864752965960508,0.891244716461759,0.917941369392139,0.945051748558422,0.972400446338943,
1.),
.UNSPECIFIED.);
#3053=VERTEX_POINT('',#4921);
#3054=LINE('',#4922,#4923);
#3055=B_SPLINE_CURVE_WITH_KNOTS('',3,
(#4925,#4926,#4927,#4928,#4929,#4930,#4931,#4932,#4933,#4934,#4935,#4936,#4937,#4938,
#4939,#4940,#4941,#4942,#4943,#4944,#4945,#4946,#4947,#4948,#4949,#4950,#4951,#4952,
#4953,#4954,#4955,#4956,#4957,#4958,#4959,#4960,#4961,#4962,#4963,#4964,#4965,#4966,
#4967,#4968,#4969,#4970,#4971,#4972,#4973,#4974,#4975,#4976,#4977,#4978,#4979,#4980,
#4981,#4982,#4983,#4984,#4985,#4986,#4987,#4988),
.UNSPECIFIED.,.F.,.F.,
(4,1,1,1,1,1,1,1,1,1,1,1,1,1,1,1,1,1,1,1,1,1,1,1,1,1,1,1,1,1,1,1,1,1,1,1,1,1,1,1,
1,1,1,1,1,1,1,1,1,1,1,1,1,1,1,1,1,1,1,1,1,4),
(0.,0.0281385675438473,0.0559659693521838,0.0835194825610624,0.110606628889844,0.137463084474368,
0.163749284942843,0.189680003957793,0.215107593356779,0.24039181481543,0.265058214293076,
0.289263544185055,0.312691910921547,0.335815884752386,0.358161998426331,0.380037707645273,
0.408258876010428,0.435827027996471,0.462753493170645,0.481897890570872,0.500714888189464,
0.518691799352158,0.536156831822484,0.552919189174493,0.569491568805723,0.585476323554821,
0.601058826744494,0.616021437802649,0.63076942902664,0.649631606225652,0.668193075974436,
0.686454439058754,0.699882262547941,0.713099554106896,0.725940327246169,0.73861697519751,
0.750820646762658,0.762714747998845,0.777892275848154,0.792653867468475,0.806993861937664,
0.817185145932046,0.827231166057986,0.836983803849486,0.846581273988834,0.859139535740485,
0.871640994593482,0.884087821613199,0.893336876448695,0.902553345574942,0.91167107877702,
0.920717289281722,0.929694554678421,0.932064424565667,0.938669495098604,0.947585692738424,
0.956450462041565,0.96522671240541,0.973963045347907,0.982652528229315,0.991329775333604,
1.),
.UNSPECIFIED.);
#3056=VERTEX_POINT('',#4989);
#3057=LINE('',#4990,#4991);
#3058=B_SPLINE_CURVE_WITH_KNOTS('',3,
(#4993,#4994,#4995,#4996,#4997,#4998,#4999,#5000,#5001,#5002,#5003,#5004,#5005,#5006,
#5007,#5008,#5009,#5010,#5011,#5012,#5013,#5014,#5015,#5016,#5017,#5018,#5019,#5020,
#5021,#5022,#5023,#5024,#5025,#5026,#5027,#5028,#5029,#5030,#5031,#5032,#5033,#5034,
#5035,#5036,#5037,#5038,#5039,#5040,#5041,#5042,#5043,#5044,#5045,#5046,#5047,#5048,
#5049,#5050,#5051,#5052,#5053,#5054,#5055,#5056),
.UNSPECIFIED.,.F.,.F.,
(4,1,1,1,1,1,1,1,1,1,1,1,1,1,1,1,1,1,1,1,1,1,1,1,1,1,1,1,1,1,1,1,1,1,1,1,1,1,1,1,
1,1,1,1,1,1,1,1,1,1,1,1,1,1,1,1,1,1,1,1,1,4),
(0.,0.0281385675438437,0.0559659693521759,0.0835194825610527,0.110606628889833,0.137463084474357,
0.163749284942837,0.189680003957788,0.215107593356776,0.240391814815426,0.265058214293073,
0.289263544185053,0.312691910921544,0.335815884752382,0.358161998426326,0.38003770764527,
0.408258876010426,0.435827027996474,0.462753493170645,0.481897890570867,0.500714888189455,
0.518691799352151,0.536156831822474,0.552919189174481,0.569491568805714,0.58547632355481,
0.601058826744485,0.616021437802637,0.630769429026632,0.649631606225644,0.668193075974428,
0.686454439058747,0.699882262547935,0.713099554106895,0.725940327246163,0.738616975197508,
0.75082064676265,0.762714747998838,0.777892275848149,0.792653867468464,0.806993861937651,
0.817185145932032,0.827231166057978,0.836983803849479,0.846581273988832,0.859139535740485,
0.871640994593486,0.884087821613211,0.8933368764487,0.902553345574955,0.911671078777038,
0.920717289281726,0.929694554678429,0.932064424565671,0.938669495098604,0.947585692738427,
0.956450462041563,0.965226712405408,0.97396304534791,0.982652528229314,0.99132977533361,
1.),
.UNSPECIFIED.);
#3059=LINE('',#5057,#5058);
#3060=VERTEX_POINT('',#5060);
#3061=LINE('',#5061,#5062);
#3062=B_SPLINE_CURVE_WITH_KNOTS('',3,
(#5064,#5065,#5066,#5067,#5068,#5069,#5070,#5071,#5072,#5073,#5074,#5075,#5076,#5077,
#5078,#5079,#5080,#5081,#5082,#5083,#5084,#5085,#5086,#5087,#5088,#5089,#5090,#5091,
#5092,#5093,#5094,#5095,#5096,#5097,#5098,#5099,#5100,#5101,#5102,#5103,#5104,#5105,
#5106,#5107,#5108,#5109,#5110,#5111,#5112,#5113,#5114,#5115,#5116,#5117,#5118,#5119,
#5120,#5121,#5122,#5123,#5124),
.UNSPECIFIED.,.F.,.F.,
(4,1,1,1,1,1,1,1,1,1,1,1,1,1,1,1,1,1,1,1,1,1,1,1,1,1,1,1,1,1,1,1,1,1,1,1,1,1,1,1,
1,1,1,1,1,1,1,1,1,1,1,1,1,1,1,1,1,1,4),
(0.,0.0108144082216528,0.0216892618995384,0.032608079316126,0.0436007937034824,0.0546360649312986,
0.0657650596256865,0.0769558581118033,0.0882214665742796,0.09950330787193,0.11086623891854,
0.122289386934389,0.133818683441179,0.145390208858162,0.157071631303752,0.168820544287052,
0.184627210915582,0.200535344569204,0.216539201496889,0.228703639549693,0.240920642822516,
0.253269158830451,0.2656964465872,0.278233962574965,0.290805932071446,0.303553709767054,
0.316443176175162,0.329578466921049,0.342816308708002,0.360988765354582,0.384154733733914,
0.407899592885467,0.427394940654593,0.442705236214626,0.458239134669392,0.480003340670036,
0.508075983002533,0.537054159959004,0.5609278116247,0.57961720304771,0.598529561098141,
0.62464996254098,0.651154898897232,0.678049049451755,0.698525082802367,0.719183759407863,
0.740125945023763,0.761168196170147,0.782437377508348,0.803830865875198,0.825371897100175,
0.846932153443829,0.868575578435232,0.89028161167401,0.912092573195967,0.933951241538627,
0.955905409435564,0.977920080368525,1.),
.UNSPECIFIED.);
#3063=VERTEX_POINT('',#5125);
#3064=B_SPLINE_CURVE_WITH_KNOTS('',3,
(#5126,#5127,#5128,#5129,#5130,#5131,#5132,#5133,#5134,#5135,#5136,#5137,#5138,#5139,
#5140,#5141,#5142,#5143,#5144,#5145,#5146,#5147,#5148,#5149,#5150,#5151,#5152,#5153,
#5154,#5155,#5156,#5157,#5158,#5159,#5160,#5161,#5162,#5163,#5164,#5165),
.UNSPECIFIED.,.F.,.F.,
(4,1,1,1,1,1,1,1,1,1,1,1,1,1,1,1,1,1,1,1,1,1,1,1,1,1,1,1,1,1,1,1,1,1,1,1,1,4),
(0.,1.20789619605565E-5,0.0349523734960898,0.0696959506101858,0.0716772683811082,
0.104276873150042,0.138655478499661,0.172979514311357,0.207047665672248,0.214792521633278,
0.240935137473183,0.285663167612925,0.333338348878878,0.339212608279524,0.383981824308766,
0.432058316610607,0.439914572049602,0.508354581990646,0.549903661043278,0.574628504822839,
0.625390253822271,0.676668156500445,0.700612343009735,0.740252780502118,0.808730298021214,
0.842211610767499,0.855134343844434,0.882357639300419,0.897554750799556,0.912491678518347,
0.926621205385748,0.94020111138943,0.952930890302392,0.955518500227185,0.965362825211576,
0.977214749537906,0.988763159430568,1.),
.UNSPECIFIED.);
#3065=VERTEX_POINT('',#5166);
#3066=B_SPLINE_CURVE_WITH_KNOTS('',3,
(#5167,#5168,#5169,#5170,#5171,#5172),
.UNSPECIFIED.,.F.,.F.,
(4,1,1,4),
(0.,0.333333333333333,0.666666666666667,1.),
.UNSPECIFIED.);
#3067=B_SPLINE_CURVE_WITH_KNOTS('',3,
(#5173,#5174,#5175,#5176,#5177,#5178,#5179,#5180,#5181,#5182,#5183,#5184,#5185,#5186,
#5187,#5188,#5189,#5190,#5191,#5192,#5193,#5194,#5195,#5196,#5197,#5198,#5199,#5200,
#5201,#5202,#5203,#5204,#5205,#5206,#5207,#5208,#5209,#5210,#5211),
.UNSPECIFIED.,.F.,.F.,
(4,1,1,1,1,1,1,1,1,1,1,1,1,1,1,1,1,1,1,1,1,1,1,1,1,1,1,1,1,1,1,1,1,1,1,1,4),
(0.,0.0349631598538726,0.0697171016458292,0.0717070691807963,0.104308082901655,0.138696393755569,
0.173030012064958,0.207107203489702,0.214881233020382,0.241003371509509,0.285742373471006,
0.333428333112437,0.339324135702483,0.3840822847273,0.432170415969058,0.440023784440851,
0.508472176143642,0.550033982117009,0.57475149206047,0.625514556510951,0.676788823988001,
0.700759998557615,0.740365616425011,0.808830842467496,0.842366723614528,0.855222991306367,
0.882436479815311,0.897626005501911,0.912555152268839,0.92667641748407,0.940247850170707,
0.952968743682993,0.955596551759679,0.96539157089638,0.97723406756382,0.98877289872491,
1.),
.UNSPECIFIED.);
#3068=VERTEX_POINT('',#5212);
#3069=B_SPLINE_CURVE_WITH_KNOTS('',3,
(#5213,#5214,#5215,#5216,#5217,#5218,#5219,#5220,#5221,#5222,#5223,#5224,#5225,#5226,
#5227,#5228,#5229,#5230,#5231,#5232,#5233,#5234,#5235,#5236,#5237,#5238,#5239,#5240,
#5241,#5242,#5243,#5244,#5245,#5246,#5247,#5248,#5249,#5250,#5251,#5252,#5253,#5254,
#5255,#5256,#5257,#5258,#5259,#5260,#5261,#5262,#5263,#5264,#5265,#5266,#5267,#5268,
#5269,#5270,#5271,#5272,#5273,#5274,#5275,#5276),
.UNSPECIFIED.,.F.,.F.,
(4,1,1,1,1,1,1,1,1,1,1,1,1,1,1,1,1,1,1,1,1,1,1,1,1,1,1,1,1,1,1,1,1,1,1,1,1,1,1,1,
1,1,1,1,1,1,1,1,1,1,1,1,1,1,1,1,1,1,1,1,1,4),
(0.,0.0281385675438456,0.0559659693521794,0.083519482561057,0.110606628889833,0.137463084474352,
0.163749284942831,0.189680003957784,0.215107593356772,0.240391814815422,0.265058214293071,
0.28926354418505,0.312691910921544,0.335815884752383,0.35816199842633,0.380037707645275,
0.408258876010432,0.435827027996478,0.46275349317065,0.48189789057087,0.500714888189463,
0.518691799352157,0.536156831822483,0.552919189174486,0.569491568805721,0.585476323554818,
0.601058826744493,0.616021437802649,0.630769429026642,0.649631606225652,0.668193075974431,
0.686454439058753,0.699882262547938,0.713099554106897,0.725940327246171,0.73861697519751,
0.750820646762657,0.762714747998842,0.77789227584815,0.792653867468471,0.80699386193766,
0.817185145932033,0.827231166057978,0.836983803849482,0.846581273988838,0.859139535740488,
0.871640994593494,0.884087821613214,0.893336876448707,0.902553345574958,0.911671078777039,
0.92071728928173,0.929694554678426,0.932064424565667,0.938669495098605,0.947585692738429,
0.956450462041572,0.965226712405417,0.973963045347914,0.982652528229316,0.991329775333612,
1.),
.UNSPECIFIED.);
#3070=VERTEX_POINT('',#5277);
#3071=LINE('',#5278,#5279);
#3072=B_SPLINE_CURVE_WITH_KNOTS('',3,
(#5281,#5282,#5283,#5284,#5285,#5286,#5287,#5288,#5289,#5290,#5291,#5292,#5293,#5294,
#5295,#5296,#5297,#5298,#5299,#5300,#5301,#5302,#5303,#5304,#5305,#5306,#5307,#5308,
#5309,#5310,#5311,#5312,#5313,#5314,#5315,#5316,#5317,#5318,#5319,#5320,#5321,#5322,
#5323,#5324,#5325,#5326,#5327,#5328,#5329,#5330,#5331,#5332,#5333,#5334,#5335,#5336,
#5337,#5338,#5339,#5340,#5341),
.UNSPECIFIED.,.F.,.F.,
(4,1,1,1,1,1,1,1,1,1,1,1,1,1,1,1,1,1,1,1,1,1,1,1,1,1,1,1,1,1,1,1,1,1,1,1,1,1,1,1,
1,1,1,1,1,1,1,1,1,1,1,1,1,1,1,1,1,1,4),
(0.,0.010814408221653,0.0216892618995384,0.0326080793161261,0.0436007937034828,0.0546360649312995,
0.0657650596256882,0.0769558581118042,0.0882214665742803,0.0995033078719296,0.110866238918537,
0.122289386934385,0.133818683441176,0.145390208858162,0.15707163130375,0.168820544287051,
0.184627210915581,0.200535344569208,0.216539201496891,0.228703639549696,0.240920642822519,
0.253269158830455,0.265696446587204,0.278233962574969,0.290805932071447,0.303553709767055,
0.316443176175165,0.32957846692105,0.342816308707998,0.36098876535458,0.384154733733913,
0.407899592885467,0.427394940654595,0.44270523621463,0.458239134669396,0.480003340670041,
0.508075983002539,0.537054159959008,0.5609278116247,0.579617203047705,0.598529561098134,
0.624649962540974,0.651154898897225,0.678049049451746,0.698525082802358,0.719183759407856,
0.740125945023758,0.761168196170145,0.782437377508343,0.803830865875192,0.825371897100171,
0.846932153443823,0.868575578435233,0.890281611674011,0.912092573195969,0.933951241538628,
0.955905409435567,0.977920080368529,1.),
.UNSPECIFIED.);
#3073=VERTEX_POINT('',#5342);
#3074=B_SPLINE_CURVE_WITH_KNOTS('',3,
(#5343,#5344,#5345,#5346,#5347,#5348,#5349,#5350,#5351,#5352,#5353,#5354,#5355,#5356,
#5357,#5358,#5359,#5360,#5361,#5362,#5363,#5364,#5365,#5366,#5367,#5368,#5369,#5370,
#5371,#5372,#5373,#5374,#5375,#5376,#5377,#5378,#5379,#5380,#5381,#5382),
.UNSPECIFIED.,.F.,.F.,
(4,1,1,1,1,1,1,1,1,1,1,1,1,1,1,1,1,1,1,1,1,1,1,1,1,1,1,1,1,1,1,1,1,1,1,1,1,4),
(0.,1.20789619875461E-5,0.0349523734960895,0.0696959506101851,0.071677268381114,
0.104276873150042,0.138655478499664,0.17297951431136,0.207047665672254,0.2147925216333,
0.24093513747319,0.285663167612934,0.333338348878887,0.339212608279538,0.383981824308774,
0.432058316610614,0.439914572049612,0.508354581990657,0.549903661043288,0.574628504822858,
0.625390253822281,0.676668156500452,0.700612343009741,0.740252780502126,0.808730298021224,
0.842211610767505,0.855134343844441,0.882357639300419,0.897554750799558,0.91249167851835,
0.92662120538575,0.940201111389433,0.952930890302397,0.955518500227181,0.96536282521159,
0.977214749537909,0.98876315943057,1.),
.UNSPECIFIED.);
#3075=VERTEX_POINT('',#5383);
#3076=B_SPLINE_CURVE_WITH_KNOTS('',3,
(#5384,#5385,#5386,#5387,#5388,#5389),
.UNSPECIFIED.,.F.,.F.,
(4,1,1,4),
(0.,0.333333333333333,0.666666666666667,1.),
.UNSPECIFIED.);
#3077=VERTEX_POINT('',#5390);
#3078=B_SPLINE_CURVE_WITH_KNOTS('',3,
(#5391,#5392,#5393,#5394,#5395,#5396,#5397,#5398,#5399,#5400,#5401,#5402,#5403,#5404,
#5405,#5406,#5407,#5408,#5409,#5410,#5411,#5412,#5413,#5414,#5415,#5416,#5417,#5418,
#5419,#5420,#5421,#5422,#5423,#5424,#5425,#5426,#5427,#5428,#5429),
.UNSPECIFIED.,.F.,.F.,
(4,1,1,1,1,1,1,1,1,1,1,1,1,1,1,1,1,1,1,1,1,1,1,1,1,1,1,1,1,1,1,1,1,1,1,1,4),
(0.,0.0349631598538699,0.0697171016458227,0.0717070691807862,0.104308082901647,0.138696393755559,
0.173030012064946,0.207107203489689,0.214881233020352,0.241003371509498,0.285742373470997,
0.333428333112421,0.339324135702457,0.384082284727284,0.432170415969046,0.440023784440838,
0.508472176143633,0.550033982117001,0.574751492060454,0.625514556510943,0.676788823987996,
0.700759998557613,0.74036561642501,0.808830842467492,0.842366723614518,0.855222991306367,
0.882436479815313,0.897626005501916,0.91255515226885,0.926676417484068,0.940247850170704,
0.952968743682985,0.955596551759674,0.965391570896369,0.977234067563815,0.988772898724905,
1.),
.UNSPECIFIED.);
#3079=B_SPLINE_CURVE_WITH_KNOTS('',3,
(#5430,#5431,#5432,#5433,#5434,#5435,#5436,#5437,#5438,#5439,#5440,#5441,#5442,#5443,
#5444,#5445,#5446,#5447,#5448,#5449,#5450,#5451,#5452,#5453,#5454,#5455,#5456,#5457,
#5458,#5459,#5460,#5461,#5462,#5463,#5464,#5465,#5466,#5467,#5468,#5469,#5470,#5471,
#5472,#5473,#5474,#5475,#5476,#5477,#5478,#5479,#5480,#5481,#5482,#5483,#5484,#5485,
#5486,#5487,#5488),
.UNSPECIFIED.,.F.,.F.,
(4,1,1,1,1,1,1,1,1,1,1,1,1,1,1,1,1,1,1,1,1,1,1,1,1,1,1,1,1,1,1,1,1,1,1,1,1,1,1,1,
1,1,1,1,1,1,1,1,1,1,1,1,1,1,1,1,4),
(0.,0.0101489415068835,0.020325850532077,0.0305175862093609,0.0407239878781102,0.0509434022920343,
0.061178062027505,0.0714209291979436,0.0816694537974744,0.0919121508775547,0.102166398974599,
0.11243584891689,0.122742431097218,0.133068755847829,0.14346405814368,0.153906819122237,
0.164424032420996,0.174969177666673,0.186868529775503,0.200095577621051,0.214747463044516,
0.229498948354929,0.244455864766244,0.259517407794509,0.273590109237709,0.286575306323826,
0.29859331602484,0.310731401858559,0.323184500771196,0.335830440034827,0.353116992053832,
0.370776706293978,0.388804812661362,0.402954774102673,0.417307879894215,0.434012020763435,
0.452861815134186,0.476458882290997,0.502664270046641,0.542394826206408,0.581509977567299,
0.620024894981545,0.645430393756033,0.669260591060342,0.691872159503536,0.714837613831684,
0.738672115380024,0.763014303353448,0.788016272280764,0.813162053137286,0.838789832246367,
0.8647529659605,0.891244716461748,0.917941369392133,0.945051748558416,0.972400446338942,
1.),
.UNSPECIFIED.);
#3080=VERTEX_POINT('',#5489);
#3081=LINE('',#5490,#5491);
#3082=B_SPLINE_CURVE_WITH_KNOTS('',3,
(#5493,#5494,#5495,#5496,#5497,#5498,#5499,#5500,#5501,#5502,#5503,#5504,#5505,#5506,
#5507,#5508,#5509,#5510,#5511,#5512,#5513,#5514,#5515,#5516,#5517,#5518,#5519,#5520,
#5521,#5522,#5523,#5524,#5525,#5526,#5527,#5528,#5529,#5530,#5531,#5532,#5533,#5534,
#5535,#5536,#5537,#5538,#5539,#5540,#5541,#5542,#5543,#5544,#5545,#5546,#5547,#5548,
#5549,#5550,#5551,#5552,#5553,#5554,#5555,#5556),
.UNSPECIFIED.,.F.,.F.,
(4,1,1,1,1,1,1,1,1,1,1,1,1,1,1,1,1,1,1,1,1,1,1,1,1,1,1,1,1,1,1,1,1,1,1,1,1,1,1,1,
1,1,1,1,1,1,1,1,1,1,1,1,1,1,1,1,1,1,1,1,1,4),
(0.,0.0281385675438412,0.0559659693521736,0.0835194825610537,0.110606628889831,0.137463084474355,
0.163749284942836,0.189680003957786,0.215107593356774,0.240391814815422,0.26505821429307,
0.289263544185052,0.312691910921547,0.335815884752386,0.358161998426328,0.380037707645273,
0.408258876010428,0.435827027996473,0.462753493170645,0.481897890570869,0.500714888189458,
0.518691799352154,0.536156831822474,0.55291918917448,0.569491568805712,0.585476323554813,
0.601058826744489,0.616021437802641,0.630769429026636,0.649631606225645,0.668193075974429,
0.686454439058746,0.699882262547933,0.713099554106894,0.725940327246166,0.738616975197505,
0.750820646762657,0.762714747998842,0.777892275848147,0.792653867468473,0.80699386193766,
0.817185145932033,0.827231166057974,0.836983803849479,0.846581273988831,0.859139535740485,
0.871640994593486,0.884087821613206,0.893336876448703,0.902553345574954,0.911671078777038,
0.920717289281726,0.929694554678429,0.932064424565668,0.938669495098604,0.947585692738427,
0.956450462041563,0.965226712405408,0.97396304534791,0.982652528229314,0.99132977533361,
1.),
.UNSPECIFIED.);
#3083=LINE('',#5557,#5558);
#3084=LINE('',#5560,#5561);
#3085=VERTEX_POINT('',#5563);
#3086=LINE('',#5564,#5565);
#3087=VERTEX_POINT('',#5567);
#3088=CIRCLE('',#5568,5.);
#3089=LINE('',#5572,#5573);
#3090=VERTEX_POINT('',#5575);
#3091=LINE('',#5576,#5577);
#3092=LINE('',#5579,#5580);
#3093=VERTEX_POINT('',#5582);
#3094=CIRCLE('',#5583,5.);
#3095=LINE('',#5587,#5588);
#3096=LINE('',#5590,#5591);
#3097=VERTEX_POINT('',#5593);
#3098=CIRCLE('',#5594,1.6);
#3099=VERTEX_POINT('',#5598);
#3100=CIRCLE('',#5599,1.6);
#3101=VERTEX_POINT('',#5603);
#3102=CIRCLE('',#5604,1.6);
#3103=VERTEX_POINT('',#5608);
#3104=CIRCLE('',#5609,1.6);
#3105=B_SPLINE_CURVE_WITH_KNOTS('',3,
(#5613,#5614,#5615,#5616,#5617,#5618,#5619,#5620,#5621,#5622,#5623,#5624,#5625),
.UNSPECIFIED.,.F.,.F.,
(4,1,1,1,1,1,1,1,1,1,4),
(0.,0.0456207713927158,0.119487513455774,0.241350269956002,0.386161417061282,0.525680274335134,
0.635824651313997,0.741643846014386,0.835450816704715,0.921571327876395,1.),
.UNSPECIFIED.);
#3106=VERTEX_POINT('',#5626);
#3107=CIRCLE('',#5627,29.);
#3108=VERTEX_POINT('',#5631);
#3109=CIRCLE('',#5632,5.);
#3110=LINE('',#5636,#5637);
#3111=B_SPLINE_CURVE_WITH_KNOTS('',3,
(#5639,#5640,#5641,#5642,#5643,#5644,#5645,#5646,#5647,#5648,#5649,#5650,#5651),
.UNSPECIFIED.,.F.,.F.,
(4,1,1,1,1,1,1,1,1,1,4),
(0.,0.0456207713878734,0.119487513443376,0.241350269938534,0.386161417041614,0.52568027431896,
0.635824651302637,0.741643846009052,0.835450816703346,0.921571327877358,1.),
.UNSPECIFIED.);
#3112=B_SPLINE_CURVE_WITH_KNOTS('',3,
(#5652,#5653,#5654,#5655,#5656,#5657,#5658,#5659,#5660,#5661),
.UNSPECIFIED.,.F.,.F.,
(4,1,1,1,1,1,1,4),
(0.,0.208689770584541,0.38894943779062,0.535768063942875,0.670204498840339,0.79348997069063,
0.90137512928658,1.),
.UNSPECIFIED.);
#3113=LINE('',#5662,#5663);
#3114=LINE('',#5665,#5666);
#3115=VERTEX_POINT('',#5668);
#3116=CIRCLE('',#5669,29.);
#3117=LINE('',#5673,#5674);
#3118=VERTEX_POINT('',#5676);
#3119=LINE('',#5677,#5678);
#3120=LINE('',#5680,#5681);
#3121=CIRCLE('',#5683,5.);
#3122=VERTEX_POINT('',#5687);
#3123=CIRCLE('',#5688,18.6);
#3124=VERTEX_POINT('',#5692);
#3125=CIRCLE('',#5693,12.5);
#3126=B_SPLINE_CURVE_WITH_KNOTS('',3,
(#5697,#5698,#5699,#5700,#5701,#5702,#5703,#5704,#5705,#5706,#5707,#5708,#5709),
.UNSPECIFIED.,.F.,.F.,
(4,1,1,1,1,1,1,1,1,1,4),
(0.,0.0456207713878714,0.119487513443371,0.241350269938527,0.386161417041609,0.525680274318952,
0.635824651302633,0.741643846009049,0.835450816703346,0.921571327877358,1.),
.UNSPECIFIED.);
#3127=VERTEX_POINT('',#5710);
#3128=CIRCLE('',#5711,29.);
#3129=B_SPLINE_CURVE_WITH_KNOTS('',3,
(#5715,#5716,#5717,#5718,#5719,#5720,#5721,#5722,#5723,#5724,#5725,#5726,#5727),
.UNSPECIFIED.,.F.,.F.,
(4,1,1,1,1,1,1,1,1,1,4),
(0.,0.0456207713927139,0.119487513455775,0.241350269956,0.38616141706128,0.525680274335134,
0.635824651313996,0.741643846014385,0.835450816704712,0.921571327876395,1.),
.UNSPECIFIED.);
#3130=B_SPLINE_CURVE_WITH_KNOTS('',3,
(#5728,#5729,#5730,#5731,#5732,#5733,#5734,#5735,#5736,#5737),
.UNSPECIFIED.,.F.,.F.,
(4,1,1,1,1,1,1,4),
(0.,0.208689770592996,0.388949437800211,0.535768063946927,0.670204498834011,0.793489970673742,
0.901375129271526,1.),
.UNSPECIFIED.);
#3131=LINE('',#5738,#5739);
#3132=LINE('',#5741,#5742);
#3133=VERTEX_POINT('',#5744);
#3134=CIRCLE('',#5745,29.);
#3135=VERTEX_POINT('',#5749);
#3136=CIRCLE('',#5750,17.);
#3137=VERTEX_POINT('',#5754);
#3138=CIRCLE('',#5755,17.);
#3139=CARTESIAN_POINT('',(-50.,19.5,31.5));
#3140=CARTESIAN_POINT('',(-50.,20.9705882352941,30.6176470588235));
#3141=AXIS2_PLACEMENT_3D('',#3142,#3143,#3144);
#3142=CARTESIAN_POINT('',(-50.,20.5,31.5));
#3143=DIRECTION('',(-1.,0.,6.12323399573677E-17));
#3144=DIRECTION('',(-5.40285352565009E-17,0.470588235294116,-0.882352941176471));
#3145=CARTESIAN_POINT('',(-50.,19.5,54.));
#3146=CARTESIAN_POINT('',(-50.,19.5,31.5));
#3147=VECTOR('',#3148,1.);
#3148=DIRECTION('',(3.15796771448934E-16,0.,1.));
#3149=CARTESIAN_POINT('',(-50.,-19.5,54.));
#3150=CARTESIAN_POINT('',(-50.,-19.5,54.));
#3151=VECTOR('',#3152,1.);
#3152=DIRECTION('',(0.,1.,0.));
#3153=CARTESIAN_POINT('',(-50.,-19.5,31.5));
#3154=CARTESIAN_POINT('',(-50.,-19.5,31.5));
#3155=VECTOR('',#3156,1.);
#3156=DIRECTION('',(0.,-1.57898385724467E-16,1.));
#3157=CARTESIAN_POINT('',(-50.,-20.9705882352941,30.6176470588236));
#3158=AXIS2_PLACEMENT_3D('',#3159,#3160,#3161);
#3159=CARTESIAN_POINT('',(-50.,-20.5,31.5));
#3160=DIRECTION('',(-1.,0.,6.12323399573677E-17));
#3161=DIRECTION('',(-4.35081943503004E-31,1.,-7.10542735760098E-15));
#3162=CARTESIAN_POINT('',(-50.,-28.0294117647059,30.6176470588235));
#3163=AXIS2_PLACEMENT_3D('',#3164,#3165,#3166);
#3164=CARTESIAN_POINT('',(-50.,-24.5,24.));
#3165=DIRECTION('',(1.,0.,-6.12323399573677E-17));
#3166=DIRECTION('',(5.40285352565009E-17,0.470588235294116,0.882352941176471));
#3167=CARTESIAN_POINT('',(-50.,-29.5,31.5));
#3168=AXIS2_PLACEMENT_3D('',#3169,#3170,#3171);
#3169=CARTESIAN_POINT('',(-50.,-28.5,31.5));
#3170=DIRECTION('',(-1.,0.,6.12323399573677E-17));
#3171=DIRECTION('',(-5.40285352565008E-17,0.470588235294121,-0.882352941176469));
#3172=CARTESIAN_POINT('',(-50.,-29.5,8.));
#3173=CARTESIAN_POINT('',(-50.,-29.5,8.));
#3174=VECTOR('',#3175,1.);
#3175=DIRECTION('',(0.,0.,1.));
#3176=CARTESIAN_POINT('',(-50.,-34.5,3.));
#3177=AXIS2_PLACEMENT_3D('',#3178,#3179,#3180);
#3178=CARTESIAN_POINT('',(-50.,-34.5,8.));
#3179=DIRECTION('',(-1.,0.,6.12323399573677E-17));
#3180=DIRECTION('',(3.26311457627254E-32,1.,5.32907051820075E-16));
#3181=CARTESIAN_POINT('',(-50.,34.5,3.));
#3182=CARTESIAN_POINT('',(-50.,34.5,3.));
#3183=VECTOR('',#3184,1.);
#3184=DIRECTION('',(0.,-1.,0.));
#3185=CARTESIAN_POINT('',(-50.,29.5,7.99999999999997));
#3186=AXIS2_PLACEMENT_3D('',#3187,#3188,#3189);
#3187=CARTESIAN_POINT('',(-50.,34.5,7.99999999999998));
#3188=DIRECTION('',(-1.,0.,6.12323399573677E-17));
#3189=DIRECTION('',(-6.12323399573677E-17,1.42108547152021E-15,-1.));
#3190=CARTESIAN_POINT('',(-50.,29.5,31.5));
#3191=CARTESIAN_POINT('',(-50.,29.5,31.5));
#3192=VECTOR('',#3193,1.);
#3193=DIRECTION('',(0.,-3.02358610961744E-16,-1.));
#3194=CARTESIAN_POINT('',(-50.,28.0294117647059,30.6176470588235));
#3195=AXIS2_PLACEMENT_3D('',#3196,#3197,#3198);
#3196=CARTESIAN_POINT('',(-50.,28.5,31.5));
#3197=DIRECTION('',(-1.,0.,6.12323399573677E-17));
#3198=DIRECTION('',(-4.35081943503002E-31,1.,-7.10542735760095E-15));
#3199=AXIS2_PLACEMENT_3D('',#3200,#3201,#3202);
#3200=CARTESIAN_POINT('',(-50.,24.5,24.));
#3201=DIRECTION('',(1.,0.,-6.12323399573677E-17));
#3202=DIRECTION('',(5.40285352565009E-17,0.470588235294118,0.88235294117647));
#3203=CARTESIAN_POINT('',(-50.,-18.6,24.));
#3204=AXIS2_PLACEMENT_3D('',#3205,#3206,#3207);
#3205=CARTESIAN_POINT('',(-50.,-8.4736075498395E-17,24.));
#3206=DIRECTION('',(-1.,0.,6.12323399573677E-17));
#3207=DIRECTION('',(3.74939945665464E-33,-1.,6.12323399573677E-17));
#3208=CARTESIAN_POINT('',(-50.,22.9,24.));
#3209=AXIS2_PLACEMENT_3D('',#3210,#3211,#3212);
#3210=CARTESIAN_POINT('',(-50.,24.5,24.));
#3211=DIRECTION('',(-1.,0.,6.12323399573677E-17));
#3212=DIRECTION('',(-3.74939945665464E-33,-1.,-6.12323399573677E-17));
#3213=CARTESIAN_POINT('',(-50.,-26.1,24.));
#3214=AXIS2_PLACEMENT_3D('',#3215,#3216,#3217);
#3215=CARTESIAN_POINT('',(-50.,-24.5,24.));
#3216=DIRECTION('',(-1.,0.,6.12323399573677E-17));
#3217=DIRECTION('',(-3.74939945665464E-33,-1.,-6.12323399573677E-17));
#3218=CARTESIAN_POINT('',(-46.4707266210839,-19.5,31.5));
#3219=CARTESIAN_POINT('',(-50.,-19.5,31.5));
#3220=VECTOR('',#3221,1.);
#3221=DIRECTION('',(1.,0.,0.));
#3222=CARTESIAN_POINT('',(-53.6910114743686,-19.5,54.));
#3223=CARTESIAN_POINT('',(-53.6910114743686,-19.5,54.));
#3224=VECTOR('',#3225,1.);
#3225=DIRECTION('',(1.,-9.6253119327088E-16,0.));
#3226=CARTESIAN_POINT('',(-48.9128256607347,-19.5,57.5272677329576));
#3227=AXIS2_PLACEMENT_3D('',#3228,#3229,#3230);
#3228=CARTESIAN_POINT('',(-53.6910114743686,-19.5,59.));
#3229=DIRECTION('',(0.,1.,0.));
#3230=DIRECTION('',(0.955637162726777,0.,-0.294546453408484));
#3231=CARTESIAN_POINT('',(-34.4029378581638,-19.5,104.603672322705));
#3232=CARTESIAN_POINT('',(-34.4029378581635,-19.5,104.603672322705));
#3233=VECTOR('',#3234,1.);
#3234=DIRECTION('',(-0.294546453408486,2.1635712728552E-16,-0.955637162726776));
#3235=CARTESIAN_POINT('',(-36.,-19.5,94.));
#3236=AXIS2_PLACEMENT_3D('',#3237,#3238,#3239);
#3237=CARTESIAN_POINT('',(-1.15116799119851E-14,-19.5,94.));
#3238=DIRECTION('',(2.73691106313441E-48,1.,1.92125732440235E-16));
#3239=DIRECTION('',(-1.,2.73691106313441E-48,5.25831042628481E-64));
#3240=CARTESIAN_POINT('',(-26.7281836174432,-19.5,69.8835284398352));
#3241=AXIS2_PLACEMENT_3D('',#3242,#3243,#3244);
#3242=CARTESIAN_POINT('',(-1.15116799119851E-14,-19.5,94.));
#3243=DIRECTION('',(2.73691106313441E-48,1.,1.92125732440235E-16));
#3244=DIRECTION('',(-0.742449544928979,1.28705410065855E-16,-0.669901987782356));
#3245=CARTESIAN_POINT('',(-35.2186171557221,-19.5,68.0067507679655));
#3246=AXIS2_PLACEMENT_3D('',#3247,#3248,#3249);
#3247=CARTESIAN_POINT('',(-30.4404313420881,-19.5,66.5340185009234));
#3248=DIRECTION('',(0.,-1.,-1.92125732440235E-16));
#3249=DIRECTION('',(0.742449544928973,-1.28705410065856E-16,0.669901987782363));
#3250=CARTESIAN_POINT('',(-46.4707266210839,-19.5,31.5));
#3251=VECTOR('',#3252,1.);
#3252=DIRECTION('',(0.294546453408429,-1.85998761794422E-16,0.955637162726794));
#3253=CARTESIAN_POINT('',(-46.4707266210839,-29.5,31.5));
#3254=CARTESIAN_POINT('',(-50.,-29.5,31.5));
#3255=VECTOR('',#3256,1.);
#3256=DIRECTION('',(1.,1.00664167871621E-15,0.));
#3257=CARTESIAN_POINT('',(-35.2186171557221,-29.5,68.0067507679655));
#3258=CARTESIAN_POINT('',(-46.4707266210839,-29.5,31.5));
#3259=VECTOR('',#3260,1.);
#3260=DIRECTION('',(0.294546453408429,0.,0.955637162726794));
#3261=CARTESIAN_POINT('',(-26.7281836174432,-29.5,69.8835284398352));
#3262=AXIS2_PLACEMENT_3D('',#3263,#3264,#3265);
#3263=CARTESIAN_POINT('',(-30.4404313420881,-29.5,66.5340185009234));
#3264=DIRECTION('',(0.,1.,6.12323399573677E-17));
#3265=DIRECTION('',(-0.955637162726794,-1.80357685683419E-17,0.294546453408429));
#3266=CARTESIAN_POINT('',(-12.4999999999947,-29.5,60.2398163511908));
#3267=AXIS2_PLACEMENT_3D('',#3268,#3269,#3270);
#3268=CARTESIAN_POINT('',(-1.15116799119851E-14,-29.5,94.));
#3269=DIRECTION('',(0.,1.,6.12323399573677E-17));
#3270=DIRECTION('',(-0.347222222221914,5.74226400612806E-17,-0.937782879133158));
#3271=CARTESIAN_POINT('',(-12.4999999999492,-29.5000000000311,65.5226405716946));
#3272=CARTESIAN_POINT('',(-12.5000000000005,-29.5,65.5226405715779));
#3273=VECTOR('',#3274,1.);
#3274=DIRECTION('',(7.06127860233116E-15,0.,-1.));
#3275=CARTESIAN_POINT('',(-31.1,-29.5,94.));
#3276=AXIS2_PLACEMENT_3D('',#3277,#3278,#3279);
#3277=CARTESIAN_POINT('',(-1.15116799119851E-14,-29.5,94.));
#3278=DIRECTION('',(0.,1.,6.12323399573677E-17));
#3279=DIRECTION('',(-0.401929260446943,5.60686608873078E-17,-0.915670721163767));
#3280=CARTESIAN_POINT('',(12.4999999999482,-29.5000000000312,65.5226405716943));
#3281=AXIS2_PLACEMENT_3D('',#3282,#3283,#3284);
#3282=CARTESIAN_POINT('',(-1.15116799119851E-14,-29.5,94.));
#3283=DIRECTION('',(0.,1.,6.12323399573677E-17));
#3284=DIRECTION('',(-1.,0.,0.));
#3285=CARTESIAN_POINT('',(12.4999999999938,-29.5,60.2398163511905));
#3286=CARTESIAN_POINT('',(12.4999999999996,-29.5,60.239816351175));
#3287=VECTOR('',#3288,1.);
#3288=DIRECTION('',(-7.73378132636284E-15,0.,1.));
#3289=CARTESIAN_POINT('',(26.7281836174432,-29.5,69.8835284398352));
#3290=AXIS2_PLACEMENT_3D('',#3291,#3292,#3293);
#3291=CARTESIAN_POINT('',(-1.15116799119851E-14,-29.5,94.));
#3292=DIRECTION('',(0.,1.,6.12323399573677E-17));
#3293=DIRECTION('',(0.742449544928979,4.10196662540056E-17,-0.669901987782357));
#3294=CARTESIAN_POINT('',(35.2186171557221,-29.5,68.0067507679655));
#3295=AXIS2_PLACEMENT_3D('',#3296,#3297,#3298);
#3296=CARTESIAN_POINT('',(30.4404313420881,-29.5,66.5340185009234));
#3297=DIRECTION('',(0.,1.,6.12323399573677E-17));
#3298=DIRECTION('',(-0.742449544928979,-4.10196662540056E-17,0.669901987782357));
#3299=CARTESIAN_POINT('',(49.778185813634,-29.5,20.7691598149362));
#3300=CARTESIAN_POINT('',(49.778185813634,-29.5,20.7691598149362));
#3301=VECTOR('',#3302,1.);
#3302=DIRECTION('',(-0.294546453408429,-1.43745908776995E-16,0.955637162726794));
#3303=CARTESIAN_POINT('',(50.,-29.5,19.2964275478941));
#3304=AXIS2_PLACEMENT_3D('',#3305,#3306,#3307);
#3305=CARTESIAN_POINT('',(45.,-29.5,19.2964275478941));
#3306=DIRECTION('',(0.,1.,6.12323399573677E-17));
#3307=DIRECTION('',(0.955637162726793,-1.80357685683419E-17,0.29454645340843));
#3308=CARTESIAN_POINT('',(50.,-29.5,8.));
#3309=CARTESIAN_POINT('',(50.,-29.5,8.));
#3310=VECTOR('',#3311,1.);
#3311=DIRECTION('',(0.,-3.14498868225185E-16,1.));
#3312=CARTESIAN_POINT('',(63.,-29.5,8.));
#3313=CARTESIAN_POINT('',(63.,-29.5,8.));
#3314=VECTOR('',#3315,1.);
#3315=DIRECTION('',(-1.,0.,-6.83214169000096E-17));
#3316=CARTESIAN_POINT('',(63.,-29.5,49.));
#3317=CARTESIAN_POINT('',(63.,-29.5,49.));
#3318=VECTOR('',#3319,1.);
#3319=DIRECTION('',(0.,0.,-1.));
#3320=CARTESIAN_POINT('',(56.77321113023,-29.5,49.));
#3321=CARTESIAN_POINT('',(56.77321113023,-29.5,49.));
#3322=VECTOR('',#3323,1.);
#3323=DIRECTION('',(1.,0.,0.));
#3324=CARTESIAN_POINT('',(49.3257621150844,-29.4999999999999,56.1875217708022));
#3325=CARTESIAN_POINT('',(49.3257621150844,-29.4999999999999,56.1875217708022));
#3326=CARTESIAN_POINT('',(49.348504219675,-29.5,56.1137394371515));
#3327=CARTESIAN_POINT('',(49.3875713300405,-29.5,55.9942405499719));
#3328=CARTESIAN_POINT('',(49.4395012983453,-29.5,55.8487939989258));
#3329=CARTESIAN_POINT('',(49.4941929024959,-29.5,55.7032056553116));
#3330=CARTESIAN_POINT('',(49.563270675882,-29.5,55.5311750023715));
#3331=CARTESIAN_POINT('',(49.657676497948,-29.5,55.3162349637164));
#3332=CARTESIAN_POINT('',(49.7330487198788,-29.5,55.1582746364926));
#3333=CARTESIAN_POINT('',(49.8035719037336,-29.5,55.0173663133029));
#3334=CARTESIAN_POINT('',(49.8765861266406,-29.5,54.8768922792793));
#3335=CARTESIAN_POINT('',(49.983025541221,-29.5,54.6847522920834));
#3336=CARTESIAN_POINT('',(50.104635091121,-29.5,54.4796241442238));
#3337=CARTESIAN_POINT('',(50.1967849120838,-29.5,54.3338186525518));
#3338=CARTESIAN_POINT('',(50.284969972102,-29.5,54.1991429155371));
#3339=CARTESIAN_POINT('',(50.3768919511648,-29.5,54.062968554274));
#3340=CARTESIAN_POINT('',(50.5146742787067,-29.5,53.8696279751876));
#3341=CARTESIAN_POINT('',(50.6619336170523,-29.5,53.6745599881034));
#3342=CARTESIAN_POINT('',(50.7703169808725,-29.5,53.5382850950851));
#3343=CARTESIAN_POINT('',(50.8844994531082,-29.5,53.3985720002497));
#3344=CARTESIAN_POINT('',(51.0142313019005,-29.5,53.244869122976));
#3345=CARTESIAN_POINT('',(51.206540780732,-29.5,53.0291879882543));
#3346=CARTESIAN_POINT('',(51.364448412553,-29.5,52.8614390615102));
#3347=CARTESIAN_POINT('',(51.5058831115532,-29.5,52.7163877153669));
#3348=CARTESIAN_POINT('',(51.6546994492574,-29.4999999999998,52.5677185437074));
#3349=CARTESIAN_POINT('',(51.8634662806404,-29.5000000000015,52.3680653623588));
#3350=CARTESIAN_POINT('',(52.1141223174268,-29.499999999994,52.1404066907984));
#3351=CARTESIAN_POINT('',(52.2903379745842,-29.5000000000135,51.9882571831742));
#3352=CARTESIAN_POINT('',(52.4761330447706,-29.4999999999851,51.8317402621228));
#3353=CARTESIAN_POINT('',(52.6732133946454,-29.500000004879,51.6699301692813));
#3354=CARTESIAN_POINT('',(52.978101632128,-29.4999999986047,51.4313958989961));
#3355=CARTESIAN_POINT('',(53.279462334217,-29.5000000003219,51.2063189155885));
#3356=CARTESIAN_POINT('',(53.5021598534421,-29.4999999999845,51.0464255987638));
#3357=CARTESIAN_POINT('',(53.7318275476024,-29.5000000000116,50.8848892794649));
#3358=CARTESIAN_POINT('',(53.9910500575234,-29.4999999999952,50.7069662759531));
#3359=CARTESIAN_POINT('',(54.3541012740895,-29.5000000000014,50.4667657195916));
#3360=CARTESIAN_POINT('',(54.7313570924705,-29.4999999999996,50.2252113023617));
#3361=CARTESIAN_POINT('',(55.0047912861097,-29.5,50.0550441475544));
#3362=CARTESIAN_POINT('',(55.2683153310989,-29.5,49.8931881023628));
#3363=CARTESIAN_POINT('',(55.5384654819282,-29.5,49.7291637640206));
#3364=CARTESIAN_POINT('',(55.9318187301449,-29.5,49.4943828378056));
#3365=CARTESIAN_POINT('',(56.2384902573393,-29.5,49.3136136186835));
#3366=CARTESIAN_POINT('',(56.519918452073,-29.5,49.1483568900653));
#3367=CARTESIAN_POINT('',(56.6616754053465,-29.5,49.0653295701323));
#3368=CARTESIAN_POINT('',(56.77321113023,-29.5,49.));
#3369=CARTESIAN_POINT('',(34.4029378581638,-29.5,104.603672322705));
#3370=CARTESIAN_POINT('',(34.4029378581635,-29.5,104.603672322705));
#3371=VECTOR('',#3372,1.);
#3372=DIRECTION('',(0.294546453408486,1.40246805303117E-16,-0.955637162726776));
#3373=CARTESIAN_POINT('',(-34.4029378581639,-29.5,104.603672322705));
#3374=AXIS2_PLACEMENT_3D('',#3375,#3376,#3377);
#3375=CARTESIAN_POINT('',(-1.15116799119851E-14,-29.5,94.));
#3376=DIRECTION('',(0.,1.,6.12323399573677E-17));
#3377=DIRECTION('',(-0.955637162726782,-1.80357685683442E-17,0.294546453408467));
#3378=CARTESIAN_POINT('',(-49.3257621150844,-29.4999999999999,56.1875217708022));
#3379=CARTESIAN_POINT('',(-34.4029378581635,-29.5,104.603672322705));
#3380=VECTOR('',#3381,1.);
#3381=DIRECTION('',(-0.294546453408486,1.40246805303117E-16,-0.955637162726776));
#3382=CARTESIAN_POINT('',(-56.77321113023,-29.5,49.));
#3383=CARTESIAN_POINT('',(-49.3257621150844,-29.4999999999999,56.1875217708022));
#3384=CARTESIAN_POINT('',(-49.348504219675,-29.5,56.1137394371515));
#3385=CARTESIAN_POINT('',(-49.3875713300405,-29.5,55.994240549972));
#3386=CARTESIAN_POINT('',(-49.4395012983452,-29.5,55.8487939989258));
#3387=CARTESIAN_POINT('',(-49.4941929024959,-29.5,55.7032056553116));
#3388=CARTESIAN_POINT('',(-49.5632706758819,-29.5,55.5311750023715));
#3389=CARTESIAN_POINT('',(-49.657676497948,-29.5,55.3162349637163));
#3390=CARTESIAN_POINT('',(-49.7330487198788,-29.5,55.1582746364926));
#3391=CARTESIAN_POINT('',(-49.8035719037336,-29.5,55.0173663133029));
#3392=CARTESIAN_POINT('',(-49.8765861266406,-29.5,54.8768922792794));
#3393=CARTESIAN_POINT('',(-49.9830255412209,-29.5,54.6847522920834));
#3394=CARTESIAN_POINT('',(-50.104635091121,-29.5,54.4796241442238));
#3395=CARTESIAN_POINT('',(-50.1967849120838,-29.5,54.3338186525519));
#3396=CARTESIAN_POINT('',(-50.2849699721019,-29.5,54.199142915537));
#3397=CARTESIAN_POINT('',(-50.3768919511648,-29.5,54.0629685542741));
#3398=CARTESIAN_POINT('',(-50.5146742787067,-29.5,53.8696279751876));
#3399=CARTESIAN_POINT('',(-50.6619336170523,-29.5,53.6745599881033));
#3400=CARTESIAN_POINT('',(-50.7703169808725,-29.5,53.5382850950852));
#3401=CARTESIAN_POINT('',(-50.8844994531082,-29.5,53.3985720002497));
#3402=CARTESIAN_POINT('',(-51.0142313019005,-29.5,53.2448691229761));
#3403=CARTESIAN_POINT('',(-51.206540780732,-29.5,53.0291879882543));
#3404=CARTESIAN_POINT('',(-51.364448412553,-29.5,52.8614390615102));
#3405=CARTESIAN_POINT('',(-51.5058831115532,-29.5,52.7163877153669));
#3406=CARTESIAN_POINT('',(-51.6546994492574,-29.4999999999997,52.5677185437073));
#3407=CARTESIAN_POINT('',(-51.8634662806404,-29.5000000000015,52.3680653623588));
#3408=CARTESIAN_POINT('',(-52.1141223174268,-29.499999999994,52.1404066907984));
#3409=CARTESIAN_POINT('',(-52.2903379745844,-29.5000000000136,51.9882571831742));
#3410=CARTESIAN_POINT('',(-52.4761330447705,-29.499999999985,51.8317402621228));
#3411=CARTESIAN_POINT('',(-52.6732133946455,-29.500000004879,51.6699301692813));
#3412=CARTESIAN_POINT('',(-52.978101632128,-29.4999999986047,51.4313958989961));
#3413=CARTESIAN_POINT('',(-53.279462334217,-29.5000000003219,51.2063189155885));
#3414=CARTESIAN_POINT('',(-53.5021598534422,-29.4999999999845,51.0464255987638));
#3415=CARTESIAN_POINT('',(-53.7318275476023,-29.5000000000116,50.8848892794648));
#3416=CARTESIAN_POINT('',(-53.9910500575234,-29.4999999999952,50.7069662759532));
#3417=CARTESIAN_POINT('',(-54.3541012740895,-29.5000000000013,50.4667657195916));
#3418=CARTESIAN_POINT('',(-54.7313570924706,-29.4999999999996,50.2252113023617));
#3419=CARTESIAN_POINT('',(-55.0047912861097,-29.5,50.0550441475544));
#3420=CARTESIAN_POINT('',(-55.268315331099,-29.5,49.8931881023627));
#3421=CARTESIAN_POINT('',(-55.5384654819283,-29.5,49.7291637640205));
#3422=CARTESIAN_POINT('',(-55.9318187301449,-29.5,49.4943828378057));
#3423=CARTESIAN_POINT('',(-56.2384902573394,-29.5,49.3136136186834));
#3424=CARTESIAN_POINT('',(-56.519918452073,-29.5,49.1483568900651));
#3425=CARTESIAN_POINT('',(-56.6616754053465,-29.5,49.0653295701321));
#3426=CARTESIAN_POINT('',(-56.77321113023,-29.5,49.));
#3427=CARTESIAN_POINT('',(-61.,-29.5,49.));
#3428=CARTESIAN_POINT('',(-56.77321113023,-29.5,49.));
#3429=VECTOR('',#3430,1.);
#3430=DIRECTION('',(-1.,0.,0.));
#3431=CARTESIAN_POINT('',(-61.,-29.5,8.00000000000001));
#3432=CARTESIAN_POINT('',(-61.,-29.5,8.00000000000001));
#3433=VECTOR('',#3434,1.);
#3434=DIRECTION('',(0.,0.,1.));
#3435=CARTESIAN_POINT('',(-61.,-29.5,8.00000000000001));
#3436=VECTOR('',#3437,1.);
#3437=DIRECTION('',(1.,0.,-1.61486985400023E-16));
#3438=CARTESIAN_POINT('',(-46.4707266210839,29.5,31.5));
#3439=CARTESIAN_POINT('',(-50.,29.5,31.5));
#3440=VECTOR('',#3441,1.);
#3441=DIRECTION('',(1.,0.,-1.00664167871621E-15));
#3442=CARTESIAN_POINT('',(-61.,29.5,7.99999999999997));
#3443=CARTESIAN_POINT('',(-50.,29.5,7.99999999999996));
#3444=VECTOR('',#3445,1.);
#3445=DIRECTION('',(-1.,0.,1.61486985400023E-16));
#3446=CARTESIAN_POINT('',(-61.,29.5,49.));
#3447=CARTESIAN_POINT('',(-61.,29.5,49.));
#3448=VECTOR('',#3449,1.);
#3449=DIRECTION('',(-3.46606212565902E-16,0.,-1.));
#3450=CARTESIAN_POINT('',(-56.77321113023,29.5,49.));
#3451=CARTESIAN_POINT('',(-56.77321113023,29.5,49.));
#3452=VECTOR('',#3453,1.);
#3453=DIRECTION('',(-1.,0.,0.));
#3454=CARTESIAN_POINT('',(-49.3257621150844,29.4999999999999,56.1875217708022));
#3455=CARTESIAN_POINT('',(-49.3257621150844,29.4999999999999,56.1875217708022));
#3456=CARTESIAN_POINT('',(-49.348504219675,29.5,56.1137394371515));
#3457=CARTESIAN_POINT('',(-49.3875713300405,29.5,55.994240549972));
#3458=CARTESIAN_POINT('',(-49.4395012983452,29.5,55.8487939989258));
#3459=CARTESIAN_POINT('',(-49.494192902496,29.5,55.7032056553117));
#3460=CARTESIAN_POINT('',(-49.5632706758819,29.5,55.5311750023715));
#3461=CARTESIAN_POINT('',(-49.657676497948,29.5,55.3162349637164));
#3462=CARTESIAN_POINT('',(-49.7330487198788,29.5,55.1582746364926));
#3463=CARTESIAN_POINT('',(-49.8035719037335,29.5,55.0173663133029));
#3464=CARTESIAN_POINT('',(-49.8765861266406,29.5,54.8768922792794));
#3465=CARTESIAN_POINT('',(-49.9830255412209,29.5,54.6847522920834));
#3466=CARTESIAN_POINT('',(-50.104635091121,29.5,54.4796241442238));
#3467=CARTESIAN_POINT('',(-50.1967849120838,29.5,54.3338186525519));
#3468=CARTESIAN_POINT('',(-50.2849699721019,29.5,54.1991429155371));
#3469=CARTESIAN_POINT('',(-50.3768919511648,29.5,54.0629685542741));
#3470=CARTESIAN_POINT('',(-50.5146742787067,29.5,53.8696279751876));
#3471=CARTESIAN_POINT('',(-50.6619336170523,29.5,53.6745599881034));
#3472=CARTESIAN_POINT('',(-50.7703169808725,29.5,53.5382850950852));
#3473=CARTESIAN_POINT('',(-50.8844994531082,29.5,53.3985720002498));
#3474=CARTESIAN_POINT('',(-51.0142313019005,29.5,53.2448691229761));
#3475=CARTESIAN_POINT('',(-51.206540780732,29.5,53.0291879882544));
#3476=CARTESIAN_POINT('',(-51.364448412553,29.5,52.8614390615103));
#3477=CARTESIAN_POINT('',(-51.5058831115531,29.5,52.716387715367));
#3478=CARTESIAN_POINT('',(-51.6546994492574,29.4999999999998,52.5677185437074));
#3479=CARTESIAN_POINT('',(-51.8634662806404,29.5000000000015,52.3680653623589));
#3480=CARTESIAN_POINT('',(-52.1141223174266,29.4999999999941,52.1404066907984));
#3481=CARTESIAN_POINT('',(-52.2903379745845,29.5000000000135,51.9882571831745));
#3482=CARTESIAN_POINT('',(-52.4761330447702,29.4999999999851,51.8317402621227));
#3483=CARTESIAN_POINT('',(-52.6732133946455,29.500000004879,51.6699301692814));
#3484=CARTESIAN_POINT('',(-52.978101632128,29.4999999986047,51.4313958989962));
#3485=CARTESIAN_POINT('',(-53.2794623342168,29.5000000003219,51.2063189155886));
#3486=CARTESIAN_POINT('',(-53.502159853442,29.4999999999845,51.046425598764));
#3487=CARTESIAN_POINT('',(-53.7318275476022,29.5000000000116,50.8848892794649));
#3488=CARTESIAN_POINT('',(-53.9910500575235,29.4999999999952,50.7069662759532));
#3489=CARTESIAN_POINT('',(-54.3541012740895,29.5000000000013,50.4667657195916));
#3490=CARTESIAN_POINT('',(-54.7313570924705,29.4999999999996,50.2252113023617));
#3491=CARTESIAN_POINT('',(-55.0047912861095,29.5,50.0550441475546));
#3492=CARTESIAN_POINT('',(-55.2683153310986,29.5,49.893188102363));
#3493=CARTESIAN_POINT('',(-55.538465481928,29.5,49.7291637640208));
#3494=CARTESIAN_POINT('',(-55.931818730145,29.5,49.4943828378057));
#3495=CARTESIAN_POINT('',(-56.2384902573391,29.5,49.3136136186836));
#3496=CARTESIAN_POINT('',(-56.5199184520729,29.5,49.1483568900655));
#3497=CARTESIAN_POINT('',(-56.6616754053463,29.5,49.0653295701325));
#3498=CARTESIAN_POINT('',(-56.77321113023,29.5,49.));
#3499=CARTESIAN_POINT('',(-34.4029378581638,29.5,104.603672322705));
#3500=CARTESIAN_POINT('',(-34.4029378581635,29.5,104.603672322705));
#3501=VECTOR('',#3502,1.);
#3502=DIRECTION('',(-0.294546453408486,-7.01234026515585E-17,-0.955637162726776));
#3503=CARTESIAN_POINT('',(34.4029378581638,29.5,104.603672322705));
#3504=AXIS2_PLACEMENT_3D('',#3505,#3506,#3507);
#3505=CARTESIAN_POINT('',(-7.105427357601E-15,29.5,94.));
#3506=DIRECTION('',(-8.53101850005892E-33,1.,-6.96610525255E-17));
#3507=DIRECTION('',(-0.955637162726782,2.05184159620869E-17,0.294546453408467));
#3508=CARTESIAN_POINT('',(49.3257621150844,29.4999999999999,56.1875217708022));
#3509=CARTESIAN_POINT('',(34.4029378581635,29.5,104.603672322705));
#3510=VECTOR('',#3511,1.);
#3511=DIRECTION('',(0.294546453408486,-7.01234026515584E-17,-0.955637162726776));
#3512=CARTESIAN_POINT('',(56.77321113023,29.5,49.));
#3513=CARTESIAN_POINT('',(49.3257621150844,29.4999999999999,56.1875217708022));
#3514=CARTESIAN_POINT('',(49.348504219675,29.5,56.1137394371515));
#3515=CARTESIAN_POINT('',(49.3875713300405,29.5,55.9942405499719));
#3516=CARTESIAN_POINT('',(49.4395012983452,29.5,55.8487939989258));
#3517=CARTESIAN_POINT('',(49.4941929024959,29.5,55.7032056553116));
#3518=CARTESIAN_POINT('',(49.5632706758819,29.5,55.5311750023715));
#3519=CARTESIAN_POINT('',(49.6576764979481,29.5,55.3162349637164));
#3520=CARTESIAN_POINT('',(49.7330487198788,29.5,55.1582746364926));
#3521=CARTESIAN_POINT('',(49.8035719037336,29.5,55.0173663133029));
#3522=CARTESIAN_POINT('',(49.8765861266406,29.5,54.8768922792794));
#3523=CARTESIAN_POINT('',(49.983025541221,29.5,54.6847522920834));
#3524=CARTESIAN_POINT('',(50.104635091121,29.5,54.4796241442238));
#3525=CARTESIAN_POINT('',(50.1967849120838,29.5,54.3338186525519));
#3526=CARTESIAN_POINT('',(50.284969972102,29.5,54.199142915537));
#3527=CARTESIAN_POINT('',(50.3768919511648,29.5,54.0629685542741));
#3528=CARTESIAN_POINT('',(50.5146742787067,29.5,53.8696279751876));
#3529=CARTESIAN_POINT('',(50.6619336170523,29.5,53.6745599881034));
#3530=CARTESIAN_POINT('',(50.7703169808725,29.5,53.5382850950851));
#3531=CARTESIAN_POINT('',(50.8844994531082,29.5,53.3985720002497));
#3532=CARTESIAN_POINT('',(51.0142313019005,29.5,53.2448691229761));
#3533=CARTESIAN_POINT('',(51.206540780732,29.5,53.0291879882544));
#3534=CARTESIAN_POINT('',(51.364448412553,29.5,52.8614390615102));
#3535=CARTESIAN_POINT('',(51.5058831115532,29.5,52.716387715367));
#3536=CARTESIAN_POINT('',(51.6546994492574,29.4999999999998,52.5677185437073));
#3537=CARTESIAN_POINT('',(51.8634662806404,29.5000000000015,52.3680653623588));
#3538=CARTESIAN_POINT('',(52.1141223174267,29.499999999994,52.1404066907984));
#3539=CARTESIAN_POINT('',(52.2903379745846,29.5000000000138,51.9882571831743));
#3540=CARTESIAN_POINT('',(52.4761330447702,29.4999999999849,51.8317402621227));
#3541=CARTESIAN_POINT('',(52.6732133946456,29.5000000048791,51.6699301692814));
#3542=CARTESIAN_POINT('',(52.978101632128,29.4999999986046,51.4313958989961));
#3543=CARTESIAN_POINT('',(53.279462334217,29.5000000003219,51.2063189155886));
#3544=CARTESIAN_POINT('',(53.5021598534421,29.4999999999845,51.0464255987638));
#3545=CARTESIAN_POINT('',(53.7318275476024,29.5000000000116,50.8848892794649));
#3546=CARTESIAN_POINT('',(53.9910500575234,29.4999999999952,50.7069662759531));
#3547=CARTESIAN_POINT('',(54.3541012740895,29.5000000000013,50.4667657195916));
#3548=CARTESIAN_POINT('',(54.7313570924706,29.4999999999996,50.2252113023616));
#3549=CARTESIAN_POINT('',(55.0047912861097,29.5,50.0550441475545));
#3550=CARTESIAN_POINT('',(55.2683153310988,29.5,49.8931881023627));
#3551=CARTESIAN_POINT('',(55.5384654819282,29.5,49.7291637640206));
#3552=CARTESIAN_POINT('',(55.931818730145,29.5,49.4943828378057));
#3553=CARTESIAN_POINT('',(56.2384902573392,29.5,49.3136136186833));
#3554=CARTESIAN_POINT('',(56.5199184520731,29.5,49.1483568900654));
#3555=CARTESIAN_POINT('',(56.6616754053466,29.5,49.0653295701325));
#3556=CARTESIAN_POINT('',(56.77321113023,29.5,49.));
#3557=CARTESIAN_POINT('',(63.,29.5,49.));
#3558=CARTESIAN_POINT('',(56.77321113023,29.5,49.));
#3559=VECTOR('',#3560,1.);
#3560=DIRECTION('',(1.,0.,0.));
#3561=CARTESIAN_POINT('',(63.,29.5,8.00000000000001));
#3562=CARTESIAN_POINT('',(63.,29.5,8.00000000000001));
#3563=VECTOR('',#3564,1.);
#3564=DIRECTION('',(0.,8.66515531414757E-17,1.));
#3565=CARTESIAN_POINT('',(50.,29.5,8.00000000000002));
#3566=CARTESIAN_POINT('',(50.,29.5,8.00000000000002));
#3567=VECTOR('',#3568,1.);
#3568=DIRECTION('',(1.,0.,-1.36642833800019E-16));
#3569=CARTESIAN_POINT('',(50.,29.5,19.2964275478941));
#3570=CARTESIAN_POINT('',(50.,29.5,19.2964275478941));
#3571=VECTOR('',#3572,1.);
#3572=DIRECTION('',(0.,0.,-1.));
#3573=CARTESIAN_POINT('',(49.778185813634,29.5,20.7691598149362));
#3574=AXIS2_PLACEMENT_3D('',#3575,#3576,#3577);
#3575=CARTESIAN_POINT('',(45.,29.5,19.2964275478941));
#3576=DIRECTION('',(8.53101850005892E-33,-1.,6.96610525255E-17));
#3577=DIRECTION('',(1.,8.53101850005892E-33,-5.94279727828617E-49));
#3578=CARTESIAN_POINT('',(35.2186171557221,29.5,68.0067507679655));
#3579=CARTESIAN_POINT('',(49.778185813634,29.5,20.7691598149362));
#3580=VECTOR('',#3581,1.);
#3581=DIRECTION('',(-0.294546453408429,1.43745908776995E-16,0.955637162726794));
#3582=CARTESIAN_POINT('',(26.7281836174432,29.5,69.8835284398352));
#3583=AXIS2_PLACEMENT_3D('',#3584,#3585,#3586);
#3584=CARTESIAN_POINT('',(30.4404313420881,29.5,66.5340185009234));
#3585=DIRECTION('',(8.53101850005892E-33,-1.,6.96610525255E-17));
#3586=DIRECTION('',(0.955637162726793,2.05184159620843E-17,0.294546453408429));
#3587=CARTESIAN_POINT('',(12.4999999999938,29.5,60.2398163511905));
#3588=AXIS2_PLACEMENT_3D('',#3589,#3590,#3591);
#3589=CARTESIAN_POINT('',(-7.105427357601E-15,29.5,94.));
#3590=DIRECTION('',(-8.53101850005892E-33,1.,-6.96610525255E-17));
#3591=DIRECTION('',(0.742449544928979,-4.66660775578436E-17,-0.669901987782357));
#3592=CARTESIAN_POINT('',(12.4999999999482,29.5000000000312,65.5226405716942));
#3593=CARTESIAN_POINT('',(12.4999999999996,29.5,60.239816351175));
#3594=VECTOR('',#3595,1.);
#3595=DIRECTION('',(-7.39752996434709E-15,0.,1.));
#3596=CARTESIAN_POINT('',(-31.1,29.5,94.));
#3597=AXIS2_PLACEMENT_3D('',#3598,#3599,#3600);
#3598=CARTESIAN_POINT('',(-7.105427357601E-15,29.5,94.));
#3599=DIRECTION('',(-8.53101850005892E-33,1.,-6.96610525255E-17));
#3600=DIRECTION('',(-1.,-8.53101850005892E-33,5.94279727828617E-49));
#3601=CARTESIAN_POINT('',(-12.4999999999492,29.5000000000311,65.5226405716946));
#3602=AXIS2_PLACEMENT_3D('',#3603,#3604,#3605);
#3603=CARTESIAN_POINT('',(-7.105427357601E-15,29.5,94.));
#3604=DIRECTION('',(-8.53101850005892E-33,1.,-6.96610525255E-17));
#3605=DIRECTION('',(-0.401929260446943,-6.37865862030517E-17,-0.915670721163767));
#3606=CARTESIAN_POINT('',(-12.4999999999947,29.5,60.2398163511908));
#3607=CARTESIAN_POINT('',(-12.5000000000004,29.5,65.5226405715779));
#3608=VECTOR('',#3609,1.);
#3609=DIRECTION('',(7.39752996434694E-15,0.,-1.));
#3610=CARTESIAN_POINT('',(-26.7281836174432,29.5,69.8835284398351));
#3611=AXIS2_PLACEMENT_3D('',#3612,#3613,#3614);
#3612=CARTESIAN_POINT('',(-7.105427357601E-15,29.5,94.));
#3613=DIRECTION('',(-8.53101850005892E-33,1.,-6.96610525255E-17));
#3614=DIRECTION('',(-0.347222222221914,-6.53269424008096E-17,-0.937782879133158));
#3615=CARTESIAN_POINT('',(-35.2186171557221,29.5,68.0067507679655));
#3616=AXIS2_PLACEMENT_3D('',#3617,#3618,#3619);
#3617=CARTESIAN_POINT('',(-30.4404313420881,29.5,66.5340185009234));
#3618=DIRECTION('',(8.53101850005892E-33,-1.,6.96610525255E-17));
#3619=DIRECTION('',(0.742449544928981,4.66660775578434E-17,0.669901987782354));
#3620=CARTESIAN_POINT('',(-46.4707266210839,29.5,31.5));
#3621=VECTOR('',#3622,1.);
#3622=DIRECTION('',(0.294546453408429,1.85998761794422E-16,0.955637162726794));
#3623=CARTESIAN_POINT('',(-46.4707266210839,19.5,31.5));
#3624=CARTESIAN_POINT('',(-50.,19.5,31.5));
#3625=VECTOR('',#3626,1.);
#3626=DIRECTION('',(1.,0.,0.));
#3627=CARTESIAN_POINT('',(-35.2186171557221,19.5,68.0067507679655));
#3628=CARTESIAN_POINT('',(-46.4707266210839,19.5,31.5));
#3629=VECTOR('',#3630,1.);
#3630=DIRECTION('',(0.294546453408429,1.85998761794422E-16,0.955637162726794));
#3631=CARTESIAN_POINT('',(-26.7281836174432,19.5,69.8835284398351));
#3632=AXIS2_PLACEMENT_3D('',#3633,#3634,#3635);
#3633=CARTESIAN_POINT('',(-30.4404313420881,19.5,66.5340185009234));
#3634=DIRECTION('',(3.08148791101958E-33,1.,-6.96610525255E-17));
#3635=DIRECTION('',(-0.955637162726793,2.05184159620845E-17,0.294546453408432));
#3636=CARTESIAN_POINT('',(-36.,19.5,94.));
#3637=AXIS2_PLACEMENT_3D('',#3638,#3639,#3640);
#3638=CARTESIAN_POINT('',(-1.15116799119851E-14,19.5,94.));
#3639=DIRECTION('',(-2.73691106313441E-48,1.,-6.96610525255E-17));
#3640=DIRECTION('',(-0.742449544928977,-4.66660775578437E-17,-0.669901987782358));
#3641=CARTESIAN_POINT('',(-34.4029378581638,19.5,104.603672322705));
#3642=AXIS2_PLACEMENT_3D('',#3643,#3644,#3645);
#3643=CARTESIAN_POINT('',(-1.15116799119851E-14,19.5,94.));
#3644=DIRECTION('',(-2.73691106313441E-48,1.,-6.96610525255E-17));
#3645=DIRECTION('',(-1.,-2.73691106313441E-48,1.90656105326628E-64));
#3646=CARTESIAN_POINT('',(-48.9128256607347,19.5,57.5272677329576));
#3647=CARTESIAN_POINT('',(-34.4029378581635,19.5,104.603672322705));
#3648=VECTOR('',#3649,1.);
#3649=DIRECTION('',(-0.294546453408486,-7.21190424285068E-17,-0.955637162726776));
#3650=CARTESIAN_POINT('',(-53.6910114743686,19.5,54.));
#3651=AXIS2_PLACEMENT_3D('',#3652,#3653,#3654);
#3652=CARTESIAN_POINT('',(-53.6910114743686,19.5,59.));
#3653=DIRECTION('',(0.,1.,0.));
#3654=DIRECTION('',(0.955637162726776,0.,-0.294546453408485));
#3655=CARTESIAN_POINT('',(-53.6910114743686,19.5,54.));
#3656=VECTOR('',#3657,1.);
#3657=DIRECTION('',(1.,0.,-1.92506238654176E-15));
#3658=CARTESIAN_POINT('',(-61.,22.9,24.));
#3659=AXIS2_PLACEMENT_3D('',#3660,#3661,#3662);
#3660=CARTESIAN_POINT('',(-61.,24.5,24.));
#3661=DIRECTION('',(-1.,0.,6.12323399573677E-17));
#3662=DIRECTION('',(-3.74939945665464E-33,-1.,-6.12323399573677E-17));
#3663=CARTESIAN_POINT('',(-61.,-26.1,24.));
#3664=AXIS2_PLACEMENT_3D('',#3665,#3666,#3667);
#3665=CARTESIAN_POINT('',(-61.,-24.5,24.));
#3666=DIRECTION('',(-1.,0.,6.12323399573677E-17));
#3667=DIRECTION('',(-3.74939945665464E-33,-1.,-6.12323399573677E-17));
#3668=CARTESIAN_POINT('',(-46.7426854142481,-28.0294117647059,30.6176470588235));
#3669=CARTESIAN_POINT('',(-46.4707266210839,-29.5,31.5));
#3670=CARTESIAN_POINT('',(-46.7312466268498,-29.5,30.6547594742265));
#3671=CARTESIAN_POINT('',(-46.8652830640203,-28.7752122286237,30.2198868114007));
#3672=CARTESIAN_POINT('',(-46.7426854142481,-28.0294117647059,30.6176470588235));
#3673=CARTESIAN_POINT('',(-46.7426854142481,-20.9705882352941,30.6176470588236));
#3674=CARTESIAN_POINT('',(-46.7426854142481,-20.9705882352941,30.6176470588236));
#3675=CARTESIAN_POINT('',(-46.3723585469607,-23.2234042553192,31.8191489361702));
#3676=CARTESIAN_POINT('',(-46.3723585469607,-25.7765957446809,31.8191489361702));
#3677=CARTESIAN_POINT('',(-46.7426854142481,-28.0294117647059,30.6176470588235));
#3678=CARTESIAN_POINT('',(-46.4707266210839,-19.5,31.5));
#3679=CARTESIAN_POINT('',(-46.7312466268498,-19.5,30.6547594742265));
#3680=CARTESIAN_POINT('',(-46.8652830640203,-20.2247877713763,30.2198868114007));
#3681=CARTESIAN_POINT('',(-46.7426854142481,-20.9705882352941,30.6176470588236));
#3682=CARTESIAN_POINT('',(-35.2186171557221,-19.5,68.0067507679655));
#3683=VECTOR('',#3684,1.);
#3684=DIRECTION('',(0.,-1.,0.));
#3685=CARTESIAN_POINT('',(-46.7426854142481,20.9705882352941,30.6176470588235));
#3686=CARTESIAN_POINT('',(-46.4707266210839,19.5,31.5));
#3687=CARTESIAN_POINT('',(-46.7312466268498,19.5,30.6547594742265));
#3688=CARTESIAN_POINT('',(-46.8652830640203,20.2247877713763,30.2198868114007));
#3689=CARTESIAN_POINT('',(-46.7426854142481,20.9705882352941,30.6176470588235));
#3690=CARTESIAN_POINT('',(-46.7426854142481,28.0294117647059,30.6176470588235));
#3691=CARTESIAN_POINT('',(-46.7426854142481,28.0294117647059,30.6176470588235));
#3692=CARTESIAN_POINT('',(-46.3723585469607,25.7765957446809,31.8191489361702));
#3693=CARTESIAN_POINT('',(-46.3723585469607,23.2234042553192,31.8191489361702));
#3694=CARTESIAN_POINT('',(-46.7426854142481,20.9705882352941,30.6176470588235));
#3695=CARTESIAN_POINT('',(-46.4707266210839,29.5,31.5));
#3696=CARTESIAN_POINT('',(-46.7312466268498,29.5,30.6547594742265));
#3697=CARTESIAN_POINT('',(-46.8652830640203,28.7752122286237,30.2198868114007));
#3698=CARTESIAN_POINT('',(-46.7426854142481,28.0294117647059,30.6176470588235));
#3699=CARTESIAN_POINT('',(-35.2186171557221,19.5,68.0067507679655));
#3700=VECTOR('',#3701,1.);
#3701=DIRECTION('',(0.,1.,0.));
#3702=CARTESIAN_POINT('',(-50.,-28.0294117647059,30.6176470588235));
#3703=VECTOR('',#3704,1.);
#3704=DIRECTION('',(1.,0.,0.));
#3705=CARTESIAN_POINT('',(-50.,-20.9705882352941,30.6176470588236));
#3706=VECTOR('',#3707,1.);
#3707=DIRECTION('',(1.,0.,0.));
#3708=CARTESIAN_POINT('',(-50.,20.9705882352941,30.6176470588235));
#3709=VECTOR('',#3710,1.);
#3710=DIRECTION('',(1.,0.,0.));
#3711=CARTESIAN_POINT('',(-50.,28.0294117647059,30.6176470588235));
#3712=VECTOR('',#3713,1.);
#3713=DIRECTION('',(1.,0.,0.));
#3714=CARTESIAN_POINT('',(-61.,-34.5,3.));
#3715=CARTESIAN_POINT('',(-61.,-34.5,3.));
#3716=VECTOR('',#3717,1.);
#3717=DIRECTION('',(1.,0.,0.));
#3718=AXIS2_PLACEMENT_3D('',#3719,#3720,#3721);
#3719=CARTESIAN_POINT('',(-61.,-34.5,8.));
#3720=DIRECTION('',(1.,0.,-6.12323399573677E-17));
#3721=DIRECTION('',(-6.12323399573677E-17,1.4210854715202E-15,-1.));
#3722=CARTESIAN_POINT('',(-93.,2.27784304641408E-14,3.));
#3723=AXIS2_PLACEMENT_3D('',#3724,#3725,#3726);
#3724=CARTESIAN_POINT('',(0.,0.,3.));
#3725=DIRECTION('',(0.,0.,1.));
#3726=DIRECTION('',(-1.,1.22464679914735E-16,0.));
#3727=CARTESIAN_POINT('',(12.5,-91.6515138991168,3.));
#3728=CARTESIAN_POINT('',(12.5,-71.9488248893828,3.));
#3729=CARTESIAN_POINT('',(12.5,-71.9488248893828,3.));
#3730=VECTOR('',#3731,1.);
#3731=DIRECTION('',(1.80316183087766E-16,-1.,0.));
#3732=CARTESIAN_POINT('',(-12.5,-91.6515138991168,3.));
#3733=AXIS2_PLACEMENT_3D('',#3734,#3735,#3736);
#3734=CARTESIAN_POINT('',(0.,-3.67394039744206E-16,3.));
#3735=DIRECTION('',(0.,0.,-1.));
#3736=DIRECTION('',(0.135135135135135,-0.990827177287749,0.));
#3737=CARTESIAN_POINT('',(-12.5,-71.9488248893828,3.));
#3738=CARTESIAN_POINT('',(-12.5,-91.6515138991168,3.));
#3739=VECTOR('',#3740,1.);
#3740=DIRECTION('',(0.,1.,0.));
#3741=CARTESIAN_POINT('',(-12.5,-71.9488248893828,3.));
#3742=CARTESIAN_POINT('',(-11.9646337155587,-71.9925745624689,3.));
#3743=CARTESIAN_POINT('',(-11.4285013309996,-72.0327302615604,3.));
#3744=CARTESIAN_POINT('',(-9.76284251277704,-72.1488294811973,3.));
#3745=CARTESIAN_POINT('',(-8.63119123242503,-72.202664718682,3.));
#3746=CARTESIAN_POINT('',(-7.44742351021723,-72.2661977375402,3.));
#3747=CARTESIAN_POINT('',(-7.3948158460717,-72.2682204598508,3.));
#3748=CARTESIAN_POINT('',(-7.07224755139054,-72.2817961714488,3.));
#3749=CARTESIAN_POINT('',(-6.8023126408574,-72.2934223634091,3.));
#3750=CARTESIAN_POINT('',(-5.07845697376609,-72.3616106005446,3.));
#3751=CARTESIAN_POINT('',(-3.62141702592491,-72.3971001056019,3.));
#3752=CARTESIAN_POINT('',(-1.44334216697819,-72.4245503030102,3.));
#3753=CARTESIAN_POINT('',(-0.721566608223015,-72.4289321881333,3.));
#3754=CARTESIAN_POINT('',(0.721566608223057,-72.4289321881333,3.));
#3755=CARTESIAN_POINT('',(1.44334216697823,-72.4245503030102,3.));
#3756=CARTESIAN_POINT('',(3.62141702592496,-72.3971001056019,3.));
#3757=CARTESIAN_POINT('',(5.07845697376614,-72.3616106005446,3.));
#3758=CARTESIAN_POINT('',(6.80232599934677,-72.2934218350053,3.));
#3759=CARTESIAN_POINT('',(7.07252806884652,-72.2849079985218,3.));
#3760=CARTESIAN_POINT('',(7.39476285259541,-72.2676136018183,3.));
#3761=CARTESIAN_POINT('',(7.44743290065366,-72.266342329374,3.));
#3762=CARTESIAN_POINT('',(8.63087895806615,-72.1995601370746,3.));
#3763=CARTESIAN_POINT('',(9.7628601339606,-72.1488282529712,3.));
#3764=CARTESIAN_POINT('',(11.4285013309996,-72.0327302615604,3.));
#3765=CARTESIAN_POINT('',(11.9646337155587,-71.9925745624688,3.));
#3766=CARTESIAN_POINT('',(12.5,-71.9488248893828,3.));
#3767=CARTESIAN_POINT('',(-61.,34.5,2.99999999999999));
#3768=CARTESIAN_POINT('',(-61.,34.5,3.));
#3769=VECTOR('',#3770,1.);
#3770=DIRECTION('',(0.,-1.,0.));
#3771=CARTESIAN_POINT('',(-50.,34.5,2.99999999999999));
#3772=VECTOR('',#3773,1.);
#3773=DIRECTION('',(-1.,0.,8.07434927000114E-17));
#3774=CARTESIAN_POINT('',(12.5,71.9488248893828,3.));
#3775=CARTESIAN_POINT('',(12.5,91.6515138991168,3.));
#3776=CARTESIAN_POINT('',(12.5,71.9488248893828,3.));
#3777=VECTOR('',#3778,1.);
#3778=DIRECTION('',(9.01580915438827E-17,1.,0.));
#3779=CARTESIAN_POINT('',(-12.5,71.9488248893828,3.));
#3780=CARTESIAN_POINT('',(-12.5,71.9488248893828,3.));
#3781=CARTESIAN_POINT('',(-11.9646337155587,71.9925745624689,3.));
#3782=CARTESIAN_POINT('',(-11.4285013309996,72.0327302615604,3.));
#3783=CARTESIAN_POINT('',(-9.76286013396058,72.1488282529712,3.));
#3784=CARTESIAN_POINT('',(-8.63087895806613,72.1995601370746,3.));
#3785=CARTESIAN_POINT('',(-7.44743290065368,72.266342329374,3.));
#3786=CARTESIAN_POINT('',(-7.39476285259546,72.2676136018183,3.));
#3787=CARTESIAN_POINT('',(-7.07252806884656,72.2849079985218,3.));
#3788=CARTESIAN_POINT('',(-6.80232599934676,72.2934218350054,3.));
#3789=CARTESIAN_POINT('',(-5.07845697376609,72.3616106005446,3.));
#3790=CARTESIAN_POINT('',(-3.62141702592491,72.3971001056019,3.));
#3791=CARTESIAN_POINT('',(-1.44334216697819,72.4245503030102,3.));
#3792=CARTESIAN_POINT('',(-0.721566608223015,72.4289321881333,3.));
#3793=CARTESIAN_POINT('',(0.721566608223057,72.4289321881333,3.));
#3794=CARTESIAN_POINT('',(1.44334216697823,72.4245503030102,3.));
#3795=CARTESIAN_POINT('',(3.62141702592496,72.3971001056019,3.));
#3796=CARTESIAN_POINT('',(5.07845697376614,72.3616106005446,3.));
#3797=CARTESIAN_POINT('',(6.8023126408574,72.2934223634091,3.));
#3798=CARTESIAN_POINT('',(7.07224755139051,72.2817961714488,3.));
#3799=CARTESIAN_POINT('',(7.39481584607165,72.2682204598508,3.));
#3800=CARTESIAN_POINT('',(7.44742351021721,72.2661977375401,3.));
#3801=CARTESIAN_POINT('',(8.63119123242505,72.202664718682,3.));
#3802=CARTESIAN_POINT('',(9.76284251277707,72.1488294811974,3.));
#3803=CARTESIAN_POINT('',(11.4285013309996,72.0327302615604,3.));
#3804=CARTESIAN_POINT('',(11.9646337155587,71.9925745624689,3.));
#3805=CARTESIAN_POINT('',(12.5,71.9488248893828,3.));
#3806=CARTESIAN_POINT('',(-12.5,91.6515138991168,3.));
#3807=CARTESIAN_POINT('',(-12.5,91.6515138991168,3.));
#3808=VECTOR('',#3809,1.);
#3809=DIRECTION('',(-9.0158091543883E-17,-1.,0.));
#3810=AXIS2_PLACEMENT_3D('',#3811,#3812,#3813);
#3811=CARTESIAN_POINT('',(0.,0.,3.));
#3812=DIRECTION('',(0.,0.,1.));
#3813=DIRECTION('',(0.135135135135135,0.990827177287749,0.));
#3814=CARTESIAN_POINT('',(15.0000000000566,40.3553390593777,3.));
#3815=CARTESIAN_POINT('',(15.0000000000902,30.3553390593777,3.));
#3816=AXIS2_PLACEMENT_3D('',#3817,#3818,#3819);
#3817=CARTESIAN_POINT('',(15.0000000000734,35.3553390593777,3.));
#3818=DIRECTION('',(0.,0.,1.));
#3819=DIRECTION('',(3.35340644141979E-12,-1.,0.));
#3820=CARTESIAN_POINT('',(-15.0000000000566,30.3553390592771,3.));
#3821=CARTESIAN_POINT('',(-15.0000000000566,30.3553390592771,3.));
#3822=VECTOR('',#3823,1.);
#3823=DIRECTION('',(1.,3.35293274624621E-12,0.));
#3824=CARTESIAN_POINT('',(-15.0000000000902,40.3553390592771,3.));
#3825=AXIS2_PLACEMENT_3D('',#3826,#3827,#3828);
#3826=CARTESIAN_POINT('',(-15.0000000000734,35.3553390592771,3.));
#3827=DIRECTION('',(0.,0.,1.));
#3828=DIRECTION('',(-3.35340644141979E-12,1.,0.));
#3829=CARTESIAN_POINT('',(15.0000000000566,40.3553390593777,3.));
#3830=VECTOR('',#3831,1.);
#3831=DIRECTION('',(-1.,-3.35328801761409E-12,0.));
#3832=CARTESIAN_POINT('',(-36.9553390593274,-35.3553390593274,3.));
#3833=AXIS2_PLACEMENT_3D('',#3834,#3835,#3836);
#3834=CARTESIAN_POINT('',(-35.3553390593274,-35.3553390593274,3.));
#3835=DIRECTION('',(0.,0.,1.));
#3836=DIRECTION('',(-1.,1.22464679914735E-16,0.));
#3837=CARTESIAN_POINT('',(-36.9553390593274,35.3553390593274,3.));
#3838=AXIS2_PLACEMENT_3D('',#3839,#3840,#3841);
#3839=CARTESIAN_POINT('',(-35.3553390593274,35.3553390593274,3.));
#3840=DIRECTION('',(0.,0.,1.));
#3841=DIRECTION('',(-1.,1.22464679914735E-16,0.));
#3842=CARTESIAN_POINT('',(33.7553390593274,35.3553390593274,3.));
#3843=AXIS2_PLACEMENT_3D('',#3844,#3845,#3846);
#3844=CARTESIAN_POINT('',(35.3553390593274,35.3553390593274,3.));
#3845=DIRECTION('',(0.,0.,1.));
#3846=DIRECTION('',(-1.,1.22464679914735E-16,0.));
#3847=CARTESIAN_POINT('',(33.7553390593274,-35.3553390593274,3.));
#3848=AXIS2_PLACEMENT_3D('',#3849,#3850,#3851);
#3849=CARTESIAN_POINT('',(35.3553390593274,-35.3553390593274,3.));
#3850=DIRECTION('',(0.,0.,1.));
#3851=DIRECTION('',(-1.,1.22464679914735E-16,0.));
#3852=CARTESIAN_POINT('',(50.,-34.5,3.));
#3853=CARTESIAN_POINT('',(63.,-34.5,3.));
#3854=CARTESIAN_POINT('',(63.,-34.5,3.));
#3855=VECTOR('',#3856,1.);
#3856=DIRECTION('',(-1.,0.,0.));
#3857=CARTESIAN_POINT('',(50.,34.5,3.00000000000001));
#3858=CARTESIAN_POINT('',(50.,34.5,3.));
#3859=VECTOR('',#3860,1.);
#3860=DIRECTION('',(0.,-1.,0.));
#3861=CARTESIAN_POINT('',(63.,34.5,3.));
#3862=CARTESIAN_POINT('',(50.,34.5,3.));
#3863=VECTOR('',#3864,1.);
#3864=DIRECTION('',(1.,0.,-1.36642833800019E-16));
#3865=CARTESIAN_POINT('',(63.,-34.5,3.));
#3866=VECTOR('',#3867,1.);
#3867=DIRECTION('',(-1.02977208081174E-16,1.,-6.43607550507337E-18));
#3868=AXIS2_PLACEMENT_3D('',#3869,#3870,#3871);
#3869=CARTESIAN_POINT('',(-61.,34.5,7.99999999999998));
#3870=DIRECTION('',(1.,0.,-6.12323399573677E-17));
#3871=DIRECTION('',(0.,-1.,0.));
#3872=CARTESIAN_POINT('',(-53.6910114743686,-24.5,54.));
#3873=CARTESIAN_POINT('',(-53.6910114743686,-19.5,54.));
#3874=VECTOR('',#3875,1.);
#3875=DIRECTION('',(0.,-1.,0.));
#3876=CARTESIAN_POINT('',(-53.6910114743686,24.5,54.));
#3877=CARTESIAN_POINT('',(-53.6910114743686,19.5,54.));
#3878=VECTOR('',#3879,1.);
#3879=DIRECTION('',(0.,1.,0.));
#3880=CARTESIAN_POINT('',(-61.,24.5,54.));
#3881=CARTESIAN_POINT('',(-53.6910114743686,24.5,54.));
#3882=VECTOR('',#3883,1.);
#3883=DIRECTION('',(-1.,0.,0.));
#3884=CARTESIAN_POINT('',(-61.,-24.5,54.));
#3885=CARTESIAN_POINT('',(-61.,-24.5,54.));
#3886=VECTOR('',#3887,1.);
#3887=DIRECTION('',(0.,1.,1.45008721583694E-16));
#3888=CARTESIAN_POINT('',(-53.6910114743686,-24.5,54.));
#3889=VECTOR('',#3890,1.);
#3890=DIRECTION('',(-1.,0.,0.));
#3891=CARTESIAN_POINT('',(-61.,-18.6,24.));
#3892=AXIS2_PLACEMENT_3D('',#3893,#3894,#3895);
#3893=CARTESIAN_POINT('',(-61.,-8.4736075498395E-17,24.));
#3894=DIRECTION('',(1.,0.,-6.12323399573677E-17));
#3895=DIRECTION('',(-3.74939945665464E-33,-1.,-6.12323399573677E-17));
#3896=CARTESIAN_POINT('',(-48.9128256607347,-24.5,57.5272677329576));
#3897=AXIS2_PLACEMENT_3D('',#3898,#3899,#3900);
#3898=CARTESIAN_POINT('',(-53.6910114743686,-24.5,59.));
#3899=DIRECTION('',(0.,-1.,0.));
#3900=DIRECTION('',(2.77555756156289E-15,0.,-1.));
#3901=CARTESIAN_POINT('',(-48.9128256607347,-19.5,57.5272677329576));
#3902=VECTOR('',#3903,1.);
#3903=DIRECTION('',(0.,-1.,0.));
#3904=CARTESIAN_POINT('',(-49.3257621150845,-29.4999999999998,56.187521770802));
#3905=CARTESIAN_POINT('',(-49.0536705953639,-27.9709740150398,57.0703053348166));
#3906=CARTESIAN_POINT('',(-48.9128256607347,-26.2655671280293,57.5272677329576));
#3907=CARTESIAN_POINT('',(-48.9128256607347,-24.5,57.5272677329576));
#3908=CARTESIAN_POINT('',(-34.4029378581639,-19.5,104.603672322705));
#3909=VECTOR('',#3910,1.);
#3910=DIRECTION('',(0.,-1.,0.));
#3911=CARTESIAN_POINT('',(26.7281836174432,-19.5,69.8835284398352));
#3912=CARTESIAN_POINT('',(34.4029378581638,-19.5,104.603672322705));
#3913=AXIS2_PLACEMENT_3D('',#3914,#3915,#3916);
#3914=CARTESIAN_POINT('',(-1.15116799119851E-14,-19.5,94.));
#3915=DIRECTION('',(8.53101850005892E-33,1.,1.92125732440235E-16));
#3916=DIRECTION('',(0.955637162726782,-5.65899530987752E-17,0.294546453408466));
#3917=CARTESIAN_POINT('',(26.7281836174432,-19.5,69.8835284398352));
#3918=VECTOR('',#3919,1.);
#3919=DIRECTION('',(0.,-1.,0.));
#3920=CARTESIAN_POINT('',(8.61438996475471,-27.4310560203914,59.0458545300399));
#3921=CARTESIAN_POINT('',(8.61438996475471,-27.4310560203914,59.0458545300399));
#3922=CARTESIAN_POINT('',(8.64843036463471,-27.4319222301027,59.0542437289512));
#3923=CARTESIAN_POINT('',(8.71269855466457,-27.4335778127321,59.0701816517876));
#3924=CARTESIAN_POINT('',(8.80562808310018,-27.4379806839015,59.0935004544153));
#3925=CARTESIAN_POINT('',(8.89115188721821,-27.445507054576,59.1151921632986));
#3926=CARTESIAN_POINT('',(8.97713397676206,-27.4557529221842,59.1372161737651));
#3927=CARTESIAN_POINT('',(9.06971817404808,-27.4692407632293,59.1611744509597));
#3928=CARTESIAN_POINT('',(9.17648681505059,-27.4881865508023,59.1891299443315));
#3929=CARTESIAN_POINT('',(9.30150757579943,-27.5149455515438,59.2222995656147));
#3930=CARTESIAN_POINT('',(9.44329324084581,-27.5507769389644,59.2605040706853));
#3931=CARTESIAN_POINT('',(9.60080421816734,-27.596961823592,59.3036901459831));
#3932=CARTESIAN_POINT('',(9.7608513946296,-27.6511752322304,59.3483733640755));
#3933=CARTESIAN_POINT('',(9.92174099986001,-27.7122026304833,59.3941041109547));
#3934=CARTESIAN_POINT('',(10.0799012426107,-27.7779880937341,59.4398395470865));
#3935=CARTESIAN_POINT('',(10.2386993031325,-27.8503551599008,59.4865505463867));
#3936=CARTESIAN_POINT('',(10.3982197138236,-27.9291196211564,59.5342729524881));
#3937=CARTESIAN_POINT('',(10.5588074619499,-28.0137701355238,59.5831283454973));
#3938=CARTESIAN_POINT('',(10.7224918956232,-28.1060867779161,59.6337649595259));
#3939=CARTESIAN_POINT('',(10.8887398790187,-28.2064364538189,59.6860693567937));
#3940=CARTESIAN_POINT('',(11.056261720838,-28.3131784015446,59.7396832439097));
#3941=CARTESIAN_POINT('',(11.2147042548963,-28.419997089095,59.7912435872287));
#3942=CARTESIAN_POINT('',(11.3734823406063,-28.5329521627951,59.8436975025021));
#3943=CARTESIAN_POINT('',(11.5356234116665,-28.6534006442505,59.8980871111729));
#3944=CARTESIAN_POINT('',(11.7066552703509,-28.7869902269647,59.9564251972195));
#3945=CARTESIAN_POINT('',(11.865611928855,-28.9179591772634,60.0115315678783));
#3946=CARTESIAN_POINT('',(12.0204192696975,-29.0507237852247,60.0659790422554));
#3947=CARTESIAN_POINT('',(12.174189139093,-29.1878820381269,60.1208180935207));
#3948=CARTESIAN_POINT('',(12.336433337152,-29.339225082658,60.1795551105306));
#3949=CARTESIAN_POINT('',(12.4452162793441,-29.4461446246448,60.2195322047934));
#3950=CARTESIAN_POINT('',(12.4999999999881,-29.5,60.239816351206));
#3951=CARTESIAN_POINT('',(-8.61438996279208,-27.43105602039,59.0458545295562));
#3952=CARTESIAN_POINT('',(-8.61438996279208,-27.43105602039,59.0458545295562));
#3953=CARTESIAN_POINT('',(-7.48325173628203,-27.4303499738952,58.7670874290068));
#3954=CARTESIAN_POINT('',(-5.30977088995161,-27.4295445082575,58.342112068211));
#3955=CARTESIAN_POINT('',(-2.19905513086982,-27.4289705882824,58.0271152082739));
#3956=CARTESIAN_POINT('',(0.643316244847664,-27.4288876001167,57.9721841674971));
#3957=CARTESIAN_POINT('',(3.3078086212431,-27.4291320164004,58.1200698705921));
#3958=CARTESIAN_POINT('',(5.62607456280794,-27.4296855653407,58.419743208039));
#3959=CARTESIAN_POINT('',(7.38794666789207,-27.4303924180615,58.7569936775166));
#3960=CARTESIAN_POINT('',(8.28527048890897,-27.4308505869198,58.9647435925012));
#3961=CARTESIAN_POINT('',(8.61438996475471,-27.4310560203914,59.0458545300399));
#3962=CARTESIAN_POINT('',(-12.4999999999889,-29.5,60.2398163512063));
#3963=CARTESIAN_POINT('',(-12.388500015535,-29.390389454303,60.1985325175586));
#3964=CARTESIAN_POINT('',(-12.1789703010668,-29.1885385011698,60.1221279556522));
#3965=CARTESIAN_POINT('',(-11.8831928699486,-28.9309203163602,60.0173867867222));
#3966=CARTESIAN_POINT('',(-11.6337478540309,-28.7282567746619,59.9313185631208));
#3967=CARTESIAN_POINT('',(-11.4197495367134,-28.5664039181786,59.8590657908056));
#3968=CARTESIAN_POINT('',(-11.2313906201063,-28.431204326987,59.7966655995708));
#3969=CARTESIAN_POINT('',(-11.053107154576,-28.3110209099632,59.7386524686236));
#3970=CARTESIAN_POINT('',(-10.8828249927148,-28.2028014464081,59.6841974454151));
#3971=CARTESIAN_POINT('',(-10.7183551355938,-28.103709029667,59.6324798010068));
#3972=CARTESIAN_POINT('',(-10.5560383422797,-28.0122525711891,59.5822776845711));
#3973=CARTESIAN_POINT('',(-10.393364020915,-27.9266098959503,59.5328027189832));
#3974=CARTESIAN_POINT('',(-10.2287893283353,-27.8455592316768,59.4836009257694));
#3975=CARTESIAN_POINT('',(-10.0628657352012,-27.7704931732567,59.434861454474));
#3976=CARTESIAN_POINT('',(-9.89616069506215,-27.7020233060641,59.3867659493982));
#3977=CARTESIAN_POINT('',(-9.73197551325915,-27.6408224221792,59.3402509117636));
#3978=CARTESIAN_POINT('',(-9.5717177592194,-27.5879616414991,59.2956613772422));
#3979=CARTESIAN_POINT('',(-9.4170636568361,-27.5437339714284,59.2533865355905));
#3980=CARTESIAN_POINT('',(-9.26721796186142,-27.5068494773666,59.2131282932265));
#3981=CARTESIAN_POINT('',(-9.12800629946303,-27.4787861981672,59.1763593941704));
#3982=CARTESIAN_POINT('',(-9.00711197428111,-27.459633282704,59.1449266387579));
#3983=CARTESIAN_POINT('',(-8.90654768088129,-27.4471097425774,59.1191131253169));
#3984=CARTESIAN_POINT('',(-8.81507494752394,-27.4385875988797,59.0958840138469));
#3985=CARTESIAN_POINT('',(-8.71882018492402,-27.4337364005935,59.0717037587387));
#3986=CARTESIAN_POINT('',(-8.65111327998395,-27.4319905010019,59.054904928894));
#3987=CARTESIAN_POINT('',(-8.61438996279208,-27.43105602039,59.0458545295562));
#3988=CARTESIAN_POINT('',(-26.7281836174432,-19.5,69.8835284398352));
#3989=VECTOR('',#3990,1.);
#3990=DIRECTION('',(0.,-1.,0.));
#3991=CARTESIAN_POINT('',(34.4029378581638,-19.5,104.603672322705));
#3992=VECTOR('',#3993,1.);
#3993=DIRECTION('',(7.10542735760101E-16,-1.,0.));
#3994=CARTESIAN_POINT('',(-36.,-15.5,94.));
#3995=AXIS2_PLACEMENT_3D('',#3996,#3997,#3998);
#3996=CARTESIAN_POINT('',(-1.15116799119851E-14,-15.5,94.));
#3997=DIRECTION('',(0.,1.,6.12323399573677E-17));
#3998=DIRECTION('',(-1.,7.49879891330929E-33,-1.22464679914735E-16));
#3999=CARTESIAN_POINT('',(-8.96296445904197,-30.965968366321,57.6241156896095));
#4000=CARTESIAN_POINT('',(-12.4999999999975,-29.5000000000082,60.2398163511831));
#4001=CARTESIAN_POINT('',(-12.456091667406,-29.5000004658163,60.2235583298425));
#4002=CARTESIAN_POINT('',(-12.3684672594444,-29.5011598538696,60.1900812350407));
#4003=CARTESIAN_POINT('',(-12.2381281557025,-29.5062971110353,60.1372525419311));
#4004=CARTESIAN_POINT('',(-12.1087899471962,-29.5147701879477,60.0818400010957));
#4005=CARTESIAN_POINT('',(-11.9808179400574,-29.5264799827862,60.0240738508302));
#4006=CARTESIAN_POINT('',(-11.8545401254917,-29.5412995015832,59.9641935366805));
#4007=CARTESIAN_POINT('',(-11.7300764697713,-29.5591067082,59.9023552353128));
#4008=CARTESIAN_POINT('',(-11.6075608817942,-29.5797724471623,59.8387249930646));
#4009=CARTESIAN_POINT('',(-11.486949349152,-29.6031948027959,59.7733774646374));
#4010=CARTESIAN_POINT('',(-11.3683835585956,-29.629240111061,59.7064828620115));
#4011=CARTESIAN_POINT('',(-11.2518513785599,-29.6578040401137,59.6381274200888));
#4012=CARTESIAN_POINT('',(-11.1375210499583,-29.6887351248117,59.5685047863511));
#4013=CARTESIAN_POINT('',(-11.0252625029137,-29.7219604388324,59.4976280347062));
#4014=CARTESIAN_POINT('',(-10.9150884592511,-29.7573769116543,59.4255890259826));
#4015=CARTESIAN_POINT('',(-10.8068650358774,-29.7949366617452,59.3523760416463));
#4016=CARTESIAN_POINT('',(-10.7005943419288,-29.834553937644,59.2780606091289));
#4017=CARTESIAN_POINT('',(-10.5961400206416,-29.8762032689056,59.2026093054856));
#4018=CARTESIAN_POINT('',(-10.4937261455751,-29.9197213179029,59.1262434912819));
#4019=CARTESIAN_POINT('',(-10.3935410335486,-29.9649368147671,59.0491781710153));
#4020=CARTESIAN_POINT('',(-10.2960942578058,-30.0115014114636,58.9719040763048));
#4021=CARTESIAN_POINT('',(-10.201339149284,-30.059297648286,58.8945022498645));
#4022=CARTESIAN_POINT('',(-10.1097339428047,-30.1079455456614,58.8174735882677));
#4023=CARTESIAN_POINT('',(-10.0212024380674,-30.1573175727072,58.7408983133089));
#4024=CARTESIAN_POINT('',(-9.92708188205856,-30.2123002445333,58.6572257659818));
#4025=CARTESIAN_POINT('',(-9.82812134155976,-30.2731512586992,58.5664815007528));
#4026=CARTESIAN_POINT('',(-9.72532780052124,-30.3399481543389,58.4689397119584));
#4027=CARTESIAN_POINT('',(-9.63639472202678,-30.4008341699929,58.381705824999));
#4028=CARTESIAN_POINT('',(-9.56006064604889,-30.4553763536791,58.3047245098316));
#4029=CARTESIAN_POINT('',(-9.49592398416733,-30.5028045755463,58.2385616660306));
#4030=CARTESIAN_POINT('',(-9.43509206701505,-30.5492796956869,58.1744237758747));
#4031=CARTESIAN_POINT('',(-9.37200055361012,-30.5989875633195,58.1065006457202));
#4032=CARTESIAN_POINT('',(-9.30643975616532,-30.6524177963285,58.0342597988116));
#4033=CARTESIAN_POINT('',(-9.23867336721232,-30.7097118042166,57.9576522709356));
#4034=CARTESIAN_POINT('',(-9.17978026016412,-30.7612918821406,57.8893943107189));
#4035=CARTESIAN_POINT('',(-9.12887058625241,-30.8072113238017,57.8291331967072));
#4036=CARTESIAN_POINT('',(-9.08536300978414,-30.8474121449795,57.7767280977753));
#4037=CARTESIAN_POINT('',(-9.04328491601336,-30.8872159592545,57.7251693328381));
#4038=CARTESIAN_POINT('',(-9.00260094051304,-30.9265913514983,57.6744732160806));
#4039=CARTESIAN_POINT('',(-8.97604926543768,-30.9528724372601,57.6408320276775));
#4040=CARTESIAN_POINT('',(-8.96296445882503,-30.9659683663209,57.624115689556));
#4041=CARTESIAN_POINT('',(-7.50000000000036,-34.5,53.6871645745626));
#4042=CARTESIAN_POINT('',(-7.50000000000036,-34.5,53.6871645745626));
#4043=CARTESIAN_POINT('',(-7.50000005229507,-34.4696509951781,53.7181372885634));
#4044=CARTESIAN_POINT('',(-7.50058601606258,-34.4053372555271,53.7838810083617));
#4045=CARTESIAN_POINT('',(-7.50347589030098,-34.3035803088819,53.8882665386463));
#4046=CARTESIAN_POINT('',(-7.50979128121054,-34.1769499959705,54.0186802774205));
#4047=CARTESIAN_POINT('',(-7.52131600005473,-34.028900198835,54.1719432875015));
#4048=CARTESIAN_POINT('',(-7.539808396927,-33.8629272644038,54.3448443034905));
#4049=CARTESIAN_POINT('',(-7.56153163377458,-33.7136129547132,54.5014019600135));
#4050=CARTESIAN_POINT('',(-7.58412033790207,-33.5843779168958,54.6376761091738));
#4051=CARTESIAN_POINT('',(-7.60725170176437,-33.4676183808343,54.7613582971419));
#4052=CARTESIAN_POINT('',(-7.6350661985616,-33.3429608647462,54.8940618370987));
#4053=CARTESIAN_POINT('',(-7.67019675548788,-33.2036709035754,55.0432104846259));
#4054=CARTESIAN_POINT('',(-7.71578494840703,-33.0433135236444,55.2160450961877));
#4055=CARTESIAN_POINT('',(-7.7797680022563,-32.8453611426265,55.431131427132));
#4056=CARTESIAN_POINT('',(-7.87133864622126,-32.6016811095636,55.6988759281269));
#4057=CARTESIAN_POINT('',(-7.9815564738919,-32.3531709466582,55.976009302213));
#4058=CARTESIAN_POINT('',(-8.0884206368961,-32.1439649052207,56.2129050745388));
#4059=CARTESIAN_POINT('',(-8.16855760819682,-32.0011690404428,56.376508516398));
#4060=CARTESIAN_POINT('',(-8.22919891606062,-31.8993139822327,56.4941510481285));
#4061=CARTESIAN_POINT('',(-8.28180069525105,-31.8148386252197,56.5923567779306));
#4062=CARTESIAN_POINT('',(-8.33598227683584,-31.7315642443109,56.6898182965224));
#4063=CARTESIAN_POINT('',(-8.39166042338404,-31.6495941226783,56.7864199862753));
#4064=CARTESIAN_POINT('',(-8.44891258403906,-31.5687962153381,56.8823237679737));
#4065=CARTESIAN_POINT('',(-8.50770932824736,-31.4892058065575,56.9774962864917));
#4066=CARTESIAN_POINT('',(-8.56808783979505,-31.4107719182505,57.0720082266929));
#4067=CARTESIAN_POINT('',(-8.62996225082777,-31.3336032113558,57.1657378595043));
#4068=CARTESIAN_POINT('',(-8.69337978688483,-31.2576387477128,57.2587685873447));
#4069=CARTESIAN_POINT('',(-8.75832148524846,-31.1829056572111,57.3510781743507));
#4070=CARTESIAN_POINT('',(-8.82484446462182,-31.1093489990211,57.4427472742752));
#4071=CARTESIAN_POINT('',(-8.89293565579184,-31.0369976037973,57.5337538941756));
#4072=CARTESIAN_POINT('',(-8.93944393116288,-30.9895090162895,57.5940672144726));
#4073=CARTESIAN_POINT('',(-8.96296445904197,-30.965968366321,57.6241156896095));
#4074=CARTESIAN_POINT('',(-7.50000000000038,-34.5,58.9676225270159));
#4075=CARTESIAN_POINT('',(-7.5000000000004,-34.5,58.9676225270159));
#4076=VECTOR('',#4077,1.);
#4077=DIRECTION('',(7.06444288796478E-15,0.,-1.));
#4078=CARTESIAN_POINT('',(-7.50000000000038,-34.5,58.9676225270159));
#4079=CARTESIAN_POINT('',(-7.50000034038402,-34.4472221312702,59.0188200830189));
#4080=CARTESIAN_POINT('',(-7.50167231069338,-34.3417639635689,59.1214908555303));
#4081=CARTESIAN_POINT('',(-7.50915747541864,-34.1841183577161,59.2760902584796));
#4082=CARTESIAN_POINT('',(-7.52158824238248,-34.0270557573223,59.4312510449582));
#4083=CARTESIAN_POINT('',(-7.53892594458709,-33.8707343797554,59.5868292470982));
#4084=CARTESIAN_POINT('',(-7.56113941780909,-33.7152238698934,59.7427703697865));
#4085=CARTESIAN_POINT('',(-7.58820923015549,-33.5605705226534,59.8990474071613));
#4086=CARTESIAN_POINT('',(-7.62012833031319,-33.4068045146435,60.0556540211847));
#4087=CARTESIAN_POINT('',(-7.65687527453453,-33.2540561401338,60.2124855941457));
#4088=CARTESIAN_POINT('',(-7.70008163692574,-33.0964162630362,60.3756917684659));
#4089=CARTESIAN_POINT('',(-7.75224796160268,-32.9282714977346,60.5513669541534));
#4090=CARTESIAN_POINT('',(-7.82500330916144,-32.7212276656784,60.7699764099915));
#4091=CARTESIAN_POINT('',(-7.9220360232,-32.4825462778363,61.0256407323679));
#4092=CARTESIAN_POINT('',(-8.04695151543968,-32.219894773565,61.312244678881));
#4093=CARTESIAN_POINT('',(-8.17382158554096,-31.9889821922298,61.5693955089774));
#4094=CARTESIAN_POINT('',(-8.2939103233251,-31.794154147707,61.7905099192653));
#4095=CARTESIAN_POINT('',(-8.39794661568085,-31.6392899054408,61.9690828350017));
#4096=CARTESIAN_POINT('',(-8.50017273851201,-31.4982047348068,62.1342767288483));
#4097=CARTESIAN_POINT('',(-8.60268675747671,-31.3662788891742,62.2911354482062));
#4098=CARTESIAN_POINT('',(-8.70871750851635,-31.2388304675142,62.4451398259685));
#4099=CARTESIAN_POINT('',(-8.82904954125825,-31.1035191566642,62.6114435704066));
#4100=CARTESIAN_POINT('',(-8.96494397948842,-30.9618563064405,62.7892014466666));
#4101=CARTESIAN_POINT('',(-9.11752746857287,-30.8157709044549,62.9772033140731));
#4102=CARTESIAN_POINT('',(-9.26036255032333,-30.6900638162478,63.1434305398366));
#4103=CARTESIAN_POINT('',(-9.39177209173889,-30.5825459851608,63.2892448100852));
#4104=CARTESIAN_POINT('',(-9.52246373079437,-30.4820164793724,63.428704608885));
#4105=CARTESIAN_POINT('',(-9.66821398481786,-30.3776752558583,63.5775363270065));
#4106=CARTESIAN_POINT('',(-9.83009056622084,-30.271045008775,63.734937610616));
#4107=CARTESIAN_POINT('',(-9.98148752888669,-30.179511543189,63.8752250476594));
#4108=CARTESIAN_POINT('',(-10.1207162731481,-30.1016170383767,63.9989785605003));
#4109=CARTESIAN_POINT('',(-10.2457531129632,-30.0362672644991,64.1062892074213));
#4110=CARTESIAN_POINT('',(-10.3708143480461,-29.9753013947791,64.2099891551845));
#4111=CARTESIAN_POINT('',(-10.4946485361181,-29.9191021527519,64.3092493539704));
#4112=CARTESIAN_POINT('',(-10.6172227699845,-29.8674132126999,64.404284610092));
#4113=CARTESIAN_POINT('',(-10.737188310232,-29.8204833537336,64.4943258422244));
#4114=CARTESIAN_POINT('',(-10.8556067585145,-29.777594648558,64.5804287302432));
#4115=CARTESIAN_POINT('',(-10.9717128583756,-29.7387770852226,64.6622475087802));
#4116=CARTESIAN_POINT('',(-11.0858513488434,-29.7036718121224,64.7402303850448));
#4117=CARTESIAN_POINT('',(-11.1964123428885,-29.6724842802203,64.8135169735719));
#4118=CARTESIAN_POINT('',(-11.3043549007689,-29.6446502974299,64.8829834115449));
#4119=CARTESIAN_POINT('',(-11.4092522115726,-29.6200354591675,64.948554187068));
#4120=CARTESIAN_POINT('',(-11.5121414918539,-29.5981939770517,65.0110419388309));
#4121=CARTESIAN_POINT('',(-11.6126233312041,-29.579026785918,65.0703523946896));
#4122=CARTESIAN_POINT('',(-11.7120652306648,-29.5621363952161,65.1274026623657));
#4123=CARTESIAN_POINT('',(-11.8108564227524,-29.5473841122897,65.1824744738847));
#4124=CARTESIAN_POINT('',(-11.9096761743295,-29.5346390715034,65.2359701398793));
#4125=CARTESIAN_POINT('',(-12.0081888279405,-29.5239190868454,65.2877278799403));
#4126=CARTESIAN_POINT('',(-12.1066720375749,-29.5151690199048,65.3379124869805));
#4127=CARTESIAN_POINT('',(-12.2050429898707,-29.5083826669905,65.3864911298584));
#4128=CARTESIAN_POINT('',(-12.3034308889659,-29.503542883857,65.4335321692412));
#4129=CARTESIAN_POINT('',(-12.4016016372869,-29.5006473613927,65.4789321983388));
#4130=CARTESIAN_POINT('',(-12.4672290394056,-29.5000001280073,65.50825575877));
#4131=CARTESIAN_POINT('',(-12.4999999999733,-29.5000000000623,65.5226405716396));
#4132=AXIS2_PLACEMENT_3D('',#4133,#4134,#4135);
#4133=CARTESIAN_POINT('',(-1.15116799119851E-14,-29.5,94.));
#4134=DIRECTION('',(1.3684555315672E-48,1.,6.12323399573677E-17));
#4135=DIRECTION('',(0.401929260446913,5.60686608873086E-17,-0.91567072116378));
#4136=CARTESIAN_POINT('',(-31.1,-17.5,94.));
#4137=AXIS2_PLACEMENT_3D('',#4138,#4139,#4140);
#4138=CARTESIAN_POINT('',(-1.15116799119851E-14,-17.5,94.));
#4139=DIRECTION('',(0.,1.,6.12323399573677E-17));
#4140=DIRECTION('',(-1.,7.49879891330929E-33,-1.22464679914735E-16));
#4141=CARTESIAN_POINT('',(8.96296446006099,-30.9659683663231,57.6241156898601));
#4142=CARTESIAN_POINT('',(8.96296445881964,-30.9659683663226,57.6241156895541));
#4143=CARTESIAN_POINT('',(8.98071199230239,-30.9482057388337,57.6467888493442));
#4144=CARTESIAN_POINT('',(9.01663295023726,-30.9127908490969,57.6921674779222));
#4145=CARTESIAN_POINT('',(9.07166126922938,-30.860158860665,57.7601426016886));
#4146=CARTESIAN_POINT('',(9.12809048503426,-30.8078160722728,57.8283033118333));
#4147=CARTESIAN_POINT('',(9.18594592879014,-30.7557925978813,57.8966338724866));
#4148=CARTESIAN_POINT('',(9.2454696284287,-30.7039314612545,57.9653674157839));
#4149=CARTESIAN_POINT('',(9.30670302979068,-30.6522690704425,58.0344881931358));
#4150=CARTESIAN_POINT('',(9.36991390390733,-30.6006644752612,58.1042235671012));
#4151=CARTESIAN_POINT('',(9.43492344146893,-30.5493506292262,58.1742998944774));
#4152=CARTESIAN_POINT('',(9.50198572974404,-30.4982108907342,58.2449179873526));
#4153=CARTESIAN_POINT('',(9.57112843258654,-30.4473188518051,58.3160242518368));
#4154=CARTESIAN_POINT('',(9.64284810240483,-30.3964261018362,58.3880263925129));
#4155=CARTESIAN_POINT('',(9.71696711908334,-30.3457879642925,58.4606324283333));
#4156=CARTESIAN_POINT('',(9.79374932795361,-30.2953510765534,58.5339900307591));
#4157=CARTESIAN_POINT('',(9.87300206485153,-30.2453697032186,58.6078041420352));
#4158=CARTESIAN_POINT('',(9.95499573092779,-30.1958075550074,58.6822102778653));
#4159=CARTESIAN_POINT('',(10.0393126835488,-30.1470427095686,58.7567215074042));
#4160=CARTESIAN_POINT('',(10.1259255655093,-30.0991963962954,58.8312245826065));
#4161=CARTESIAN_POINT('',(10.2145691917585,-30.0525062711869,58.9054154801037));
#4162=CARTESIAN_POINT('',(10.3053990887396,-30.0069818798632,58.9793483967367));
#4163=CARTESIAN_POINT('',(10.398214529703,-29.962813250213,59.0527859379555));
#4164=CARTESIAN_POINT('',(10.4929304150204,-29.9201199391315,59.1255961342533));
#4165=CARTESIAN_POINT('',(10.5893130949506,-29.8790731499075,59.1975464505739));
#4166=CARTESIAN_POINT('',(10.6872485346588,-29.8397780594388,59.2685069389018));
#4167=CARTESIAN_POINT('',(10.7865855016413,-29.8023422896897,59.3383315330581));
#4168=CARTESIAN_POINT('',(10.8871081646704,-29.7668845484317,59.406840167561));
#4169=CARTESIAN_POINT('',(10.9886805903604,-29.7334781038538,59.4739220749664));
#4170=CARTESIAN_POINT('',(11.0911042935188,-29.7022042846111,59.539435708598));
#4171=CARTESIAN_POINT('',(11.194459227529,-29.6730532723893,59.6034224621184));
#4172=CARTESIAN_POINT('',(11.2986555904818,-29.6460688667656,59.6658129690954));
#4173=CARTESIAN_POINT('',(11.4037626498109,-29.621254251955,59.7266319840858));
#4174=CARTESIAN_POINT('',(11.5096765256057,-29.5986550079704,59.785802084024));
#4175=CARTESIAN_POINT('',(11.6165281431806,-29.5782687854765,59.8433744351589));
#4176=CARTESIAN_POINT('',(11.7242823528574,-29.5601351600564,59.8993010083108));
#4177=CARTESIAN_POINT('',(11.8329519672133,-29.5442877377571,59.9535560671454));
#4178=CARTESIAN_POINT('',(11.9424074541906,-29.5307784424,60.0060441626646));
#4179=CARTESIAN_POINT('',(12.0527288330271,-29.5196316840586,60.0567709508791));
#4180=CARTESIAN_POINT('',(12.1637816232272,-29.5109001253436,60.1056367920366));
#4181=CARTESIAN_POINT('',(12.2754490615774,-29.5046265879887,60.1525563375845));
#4182=CARTESIAN_POINT('',(12.3874086128086,-29.5008486221281,60.197371862968));
#4183=CARTESIAN_POINT('',(12.462462003241,-29.5000002191514,60.225917298217));
#4184=CARTESIAN_POINT('',(12.4999999999967,-29.5000000000083,60.2398163511829));
#4185=CARTESIAN_POINT('',(7.49999999999957,-34.5,58.9676225270159));
#4186=CARTESIAN_POINT('',(7.49999999999957,-34.5,58.9676225270159));
#4187=CARTESIAN_POINT('',(7.5000003403832,-34.4472221312702,59.0188200830188));
#4188=CARTESIAN_POINT('',(7.50167231069255,-34.341763963569,59.1214908555303));
#4189=CARTESIAN_POINT('',(7.50915747541781,-34.1841183577161,59.2760902584796));
#4190=CARTESIAN_POINT('',(7.52158824238163,-34.0270557573223,59.4312510449581));
#4191=CARTESIAN_POINT('',(7.53892594458625,-33.8707343797554,59.5868292470982));
#4192=CARTESIAN_POINT('',(7.56113941780825,-33.7152238698934,59.7427703697865));
#4193=CARTESIAN_POINT('',(7.58820923015464,-33.5605705226534,59.8990474071613));
#4194=CARTESIAN_POINT('',(7.62012833031233,-33.4068045146435,60.0556540211847));
#4195=CARTESIAN_POINT('',(7.65687527453369,-33.2540561401339,60.2124855941457));
#4196=CARTESIAN_POINT('',(7.70008163692486,-33.0964162630363,60.3756917684658));
#4197=CARTESIAN_POINT('',(7.75224796160183,-32.9282714977346,60.5513669541534));
#4198=CARTESIAN_POINT('',(7.82500330916057,-32.7212276656784,60.7699764099914));
#4199=CARTESIAN_POINT('',(7.92203602319914,-32.4825462778364,61.0256407323678));
#4200=CARTESIAN_POINT('',(8.04695151543879,-32.219894773565,61.3122446788809));
#4201=CARTESIAN_POINT('',(8.17382158554011,-31.9889821922298,61.5693955089773));
#4202=CARTESIAN_POINT('',(8.29391032332424,-31.7941541477071,61.7905099192653));
#4203=CARTESIAN_POINT('',(8.39794661567996,-31.6392899054407,61.9690828350017));
#4204=CARTESIAN_POINT('',(8.50017273851115,-31.4982047348068,62.1342767288482));
#4205=CARTESIAN_POINT('',(8.60268675747584,-31.3662788891742,62.2911354482062));
#4206=CARTESIAN_POINT('',(8.70871750851546,-31.2388304675142,62.4451398259685));
#4207=CARTESIAN_POINT('',(8.82904954125738,-31.1035191566642,62.6114435704066));
#4208=CARTESIAN_POINT('',(8.96494397948753,-30.9618563064405,62.7892014466666));
#4209=CARTESIAN_POINT('',(9.11752746857201,-30.8157709044549,62.9772033140731));
#4210=CARTESIAN_POINT('',(9.26036255032244,-30.6900638162478,63.1434305398367));
#4211=CARTESIAN_POINT('',(9.39177209173802,-30.5825459851608,63.2892448100852));
#4212=CARTESIAN_POINT('',(9.52246373079348,-30.4820164793724,63.4287046088851));
#4213=CARTESIAN_POINT('',(9.66821398481698,-30.3776752558583,63.5775363270065));
#4214=CARTESIAN_POINT('',(9.83009056621994,-30.271045008775,63.734937610616));
#4215=CARTESIAN_POINT('',(9.98148752888583,-30.179511543189,63.8752250476594));
#4216=CARTESIAN_POINT('',(10.1207162731472,-30.1016170383767,63.9989785605003));
#4217=CARTESIAN_POINT('',(10.2457531129624,-30.0362672644991,64.1062892074212));
#4218=CARTESIAN_POINT('',(10.3708143480452,-29.9753013947791,64.2099891551845));
#4219=CARTESIAN_POINT('',(10.4946485361172,-29.9191021527519,64.3092493539703));
#4220=CARTESIAN_POINT('',(10.6172227699836,-29.8674132126999,64.404284610092));
#4221=CARTESIAN_POINT('',(10.7371883102312,-29.8204833537336,64.4943258422243));
#4222=CARTESIAN_POINT('',(10.8556067585136,-29.7775946485581,64.5804287302432));
#4223=CARTESIAN_POINT('',(10.9717128583747,-29.7387770852226,64.6622475087802));
#4224=CARTESIAN_POINT('',(11.0858513488424,-29.7036718121224,64.7402303850448));
#4225=CARTESIAN_POINT('',(11.1964123428876,-29.6724842802203,64.8135169735719));
#4226=CARTESIAN_POINT('',(11.304354900768,-29.6446502974299,64.8829834115448));
#4227=CARTESIAN_POINT('',(11.4092522115716,-29.6200354591676,64.948554187068));
#4228=CARTESIAN_POINT('',(11.5121414918529,-29.5981939770517,65.0110419388309));
#4229=CARTESIAN_POINT('',(11.6126233312032,-29.5790267859181,65.0703523946895));
#4230=CARTESIAN_POINT('',(11.7120652306638,-29.5621363952162,65.1274026623656));
#4231=CARTESIAN_POINT('',(11.8108564227514,-29.5473841122898,65.1824744738847));
#4232=CARTESIAN_POINT('',(11.9096761743285,-29.5346390715034,65.2359701398792));
#4233=CARTESIAN_POINT('',(12.0081888279395,-29.5239190868454,65.2877278799402));
#4234=CARTESIAN_POINT('',(12.1066720375739,-29.5151690199048,65.3379124869805));
#4235=CARTESIAN_POINT('',(12.2050429898698,-29.5083826669906,65.3864911298583));
#4236=CARTESIAN_POINT('',(12.303430888965,-29.503542883857,65.4335321692412));
#4237=CARTESIAN_POINT('',(12.4016016372859,-29.5006473613927,65.4789321983388));
#4238=CARTESIAN_POINT('',(12.4672290394046,-29.5000001280074,65.5082557587698));
#4239=CARTESIAN_POINT('',(12.4999999999724,-29.5000000000623,65.5226405716393));
#4240=CARTESIAN_POINT('',(7.49999999999961,-34.5,53.6871645745626));
#4241=CARTESIAN_POINT('',(7.49999999999961,-34.5,53.6871645745626));
#4242=VECTOR('',#4243,1.);
#4243=DIRECTION('',(-7.73724697253285E-15,0.,1.));
#4244=CARTESIAN_POINT('',(7.49999999999961,-34.5,53.6871645745626));
#4245=CARTESIAN_POINT('',(7.50000005229433,-34.4696509951782,53.7181372885633));
#4246=CARTESIAN_POINT('',(7.50058601606183,-34.4053372555272,53.7838810083616));
#4247=CARTESIAN_POINT('',(7.50347589030021,-34.3035803088821,53.8882665386461));
#4248=CARTESIAN_POINT('',(7.50979128120977,-34.1769499959707,54.0186802774203));
#4249=CARTESIAN_POINT('',(7.52131600005396,-34.0289001988351,54.1719432875015));
#4250=CARTESIAN_POINT('',(7.53980839692627,-33.8629272644035,54.3448443034908));
#4251=CARTESIAN_POINT('',(7.5615316337739,-33.7136129547127,54.5014019600141));
#4252=CARTESIAN_POINT('',(7.58412033790147,-33.5843779168949,54.6376761091748));
#4253=CARTESIAN_POINT('',(7.60725170176386,-33.4676183808331,54.7613582971431));
#4254=CARTESIAN_POINT('',(7.63506619856111,-33.3429608647451,54.8940618370999));
#4255=CARTESIAN_POINT('',(7.67019675548723,-33.203670903575,55.0432104846263));
#4256=CARTESIAN_POINT('',(7.7157849484059,-33.0433135236457,55.2160450961863));
#4257=CARTESIAN_POINT('',(7.77976800225475,-32.8453611426288,55.4311314271295));
#4258=CARTESIAN_POINT('',(7.87133864622107,-32.6016811095617,55.698875928129));
#4259=CARTESIAN_POINT('',(7.98155647389608,-32.3531709466474,55.9760093022252));
#4260=CARTESIAN_POINT('',(8.08842063690384,-32.1439649052045,56.2129050745572));
#4261=CARTESIAN_POINT('',(8.16855760820901,-32.0011690404203,56.376508516424));
#4262=CARTESIAN_POINT('',(8.22919891607649,-31.8993139822053,56.4941510481602));
#4263=CARTESIAN_POINT('',(8.28180069526668,-31.814838625194,56.5923567779607));
#4264=CARTESIAN_POINT('',(8.33598227684696,-31.7315642442932,56.6898182965433));
#4265=CARTESIAN_POINT('',(8.3916604233832,-31.6495941226788,56.7864199862748));
#4266=CARTESIAN_POINT('',(8.44891258401851,-31.5687962153659,56.8823237679407));
#4267=CARTESIAN_POINT('',(8.50770932819868,-31.4892058066214,56.9774962864151));
#4268=CARTESIAN_POINT('',(8.56808783971213,-31.410771918356,57.0720082265655));
#4269=CARTESIAN_POINT('',(8.62996225070359,-31.3336032115061,57.1657378593209));
#4270=CARTESIAN_POINT('',(8.69337978672071,-31.2576387479092,57.2587685871042));
#4271=CARTESIAN_POINT('',(8.75832148504668,-31.1829056574237,57.3510781740839));
#4272=CARTESIAN_POINT('',(8.82484446450503,-31.1093489991973,57.442747274066));
#4273=CARTESIAN_POINT('',(8.89293565571008,-31.0369976036897,57.5337538942658));
#4274=CARTESIAN_POINT('',(8.93944393164727,-30.9895090161932,57.5940672146916));
#4275=CARTESIAN_POINT('',(8.96296446006099,-30.9659683663231,57.6241156898601));
#4276=CARTESIAN_POINT('',(35.2186171557221,-19.5,68.0067507679655));
#4277=AXIS2_PLACEMENT_3D('',#4278,#4279,#4280);
#4278=CARTESIAN_POINT('',(30.4404313420881,-19.5,66.5340185009234));
#4279=DIRECTION('',(-2.46519032881566E-32,-1.,-1.92125732440235E-16));
#4280=DIRECTION('',(0.955637162726794,-5.6589953098768E-17,0.294546453408428));
#4281=CARTESIAN_POINT('',(35.2186171557221,-19.5,68.0067507679655));
#4282=VECTOR('',#4283,1.);
#4283=DIRECTION('',(0.,-1.,0.));
#4284=CARTESIAN_POINT('',(49.778185813634,-19.5,20.7691598149362));
#4285=CARTESIAN_POINT('',(49.778185813634,-19.5,20.7691598149362));
#4286=VECTOR('',#4287,1.);
#4287=DIRECTION('',(-0.294546453408429,-2.15618863165493E-16,0.955637162726794));
#4288=CARTESIAN_POINT('',(49.778185813634,-29.5,20.7691598149362));
#4289=VECTOR('',#4290,1.);
#4290=DIRECTION('',(0.,1.,7.10542735760101E-16));
#4291=CARTESIAN_POINT('',(50.,-19.5,19.2964275478941));
#4292=CARTESIAN_POINT('',(50.,-29.5,19.2964275478941));
#4293=VECTOR('',#4294,1.);
#4294=DIRECTION('',(0.,1.,3.5527136788005E-16));
#4295=AXIS2_PLACEMENT_3D('',#4296,#4297,#4298);
#4296=CARTESIAN_POINT('',(45.,-19.5,19.2964275478941));
#4297=DIRECTION('',(0.,-1.,-1.92125732440235E-16));
#4298=DIRECTION('',(1.,-2.73027087075996E-31,1.4210854715202E-15));
#4299=CARTESIAN_POINT('',(50.,-19.5,54.));
#4300=CARTESIAN_POINT('',(50.,-19.5,54.));
#4301=VECTOR('',#4302,1.);
#4302=DIRECTION('',(0.,2.04746279865197E-16,-1.));
#4303=CARTESIAN_POINT('',(50.,19.5,54.));
#4304=CARTESIAN_POINT('',(50.,-19.5,54.));
#4305=VECTOR('',#4306,1.);
#4306=DIRECTION('',(0.,1.,0.));
#4307=CARTESIAN_POINT('',(50.,19.5,19.2964275478941));
#4308=CARTESIAN_POINT('',(50.,19.5,54.));
#4309=VECTOR('',#4310,1.);
#4310=DIRECTION('',(0.,-1.02373139932598E-16,-1.));
#4311=CARTESIAN_POINT('',(50.,29.5,19.2964275478941));
#4312=VECTOR('',#4313,1.);
#4313=DIRECTION('',(0.,-1.,0.));
#4314=AXIS2_PLACEMENT_3D('',#4315,#4316,#4317);
#4315=CARTESIAN_POINT('',(50.,34.5,8.00000000000002));
#4316=DIRECTION('',(1.,0.,-6.12323399573677E-17));
#4317=DIRECTION('',(0.,-1.,0.));
#4318=AXIS2_PLACEMENT_3D('',#4319,#4320,#4321);
#4319=CARTESIAN_POINT('',(50.,-34.5,8.));
#4320=DIRECTION('',(1.,-2.73691106313441E-48,-6.12323399573677E-17));
#4321=DIRECTION('',(-6.12323399573677E-17,1.4210854715202E-15,-1.));
#4322=CARTESIAN_POINT('',(50.,13.9,39.5));
#4323=AXIS2_PLACEMENT_3D('',#4324,#4325,#4326);
#4324=CARTESIAN_POINT('',(50.,15.5,39.5));
#4325=DIRECTION('',(-1.,0.,6.12323399573677E-17));
#4326=DIRECTION('',(-3.74939945665464E-33,-1.,-6.12323399573677E-17));
#4327=CARTESIAN_POINT('',(50.,-17.1,39.5));
#4328=AXIS2_PLACEMENT_3D('',#4329,#4330,#4331);
#4329=CARTESIAN_POINT('',(50.,-15.5,39.5));
#4330=DIRECTION('',(-1.,0.,6.12323399573677E-17));
#4331=DIRECTION('',(-3.74939945665464E-33,-1.,-6.12323399573677E-17));
#4332=CARTESIAN_POINT('',(50.,-17.1,8.5));
#4333=AXIS2_PLACEMENT_3D('',#4334,#4335,#4336);
#4334=CARTESIAN_POINT('',(50.,-15.5,8.5));
#4335=DIRECTION('',(-1.,0.,6.12323399573677E-17));
#4336=DIRECTION('',(-3.74939945665464E-33,-1.,-6.12323399573677E-17));
#4337=CARTESIAN_POINT('',(50.,13.9,8.5));
#4338=AXIS2_PLACEMENT_3D('',#4339,#4340,#4341);
#4339=CARTESIAN_POINT('',(50.,15.5,8.5));
#4340=DIRECTION('',(-1.,0.,6.12323399573677E-17));
#4341=DIRECTION('',(-3.74939945665464E-33,-1.,-6.12323399573677E-17));
#4342=CARTESIAN_POINT('',(50.,-18.6,24.));
#4343=AXIS2_PLACEMENT_3D('',#4344,#4345,#4346);
#4344=CARTESIAN_POINT('',(50.,-8.4736075498395E-17,24.));
#4345=DIRECTION('',(-1.,0.,6.12323399573677E-17));
#4346=DIRECTION('',(3.74939945665464E-33,-1.,6.12323399573677E-17));
#4347=AXIS2_PLACEMENT_3D('',#4348,#4349,#4350);
#4348=CARTESIAN_POINT('',(63.,-34.5,8.));
#4349=DIRECTION('',(-1.,0.,6.12323399573677E-17));
#4350=DIRECTION('',(0.,1.,0.));
#4351=CARTESIAN_POINT('',(63.,-24.5,54.));
#4352=AXIS2_PLACEMENT_3D('',#4353,#4354,#4355);
#4353=CARTESIAN_POINT('',(63.,-24.5,49.));
#4354=DIRECTION('',(1.,0.,-6.12323399573677E-17));
#4355=DIRECTION('',(6.12323399573677E-17,7.10542735760099E-16,1.));
#4356=AXIS2_PLACEMENT_3D('',#4357,#4358,#4359);
#4357=CARTESIAN_POINT('',(63.,34.5,8.00000000000001));
#4358=DIRECTION('',(-1.,0.,6.12323399573677E-17));
#4359=DIRECTION('',(-6.12323399573677E-17,-1.4210854715202E-15,-1.));
#4360=CARTESIAN_POINT('',(63.,24.5,54.));
#4361=AXIS2_PLACEMENT_3D('',#4362,#4363,#4364);
#4362=CARTESIAN_POINT('',(63.,24.5,49.));
#4363=DIRECTION('',(1.,0.,-6.12323399573677E-17));
#4364=DIRECTION('',(0.,1.,0.));
#4365=CARTESIAN_POINT('',(63.,24.5,54.));
#4366=VECTOR('',#4367,1.);
#4367=DIRECTION('',(0.,-1.,0.));
#4368=CARTESIAN_POINT('',(63.,13.9,39.5));
#4369=AXIS2_PLACEMENT_3D('',#4370,#4371,#4372);
#4370=CARTESIAN_POINT('',(63.,15.5,39.5));
#4371=DIRECTION('',(-1.,0.,6.12323399573677E-17));
#4372=DIRECTION('',(-3.74939945665464E-33,-1.,-6.12323399573677E-17));
#4373=CARTESIAN_POINT('',(63.,-17.1,39.5));
#4374=AXIS2_PLACEMENT_3D('',#4375,#4376,#4377);
#4375=CARTESIAN_POINT('',(63.,-15.5,39.5));
#4376=DIRECTION('',(-1.,0.,6.12323399573677E-17));
#4377=DIRECTION('',(-3.74939945665464E-33,-1.,-6.12323399573677E-17));
#4378=CARTESIAN_POINT('',(63.,-17.1,8.5));
#4379=AXIS2_PLACEMENT_3D('',#4380,#4381,#4382);
#4380=CARTESIAN_POINT('',(63.,-15.5,8.5));
#4381=DIRECTION('',(-1.,0.,6.12323399573677E-17));
#4382=DIRECTION('',(-3.74939945665464E-33,-1.,-6.12323399573677E-17));
#4383=CARTESIAN_POINT('',(63.,13.9,8.5));
#4384=AXIS2_PLACEMENT_3D('',#4385,#4386,#4387);
#4385=CARTESIAN_POINT('',(63.,15.5,8.5));
#4386=DIRECTION('',(-1.,0.,6.12323399573677E-17));
#4387=DIRECTION('',(-3.74939945665464E-33,-1.,-6.12323399573677E-17));
#4388=CARTESIAN_POINT('',(63.,12.5,24.));
#4389=AXIS2_PLACEMENT_3D('',#4390,#4391,#4392);
#4390=CARTESIAN_POINT('',(63.,-1.46957615897682E-15,24.));
#4391=DIRECTION('',(1.,0.,-6.12323399573677E-17));
#4392=DIRECTION('',(3.74939945665464E-33,1.,6.12323399573677E-17));
#4393=CARTESIAN_POINT('',(53.6910114743686,-24.5,54.));
#4394=CARTESIAN_POINT('',(56.77321113023,-29.5,49.));
#4395=CARTESIAN_POINT('',(54.9677003737681,-29.5,51.9289321881345));
#4396=CARTESIAN_POINT('',(53.6910114743686,-27.4289321881345,54.));
#4397=CARTESIAN_POINT('',(53.6910114743686,-24.5,54.));
#4398=CARTESIAN_POINT('',(53.6910114743686,-24.5,54.));
#4399=VECTOR('',#4400,1.);
#4400=DIRECTION('',(1.,0.,0.));
#4401=CARTESIAN_POINT('',(48.9128256607347,-24.5,57.5272677329576));
#4402=CARTESIAN_POINT('',(49.3257621150845,-29.4999999999998,56.187521770802));
#4403=CARTESIAN_POINT('',(49.0536705953639,-27.9709740150398,57.0703053348166));
#4404=CARTESIAN_POINT('',(48.9128256607347,-26.2655671280293,57.5272677329575));
#4405=CARTESIAN_POINT('',(48.9128256607347,-24.5,57.5272677329575));
#4406=AXIS2_PLACEMENT_3D('',#4407,#4408,#4409);
#4407=CARTESIAN_POINT('',(53.6910114743686,-24.5,59.));
#4408=DIRECTION('',(-1.09314267040015E-16,-1.,-1.09314267040015E-16));
#4409=DIRECTION('',(-0.955637162726776,1.36662905663262E-16,-0.294546453408485));
#4410=CARTESIAN_POINT('',(48.9128256607347,-19.5,57.5272677329576));
#4411=CARTESIAN_POINT('',(48.9128256607347,-24.5,57.5272677329576));
#4412=VECTOR('',#4413,1.);
#4413=DIRECTION('',(0.,1.,0.));
#4414=CARTESIAN_POINT('',(34.4029378581635,-19.5,104.603672322705));
#4415=VECTOR('',#4416,1.);
#4416=DIRECTION('',(0.294546453408486,2.1635712728552E-16,-0.955637162726776));
#4417=CARTESIAN_POINT('',(-56.77321113023,-29.5,49.));
#4418=CARTESIAN_POINT('',(-54.9677003737681,-29.5,51.9289321881345));
#4419=CARTESIAN_POINT('',(-53.6910114743686,-27.4289321881345,54.));
#4420=CARTESIAN_POINT('',(-53.6910114743686,-24.5,54.));
#4421=AXIS2_PLACEMENT_3D('',#4422,#4423,#4424);
#4422=CARTESIAN_POINT('',(-61.,-24.5,49.));
#4423=DIRECTION('',(-1.,0.,6.12323399573677E-17));
#4424=DIRECTION('',(0.,-1.,0.));
#4425=AXIS2_PLACEMENT_3D('',#4426,#4427,#4428);
#4426=CARTESIAN_POINT('',(-61.,24.5,49.));
#4427=DIRECTION('',(-1.,0.,6.12323399573677E-17));
#4428=DIRECTION('',(6.12323399573677E-17,2.1316282072803E-15,1.));
#4429=CARTESIAN_POINT('',(-56.77321113023,29.5,49.));
#4430=CARTESIAN_POINT('',(-54.9677003737681,29.5,51.9289321881345));
#4431=CARTESIAN_POINT('',(-53.6910114743686,27.4289321881345,54.));
#4432=CARTESIAN_POINT('',(-53.6910114743686,24.5,54.));
#4433=CARTESIAN_POINT('',(-48.9128256607347,24.5,57.5272677329576));
#4434=CARTESIAN_POINT('',(-49.3257621150844,29.4999999999998,56.1875217708021));
#4435=CARTESIAN_POINT('',(-49.0536705953639,27.9709740150397,57.0703053348167));
#4436=CARTESIAN_POINT('',(-48.9128256607347,26.2655671280293,57.5272677329576));
#4437=CARTESIAN_POINT('',(-48.9128256607347,24.5,57.5272677329576));
#4438=AXIS2_PLACEMENT_3D('',#4439,#4440,#4441);
#4439=CARTESIAN_POINT('',(-53.6910114743686,24.5,59.));
#4440=DIRECTION('',(0.,1.,0.));
#4441=DIRECTION('',(0.955637162726776,0.,-0.294546453408485));
#4442=CARTESIAN_POINT('',(-48.9128256607347,19.5,57.5272677329576));
#4443=VECTOR('',#4444,1.);
#4444=DIRECTION('',(0.,1.,0.));
#4445=CARTESIAN_POINT('',(-34.4029378581639,19.5,104.603672322705));
#4446=VECTOR('',#4447,1.);
#4447=DIRECTION('',(0.,1.,0.));
#4448=CARTESIAN_POINT('',(-26.7281836174432,19.5,69.8835284398351));
#4449=VECTOR('',#4450,1.);
#4450=DIRECTION('',(0.,1.,0.));
#4451=CARTESIAN_POINT('',(-8.61438996279214,27.43105602039,59.0458545295562));
#4452=CARTESIAN_POINT('',(-12.4999999999889,29.5,60.2398163512063));
#4453=CARTESIAN_POINT('',(-12.3885000155427,29.3903894543105,60.1985325175615));
#4454=CARTESIAN_POINT('',(-12.1789703010898,29.1885385011912,60.1221279556605));
#4455=CARTESIAN_POINT('',(-11.8831928699949,28.9309203163998,60.0173867867385));
#4456=CARTESIAN_POINT('',(-11.6337478541032,28.728256774719,59.9313185631455));
#4457=CARTESIAN_POINT('',(-11.4197495368163,28.5664039182548,59.8590657908401));
#4458=CARTESIAN_POINT('',(-11.2313906202435,28.4312043270831,59.7966655996159));
#4459=CARTESIAN_POINT('',(-11.0531071547474,28.3110209100757,59.738652468679));
#4460=CARTESIAN_POINT('',(-10.8828249929143,28.2028014465319,59.6841974454784));
#4461=CARTESIAN_POINT('',(-10.7183551358099,28.1037090297932,59.6324798010742));
#4462=CARTESIAN_POINT('',(-10.5560383424975,28.0122525713076,59.5822776846379));
#4463=CARTESIAN_POINT('',(-10.3933640211147,27.9266098960515,59.5328027190434));
#4464=CARTESIAN_POINT('',(-10.2287893284987,27.8455592317537,59.4836009258177));
#4465=CARTESIAN_POINT('',(-10.0628657353174,27.770493173306,59.4348614545078));
#4466=CARTESIAN_POINT('',(-9.89616069512717,27.702023306089,59.3867659494167));
#4467=CARTESIAN_POINT('',(-9.73197551327972,27.6408224221859,59.3402509117692));
#4468=CARTESIAN_POINT('',(-9.57171775920751,27.587961641495,59.2956613772389));
#4469=CARTESIAN_POINT('',(-9.41706365680584,27.5437339714202,59.2533865355822));
#4470=CARTESIAN_POINT('',(-9.26721796182725,27.5068494773589,59.2131282932174));
#4471=CARTESIAN_POINT('',(-9.12800629943453,27.4787861981622,59.176359394163));
#4472=CARTESIAN_POINT('',(-9.0071119742641,27.4596332827017,59.1449266387536));
#4473=CARTESIAN_POINT('',(-8.90654768084642,27.4471097425731,59.1191131253079));
#4474=CARTESIAN_POINT('',(-8.81507494746925,27.4385875988756,59.0958840138331));
#4475=CARTESIAN_POINT('',(-8.71882018487292,27.4337364005922,59.071703758726));
#4476=CARTESIAN_POINT('',(-8.65111327995866,27.4319905010013,59.0549049288877));
#4477=CARTESIAN_POINT('',(-8.61438996279214,27.43105602039,59.0458545295562));
#4478=CARTESIAN_POINT('',(8.61438996475471,27.4310560203914,59.0458545300399));
#4479=CARTESIAN_POINT('',(-8.61438996279214,27.43105602039,59.0458545295562));
#4480=CARTESIAN_POINT('',(-7.48325173629325,27.4303499738952,58.7670874290095));
#4481=CARTESIAN_POINT('',(-5.30977088999297,27.4295445082575,58.3421120682186));
#4482=CARTESIAN_POINT('',(-2.19905513091467,27.4289705882824,58.0271152082762));
#4483=CARTESIAN_POINT('',(0.643316244891431,27.4288876001167,57.9721841674939));
#4484=CARTESIAN_POINT('',(3.30780862156174,27.4291320164005,58.1200698706123));
#4485=CARTESIAN_POINT('',(5.62607456334392,27.4296855653408,58.4197432081189));
#4486=CARTESIAN_POINT('',(7.38794666834589,27.4303924180618,58.7569936776162));
#4487=CARTESIAN_POINT('',(8.28527048912212,27.43085058692,58.9647435925538));
#4488=CARTESIAN_POINT('',(8.61438996475471,27.4310560203914,59.0458545300399));
#4489=CARTESIAN_POINT('',(8.61438996475471,27.4310560203914,59.0458545300399));
#4490=CARTESIAN_POINT('',(8.64843036463871,27.4319222301028,59.0542437289522));
#4491=CARTESIAN_POINT('',(8.71269855467621,27.4335778127324,59.0701816517904));
#4492=CARTESIAN_POINT('',(8.80562808312319,27.4379806839028,59.0935004544212));
#4493=CARTESIAN_POINT('',(8.89115188725256,27.4455070545796,59.1151921633073));
#4494=CARTESIAN_POINT('',(8.97713397680654,27.45575292219,59.1372161737765));
#4495=CARTESIAN_POINT('',(9.06971817410115,27.4692407632378,59.1611744509735));
#4496=CARTESIAN_POINT('',(9.17648681510826,27.4881865508136,59.1891299443467));
#4497=CARTESIAN_POINT('',(9.30150757586946,27.5149455515601,59.2222995656335));
#4498=CARTESIAN_POINT('',(9.44329324093555,27.5507769389885,59.2605040707097));
#4499=CARTESIAN_POINT('',(9.60080421828239,27.5969618236279,59.3036901460148));
#4500=CARTESIAN_POINT('',(9.76085139475685,27.6511752322763,59.3483733641113));
#4501=CARTESIAN_POINT('',(9.92174099998954,27.7122026305347,59.3941041109919));
#4502=CARTESIAN_POINT('',(10.0799012427421,27.7779880937911,59.4398395471248));
#4503=CARTESIAN_POINT('',(10.2386993032645,27.8503551599637,59.4865505464259));
#4504=CARTESIAN_POINT('',(10.3982197139558,27.9291196212239,59.534272952528));
#4505=CARTESIAN_POINT('',(10.5588074620842,28.0137701355969,59.5831283455385));
#4506=CARTESIAN_POINT('',(10.7224918957351,28.1060867779819,59.6337649595608));
#4507=CARTESIAN_POINT('',(10.8887398790771,28.2064364538562,59.6860693568124));
#4508=CARTESIAN_POINT('',(11.0562617207958,28.3131784015184,59.7396832438963));
#4509=CARTESIAN_POINT('',(11.2147042547803,28.4199970890154,59.7912435871907));
#4510=CARTESIAN_POINT('',(11.3734823405666,28.5329521627642,59.8436975024886));
#4511=CARTESIAN_POINT('',(11.5356234118531,28.6534006443881,59.8980871112353));
#4512=CARTESIAN_POINT('',(11.7066552708735,28.786990227379,59.9564251973987));
#4513=CARTESIAN_POINT('',(11.8656119295915,28.9179591778809,60.0115315681351));
#4514=CARTESIAN_POINT('',(12.0204192705645,29.0507237859826,60.0659790425625));
#4515=CARTESIAN_POINT('',(12.1741891398874,29.1878820388517,60.1208180938063));
#4516=CARTESIAN_POINT('',(12.3364333376627,29.3392250831574,60.1795551107177));
#4517=CARTESIAN_POINT('',(12.4452162795565,29.4461446248537,60.219532204872));
#4518=CARTESIAN_POINT('',(12.4999999999881,29.5,60.239816351206));
#4519=CARTESIAN_POINT('',(26.7281836174432,19.5,69.8835284398352));
#4520=CARTESIAN_POINT('',(26.7281836174432,19.5,69.8835284398352));
#4521=VECTOR('',#4522,1.);
#4522=DIRECTION('',(0.,1.,0.));
#4523=CARTESIAN_POINT('',(34.4029378581638,19.5,104.603672322705));
#4524=AXIS2_PLACEMENT_3D('',#4525,#4526,#4527);
#4525=CARTESIAN_POINT('',(-1.15116799119851E-14,19.5,94.));
#4526=DIRECTION('',(-8.53101850005892E-33,1.,-6.96610525255E-17));
#4527=DIRECTION('',(0.955637162726782,2.05184159620869E-17,0.294546453408466));
#4528=CARTESIAN_POINT('',(34.4029378581638,19.5,104.603672322705));
#4529=VECTOR('',#4530,1.);
#4530=DIRECTION('',(0.,1.,0.));
#4531=CARTESIAN_POINT('',(-36.,15.5,94.));
#4532=AXIS2_PLACEMENT_3D('',#4533,#4534,#4535);
#4533=CARTESIAN_POINT('',(-1.15116799119851E-14,15.5,94.));
#4534=DIRECTION('',(0.,1.,6.12323399573677E-17));
#4535=DIRECTION('',(-1.,7.49879891330929E-33,-1.22464679914735E-16));
#4536=CARTESIAN_POINT('',(48.9128256607347,19.5,57.5272677329576));
#4537=CARTESIAN_POINT('',(48.9128256607347,24.5,57.5272677329576));
#4538=CARTESIAN_POINT('',(48.9128256607347,24.5,57.5272677329576));
#4539=VECTOR('',#4540,1.);
#4540=DIRECTION('',(-1.4210854715202E-15,-1.,0.));
#4541=CARTESIAN_POINT('',(49.3257621150845,29.4999999999998,56.1875217708021));
#4542=CARTESIAN_POINT('',(49.0536705953639,27.9709740150397,57.0703053348167));
#4543=CARTESIAN_POINT('',(48.9128256607347,26.2655671280293,57.5272677329576));
#4544=CARTESIAN_POINT('',(48.9128256607347,24.5,57.5272677329576));
#4545=CARTESIAN_POINT('',(34.4029378581635,19.5,104.603672322705));
#4546=VECTOR('',#4547,1.);
#4547=DIRECTION('',(0.294546453408486,-7.21190424285068E-17,-0.955637162726776));
#4548=CARTESIAN_POINT('',(53.6910114743686,24.5,54.));
#4549=AXIS2_PLACEMENT_3D('',#4550,#4551,#4552);
#4550=CARTESIAN_POINT('',(53.6910114743686,24.5,59.));
#4551=DIRECTION('',(1.09314267040015E-16,1.,-2.18628534080031E-16));
#4552=DIRECTION('',(1.60982338570648E-15,-2.18628534080031E-16,-1.));
#4553=CARTESIAN_POINT('',(56.77321113023,29.5,49.));
#4554=CARTESIAN_POINT('',(54.9677003737681,29.5,51.9289321881345));
#4555=CARTESIAN_POINT('',(53.6910114743686,27.4289321881345,54.));
#4556=CARTESIAN_POINT('',(53.6910114743686,24.5,54.));
#4557=CARTESIAN_POINT('',(53.6910114743686,24.5,54.));
#4558=VECTOR('',#4559,1.);
#4559=DIRECTION('',(1.,0.,0.));
#4560=CARTESIAN_POINT('',(49.778185813634,19.5,20.7691598149362));
#4561=AXIS2_PLACEMENT_3D('',#4562,#4563,#4564);
#4562=CARTESIAN_POINT('',(45.,19.5,19.2964275478941));
#4563=DIRECTION('',(-8.53101850005892E-33,1.,-6.96610525255E-17));
#4564=DIRECTION('',(0.955637162726793,2.05184159620844E-17,0.29454645340843));
#4565=CARTESIAN_POINT('',(49.778185813634,29.5,20.7691598149362));
#4566=VECTOR('',#4567,1.);
#4567=DIRECTION('',(0.,-1.,3.5527136788005E-16));
#4568=CARTESIAN_POINT('',(35.2186171557221,19.5,68.0067507679655));
#4569=CARTESIAN_POINT('',(49.778185813634,19.5,20.7691598149362));
#4570=VECTOR('',#4571,1.);
#4571=DIRECTION('',(-0.294546453408429,1.43745908776995E-16,0.955637162726794));
#4572=CARTESIAN_POINT('',(35.2186171557221,19.5,68.0067507679655));
#4573=VECTOR('',#4574,1.);
#4574=DIRECTION('',(0.,1.,0.));
#4575=AXIS2_PLACEMENT_3D('',#4576,#4577,#4578);
#4576=CARTESIAN_POINT('',(30.4404313420881,19.5,66.5340185009234));
#4577=DIRECTION('',(-8.53101850005892E-33,1.,-6.96610525255E-17));
#4578=DIRECTION('',(-0.742449544928981,4.66660775578434E-17,0.669901987782354));
#4579=CARTESIAN_POINT('',(8.96296446006098,30.9659683663231,57.6241156898601));
#4580=CARTESIAN_POINT('',(8.96296445881964,30.9659683663226,57.6241156895541));
#4581=CARTESIAN_POINT('',(8.98071199230237,30.9482057388337,57.6467888493441));
#4582=CARTESIAN_POINT('',(9.01663295023723,30.9127908490969,57.6921674779222));
#4583=CARTESIAN_POINT('',(9.07166126922932,30.860158860665,57.7601426016886));
#4584=CARTESIAN_POINT('',(9.12809048503421,30.8078160722729,57.8283033118332));
#4585=CARTESIAN_POINT('',(9.18594592879007,30.7557925978813,57.8966338724866));
#4586=CARTESIAN_POINT('',(9.24546962842864,30.7039314612545,57.9653674157839));
#4587=CARTESIAN_POINT('',(9.3067030297906,30.6522690704426,58.0344881931357));
#4588=CARTESIAN_POINT('',(9.36991390390729,30.6006644752613,58.1042235671012));
#4589=CARTESIAN_POINT('',(9.43492344146889,30.5493506292262,58.1742998944773));
#4590=CARTESIAN_POINT('',(9.50198572974399,30.4982108907342,58.2449179873525));
#4591=CARTESIAN_POINT('',(9.57112843258647,30.4473188518051,58.3160242518368));
#4592=CARTESIAN_POINT('',(9.64284810240475,30.3964261018362,58.3880263925128));
#4593=CARTESIAN_POINT('',(9.71696711908327,30.3457879642925,58.4606324283332));
#4594=CARTESIAN_POINT('',(9.79374932795355,30.2953510765535,58.533990030759));
#4595=CARTESIAN_POINT('',(9.87300206485148,30.2453697032186,58.6078041420351));
#4596=CARTESIAN_POINT('',(9.95499573092772,30.1958075550074,58.6822102778653));
#4597=CARTESIAN_POINT('',(10.0393126835488,30.1470427095686,58.7567215074042));
#4598=CARTESIAN_POINT('',(10.1259255655092,30.0991963962954,58.8312245826064));
#4599=CARTESIAN_POINT('',(10.2145691917584,30.0525062711869,58.9054154801036));
#4600=CARTESIAN_POINT('',(10.3053990887395,30.0069818798633,58.9793483967367));
#4601=CARTESIAN_POINT('',(10.398214529703,29.962813250213,59.0527859379555));
#4602=CARTESIAN_POINT('',(10.4929304150203,29.9201199391315,59.1255961342533));
#4603=CARTESIAN_POINT('',(10.5893130949505,29.8790731499075,59.1975464505738));
#4604=CARTESIAN_POINT('',(10.6872485346587,29.8397780594388,59.2685069389018));
#4605=CARTESIAN_POINT('',(10.7865855016412,29.8023422896897,59.338331533058));
#4606=CARTESIAN_POINT('',(10.8871081646703,29.7668845484318,59.406840167561));
#4607=CARTESIAN_POINT('',(10.9886805903603,29.7334781038538,59.4739220749664));
#4608=CARTESIAN_POINT('',(11.0911042935188,29.7022042846111,59.5394357085979));
#4609=CARTESIAN_POINT('',(11.194459227529,29.6730532723893,59.6034224621184));
#4610=CARTESIAN_POINT('',(11.2986555904818,29.6460688667656,59.6658129690954));
#4611=CARTESIAN_POINT('',(11.4037626498109,29.6212542519551,59.7266319840859));
#4612=CARTESIAN_POINT('',(11.5096765256056,29.5986550079704,59.7858020840239));
#4613=CARTESIAN_POINT('',(11.6165281431805,29.5782687854765,59.8433744351589));
#4614=CARTESIAN_POINT('',(11.7242823528574,29.5601351600564,59.8993010083108));
#4615=CARTESIAN_POINT('',(11.8329519672133,29.5442877377571,59.9535560671454));
#4616=CARTESIAN_POINT('',(11.9424074541906,29.5307784424,60.0060441626646));
#4617=CARTESIAN_POINT('',(12.0527288330271,29.5196316840586,60.0567709508791));
#4618=CARTESIAN_POINT('',(12.1637816232272,29.5109001253436,60.1056367920366));
#4619=CARTESIAN_POINT('',(12.2754490615774,29.5046265879887,60.1525563375846));
#4620=CARTESIAN_POINT('',(12.3874086128086,29.5008486221281,60.1973718629679));
#4621=CARTESIAN_POINT('',(12.4624620032409,29.5000002191514,60.225917298217));
#4622=CARTESIAN_POINT('',(12.4999999999966,29.5000000000083,60.2398163511828));
#4623=CARTESIAN_POINT('',(7.49999999999961,34.5,53.6871645745626));
#4624=CARTESIAN_POINT('',(7.49999999999961,34.5,53.6871645745626));
#4625=CARTESIAN_POINT('',(7.50000005229433,34.4696509951782,53.7181372885633));
#4626=CARTESIAN_POINT('',(7.50058601606183,34.4053372555272,53.7838810083616));
#4627=CARTESIAN_POINT('',(7.50347589030021,34.3035803088821,53.8882665386461));
#4628=CARTESIAN_POINT('',(7.50979128120977,34.1769499959707,54.0186802774203));
#4629=CARTESIAN_POINT('',(7.52131600005393,34.028900198835,54.1719432875015));
#4630=CARTESIAN_POINT('',(7.53980839692629,33.8629272644035,54.3448443034908));
#4631=CARTESIAN_POINT('',(7.56153163377387,33.7136129547127,54.5014019600141));
#4632=CARTESIAN_POINT('',(7.58412033790147,33.5843779168949,54.6376761091748));
#4633=CARTESIAN_POINT('',(7.60725170176385,33.4676183808331,54.7613582971432));
#4634=CARTESIAN_POINT('',(7.63506619856109,33.342960864745,54.8940618370999));
#4635=CARTESIAN_POINT('',(7.67019675548721,33.203670903575,55.0432104846263));
#4636=CARTESIAN_POINT('',(7.71578494840591,33.0433135236456,55.2160450961863));
#4637=CARTESIAN_POINT('',(7.77976800225471,32.8453611426288,55.4311314271295));
#4638=CARTESIAN_POINT('',(7.8713386462211,32.6016811095617,55.698875928129));
#4639=CARTESIAN_POINT('',(7.98155647389609,32.3531709466474,55.9760093022252));
#4640=CARTESIAN_POINT('',(8.08842063690382,32.1439649052045,56.2129050745572));
#4641=CARTESIAN_POINT('',(8.16855760820898,32.0011690404203,56.376508516424));
#4642=CARTESIAN_POINT('',(8.22919891607647,31.8993139822053,56.4941510481602));
#4643=CARTESIAN_POINT('',(8.28180069526667,31.814838625194,56.5923567779607));
#4644=CARTESIAN_POINT('',(8.33598227684694,31.7315642442932,56.6898182965433));
#4645=CARTESIAN_POINT('',(8.39166042338317,31.6495941226788,56.7864199862749));
#4646=CARTESIAN_POINT('',(8.44891258401852,31.5687962153659,56.8823237679406));
#4647=CARTESIAN_POINT('',(8.50770932819865,31.4892058066214,56.9774962864151));
#4648=CARTESIAN_POINT('',(8.56808783971212,31.410771918356,57.0720082265655));
#4649=CARTESIAN_POINT('',(8.62996225070359,31.3336032115061,57.1657378593209));
#4650=CARTESIAN_POINT('',(8.69337978672069,31.2576387479092,57.2587685871042));
#4651=CARTESIAN_POINT('',(8.75832148504667,31.1829056574237,57.3510781740839));
#4652=CARTESIAN_POINT('',(8.82484446450502,31.1093489991973,57.442747274066));
#4653=CARTESIAN_POINT('',(8.89293565571007,31.0369976036897,57.5337538942658));
#4654=CARTESIAN_POINT('',(8.93944393164727,30.9895090161932,57.5940672146916));
#4655=CARTESIAN_POINT('',(8.96296446006098,30.9659683663231,57.6241156898601));
#4656=CARTESIAN_POINT('',(7.49999999999957,34.5,58.9676225270159));
#4657=CARTESIAN_POINT('',(7.4999999999996,34.5,53.6871645745626));
#4658=VECTOR('',#4659,1.);
#4659=DIRECTION('',(-7.40084493024883E-15,0.,1.));
#4660=CARTESIAN_POINT('',(7.49999999999957,34.5,58.9676225270159));
#4661=CARTESIAN_POINT('',(7.50000034038321,34.4472221312702,59.0188200830188));
#4662=CARTESIAN_POINT('',(7.50167231069256,34.341763963569,59.1214908555303));
#4663=CARTESIAN_POINT('',(7.5091574754178,34.1841183577161,59.2760902584796));
#4664=CARTESIAN_POINT('',(7.52158824238164,34.0270557573223,59.4312510449581));
#4665=CARTESIAN_POINT('',(7.53892594458624,33.8707343797554,59.5868292470983));
#4666=CARTESIAN_POINT('',(7.56113941780823,33.7152238698934,59.7427703697865));
#4667=CARTESIAN_POINT('',(7.58820923015465,33.5605705226534,59.8990474071613));
#4668=CARTESIAN_POINT('',(7.62012833031234,33.4068045146435,60.0556540211847));
#4669=CARTESIAN_POINT('',(7.65687527453369,33.2540561401338,60.2124855941457));
#4670=CARTESIAN_POINT('',(7.70008163692488,33.0964162630363,60.3756917684659));
#4671=CARTESIAN_POINT('',(7.75224796160182,32.9282714977346,60.5513669541534));
#4672=CARTESIAN_POINT('',(7.82500330916061,32.7212276656784,60.7699764099915));
#4673=CARTESIAN_POINT('',(7.92203602319912,32.4825462778363,61.0256407323678));
#4674=CARTESIAN_POINT('',(8.04695151543882,32.219894773565,61.312244678881));
#4675=CARTESIAN_POINT('',(8.17382158554009,31.9889821922298,61.5693955089774));
#4676=CARTESIAN_POINT('',(8.29391032332424,31.794154147707,61.7905099192653));
#4677=CARTESIAN_POINT('',(8.39794661567997,31.6392899054407,61.9690828350017));
#4678=CARTESIAN_POINT('',(8.50017273851116,31.4982047348068,62.1342767288482));
#4679=CARTESIAN_POINT('',(8.60268675747583,31.3662788891742,62.2911354482062));
#4680=CARTESIAN_POINT('',(8.70871750851545,31.2388304675142,62.4451398259685));
#4681=CARTESIAN_POINT('',(8.8290495412574,31.1035191566642,62.6114435704066));
#4682=CARTESIAN_POINT('',(8.96494397948752,30.9618563064405,62.7892014466666));
#4683=CARTESIAN_POINT('',(9.11752746857203,30.8157709044549,62.9772033140731));
#4684=CARTESIAN_POINT('',(9.26036255032245,30.6900638162478,63.1434305398366));
#4685=CARTESIAN_POINT('',(9.39177209173802,30.5825459851608,63.2892448100852));
#4686=CARTESIAN_POINT('',(9.5224637307935,30.4820164793724,63.4287046088851));
#4687=CARTESIAN_POINT('',(9.66821398481698,30.3776752558583,63.5775363270065));
#4688=CARTESIAN_POINT('',(9.83009056621995,30.271045008775,63.734937610616));
#4689=CARTESIAN_POINT('',(9.9814875288858,30.179511543189,63.8752250476594));
#4690=CARTESIAN_POINT('',(10.1207162731472,30.1016170383767,63.9989785605002));
#4691=CARTESIAN_POINT('',(10.2457531129623,30.0362672644991,64.1062892074213));
#4692=CARTESIAN_POINT('',(10.3708143480452,29.9753013947791,64.2099891551844));
#4693=CARTESIAN_POINT('',(10.4946485361171,29.9191021527519,64.3092493539703));
#4694=CARTESIAN_POINT('',(10.6172227699836,29.8674132126999,64.404284610092));
#4695=CARTESIAN_POINT('',(10.7371883102312,29.8204833537336,64.4943258422243));
#4696=CARTESIAN_POINT('',(10.8556067585136,29.7775946485581,64.5804287302432));
#4697=CARTESIAN_POINT('',(10.9717128583747,29.7387770852225,64.6622475087802));
#4698=CARTESIAN_POINT('',(11.0858513488425,29.7036718121224,64.7402303850448));
#4699=CARTESIAN_POINT('',(11.1964123428875,29.6724842802203,64.8135169735719));
#4700=CARTESIAN_POINT('',(11.3043549007681,29.6446502974299,64.8829834115448));
#4701=CARTESIAN_POINT('',(11.4092522115716,29.6200354591675,64.948554187068));
#4702=CARTESIAN_POINT('',(11.5121414918529,29.5981939770517,65.0110419388308));
#4703=CARTESIAN_POINT('',(11.6126233312032,29.579026785918,65.0703523946895));
#4704=CARTESIAN_POINT('',(11.7120652306638,29.5621363952162,65.1274026623656));
#4705=CARTESIAN_POINT('',(11.8108564227514,29.5473841122897,65.1824744738847));
#4706=CARTESIAN_POINT('',(11.9096761743286,29.5346390715034,65.2359701398793));
#4707=CARTESIAN_POINT('',(12.0081888279395,29.5239190868454,65.2877278799402));
#4708=CARTESIAN_POINT('',(12.106672037574,29.5151690199048,65.3379124869805));
#4709=CARTESIAN_POINT('',(12.2050429898698,29.5083826669906,65.3864911298583));
#4710=CARTESIAN_POINT('',(12.3034308889649,29.503542883857,65.4335321692411));
#4711=CARTESIAN_POINT('',(12.4016016372859,29.5006473613927,65.4789321983388));
#4712=CARTESIAN_POINT('',(12.4672290394045,29.5000001280074,65.5082557587697));
#4713=CARTESIAN_POINT('',(12.4999999999724,29.5000000000623,65.5226405716393));
#4714=AXIS2_PLACEMENT_3D('',#4715,#4716,#4717);
#4715=CARTESIAN_POINT('',(-1.15116799119851E-14,29.5,94.));
#4716=DIRECTION('',(-1.3684555315672E-48,1.,6.12323399573676E-17));
#4717=DIRECTION('',(0.401929260446913,5.60686608873086E-17,-0.91567072116378));
#4718=CARTESIAN_POINT('',(-31.1,17.5,94.));
#4719=AXIS2_PLACEMENT_3D('',#4720,#4721,#4722);
#4720=CARTESIAN_POINT('',(-1.15116799119851E-14,17.5,94.));
#4721=DIRECTION('',(0.,1.,6.12323399573677E-17));
#4722=DIRECTION('',(-1.,7.49879891330929E-33,-1.22464679914735E-16));
#4723=CARTESIAN_POINT('',(-8.96296445904198,30.965968366321,57.6241156896095));
#4724=CARTESIAN_POINT('',(-12.4999999999975,29.5000000000082,60.2398163511831));
#4725=CARTESIAN_POINT('',(-12.456091667406,29.5000004658163,60.2235583298425));
#4726=CARTESIAN_POINT('',(-12.3684672594444,29.5011598538696,60.1900812350407));
#4727=CARTESIAN_POINT('',(-12.2381281557025,29.5062971110353,60.137252541931));
#4728=CARTESIAN_POINT('',(-12.1087899471962,29.5147701879478,60.0818400010957));
#4729=CARTESIAN_POINT('',(-11.9808179400574,29.5264799827862,60.0240738508302));
#4730=CARTESIAN_POINT('',(-11.8545401254917,29.5412995015832,59.9641935366805));
#4731=CARTESIAN_POINT('',(-11.7300764697713,29.5591067082,59.9023552353128));
#4732=CARTESIAN_POINT('',(-11.6075608817942,29.5797724471623,59.8387249930646));
#4733=CARTESIAN_POINT('',(-11.486949349152,29.603194802796,59.7733774646374));
#4734=CARTESIAN_POINT('',(-11.3683835585956,29.629240111061,59.7064828620114));
#4735=CARTESIAN_POINT('',(-11.2518513785599,29.6578040401136,59.6381274200888));
#4736=CARTESIAN_POINT('',(-11.1375210499583,29.6887351248117,59.5685047863511));
#4737=CARTESIAN_POINT('',(-11.0252625029137,29.7219604388324,59.4976280347061));
#4738=CARTESIAN_POINT('',(-10.9150884592511,29.7573769116543,59.4255890259827));
#4739=CARTESIAN_POINT('',(-10.8068650358774,29.7949366617452,59.3523760416463));
#4740=CARTESIAN_POINT('',(-10.7005943419288,29.834553937644,59.2780606091289));
#4741=CARTESIAN_POINT('',(-10.5961400206416,29.8762032689056,59.2026093054857));
#4742=CARTESIAN_POINT('',(-10.4937261455751,29.9197213179029,59.1262434912819));
#4743=CARTESIAN_POINT('',(-10.3935410335486,29.9649368147671,59.0491781710153));
#4744=CARTESIAN_POINT('',(-10.2960942578058,30.0115014114636,58.9719040763048));
#4745=CARTESIAN_POINT('',(-10.201339149284,30.059297648286,58.8945022498645));
#4746=CARTESIAN_POINT('',(-10.1097339428047,30.1079455456614,58.8174735882677));
#4747=CARTESIAN_POINT('',(-10.0212024380674,30.1573175727072,58.7408983133089));
#4748=CARTESIAN_POINT('',(-9.92708188205855,30.2123002445333,58.6572257659818));
#4749=CARTESIAN_POINT('',(-9.82812134155977,30.2731512586992,58.5664815007528));
#4750=CARTESIAN_POINT('',(-9.72532780052122,30.3399481543389,58.4689397119584));
#4751=CARTESIAN_POINT('',(-9.63639472202679,30.4008341699929,58.381705824999));
#4752=CARTESIAN_POINT('',(-9.56006064604888,30.4553763536791,58.3047245098316));
#4753=CARTESIAN_POINT('',(-9.49592398416735,30.5028045755463,58.2385616660305));
#4754=CARTESIAN_POINT('',(-9.43509206701505,30.5492796956869,58.1744237758747));
#4755=CARTESIAN_POINT('',(-9.37200055361011,30.5989875633195,58.1065006457202));
#4756=CARTESIAN_POINT('',(-9.30643975616533,30.6524177963285,58.0342597988115));
#4757=CARTESIAN_POINT('',(-9.23867336721235,30.7097118042166,57.9576522709356));
#4758=CARTESIAN_POINT('',(-9.17978026016413,30.7612918821406,57.8893943107189));
#4759=CARTESIAN_POINT('',(-9.12887058625241,30.8072113238016,57.8291331967072));
#4760=CARTESIAN_POINT('',(-9.08536300978415,30.8474121449795,57.7767280977753));
#4761=CARTESIAN_POINT('',(-9.04328491601337,30.8872159592545,57.7251693328381));
#4762=CARTESIAN_POINT('',(-9.00260094051306,30.9265913514983,57.6744732160806));
#4763=CARTESIAN_POINT('',(-8.9760492654377,30.9528724372601,57.6408320276775));
#4764=CARTESIAN_POINT('',(-8.96296445882504,30.9659683663209,57.624115689556));
#4765=CARTESIAN_POINT('',(-7.50000000000038,34.5,58.9676225270159));
#4766=CARTESIAN_POINT('',(-7.50000000000038,34.5,58.9676225270159));
#4767=CARTESIAN_POINT('',(-7.50000034038402,34.4472221312702,59.0188200830189));
#4768=CARTESIAN_POINT('',(-7.50167231069338,34.341763963569,59.1214908555303));
#4769=CARTESIAN_POINT('',(-7.50915747541864,34.1841183577161,59.2760902584796));
#4770=CARTESIAN_POINT('',(-7.52158824238247,34.0270557573223,59.4312510449582));
#4771=CARTESIAN_POINT('',(-7.53892594458709,33.8707343797554,59.5868292470983));
#4772=CARTESIAN_POINT('',(-7.56113941780909,33.7152238698934,59.7427703697866));
#4773=CARTESIAN_POINT('',(-7.58820923015549,33.5605705226534,59.8990474071613));
#4774=CARTESIAN_POINT('',(-7.62012833031319,33.4068045146435,60.0556540211847));
#4775=CARTESIAN_POINT('',(-7.65687527453454,33.2540561401338,60.2124855941458));
#4776=CARTESIAN_POINT('',(-7.70008163692574,33.0964162630362,60.3756917684659));
#4777=CARTESIAN_POINT('',(-7.75224796160267,32.9282714977345,60.5513669541535));
#4778=CARTESIAN_POINT('',(-7.82500330916147,32.7212276656784,60.7699764099915));
#4779=CARTESIAN_POINT('',(-7.92203602319999,32.4825462778363,61.0256407323679));
#4780=CARTESIAN_POINT('',(-8.04695151543968,32.219894773565,61.312244678881));
#4781=CARTESIAN_POINT('',(-8.17382158554096,31.9889821922297,61.5693955089774));
#4782=CARTESIAN_POINT('',(-8.29391032332511,31.794154147707,61.7905099192653));
#4783=CARTESIAN_POINT('',(-8.39794661568084,31.6392899054407,61.9690828350016));
#4784=CARTESIAN_POINT('',(-8.50017273851203,31.4982047348068,62.1342767288482));
#4785=CARTESIAN_POINT('',(-8.60268675747672,31.3662788891742,62.2911354482063));
#4786=CARTESIAN_POINT('',(-8.70871750851635,31.2388304675142,62.4451398259685));
#4787=CARTESIAN_POINT('',(-8.82904954125826,31.1035191566642,62.6114435704066));
#4788=CARTESIAN_POINT('',(-8.96494397948842,30.9618563064405,62.7892014466666));
#4789=CARTESIAN_POINT('',(-9.11752746857289,30.8157709044549,62.9772033140731));
#4790=CARTESIAN_POINT('',(-9.26036255032334,30.6900638162478,63.1434305398366));
#4791=CARTESIAN_POINT('',(-9.39177209173891,30.5825459851608,63.2892448100852));
#4792=CARTESIAN_POINT('',(-9.52246373079438,30.4820164793724,63.4287046088851));
#4793=CARTESIAN_POINT('',(-9.66821398481787,30.3776752558583,63.5775363270065));
#4794=CARTESIAN_POINT('',(-9.83009056622083,30.271045008775,63.734937610616));
#4795=CARTESIAN_POINT('',(-9.98148752888671,30.179511543189,63.8752250476594));
#4796=CARTESIAN_POINT('',(-10.1207162731481,30.1016170383767,63.9989785605003));
#4797=CARTESIAN_POINT('',(-10.2457531129633,30.0362672644991,64.1062892074213));
#4798=CARTESIAN_POINT('',(-10.3708143480461,29.9753013947791,64.2099891551845));
#4799=CARTESIAN_POINT('',(-10.4946485361181,29.9191021527519,64.3092493539704));
#4800=CARTESIAN_POINT('',(-10.6172227699845,29.8674132126999,64.404284610092));
#4801=CARTESIAN_POINT('',(-10.7371883102321,29.8204833537336,64.4943258422244));
#4802=CARTESIAN_POINT('',(-10.8556067585145,29.777594648558,64.5804287302432));
#4803=CARTESIAN_POINT('',(-10.9717128583757,29.7387770852226,64.6622475087802));
#4804=CARTESIAN_POINT('',(-11.0858513488434,29.7036718121224,64.7402303850448));
#4805=CARTESIAN_POINT('',(-11.1964123428885,29.6724842802203,64.8135169735719));
#4806=CARTESIAN_POINT('',(-11.304354900769,29.6446502974299,64.8829834115449));
#4807=CARTESIAN_POINT('',(-11.4092522115726,29.6200354591675,64.948554187068));
#4808=CARTESIAN_POINT('',(-11.5121414918539,29.5981939770517,65.0110419388309));
#4809=CARTESIAN_POINT('',(-11.6126233312041,29.5790267859181,65.0703523946896));
#4810=CARTESIAN_POINT('',(-11.7120652306648,29.5621363952161,65.1274026623657));
#4811=CARTESIAN_POINT('',(-11.8108564227524,29.5473841122897,65.1824744738847));
#4812=CARTESIAN_POINT('',(-11.9096761743296,29.5346390715034,65.2359701398793));
#4813=CARTESIAN_POINT('',(-12.0081888279405,29.5239190868454,65.2877278799403));
#4814=CARTESIAN_POINT('',(-12.106672037575,29.5151690199048,65.3379124869805));
#4815=CARTESIAN_POINT('',(-12.2050429898708,29.5083826669905,65.3864911298584));
#4816=CARTESIAN_POINT('',(-12.303430888966,29.503542883857,65.4335321692412));
#4817=CARTESIAN_POINT('',(-12.401601637287,29.5006473613927,65.4789321983388));
#4818=CARTESIAN_POINT('',(-12.4672290394056,29.5000001280073,65.5082557587699));
#4819=CARTESIAN_POINT('',(-12.4999999999733,29.5000000000623,65.5226405716396));
#4820=CARTESIAN_POINT('',(-7.50000000000036,34.5,53.6871645745626));
#4821=CARTESIAN_POINT('',(-7.5000000000004,34.5,58.9676225270158));
#4822=VECTOR('',#4823,1.);
#4823=DIRECTION('',(7.06444288796477E-15,0.,-1.));
#4824=CARTESIAN_POINT('',(-7.50000000000036,34.5,53.6871645745626));
#4825=CARTESIAN_POINT('',(-7.50000005229508,34.4696509951781,53.7181372885634));
#4826=CARTESIAN_POINT('',(-7.50058601606259,34.4053372555271,53.7838810083617));
#4827=CARTESIAN_POINT('',(-7.50347589030097,34.3035803088819,53.8882665386463));
#4828=CARTESIAN_POINT('',(-7.50979128121055,34.1769499959705,54.0186802774205));
#4829=CARTESIAN_POINT('',(-7.5213160000547,34.028900198835,54.1719432875016));
#4830=CARTESIAN_POINT('',(-7.53980839692702,33.8629272644038,54.3448443034905));
#4831=CARTESIAN_POINT('',(-7.56153163377456,33.7136129547133,54.5014019600135));
#4832=CARTESIAN_POINT('',(-7.58412033790207,33.5843779168958,54.6376761091738));
#4833=CARTESIAN_POINT('',(-7.60725170176437,33.4676183808343,54.7613582971418));
#4834=CARTESIAN_POINT('',(-7.63506619856158,33.3429608647462,54.8940618370987));
#4835=CARTESIAN_POINT('',(-7.67019675548788,33.2036709035754,55.0432104846258));
#4836=CARTESIAN_POINT('',(-7.71578494840703,33.0433135236444,55.2160450961876));
#4837=CARTESIAN_POINT('',(-7.77976800225627,32.8453611426265,55.431131427132));
#4838=CARTESIAN_POINT('',(-7.87133864622126,32.6016811095637,55.6988759281269));
#4839=CARTESIAN_POINT('',(-7.98155647389186,32.3531709466582,55.976009302213));
#4840=CARTESIAN_POINT('',(-8.08842063689609,32.1439649052208,56.2129050745387));
#4841=CARTESIAN_POINT('',(-8.16855760819681,32.0011690404429,56.376508516398));
#4842=CARTESIAN_POINT('',(-8.22919891606058,31.8993139822327,56.4941510481284));
#4843=CARTESIAN_POINT('',(-8.28180069525102,31.8148386252198,56.5923567779306));
#4844=CARTESIAN_POINT('',(-8.33598227683584,31.731564244311,56.6898182965224));
#4845=CARTESIAN_POINT('',(-8.39166042338401,31.6495941226784,56.7864199862752));
#4846=CARTESIAN_POINT('',(-8.44891258403906,31.5687962153381,56.8823237679736));
#4847=CARTESIAN_POINT('',(-8.50770932824734,31.4892058065575,56.9774962864917));
#4848=CARTESIAN_POINT('',(-8.56808783979506,31.4107719182505,57.0720082266929));
#4849=CARTESIAN_POINT('',(-8.62996225082775,31.3336032113558,57.1657378595043));
#4850=CARTESIAN_POINT('',(-8.69337978688484,31.2576387477129,57.2587685873447));
#4851=CARTESIAN_POINT('',(-8.75832148524846,31.1829056572111,57.3510781743507));
#4852=CARTESIAN_POINT('',(-8.82484446462183,31.1093489990211,57.4427472742752));
#4853=CARTESIAN_POINT('',(-8.89293565579184,31.0369976037973,57.5337538941756));
#4854=CARTESIAN_POINT('',(-8.93944393116288,30.9895090162895,57.5940672144726));
#4855=CARTESIAN_POINT('',(-8.96296445904198,30.965968366321,57.6241156896095));
#4856=CARTESIAN_POINT('',(-93.,2.27784304641408E-14,0.));
#4857=AXIS2_PLACEMENT_3D('',#4858,#4859,#4860);
#4858=CARTESIAN_POINT('',(0.,0.,0.));
#4859=DIRECTION('',(0.,0.,1.));
#4860=DIRECTION('',(-1.,1.22464679914735E-16,0.));
#4861=CARTESIAN_POINT('',(7.49999999999995,-77.2681905346222,7.99999999983151));
#4862=CARTESIAN_POINT('',(7.49999999999995,-77.2681905346222,7.99999999974728));
#4863=CARTESIAN_POINT('',(7.49999983880872,-77.268192007924,7.96685398739128));
#4864=CARTESIAN_POINT('',(7.50066023374516,-77.267506065984,7.90052406325444));
#4865=CARTESIAN_POINT('',(7.50362580426014,-77.2644176296994,7.80115065671076));
#4866=CARTESIAN_POINT('',(7.50856679554652,-77.259268876949,7.70186133284645));
#4867=CARTESIAN_POINT('',(7.51547507206605,-77.2520679534761,7.60276236789418));
#4868=CARTESIAN_POINT('',(7.52434181365684,-77.2428235511933,7.50390979468285));
#4869=CARTESIAN_POINT('',(7.53515400195339,-77.2315491114813,7.40537834991212));
#4870=CARTESIAN_POINT('',(7.54789447199176,-77.218260623754,7.30724588354108));
#4871=CARTESIAN_POINT('',(7.56253563707267,-77.2029910695794,7.20963009204309));
#4872=CARTESIAN_POINT('',(7.57905556186178,-77.1857412767438,7.11257318072103));
#4873=CARTESIAN_POINT('',(7.59743126459571,-77.1665312510118,7.01611689054479));
#4874=CARTESIAN_POINT('',(7.61766206593739,-77.1453666896842,6.92019733704465));
#4875=CARTESIAN_POINT('',(7.63972872711165,-77.1222736930546,6.82486139500542));
#4876=CARTESIAN_POINT('',(7.66364530372438,-77.0972471550091,6.73001635042242));
#4877=CARTESIAN_POINT('',(7.68940013771778,-77.0703064822247,6.6356986207267));
#4878=CARTESIAN_POINT('',(7.71702209152657,-77.0414416530325,6.54181112990847));
#4879=CARTESIAN_POINT('',(7.74645170981226,-77.0106814840251,6.44856044879666));
#4880=CARTESIAN_POINT('',(7.7789468121668,-76.9766963438662,6.35220267123348));
#4881=CARTESIAN_POINT('',(7.81602458810965,-76.937897491929,6.24934381985846));
#4882=CARTESIAN_POINT('',(7.859677826778,-76.8921894196734,6.13646308116886));
#4883=CARTESIAN_POINT('',(7.90909854042744,-76.8404075527473,6.01770988587883));
#4884=CARTESIAN_POINT('',(7.96328843051025,-76.7835891023454,5.89664276306798));
#4885=CARTESIAN_POINT('',(8.02065451022587,-76.7233993292223,5.77708873237014));
#4886=CARTESIAN_POINT('',(8.07966551197998,-76.6614423915915,5.66203848874156));
#4887=CARTESIAN_POINT('',(8.13825435206927,-76.5998903696502,5.55464412180405));
#4888=CARTESIAN_POINT('',(8.19442717176497,-76.5408437569241,5.45718740249163));
#4889=CARTESIAN_POINT('',(8.24934600436109,-76.4830867867553,5.36646995621998));
#4890=CARTESIAN_POINT('',(8.30487206859245,-76.4246644283594,5.27887648915816));
#4891=CARTESIAN_POINT('',(8.36272931451234,-76.3637619912072,5.19167435463489));
#4892=CARTESIAN_POINT('',(8.43011140784406,-76.2928022541721,5.09462019510341));
#4893=CARTESIAN_POINT('',(8.50770757390302,-76.2110453128003,4.98860458624257));
#4894=CARTESIAN_POINT('',(8.59642250443798,-76.1175218406987,4.87444105457177));
#4895=CARTESIAN_POINT('',(8.68200746367176,-76.0272500665582,4.77067349573297));
#4896=CARTESIAN_POINT('',(8.76358932259413,-75.9411614915172,4.67681618016133));
#4897=CARTESIAN_POINT('',(8.84421851592124,-75.8560454163423,4.58821000587762));
#4898=CARTESIAN_POINT('',(8.93478425062511,-75.7604007215846,4.49347438123664));
#4899=CARTESIAN_POINT('',(9.04409267388042,-75.6449119401834,4.38533772035399));
#4900=CARTESIAN_POINT('',(9.17348504990598,-75.5081343207974,4.26550807155236));
#4901=CARTESIAN_POINT('',(9.34572520033414,-75.325954588819,4.11779188460888));
#4902=CARTESIAN_POINT('',(9.55277460398398,-75.1067787016362,3.9574409588674));
#4903=CARTESIAN_POINT('',(9.78976051972875,-74.8556368637945,3.79509877593524));
#4904=CARTESIAN_POINT('',(10.0018519541413,-74.6305866034493,3.66676541753885));
#4905=CARTESIAN_POINT('',(10.1848734998867,-74.4361291930199,3.56712912827425));
#4906=CARTESIAN_POINT('',(10.3360889673015,-74.2752799218254,3.4915223306918));
#4907=CARTESIAN_POINT('',(10.4832965247201,-74.1184998532951,3.42382967580845));
#4908=CARTESIAN_POINT('',(10.631517969232,-73.9604229348933,3.36129992167424));
#4909=CARTESIAN_POINT('',(10.7843765745013,-73.7971411305124,3.30257544151679));
#4910=CARTESIAN_POINT('',(10.9424807007255,-73.6279423901263,3.24777735538871));
#4911=CARTESIAN_POINT('',(11.1041925418792,-73.4545172796349,3.1977706283758));
#4912=CARTESIAN_POINT('',(11.2694746364547,-73.2770891736745,3.15277004425058));
#4913=CARTESIAN_POINT('',(11.4374770377461,-73.0965141297944,3.11317121951306));
#4914=CARTESIAN_POINT('',(11.6089118247924,-72.912017190206,3.07899830832703));
#4915=CARTESIAN_POINT('',(11.7830221594629,-72.7243887025161,3.0506125859784));
#4916=CARTESIAN_POINT('',(11.9598163128989,-72.5335997609064,3.0281942022191));
#4917=CARTESIAN_POINT('',(12.1384848657576,-72.3405038055922,3.01200095540681));
#4918=CARTESIAN_POINT('',(12.3189460578577,-72.1451696966038,3.00218409262677));
#4919=CARTESIAN_POINT('',(12.4395296656846,-72.0144385965223,2.99999993774911));
#4920=CARTESIAN_POINT('',(12.5,-71.9488248893828,3.));
#4921=CARTESIAN_POINT('',(7.49999999999997,-87.0410855017464,7.99999999999997));
#4922=CARTESIAN_POINT('',(7.49999999999996,-77.2681905346222,7.99999999999996));
#4923=VECTOR('',#4924,1.);
#4924=DIRECTION('',(9.08818136988009E-17,-1.,0.));
#4925=CARTESIAN_POINT('',(7.49999999999998,-87.0410855017464,7.99999999999997));
#4926=CARTESIAN_POINT('',(7.49999978761217,-87.1042984154985,7.93868003068262));
#4927=CARTESIAN_POINT('',(7.50224379955122,-87.2301668889266,7.81646353455781));
#4928=CARTESIAN_POINT('',(7.51233340025698,-87.4181805334753,7.63353123427034));
#4929=CARTESIAN_POINT('',(7.52895921930911,-87.6037638485244,7.4525734496302));
#4930=CARTESIAN_POINT('',(7.55195812289199,-87.7868751667913,7.27361880644116));
#4931=CARTESIAN_POINT('',(7.58105260769512,-87.966644278854,7.09750679129404));
#4932=CARTESIAN_POINT('',(7.61605781369373,-88.1431200383507,6.9241804217113));
#4933=CARTESIAN_POINT('',(7.65659840055501,-88.3155192754584,6.75440250970824));
#4934=CARTESIAN_POINT('',(7.70266262239719,-88.4846285720294,6.58739110781744));
#4935=CARTESIAN_POINT('',(7.75389588017235,-88.649718872717,6.42385669227953));
#4936=CARTESIAN_POINT('',(7.81011907259611,-88.8108016149937,6.26378099459338));
#4937=CARTESIAN_POINT('',(7.87056862374331,-88.9664513070025,6.10858186153329));
#4938=CARTESIAN_POINT('',(7.93518885885557,-89.117316656064,5.95761881569249));
#4939=CARTESIAN_POINT('',(8.00339839974258,-89.2627047487684,5.81159152463184));
#4940=CARTESIAN_POINT('',(8.07521558510104,-89.4032529145142,5.66986726481868));
#4941=CARTESIAN_POINT('',(8.15796031039483,-89.5526755920409,5.51856809878108));
#4942=CARTESIAN_POINT('',(8.25349497992663,-89.7105853347987,5.357859701711));
#4943=CARTESIAN_POINT('',(8.36357922071048,-89.8757677617695,5.18868978830017));
#4944=CARTESIAN_POINT('',(8.46896544858456,-90.0198225081675,5.0401457192491));
#4945=CARTESIAN_POINT('',(8.56743869852585,-90.1442437993471,4.91101969620415));
#4946=CARTESIAN_POINT('',(8.6563755554008,-90.2495726511319,4.80107702444493));
#4947=CARTESIAN_POINT('',(8.74650875162025,-90.3497902783914,4.69583431576998));
#4948=CARTESIAN_POINT('',(8.83687340396978,-90.4442857993086,4.59597106828387));
#4949=CARTESIAN_POINT('',(8.92829447827482,-90.5343159996036,4.50019423823868));
#4950=CARTESIAN_POINT('',(9.0204130071542,-90.6197997647997,4.40861487534357));
#4951=CARTESIAN_POINT('',(9.11355187354333,-90.7012631956541,4.32069119139912));
#4952=CARTESIAN_POINT('',(9.20661501245313,-90.778022559718,4.2371927174212));
#4953=CARTESIAN_POINT('',(9.30008253121909,-90.8507574047563,4.15741653740646));
#4954=CARTESIAN_POINT('',(9.40333649234898,-90.9265689120994,4.07353637520339));
#4955=CARTESIAN_POINT('',(9.51792851908518,-91.0051905881451,3.98560096718866));
#4956=CARTESIAN_POINT('',(9.64464948694181,-91.0855449434775,3.89450839816569));
#4957=CARTESIAN_POINT('',(9.76296549961826,-91.1547015636089,3.81492733820069));
#4958=CARTESIAN_POINT('',(9.87170902131052,-91.2137332205273,3.7460017701497));
#4959=CARTESIAN_POINT('',(9.96951497333337,-91.263483163619,3.68711952593074));
#4960=CARTESIAN_POINT('',(10.0675275413343,-91.3101209605154,3.63110334003405));
#4961=CARTESIAN_POINT('',(10.1649132879159,-91.3533844213402,3.57830293670397));
#4962=CARTESIAN_POINT('',(10.2616666950152,-91.3934345397006,3.52856817499903));
#4963=CARTESIAN_POINT('',(10.3668411416756,-91.4339290345404,3.47732771792969));
#4964=CARTESIAN_POINT('',(10.4810347970221,-91.4742460063807,3.42508034444311));
#4965=CARTESIAN_POINT('',(10.6043715698034,-91.5134899837796,3.37264039035806));
#4966=CARTESIAN_POINT('',(10.7158242885514,-91.5452311021017,3.32870647694888));
#4967=CARTESIAN_POINT('',(10.8153002783086,-91.5707949565444,3.29206128492681));
#4968=CARTESIAN_POINT('',(10.9025316997016,-91.5912348297541,3.26176256463151));
#4969=CARTESIAN_POINT('',(10.9889022730477,-91.6095749482188,3.23352574584949));
#4970=CARTESIAN_POINT('',(11.0835227388291,-91.6276522865296,3.20446387064763));
#4971=CARTESIAN_POINT('',(11.1873122066847,-91.6449751282986,3.17491607523697));
#4972=CARTESIAN_POINT('',(11.3007725235411,-91.6608405770803,3.1454734792684));
#4973=CARTESIAN_POINT('',(11.405140162473,-91.6726493533299,3.12098515905169));
#4974=CARTESIAN_POINT('',(11.5001134731375,-91.6812099751933,3.10073939347156));
#4975=CARTESIAN_POINT('',(11.5852858383542,-91.6872323046573,3.08412813487639));
#4976=CARTESIAN_POINT('',(11.6701952614724,-91.6916087736649,3.06908930200159));
#4977=CARTESIAN_POINT('',(11.7546630745157,-91.6943690383201,3.05562000057408));
#4978=CARTESIAN_POINT('',(11.8183118967305,-91.695264979658,3.04658004095511));
#4979=CARTESIAN_POINT('',(11.8744188201896,-91.6954011739954,3.03922456093419));
#4980=CARTESIAN_POINT('',(11.9303917694759,-91.6950228548689,3.03236933250176));
#4981=CARTESIAN_POINT('',(12.0067930211844,-91.693297480967,3.02414829632564));
#4982=CARTESIAN_POINT('',(12.0900896083038,-91.6899144501182,3.01659887335704));
#4983=CARTESIAN_POINT('',(12.1728707982776,-91.685079279139,3.01048477541997));
#4984=CARTESIAN_POINT('',(12.2551080295103,-91.6788303681878,3.00577573716409));
#4985=CARTESIAN_POINT('',(12.3369981040486,-91.6711823555825,3.00243486171927));
#4986=CARTESIAN_POINT('',(12.4186023482301,-91.662151553599,3.00044116968006));
#4987=CARTESIAN_POINT('',(12.4728926306927,-91.6552111113089,2.99999987045327));
#4988=CARTESIAN_POINT('',(12.4999999999384,-91.6515138991336,2.99999999999999));
#4989=CARTESIAN_POINT('',(-7.50000000000002,-87.0410855017463,8.00000000000004));
#4990=CARTESIAN_POINT('',(-7.50000000000002,-87.0410855017463,8.00000000000004));
#4991=VECTOR('',#4992,1.);
#4992=DIRECTION('',(-4.87769013720987E-15,0.717772770437171,0.696277423171934));
#4993=CARTESIAN_POINT('',(-7.50000000000002,-87.0410855017463,8.00000000000004));
#4994=CARTESIAN_POINT('',(-7.49999978761219,-87.1042984154984,7.9386800306827));
#4995=CARTESIAN_POINT('',(-7.50224379955125,-87.2301668889265,7.81646353455789));
#4996=CARTESIAN_POINT('',(-7.51233340025708,-87.4181805334752,7.63353123427042));
#4997=CARTESIAN_POINT('',(-7.52895921930916,-87.6037638485243,7.45257344963032));
#4998=CARTESIAN_POINT('',(-7.55195812289214,-87.7868751667912,7.27361880644128));
#4999=CARTESIAN_POINT('',(-7.58105260769512,-87.9666442788539,7.09750679129416));
#5000=CARTESIAN_POINT('',(-7.61605781369376,-88.1431200383506,6.9241804217114));
#5001=CARTESIAN_POINT('',(-7.65659840055501,-88.3155192754583,6.75440250970829));
#5002=CARTESIAN_POINT('',(-7.70266262239728,-88.4846285720293,6.58739110781754));
#5003=CARTESIAN_POINT('',(-7.75389588017234,-88.6497188727169,6.42385669227959));
#5004=CARTESIAN_POINT('',(-7.81011907259619,-88.8108016149935,6.26378099459345));
#5005=CARTESIAN_POINT('',(-7.87056862374336,-88.9664513070025,6.10858186153337));
#5006=CARTESIAN_POINT('',(-7.93518885885562,-89.1173166560639,5.95761881569257));
#5007=CARTESIAN_POINT('',(-8.00339839974263,-89.2627047487684,5.81159152463192));
#5008=CARTESIAN_POINT('',(-8.07521558510109,-89.4032529145141,5.66986726481875));
#5009=CARTESIAN_POINT('',(-8.15796031039487,-89.5526755920409,5.51856809878116));
#5010=CARTESIAN_POINT('',(-8.25349497992668,-89.7105853347986,5.35785970171105));
#5011=CARTESIAN_POINT('',(-8.36357922071051,-89.8757677617695,5.18868978830024));
#5012=CARTESIAN_POINT('',(-8.46896544858462,-90.0198225081674,5.04014571924917));
#5013=CARTESIAN_POINT('',(-8.56743869852582,-90.144243799347,4.9110196962042));
#5014=CARTESIAN_POINT('',(-8.65637555540087,-90.2495726511317,4.80107702444501));
#5015=CARTESIAN_POINT('',(-8.74650875162022,-90.3497902783913,4.69583431577005));
#5016=CARTESIAN_POINT('',(-8.83687340396975,-90.4442857993085,4.59597106828397));
#5017=CARTESIAN_POINT('',(-8.92829447827481,-90.5343159996035,4.50019423823877));
#5018=CARTESIAN_POINT('',(-9.02041300715416,-90.6197997647996,4.40861487534367));
#5019=CARTESIAN_POINT('',(-9.11355187354331,-90.7012631956541,4.32069119139921));
#5020=CARTESIAN_POINT('',(-9.2066150124531,-90.7780225597179,4.23719271742128));
#5021=CARTESIAN_POINT('',(-9.30008253121902,-90.8507574047563,4.15741653740653));
#5022=CARTESIAN_POINT('',(-9.40333649234895,-90.9265689120993,4.07353637520347));
#5023=CARTESIAN_POINT('',(-9.51792851908514,-91.0051905881451,3.98560096718873));
#5024=CARTESIAN_POINT('',(-9.64464948694178,-91.0855449434774,3.89450839816575));
#5025=CARTESIAN_POINT('',(-9.76296549961824,-91.1547015636089,3.81492733820075));
#5026=CARTESIAN_POINT('',(-9.87170902131049,-91.2137332205273,3.74600177014973));
#5027=CARTESIAN_POINT('',(-9.96951497333339,-91.263483163619,3.68711952593079));
#5028=CARTESIAN_POINT('',(-10.0675275413343,-91.3101209605153,3.63110334003405));
#5029=CARTESIAN_POINT('',(-10.1649132879159,-91.3533844213403,3.57830293670404));
#5030=CARTESIAN_POINT('',(-10.2616666950152,-91.3934345397005,3.52856817499906));
#5031=CARTESIAN_POINT('',(-10.3668411416756,-91.4339290345404,3.47732771792972));
#5032=CARTESIAN_POINT('',(-10.4810347970221,-91.4742460063807,3.42508034444317));
#5033=CARTESIAN_POINT('',(-10.6043715698033,-91.5134899837795,3.3726403903581));
#5034=CARTESIAN_POINT('',(-10.7158242885513,-91.5452311021017,3.32870647694896));
#5035=CARTESIAN_POINT('',(-10.8153002783085,-91.5707949565444,3.29206128492683));
#5036=CARTESIAN_POINT('',(-10.9025316997015,-91.5912348297541,3.26176256463156));
#5037=CARTESIAN_POINT('',(-10.9889022730477,-91.6095749482188,3.23352574584952));
#5038=CARTESIAN_POINT('',(-11.0835227388291,-91.6276522865295,3.20446387064766));
#5039=CARTESIAN_POINT('',(-11.1873122066848,-91.6449751282986,3.17491607523698));
#5040=CARTESIAN_POINT('',(-11.3007725235412,-91.6608405770803,3.1454734792684));
#5041=CARTESIAN_POINT('',(-11.4051401624731,-91.6726493533298,3.1209851590517));
#5042=CARTESIAN_POINT('',(-11.5001134731376,-91.6812099751933,3.10073939347153));
#5043=CARTESIAN_POINT('',(-11.5852858383543,-91.6872323046573,3.08412813487639));
#5044=CARTESIAN_POINT('',(-11.6701952614725,-91.6916087736649,3.06908930200159));
#5045=CARTESIAN_POINT('',(-11.7546630745159,-91.6943690383201,3.05562000057406));
#5046=CARTESIAN_POINT('',(-11.8183118967306,-91.695264979658,3.0465800409551));
#5047=CARTESIAN_POINT('',(-11.8744188201897,-91.6954011739953,3.03922456093419));
#5048=CARTESIAN_POINT('',(-11.930391769476,-91.6950228548689,3.03236933250175));
#5049=CARTESIAN_POINT('',(-12.0067930211844,-91.693297480967,3.02414829632565));
#5050=CARTESIAN_POINT('',(-12.0900896083038,-91.6899144501182,3.01659887335704));
#5051=CARTESIAN_POINT('',(-12.1728707982776,-91.6850792791389,3.01048477541997));
#5052=CARTESIAN_POINT('',(-12.2551080295104,-91.6788303681879,3.00577573716409));
#5053=CARTESIAN_POINT('',(-12.3369981040487,-91.6711823555824,3.00243486171926));
#5054=CARTESIAN_POINT('',(-12.4186023482301,-91.662151553599,3.00044116968006));
#5055=CARTESIAN_POINT('',(-12.4728926306927,-91.6552111113089,2.99999987045328));
#5056=CARTESIAN_POINT('',(-12.4999999999385,-91.6515138991336,2.99999999999999));
#5057=CARTESIAN_POINT('',(7.49999999999998,-87.0410855017464,7.99999999999997));
#5058=VECTOR('',#5059,1.);
#5059=DIRECTION('',(-5.53290224519328E-15,0.717772770437171,0.696277423171934));
#5060=CARTESIAN_POINT('',(-7.50000000000004,-77.268362814107,7.99999999983122));
#5061=CARTESIAN_POINT('',(-7.50000000000003,-87.0410855017463,8.00000000000004));
#5062=VECTOR('',#5063,1.);
#5063=DIRECTION('',(-9.08834158185527E-17,1.,0.));
#5064=CARTESIAN_POINT('',(-7.50000000000004,-77.268362814107,7.9999999997468));
#5065=CARTESIAN_POINT('',(-7.49999982523277,-77.2683626540022,7.96464250293273));
#5066=CARTESIAN_POINT('',(-7.50075232909861,-77.267575456092,7.89380420792372));
#5067=CARTESIAN_POINT('',(-7.50413603974236,-77.264037671861,7.78759023221055));
#5068=CARTESIAN_POINT('',(-7.5097967094274,-77.2581198164003,7.68114641050613));
#5069=CARTESIAN_POINT('',(-7.51774624994578,-77.24980916251,7.57460111665861));
#5070=CARTESIAN_POINT('',(-7.52801093447033,-77.2390778486607,7.46786563124441));
#5071=CARTESIAN_POINT('',(-7.54060331460258,-77.2259121818147,7.3610495701761));
#5072=CARTESIAN_POINT('',(-7.55555220553353,-77.2102814464274,7.25412333207534));
#5073=CARTESIAN_POINT('',(-7.57283194220298,-77.1922112996409,7.14740584159527));
#5074=CARTESIAN_POINT('',(-7.59244986210892,-77.1716931041997,7.04090709230287));
#5075=CARTESIAN_POINT('',(-7.61438660529405,-77.1487490141776,6.93477419659119));
#5076=CARTESIAN_POINT('',(-7.63869221100318,-77.1233287516116,6.82883289195443));
#5077=CARTESIAN_POINT('',(-7.66533093102737,-77.0954725999668,6.72331224216748));
#5078=CARTESIAN_POINT('',(-7.69432475735888,-77.0651586396268,6.61817130377779));
#5079=CARTESIAN_POINT('',(-7.72562274032105,-77.0324453012553,6.51362871492592));
#5080=CARTESIAN_POINT('',(-7.76302530214838,-76.9933321621943,6.39795595138489));
#5081=CARTESIAN_POINT('',(-7.80736758472241,-76.9469348472856,6.27191991642206));
#5082=CARTESIAN_POINT('',(-7.85954546692953,-76.8923021416886,6.13635023180193));
#5083=CARTESIAN_POINT('',(-7.91084771497402,-76.8385503241394,6.0137813294662));
#5084=CARTESIAN_POINT('',(-7.96024693318613,-76.7867621059027,5.90367149636661));
#5085=CARTESIAN_POINT('',(-8.00698722295296,-76.7377371130871,5.80528222653096));
#5086=CARTESIAN_POINT('',(-8.05582558210178,-76.6864863353209,5.70799904446981));
#5087=CARTESIAN_POINT('',(-8.10680260820005,-76.6329652515751,5.61174387495915));
#5088=CARTESIAN_POINT('',(-8.15974275405001,-76.5773564345289,5.51683732572452));
#5089=CARTESIAN_POINT('',(-8.21473226530606,-76.5195677409732,5.42310079006065));
#5090=CARTESIAN_POINT('',(-8.27179225574093,-76.4595753983411,5.33050183789425));
#5091=CARTESIAN_POINT('',(-8.33122736090447,-76.3970573258587,5.23859659427561));
#5092=CARTESIAN_POINT('',(-8.39292006678141,-76.3321352444264,5.14764178861379));
#5093=CARTESIAN_POINT('',(-8.46456406494746,-76.2567073856286,5.04687258966834));
#5094=CARTESIAN_POINT('',(-8.55462967716975,-76.1618362313263,4.92694330784114));
#5095=CARTESIAN_POINT('',(-8.66537248698425,-76.0451083982324,4.78945527891947));
#5096=CARTESIAN_POINT('',(-8.7818567709984,-75.9222411838321,4.65555618684282));
#5097=CARTESIAN_POINT('',(-8.88717635359064,-75.811079382442,4.54257593763029));
#5098=CARTESIAN_POINT('',(-8.97941373822918,-75.7136767428647,4.44890205225867));
#5099=CARTESIAN_POINT('',(-9.07728414167087,-75.6102815929772,4.35417750912934));
#5100=CARTESIAN_POINT('',(-9.20098268165071,-75.4795325059515,4.24118978591653));
#5101=CARTESIAN_POINT('',(-9.35318806880466,-75.3185386188732,4.11246065852737));
#5102=CARTESIAN_POINT('',(-9.51263453862102,-75.1497434928187,3.98895222433251));
#5103=CARTESIAN_POINT('',(-9.6559361774013,-74.9979126167209,3.88667122751507));
#5104=CARTESIAN_POINT('',(-9.7805564248224,-74.8657789796232,3.80346862148163));
#5105=CARTESIAN_POINT('',(-9.91098824941473,-74.7273885258988,3.72145784281606));
#5106=CARTESIAN_POINT('',(-10.0589702563238,-74.5702386216092,3.6350061658707));
#5107=CARTESIAN_POINT('',(-10.2252390533486,-74.3934662295144,3.54608442163385));
#5108=CARTESIAN_POINT('',(-10.381140339481,-74.2274999648195,3.4701361060783));
#5109=CARTESIAN_POINT('',(-10.5257384242374,-74.0733659778446,3.40553348644632));
#5110=CARTESIAN_POINT('',(-10.6584355362819,-73.9317431888606,3.35074867435742));
#5111=CARTESIAN_POINT('',(-10.793032099734,-73.7878961954694,3.29965946744795));
#5112=CARTESIAN_POINT('',(-10.929567678696,-73.641760080245,3.25229416195061));
#5113=CARTESIAN_POINT('',(-11.0676313988132,-73.4937326978979,3.20882765978873));
#5114=CARTESIAN_POINT('',(-11.2073319455149,-73.3438148156836,3.16926005326508));
#5115=CARTESIAN_POINT('',(-11.3481531896792,-73.1925389607709,3.13376072302994));
#5116=CARTESIAN_POINT('',(-11.4899439651404,-73.0400632596877,3.10236754461816));
#5117=CARTESIAN_POINT('',(-11.6324334789738,-72.8866707239915,3.07513010680748));
#5118=CARTESIAN_POINT('',(-11.7757245536208,-72.7322435025146,3.05202575901582));
#5119=CARTESIAN_POINT('',(-11.9196531553756,-72.5769506995776,3.03308660603647));
#5120=CARTESIAN_POINT('',(-12.0642037583512,-72.420801577732,3.01832153649745));
#5121=CARTESIAN_POINT('',(-12.2091933206592,-72.2639865192027,3.00775750196641));
#5122=CARTESIAN_POINT('',(-12.3545737258792,-72.1065503017148,3.00140880412714));
#5123=CARTESIAN_POINT('',(-12.4515072299335,-72.0014422268231,3.00000005479462));
#5124=CARTESIAN_POINT('',(-12.5,-71.9488248893828,3.));
#5125=CARTESIAN_POINT('',(-7.50000000000002,-75.8399641115589,11.4976506201602));
#5126=CARTESIAN_POINT('',(-7.50000000000005,-77.268362814107,7.9999999997468));
#5127=CARTESIAN_POINT('',(-7.50000000000005,-77.2683628142533,8.00001560934146));
#5128=CARTESIAN_POINT('',(-7.50000000000005,-77.2683630259972,8.0451844215705));
#5129=CARTESIAN_POINT('',(-7.50000000000005,-77.2671416779081,8.13524366150175));
#5130=CARTESIAN_POINT('',(-7.50000000000005,-77.2633833658174,8.22776486371293));
#5131=CARTESIAN_POINT('',(-7.50000000000005,-77.2584739368359,8.31718909090727));
#5132=CARTESIAN_POINT('',(-7.50000000000005,-77.2523972999019,8.4060704147451));
#5133=CARTESIAN_POINT('',(-7.50000000000005,-77.2400828668265,8.53635012398054));
#5134=CARTESIAN_POINT('',(-7.50000000000005,-77.2240740635666,8.66812854936962));
#5135=CARTESIAN_POINT('',(-7.50000000000005,-77.2096297257612,8.76540176689628));
#5136=CARTESIAN_POINT('',(-7.50000000000005,-77.1953328743482,8.85199328357124));
#5137=CARTESIAN_POINT('',(-7.50000000000005,-77.1774776750926,8.95194576012696));
#5138=CARTESIAN_POINT('',(-7.50000000000005,-77.1464185064815,9.10188556807189));
#5139=CARTESIAN_POINT('',(-7.50000000000005,-77.1162306987578,9.22519586644559));
#5140=CARTESIAN_POINT('',(-7.50000000000005,-77.083480600114,9.34788380757477));
#5141=CARTESIAN_POINT('',(-7.50000000000005,-77.0481788089695,9.47042123684801));
#5142=CARTESIAN_POINT('',(-7.50000000000005,-77.0076924406161,9.59404125517764));
#5143=CARTESIAN_POINT('',(-7.50000000000005,-76.9544009385902,9.74556942107678));
#5144=CARTESIAN_POINT('',(-7.50000000000005,-76.8996648503096,9.88763265692317));
#5145=CARTESIAN_POINT('',(-7.50000000000005,-76.830244761022,10.0471788439636));
#5146=CARTESIAN_POINT('',(-7.50000000000005,-76.7663997784423,10.1841813649896));
#5147=CARTESIAN_POINT('',(-7.50000000000005,-76.692925240628,10.3305075212954));
#5148=CARTESIAN_POINT('',(-7.50000000000005,-76.6142097466418,10.4729332520538));
#5149=CARTESIAN_POINT('',(-7.50000000000005,-76.5387001114329,10.60062005102));
#5150=CARTESIAN_POINT('',(-7.50000000000005,-76.4482867616288,10.7452539299711));
#5151=CARTESIAN_POINT('',(-7.50000000000005,-76.3449120498822,10.8961690692854));
#5152=CARTESIAN_POINT('',(-7.50000000000005,-76.2563012969118,11.0151638067727));
#5153=CARTESIAN_POINT('',(-7.50000000000005,-76.1981555974247,11.090386415365));
#5154=CARTESIAN_POINT('',(-7.50000000000005,-76.1535751700189,11.1462428029944));
#5155=CARTESIAN_POINT('',(-7.50000000000005,-76.1064315460909,11.203360436958));
#5156=CARTESIAN_POINT('',(-7.50000000000005,-76.0695396477078,11.2470098009973));
#5157=CARTESIAN_POINT('',(-7.50000000000005,-76.0335259886219,11.2886600848973));
#5158=CARTESIAN_POINT('',(-7.50000000000005,-75.9989557479797,11.3277846888493));
#5159=CARTESIAN_POINT('',(-7.50000000000005,-75.9739697577455,11.3554885183206));
#5160=CARTESIAN_POINT('',(-7.50000000000005,-75.9520717760969,11.3794808564425));
#5161=CARTESIAN_POINT('',(-7.50000000000005,-75.9308267986052,11.4025339353143));
#5162=CARTESIAN_POINT('',(-7.50000000000005,-75.901479124439,11.4338474561622));
#5163=CARTESIAN_POINT('',(-7.50000000000005,-75.8706089564522,11.4661932361075));
#5164=CARTESIAN_POINT('',(-7.50000000000005,-75.8501155760434,11.4872905361155));
#5165=CARTESIAN_POINT('',(-7.50000000000005,-75.8399641115589,11.4976506201602));
#5166=CARTESIAN_POINT('',(7.49999999999993,-75.8399641115711,11.4976506201478));
#5167=CARTESIAN_POINT('',(-7.50000000000001,-75.839964111559,11.4976506201602));
#5168=CARTESIAN_POINT('',(-5.83253802769912,-75.8999936634519,11.5116252067263));
#5169=CARTESIAN_POINT('',(-2.49915351588889,-75.9660818891447,11.5399239727065));
#5170=CARTESIAN_POINT('',(2.49872362357112,-75.9748541480335,11.5309748373712));
#5171=CARTESIAN_POINT('',(5.83211991227667,-75.8853916723194,11.5265461394131));
#5172=CARTESIAN_POINT('',(7.49999999999993,-75.8399641115711,11.4976506201478));
#5173=CARTESIAN_POINT('',(7.49999999999995,-77.2681905346222,7.99999999974728));
#5174=CARTESIAN_POINT('',(7.49999999999997,-77.2681888833334,8.04518146834476));
#5175=CARTESIAN_POINT('',(7.49999999999998,-77.2669630164928,8.13526550425316));
#5176=CARTESIAN_POINT('',(7.49999999999997,-77.2631981538838,8.22783819613291));
#5177=CARTESIAN_POINT('',(7.49999999999993,-77.2582827906011,8.31728626300171));
#5178=CARTESIAN_POINT('',(7.49999999999988,-77.2522000211004,8.40619057216434));
#5179=CARTESIAN_POINT('',(7.49999999999977,-77.2398772789977,8.53649328109006));
#5180=CARTESIAN_POINT('',(7.49999999999961,-77.2238584944248,8.66830434724412));
#5181=CARTESIAN_POINT('',(7.49999999999945,-77.2094012272654,8.76563587177845));
#5182=CARTESIAN_POINT('',(7.49999999999929,-77.1950964476744,8.85224735564636));
#5183=CARTESIAN_POINT('',(7.49999999999909,-77.1772320927743,8.95222174232461));
#5184=CARTESIAN_POINT('',(7.49999999999874,-77.1461676537191,9.1021586900835));
#5185=CARTESIAN_POINT('',(7.49999999999839,-77.1159630952688,9.22551947545467));
#5186=CARTESIAN_POINT('',(7.499999999998,-77.0832018584534,9.34822981834464));
#5187=CARTESIAN_POINT('',(7.49999999999758,-77.0478884741471,9.47079050619091));
#5188=CARTESIAN_POINT('',(7.49999999999709,-77.0074007824342,9.59440368783927));
#5189=CARTESIAN_POINT('',(7.49999999999645,-76.9540996571172,9.74594786479516));
#5190=CARTESIAN_POINT('',(7.49999999999578,-76.8993539222948,9.88802869793594));
#5191=CARTESIAN_POINT('',(7.49999999999493,-76.8299256581188,10.0475863128458));
#5192=CARTESIAN_POINT('',(7.49999999999414,-76.7660764635129,10.1845925573816));
#5193=CARTESIAN_POINT('',(7.49999999999323,-76.6926079460656,10.3309035419597));
#5194=CARTESIAN_POINT('',(7.49999999999224,-76.6138781107072,10.4733533821472));
#5195=CARTESIAN_POINT('',(7.4999999999913,-76.5383758655121,10.6010232677212));
#5196=CARTESIAN_POINT('',(7.49999999999016,-76.4479764842136,10.7456303942747));
#5197=CARTESIAN_POINT('',(7.49999999998886,-76.3445985545935,10.8965498491476));
#5198=CARTESIAN_POINT('',(7.49999999998774,-76.2560051058536,11.0155142520744));
#5199=CARTESIAN_POINT('',(7.499999999987,-76.1978756423574,11.0907111415129));
#5200=CARTESIAN_POINT('',(7.49999999998644,-76.1533634389118,11.1464812753386));
#5201=CARTESIAN_POINT('',(7.49999999998584,-76.1062412003159,11.2035721384981));
#5202=CARTESIAN_POINT('',(7.49999999998537,-76.069369559575,11.2471969035707));
#5203=CARTESIAN_POINT('',(7.49999999998492,-76.0333771719599,11.2888220139665));
#5204=CARTESIAN_POINT('',(7.49999999998448,-75.9988293974682,11.3279206932535));
#5205=CARTESIAN_POINT('',(7.49999999998416,-75.9738240824912,11.3556456337131));
#5206=CARTESIAN_POINT('',(7.49999999998388,-75.9519417476995,11.3796197922399));
#5207=CARTESIAN_POINT('',(7.49999999998361,-75.930712987246,11.402654300906));
#5208=CARTESIAN_POINT('',(7.49999999998324,-75.9014261520985,11.4339026659425));
#5209=CARTESIAN_POINT('',(7.49999999998284,-75.8705821866135,11.4662208111537));
#5210=CARTESIAN_POINT('',(7.49999999998258,-75.8501065790032,11.4872997431479));
#5211=CARTESIAN_POINT('',(7.49999999998245,-75.8399641115711,11.4976506201478));
#5212=CARTESIAN_POINT('',(7.49999999999997,87.0410855017464,7.99999999999997));
#5213=CARTESIAN_POINT('',(7.49999999999998,87.0410855017464,7.99999999999997));
#5214=CARTESIAN_POINT('',(7.49999978761217,87.1042984154985,7.9386800306826));
#5215=CARTESIAN_POINT('',(7.50224379955121,87.2301668889266,7.81646353455779));
#5216=CARTESIAN_POINT('',(7.51233340025699,87.4181805334753,7.63353123427036));
#5217=CARTESIAN_POINT('',(7.52895921930909,87.6037638485243,7.45257344963023));
#5218=CARTESIAN_POINT('',(7.55195812289207,87.7868751667912,7.2736188064412));
#5219=CARTESIAN_POINT('',(7.58105260769504,87.966644278854,7.09750679129408));
#5220=CARTESIAN_POINT('',(7.61605781369374,88.1431200383506,6.92418042171137));
#5221=CARTESIAN_POINT('',(7.656598400555,88.3155192754583,6.75440250970827));
#5222=CARTESIAN_POINT('',(7.70266262239718,88.4846285720294,6.58739110781748));
#5223=CARTESIAN_POINT('',(7.75389588017235,88.649718872717,6.42385669227954));
#5224=CARTESIAN_POINT('',(7.81011907259611,88.8108016149936,6.26378099459341));
#5225=CARTESIAN_POINT('',(7.87056862374331,88.9664513070025,6.10858186153331));
#5226=CARTESIAN_POINT('',(7.93518885885555,89.117316656064,5.9576188156925));
#5227=CARTESIAN_POINT('',(8.00339839974265,89.2627047487684,5.81159152463187));
#5228=CARTESIAN_POINT('',(8.07521558510102,89.4032529145142,5.66986726481867));
#5229=CARTESIAN_POINT('',(8.15796031039489,89.5526755920409,5.51856809878108));
#5230=CARTESIAN_POINT('',(8.25349497992666,89.7105853347987,5.35785970171099));
#5231=CARTESIAN_POINT('',(8.36357922071053,89.8757677617695,5.18868978830016));
#5232=CARTESIAN_POINT('',(8.46896544858457,90.0198225081675,5.04014571924911));
#5233=CARTESIAN_POINT('',(8.56743869852581,90.1442437993471,4.91101969620411));
#5234=CARTESIAN_POINT('',(8.65637555540082,90.2495726511318,4.80107702444496));
#5235=CARTESIAN_POINT('',(8.74650875162019,90.3497902783914,4.69583431576997));
#5236=CARTESIAN_POINT('',(8.83687340396978,90.4442857993086,4.59597106828392));
#5237=CARTESIAN_POINT('',(8.92829447827477,90.5343159996036,4.50019423823868));
#5238=CARTESIAN_POINT('',(9.0204130071542,90.6197997647996,4.40861487534361));
#5239=CARTESIAN_POINT('',(9.11355187354328,90.7012631956542,4.32069119139913));
#5240=CARTESIAN_POINT('',(9.20661501245308,90.778022559718,4.23719271742119));
#5241=CARTESIAN_POINT('',(9.30008253121909,90.8507574047564,4.15741653740647));
#5242=CARTESIAN_POINT('',(9.40333649234901,90.9265689120994,4.07353637520342));
#5243=CARTESIAN_POINT('',(9.51792851908518,91.0051905881452,3.98560096718866));
#5244=CARTESIAN_POINT('',(9.64464948694175,91.0855449434775,3.89450839816569));
#5245=CARTESIAN_POINT('',(9.76296549961827,91.154701563609,3.81492733820072));
#5246=CARTESIAN_POINT('',(9.87170902131048,91.2137332205273,3.74600177014967));
#5247=CARTESIAN_POINT('',(9.96951497333338,91.2634831636191,3.68711952593074));
#5248=CARTESIAN_POINT('',(10.0675275413343,91.3101209605154,3.63110334003403));
#5249=CARTESIAN_POINT('',(10.1649132879159,91.3533844213403,3.57830293670398));
#5250=CARTESIAN_POINT('',(10.2616666950152,91.3934345397006,3.52856817499904));
#5251=CARTESIAN_POINT('',(10.3668411416756,91.4339290345404,3.4773277179297));
#5252=CARTESIAN_POINT('',(10.4810347970221,91.4742460063807,3.42508034444313));
#5253=CARTESIAN_POINT('',(10.6043715698033,91.5134899837796,3.37264039035808));
#5254=CARTESIAN_POINT('',(10.7158242885513,91.5452311021017,3.32870647694894));
#5255=CARTESIAN_POINT('',(10.8153002783085,91.5707949565444,3.2920612849268));
#5256=CARTESIAN_POINT('',(10.9025316997015,91.5912348297541,3.26176256463154));
#5257=CARTESIAN_POINT('',(10.9889022730477,91.6095749482188,3.23352574584948));
#5258=CARTESIAN_POINT('',(11.0835227388292,91.6276522865296,3.20446387064765));
#5259=CARTESIAN_POINT('',(11.1873122066848,91.6449751282987,3.17491607523694));
#5260=CARTESIAN_POINT('',(11.3007725235412,91.6608405770803,3.14547347926839));
#5261=CARTESIAN_POINT('',(11.4051401624731,91.6726493533298,3.12098515905167));
#5262=CARTESIAN_POINT('',(11.5001134731376,91.6812099751933,3.10073939347152));
#5263=CARTESIAN_POINT('',(11.5852858383543,91.6872323046573,3.08412813487637));
#5264=CARTESIAN_POINT('',(11.6701952614725,91.6916087736649,3.06908930200159));
#5265=CARTESIAN_POINT('',(11.7546630745158,91.6943690383201,3.05562000057406));
#5266=CARTESIAN_POINT('',(11.8183118967306,91.6952649796581,3.04658004095511));
#5267=CARTESIAN_POINT('',(11.8744188201896,91.6954011739953,3.03922456093418));
#5268=CARTESIAN_POINT('',(11.9303917694759,91.6950228548689,3.03236933250176));
#5269=CARTESIAN_POINT('',(12.0067930211844,91.693297480967,3.02414829632564));
#5270=CARTESIAN_POINT('',(12.0900896083038,91.6899144501182,3.01659887335704));
#5271=CARTESIAN_POINT('',(12.1728707982777,91.6850792791389,3.01048477541996));
#5272=CARTESIAN_POINT('',(12.2551080295104,91.6788303681879,3.00577573716409));
#5273=CARTESIAN_POINT('',(12.3369981040487,91.6711823555825,3.00243486171927));
#5274=CARTESIAN_POINT('',(12.4186023482301,91.662151553599,3.00044116968006));
#5275=CARTESIAN_POINT('',(12.4728926306927,91.6552111113088,2.99999987045328));
#5276=CARTESIAN_POINT('',(12.4999999999384,91.6515138991336,3.));
#5277=CARTESIAN_POINT('',(7.49999999999997,77.268362814107,7.99999999983114));
#5278=CARTESIAN_POINT('',(7.49999999999996,77.268362814107,7.99999999999996));
#5279=VECTOR('',#5280,1.);
#5280=DIRECTION('',(9.08834158185516E-17,1.,-9.08834158185516E-17));
#5281=CARTESIAN_POINT('',(7.49999999999997,77.268362814107,7.99999999974673));
#5282=CARTESIAN_POINT('',(7.49999982523271,77.2683626540022,7.96464250293266));
#5283=CARTESIAN_POINT('',(7.50075232909855,77.267575456092,7.89380420792364));
#5284=CARTESIAN_POINT('',(7.50413603974228,77.264037671861,7.78759023221048));
#5285=CARTESIAN_POINT('',(7.50979670942737,77.2581198164003,7.68114641050605));
#5286=CARTESIAN_POINT('',(7.5177462499457,77.2498091625099,7.57460111665853));
#5287=CARTESIAN_POINT('',(7.5280109344703,77.2390778486607,7.46786563124434));
#5288=CARTESIAN_POINT('',(7.54060331460253,77.2259121818146,7.36104957017603));
#5289=CARTESIAN_POINT('',(7.55555220553346,77.2102814464274,7.25412333207525));
#5290=CARTESIAN_POINT('',(7.57283194220295,77.1922112996409,7.14740584159521));
#5291=CARTESIAN_POINT('',(7.59244986210884,77.1716931041997,7.04090709230281));
#5292=CARTESIAN_POINT('',(7.61438660529398,77.1487490141776,6.93477419659115));
#5293=CARTESIAN_POINT('',(7.63869221100313,77.1233287516116,6.82883289195438));
#5294=CARTESIAN_POINT('',(7.66533093102731,77.0954725999668,6.72331224216744));
#5295=CARTESIAN_POINT('',(7.69432475735884,77.0651586396268,6.61817130377776));
#5296=CARTESIAN_POINT('',(7.72562274032099,77.0324453012553,6.51362871492588));
#5297=CARTESIAN_POINT('',(7.76302530214835,76.9933321621943,6.39795595138485));
#5298=CARTESIAN_POINT('',(7.80736758472236,76.9469348472856,6.27191991642196));
#5299=CARTESIAN_POINT('',(7.85954546692948,76.8923021416886,6.1363502318019));
#5300=CARTESIAN_POINT('',(7.91084771497399,76.8385503241394,6.01378132946611));
#5301=CARTESIAN_POINT('',(7.9602469331861,76.7867621059027,5.90367149636655));
#5302=CARTESIAN_POINT('',(8.00698722295291,76.737737113087,5.80528222653088));
#5303=CARTESIAN_POINT('',(8.05582558210175,76.6864863353209,5.70799904446977));
#5304=CARTESIAN_POINT('',(8.10680260820001,76.632965251575,5.61174387495909));
#5305=CARTESIAN_POINT('',(8.15974275404999,76.5773564345289,5.51683732572445));
#5306=CARTESIAN_POINT('',(8.214732265306,76.5195677409731,5.42310079006061));
#5307=CARTESIAN_POINT('',(8.27179225574089,76.4595753983411,5.33050183789418));
#5308=CARTESIAN_POINT('',(8.33122736090443,76.3970573258587,5.23859659427558));
#5309=CARTESIAN_POINT('',(8.39292006678137,76.3321352444264,5.14764178861375));
#5310=CARTESIAN_POINT('',(8.4645640649474,76.2567073856286,5.04687258966832));
#5311=CARTESIAN_POINT('',(8.55462967716971,76.1618362313263,4.92694330784112));
#5312=CARTESIAN_POINT('',(8.66537248698419,76.0451083982323,4.78945527891945));
#5313=CARTESIAN_POINT('',(8.78185677099835,75.9222411838321,4.6555561868428));
#5314=CARTESIAN_POINT('',(8.88717635359063,75.811079382442,4.54257593763024));
#5315=CARTESIAN_POINT('',(8.97941373822916,75.7136767428647,4.44890205225864));
#5316=CARTESIAN_POINT('',(9.07728414167086,75.6102815929771,4.35417750912928));
#5317=CARTESIAN_POINT('',(9.20098268165068,75.4795325059514,4.24118978591651));
#5318=CARTESIAN_POINT('',(9.35318806880464,75.3185386188732,4.11246065852733));
#5319=CARTESIAN_POINT('',(9.51263453862102,75.1497434928187,3.98895222433246));
#5320=CARTESIAN_POINT('',(9.65593617740127,74.9979126167209,3.88667122751504));
#5321=CARTESIAN_POINT('',(9.78055642482234,74.8657789796232,3.80346862148162));
#5322=CARTESIAN_POINT('',(9.91098824941467,74.7273885258988,3.72145784281606));
#5323=CARTESIAN_POINT('',(10.0589702563237,74.5702386216092,3.63500616587071));
#5324=CARTESIAN_POINT('',(10.2252390533485,74.3934662295144,3.54608442163385));
#5325=CARTESIAN_POINT('',(10.3811403394809,74.2274999648195,3.47013610607832));
#5326=CARTESIAN_POINT('',(10.5257384242373,74.0733659778446,3.40553348644634));
#5327=CARTESIAN_POINT('',(10.6584355362818,73.9317431888606,3.35074867435742));
#5328=CARTESIAN_POINT('',(10.7930320997339,73.7878961954693,3.29965946744794));
#5329=CARTESIAN_POINT('',(10.9295676786959,73.6417600802451,3.25229416195061));
#5330=CARTESIAN_POINT('',(11.0676313988131,73.4937326978979,3.20882765978873));
#5331=CARTESIAN_POINT('',(11.2073319455149,73.3438148156836,3.16926005326509));
#5332=CARTESIAN_POINT('',(11.3481531896792,73.1925389607709,3.13376072302994));
#5333=CARTESIAN_POINT('',(11.4899439651403,73.0400632596877,3.10236754461816));
#5334=CARTESIAN_POINT('',(11.6324334789737,72.8866707239915,3.07513010680748));
#5335=CARTESIAN_POINT('',(11.7757245536207,72.7322435025146,3.05202575901582));
#5336=CARTESIAN_POINT('',(11.9196531553756,72.5769506995776,3.03308660603647));
#5337=CARTESIAN_POINT('',(12.0642037583512,72.4208015777319,3.01832153649745));
#5338=CARTESIAN_POINT('',(12.2091933206591,72.2639865192027,3.00775750196642));
#5339=CARTESIAN_POINT('',(12.3545737258791,72.1065503017147,3.00140880412714));
#5340=CARTESIAN_POINT('',(12.4515072299334,72.0014422268231,3.00000005479462));
#5341=CARTESIAN_POINT('',(12.5,71.9488248893828,3.));
#5342=CARTESIAN_POINT('',(7.49999999999993,75.8399641115589,11.4976506201602));
#5343=CARTESIAN_POINT('',(7.49999999999995,77.268362814107,7.99999999974673));
#5344=CARTESIAN_POINT('',(7.49999999999995,77.2683628142533,8.00001560934142));
#5345=CARTESIAN_POINT('',(7.49999999999995,77.2683630259698,8.04518442157004));
#5346=CARTESIAN_POINT('',(7.49999999999995,77.2671416779216,8.13524366150192));
#5347=CARTESIAN_POINT('',(7.49999999999995,77.2633833658173,8.22776486371288));
#5348=CARTESIAN_POINT('',(7.49999999999995,77.2584739368359,8.31718909090721));
#5349=CARTESIAN_POINT('',(7.49999999999995,77.2523972999019,8.40607041474506));
#5350=CARTESIAN_POINT('',(7.49999999999995,77.2400828668265,8.53635012398048));
#5351=CARTESIAN_POINT('',(7.49999999999995,77.2240740635666,8.66812854936959));
#5352=CARTESIAN_POINT('',(7.49999999999995,77.2096297257612,8.76540176689626));
#5353=CARTESIAN_POINT('',(7.49999999999995,77.1953328743483,8.85199328357123));
#5354=CARTESIAN_POINT('',(7.49999999999995,77.1774776750926,8.95194576012696));
#5355=CARTESIAN_POINT('',(7.49999999999995,77.1464185064815,9.10188556807188));
#5356=CARTESIAN_POINT('',(7.49999999999995,77.1162306987578,9.22519586644557));
#5357=CARTESIAN_POINT('',(7.49999999999995,77.0834806001141,9.34788380757479));
#5358=CARTESIAN_POINT('',(7.49999999999995,77.0481788089695,9.47042123684799));
#5359=CARTESIAN_POINT('',(7.49999999999995,77.0076924406162,9.59404125517766));
#5360=CARTESIAN_POINT('',(7.49999999999995,76.9544009385902,9.74556942107675));
#5361=CARTESIAN_POINT('',(7.49999999999995,76.8996648503097,9.88763265692321));
#5362=CARTESIAN_POINT('',(7.49999999999995,76.8302447610219,10.0471788439636));
#5363=CARTESIAN_POINT('',(7.49999999999995,76.7663997784424,10.1841813649897));
#5364=CARTESIAN_POINT('',(7.49999999999995,76.692925240628,10.3305075212954));
#5365=CARTESIAN_POINT('',(7.49999999999995,76.6142097466418,10.4729332520538));
#5366=CARTESIAN_POINT('',(7.49999999999995,76.5387001114329,10.60062005102));
#5367=CARTESIAN_POINT('',(7.49999999999995,76.4482867616288,10.7452539299711));
#5368=CARTESIAN_POINT('',(7.49999999999995,76.3449120498823,10.8961690692854));
#5369=CARTESIAN_POINT('',(7.49999999999995,76.2563012969119,11.0151638067727));
#5370=CARTESIAN_POINT('',(7.49999999999995,76.1981555974247,11.090386415365));
#5371=CARTESIAN_POINT('',(7.49999999999995,76.1535751700189,11.1462428029944));
#5372=CARTESIAN_POINT('',(7.49999999999995,76.1064315460909,11.203360436958));
#5373=CARTESIAN_POINT('',(7.49999999999995,76.0695396477078,11.2470098009973));
#5374=CARTESIAN_POINT('',(7.49999999999995,76.0335259886219,11.2886600848973));
#5375=CARTESIAN_POINT('',(7.49999999999995,75.9989557479797,11.3277846888493));
#5376=CARTESIAN_POINT('',(7.49999999999995,75.9739697577454,11.3554885183205));
#5377=CARTESIAN_POINT('',(7.49999999999995,75.952071776097,11.3794808564425));
#5378=CARTESIAN_POINT('',(7.49999999999995,75.9308267986052,11.4025339353143));
#5379=CARTESIAN_POINT('',(7.49999999999995,75.901479124439,11.4338474561622));
#5380=CARTESIAN_POINT('',(7.49999999999995,75.8706089564522,11.4661932361075));
#5381=CARTESIAN_POINT('',(7.49999999999995,75.8501155760434,11.4872905361154));
#5382=CARTESIAN_POINT('',(7.49999999999995,75.8399641115589,11.4976506201602));
#5383=CARTESIAN_POINT('',(-7.50000000000002,75.8399641115711,11.4976506201478));
#5384=CARTESIAN_POINT('',(-7.50000000000001,75.8399641115711,11.4976506201478));
#5385=CARTESIAN_POINT('',(-5.83211991227675,75.8853916723194,11.5265461394131));
#5386=CARTESIAN_POINT('',(-2.4987236235712,75.9748541480336,11.5309748373712));
#5387=CARTESIAN_POINT('',(2.4991535158888,75.9660818891447,11.5399239727065));
#5388=CARTESIAN_POINT('',(5.83253802769904,75.8999936634519,11.5116252067264));
#5389=CARTESIAN_POINT('',(7.49999999999993,75.839964111559,11.4976506201602));
#5390=CARTESIAN_POINT('',(-7.50000000000003,77.2681905346222,7.99999999983158));
#5391=CARTESIAN_POINT('',(-7.50000000000003,77.2681905346222,7.99999999974735));
#5392=CARTESIAN_POINT('',(-7.50000000000004,77.2681888833333,8.04518146834481));
#5393=CARTESIAN_POINT('',(-7.50000000000005,77.2669630164929,8.13526550425322));
#5394=CARTESIAN_POINT('',(-7.50000000000004,77.2631981538838,8.22783819613298));
#5395=CARTESIAN_POINT('',(-7.50000000000002,77.2582827906011,8.31728626300174));
#5396=CARTESIAN_POINT('',(-7.49999999999998,77.2522000211004,8.40619057216438));
#5397=CARTESIAN_POINT('',(-7.49999999999989,77.2398772789977,8.53649328109009));
#5398=CARTESIAN_POINT('',(-7.49999999999976,77.2238584944247,8.66830434724414));
#5399=CARTESIAN_POINT('',(-7.49999999999964,77.2094012272654,8.76563587177845));
#5400=CARTESIAN_POINT('',(-7.49999999999952,77.1950964476744,8.85224735564634));
#5401=CARTESIAN_POINT('',(-7.49999999999936,77.1772320927742,8.95222174232461));
#5402=CARTESIAN_POINT('',(-7.49999999999909,77.1461676537191,9.10215869008351));
#5403=CARTESIAN_POINT('',(-7.49999999999881,77.1159630952687,9.22551947545463));
#5404=CARTESIAN_POINT('',(-7.49999999999851,77.0832018584534,9.34822981834465));
#5405=CARTESIAN_POINT('',(-7.49999999999819,77.0478884741471,9.47079050619087));
#5406=CARTESIAN_POINT('',(-7.49999999999781,77.0074007824343,9.59440368783929));
#5407=CARTESIAN_POINT('',(-7.49999999999731,76.9540996571171,9.74594786479513));
#5408=CARTESIAN_POINT('',(-7.49999999999679,76.8993539222949,9.88802869793594));
#5409=CARTESIAN_POINT('',(-7.49999999999612,76.8299256581188,10.0475863128458));
#5410=CARTESIAN_POINT('',(-7.49999999999551,76.7660764635129,10.1845925573816));
#5411=CARTESIAN_POINT('',(-7.4999999999948,76.6926079460656,10.3309035419596));
#5412=CARTESIAN_POINT('',(-7.49999999999403,76.6138781107072,10.4733533821472));
#5413=CARTESIAN_POINT('',(-7.4999999999933,76.5383758655121,10.6010232677212));
#5414=CARTESIAN_POINT('',(-7.49999999999242,76.4479764842136,10.7456303942747));
#5415=CARTESIAN_POINT('',(-7.4999999999914,76.3445985545935,10.8965498491477));
#5416=CARTESIAN_POINT('',(-7.49999999999053,76.2560051058535,11.0155142520744));
#5417=CARTESIAN_POINT('',(-7.49999999998996,76.1978756423574,11.0907111415129));
#5418=CARTESIAN_POINT('',(-7.49999999998952,76.1533634389118,11.1464812753386));
#5419=CARTESIAN_POINT('',(-7.49999999998905,76.1062412003159,11.2035721384981));
#5420=CARTESIAN_POINT('',(-7.49999999998869,76.0693695595749,11.2471969035707));
#5421=CARTESIAN_POINT('',(-7.49999999998833,76.0333771719599,11.2888220139665));
#5422=CARTESIAN_POINT('',(-7.49999999998799,75.9988293974682,11.3279206932535));
#5423=CARTESIAN_POINT('',(-7.49999999998775,75.9738240824912,11.3556456337131));
#5424=CARTESIAN_POINT('',(-7.49999999998753,75.9519417476995,11.3796197922399));
#5425=CARTESIAN_POINT('',(-7.49999999998732,75.930712987246,11.402654300906));
#5426=CARTESIAN_POINT('',(-7.49999999998703,75.9014261520985,11.4339026659425));
#5427=CARTESIAN_POINT('',(-7.49999999998672,75.8705821866135,11.4662208111537));
#5428=CARTESIAN_POINT('',(-7.49999999998652,75.8501065790032,11.4872997431479));
#5429=CARTESIAN_POINT('',(-7.49999999998642,75.8399641115711,11.4976506201478));
#5430=CARTESIAN_POINT('',(-7.50000000000003,77.2681905346222,7.99999999974736));
#5431=CARTESIAN_POINT('',(-7.49999983880879,77.2681920079239,7.96685398739135));
#5432=CARTESIAN_POINT('',(-7.50066023374523,77.2675060659839,7.90052406325451));
#5433=CARTESIAN_POINT('',(-7.5036258042602,77.2644176296994,7.80115065671082));
#5434=CARTESIAN_POINT('',(-7.50856679554659,77.259268876949,7.70186133284651));
#5435=CARTESIAN_POINT('',(-7.51547507206613,77.2520679534762,7.60276236789425));
#5436=CARTESIAN_POINT('',(-7.52434181365687,77.2428235511934,7.50390979468292));
#5437=CARTESIAN_POINT('',(-7.53515400195347,77.2315491114813,7.40537834991219));
#5438=CARTESIAN_POINT('',(-7.54789447199182,77.2182606237539,7.30724588354115));
#5439=CARTESIAN_POINT('',(-7.56253563707273,77.2029910695794,7.20963009204316));
#5440=CARTESIAN_POINT('',(-7.57905556186185,77.1857412767438,7.11257318072111));
#5441=CARTESIAN_POINT('',(-7.59743126459573,77.1665312510119,7.01611689054485));
#5442=CARTESIAN_POINT('',(-7.61766206593746,77.1453666896842,6.92019733704473));
#5443=CARTESIAN_POINT('',(-7.63972872711166,77.1222736930546,6.82486139500548));
#5444=CARTESIAN_POINT('',(-7.66364530372445,77.0972471550092,6.73001635042248));
#5445=CARTESIAN_POINT('',(-7.68940013771784,77.0703064822247,6.63569862072678));
#5446=CARTESIAN_POINT('',(-7.7170220915266,77.0414416530325,6.54181112990851));
#5447=CARTESIAN_POINT('',(-7.74645170981231,77.0106814840251,6.44856044879673));
#5448=CARTESIAN_POINT('',(-7.77894681216685,76.9766963438662,6.35220267123356));
#5449=CARTESIAN_POINT('',(-7.81602458810968,76.9378974919291,6.24934381985851));
#5450=CARTESIAN_POINT('',(-7.85967782677806,76.8921894196735,6.13646308116893));
#5451=CARTESIAN_POINT('',(-7.90909854042748,76.8404075527474,6.01770988587889));
#5452=CARTESIAN_POINT('',(-7.96328843051029,76.7835891023454,5.89664276306802));
#5453=CARTESIAN_POINT('',(-8.02065451022591,76.7233993292223,5.77708873237021));
#5454=CARTESIAN_POINT('',(-8.07966551198,76.6614423915915,5.6620384887416));
#5455=CARTESIAN_POINT('',(-8.13825435206932,76.5998903696502,5.55464412180412));
#5456=CARTESIAN_POINT('',(-8.19442717176504,76.5408437569241,5.45718740249166));
#5457=CARTESIAN_POINT('',(-8.24934600436112,76.4830867867553,5.36646995622003));
#5458=CARTESIAN_POINT('',(-8.3048720685925,76.4246644283594,5.27887648915821));
#5459=CARTESIAN_POINT('',(-8.36272931451237,76.3637619912072,5.19167435463497));
#5460=CARTESIAN_POINT('',(-8.43011140784407,76.2928022541721,5.09462019510348));
#5461=CARTESIAN_POINT('',(-8.50770757390305,76.2110453128003,4.98860458624262));
#5462=CARTESIAN_POINT('',(-8.596422504438,76.1175218406988,4.87444105457183));
#5463=CARTESIAN_POINT('',(-8.68200746367177,76.0272500665582,4.77067349573302));
#5464=CARTESIAN_POINT('',(-8.76358932259416,75.9411614915172,4.67681618016137));
#5465=CARTESIAN_POINT('',(-8.84421851592126,75.8560454163424,4.58821000587767));
#5466=CARTESIAN_POINT('',(-8.93478425062514,75.7604007215847,4.49347438123668));
#5467=CARTESIAN_POINT('',(-9.04409267388044,75.6449119401835,4.38533772035403));
#5468=CARTESIAN_POINT('',(-9.17348504990601,75.5081343207975,4.26550807155239));
#5469=CARTESIAN_POINT('',(-9.34572520033418,75.325954588819,4.11779188460891));
#5470=CARTESIAN_POINT('',(-9.55277460398402,75.1067787016363,3.95744095886742));
#5471=CARTESIAN_POINT('',(-9.78976051972881,74.8556368637946,3.79509877593525));
#5472=CARTESIAN_POINT('',(-10.0018519541413,74.6305866034494,3.66676541753888));
#5473=CARTESIAN_POINT('',(-10.1848734998867,74.4361291930199,3.56712912827428));
#5474=CARTESIAN_POINT('',(-10.3360889673015,74.2752799218255,3.49152233069182));
#5475=CARTESIAN_POINT('',(-10.4832965247201,74.1184998532952,3.42382967580848));
#5476=CARTESIAN_POINT('',(-10.631517969232,73.9604229348933,3.36129992167425));
#5477=CARTESIAN_POINT('',(-10.7843765745013,73.7971411305124,3.30257544151681));
#5478=CARTESIAN_POINT('',(-10.9424807007255,73.6279423901264,3.24777735538873));
#5479=CARTESIAN_POINT('',(-11.1041925418792,73.454517279635,3.19777062837581));
#5480=CARTESIAN_POINT('',(-11.2694746364547,73.2770891736746,3.15277004425059));
#5481=CARTESIAN_POINT('',(-11.4374770377461,73.0965141297945,3.11317121951308));
#5482=CARTESIAN_POINT('',(-11.6089118247924,72.9120171902061,3.07899830832704));
#5483=CARTESIAN_POINT('',(-11.7830221594629,72.7243887025161,3.05061258597841));
#5484=CARTESIAN_POINT('',(-11.959816312899,72.5335997609065,3.02819420221911));
#5485=CARTESIAN_POINT('',(-12.1384848657577,72.3405038055922,3.01200095540681));
#5486=CARTESIAN_POINT('',(-12.3189460578578,72.1451696966039,3.00218409262677));
#5487=CARTESIAN_POINT('',(-12.4395296656847,72.0144385965224,2.99999993774911));
#5488=CARTESIAN_POINT('',(-12.5,71.9488248893828,3.));
#5489=CARTESIAN_POINT('',(-7.50000000000002,87.0410855017463,8.00000000000004));
#5490=CARTESIAN_POINT('',(-7.50000000000003,87.0410855017463,8.00000000000004));
#5491=VECTOR('',#5492,1.);
#5492=DIRECTION('',(-9.08818136988015E-17,-1.,-1.81763627397603E-16));
#5493=CARTESIAN_POINT('',(-7.50000000000002,87.0410855017463,8.00000000000004));
#5494=CARTESIAN_POINT('',(-7.49999978761218,87.1042984154985,7.93868003068269));
#5495=CARTESIAN_POINT('',(-7.50224379955124,87.2301668889265,7.81646353455788));
#5496=CARTESIAN_POINT('',(-7.51233340025709,87.4181805334752,7.63353123427043));
#5497=CARTESIAN_POINT('',(-7.52895921930911,87.6037638485243,7.45257344963034));
#5498=CARTESIAN_POINT('',(-7.55195812289209,87.7868751667911,7.27361880644127));
#5499=CARTESIAN_POINT('',(-7.58105260769512,87.9666442788539,7.09750679129416));
#5500=CARTESIAN_POINT('',(-7.61605781369379,88.1431200383505,6.92418042171142));
#5501=CARTESIAN_POINT('',(-7.65659840055508,88.3155192754583,6.75440250970831));
#5502=CARTESIAN_POINT('',(-7.70266262239719,88.4846285720293,6.58739110781753));
#5503=CARTESIAN_POINT('',(-7.75389588017238,88.6497188727169,6.4238566922796));
#5504=CARTESIAN_POINT('',(-7.81011907259612,88.8108016149935,6.26378099459346));
#5505=CARTESIAN_POINT('',(-7.87056862374337,88.9664513070024,6.10858186153337));
#5506=CARTESIAN_POINT('',(-7.93518885885561,89.117316656064,5.95761881569256));
#5507=CARTESIAN_POINT('',(-8.00339839974264,89.2627047487683,5.8115915246319));
#5508=CARTESIAN_POINT('',(-8.07521558510103,89.4032529145142,5.66986726481872));
#5509=CARTESIAN_POINT('',(-8.15796031039496,89.5526755920408,5.51856809878115));
#5510=CARTESIAN_POINT('',(-8.25349497992666,89.7105853347987,5.35785970171105));
#5511=CARTESIAN_POINT('',(-8.36357922071052,89.8757677617694,5.18868978830021));
#5512=CARTESIAN_POINT('',(-8.46896544858462,90.0198225081674,5.04014571924917));
#5513=CARTESIAN_POINT('',(-8.56743869852582,90.1442437993471,4.9110196962042));
#5514=CARTESIAN_POINT('',(-8.65637555540087,90.2495726511317,4.80107702444499));
#5515=CARTESIAN_POINT('',(-8.74650875162021,90.3497902783914,4.69583431577005));
#5516=CARTESIAN_POINT('',(-8.83687340396977,90.4442857993085,4.59597106828394));
#5517=CARTESIAN_POINT('',(-8.92829447827479,90.5343159996036,4.50019423823879));
#5518=CARTESIAN_POINT('',(-9.02041300715418,90.6197997647996,4.40861487534365));
#5519=CARTESIAN_POINT('',(-9.11355187354331,90.7012631956541,4.3206911913992));
#5520=CARTESIAN_POINT('',(-9.2066150124531,90.778022559718,4.23719271742126));
#5521=CARTESIAN_POINT('',(-9.30008253121908,90.8507574047563,4.1574165374065));
#5522=CARTESIAN_POINT('',(-9.40333649234899,90.9265689120994,4.07353637520348));
#5523=CARTESIAN_POINT('',(-9.51792851908516,91.0051905881451,3.9856009671887));
#5524=CARTESIAN_POINT('',(-9.64464948694177,91.0855449434775,3.89450839816576));
#5525=CARTESIAN_POINT('',(-9.76296549961824,91.1547015636089,3.81492733820075));
#5526=CARTESIAN_POINT('',(-9.87170902131048,91.2137332205272,3.74600177014974));
#5527=CARTESIAN_POINT('',(-9.96951497333338,91.263483163619,3.68711952593078));
#5528=CARTESIAN_POINT('',(-10.0675275413344,91.3101209605153,3.63110334003408));
#5529=CARTESIAN_POINT('',(-10.1649132879159,91.3533844213403,3.57830293670399));
#5530=CARTESIAN_POINT('',(-10.2616666950152,91.3934345397006,3.52856817499907));
#5531=CARTESIAN_POINT('',(-10.3668411416756,91.4339290345403,3.47732771792972));
#5532=CARTESIAN_POINT('',(-10.4810347970221,91.4742460063807,3.42508034444313));
#5533=CARTESIAN_POINT('',(-10.6043715698034,91.5134899837795,3.3726403903581));
#5534=CARTESIAN_POINT('',(-10.7158242885513,91.5452311021017,3.32870647694895));
#5535=CARTESIAN_POINT('',(-10.8153002783085,91.5707949565444,3.29206128492682));
#5536=CARTESIAN_POINT('',(-10.9025316997015,91.5912348297541,3.26176256463154));
#5537=CARTESIAN_POINT('',(-10.9889022730477,91.6095749482188,3.23352574584952));
#5538=CARTESIAN_POINT('',(-11.0835227388291,91.6276522865296,3.20446387064766));
#5539=CARTESIAN_POINT('',(-11.1873122066848,91.6449751282986,3.17491607523698));
#5540=CARTESIAN_POINT('',(-11.3007725235412,91.6608405770803,3.14547347926841));
#5541=CARTESIAN_POINT('',(-11.4051401624731,91.6726493533299,3.12098515905169));
#5542=CARTESIAN_POINT('',(-11.5001134731376,91.6812099751933,3.10073939347155));
#5543=CARTESIAN_POINT('',(-11.5852858383543,91.6872323046573,3.08412813487638));
#5544=CARTESIAN_POINT('',(-11.6701952614725,91.6916087736649,3.06908930200159));
#5545=CARTESIAN_POINT('',(-11.7546630745159,91.6943690383201,3.05562000057406));
#5546=CARTESIAN_POINT('',(-11.8183118967306,91.6952649796581,3.04658004095511));
#5547=CARTESIAN_POINT('',(-11.8744188201897,91.6954011739953,3.03922456093418));
#5548=CARTESIAN_POINT('',(-11.930391769476,91.6950228548689,3.03236933250176));
#5549=CARTESIAN_POINT('',(-12.0067930211844,91.693297480967,3.02414829632565));
#5550=CARTESIAN_POINT('',(-12.0900896083038,91.6899144501182,3.01659887335704));
#5551=CARTESIAN_POINT('',(-12.1728707982777,91.685079279139,3.01048477541997));
#5552=CARTESIAN_POINT('',(-12.2551080295104,91.6788303681878,3.00577573716409));
#5553=CARTESIAN_POINT('',(-12.3369981040487,91.6711823555825,3.00243486171927));
#5554=CARTESIAN_POINT('',(-12.4186023482301,91.662151553599,3.00044116968006));
#5555=CARTESIAN_POINT('',(-12.4728926306927,91.6552111113088,2.99999987045328));
#5556=CARTESIAN_POINT('',(-12.4999999999385,91.6515138991336,3.));
#5557=CARTESIAN_POINT('',(7.49999999999998,87.0410855017464,7.99999999999997));
#5558=VECTOR('',#5559,1.);
#5559=DIRECTION('',(-5.53290224519328E-15,-0.717772770437171,0.696277423171934));
#5560=CARTESIAN_POINT('',(-7.50000000000002,87.0410855017463,8.00000000000004));
#5561=VECTOR('',#5562,1.);
#5562=DIRECTION('',(-4.87769013720987E-15,-0.717772770437171,0.696277423171934));
#5563=CARTESIAN_POINT('',(15.0000000000566,40.3553390593777,0.));
#5564=CARTESIAN_POINT('',(15.0000000000566,40.3553390593777,0.));
#5565=VECTOR('',#5566,1.);
#5566=DIRECTION('',(0.,0.,1.));
#5567=CARTESIAN_POINT('',(15.0000000000902,30.3553390593777,0.));
#5568=AXIS2_PLACEMENT_3D('',#5569,#5570,#5571);
#5569=CARTESIAN_POINT('',(15.0000000000734,35.3553390593777,0.));
#5570=DIRECTION('',(0.,0.,1.));
#5571=DIRECTION('',(3.35340644141979E-12,-1.,0.));
#5572=CARTESIAN_POINT('',(15.0000000000902,30.3553390593777,0.));
#5573=VECTOR('',#5574,1.);
#5574=DIRECTION('',(0.,0.,1.));
#5575=CARTESIAN_POINT('',(-15.0000000000566,30.3553390592771,0.));
#5576=CARTESIAN_POINT('',(-15.0000000000566,30.3553390592771,0.));
#5577=VECTOR('',#5578,1.);
#5578=DIRECTION('',(1.,3.35293274624621E-12,0.));
#5579=CARTESIAN_POINT('',(-15.0000000000566,30.3553390592771,0.));
#5580=VECTOR('',#5581,1.);
#5581=DIRECTION('',(0.,0.,1.));
#5582=CARTESIAN_POINT('',(-15.0000000000902,40.3553390592771,0.));
#5583=AXIS2_PLACEMENT_3D('',#5584,#5585,#5586);
#5584=CARTESIAN_POINT('',(-15.0000000000734,35.3553390592771,0.));
#5585=DIRECTION('',(0.,0.,1.));
#5586=DIRECTION('',(-3.35340644141979E-12,1.,0.));
#5587=CARTESIAN_POINT('',(-15.0000000000902,40.3553390592771,0.));
#5588=VECTOR('',#5589,1.);
#5589=DIRECTION('',(0.,0.,1.));
#5590=CARTESIAN_POINT('',(15.0000000000566,40.3553390593777,0.));
#5591=VECTOR('',#5592,1.);
#5592=DIRECTION('',(-1.,-3.35328801761409E-12,0.));
#5593=CARTESIAN_POINT('',(-36.9553390593274,-35.3553390593274,8.88178419700125E-16));
#5594=AXIS2_PLACEMENT_3D('',#5595,#5596,#5597);
#5595=CARTESIAN_POINT('',(-35.3553390593274,-35.3553390593274,0.));
#5596=DIRECTION('',(0.,0.,1.));
#5597=DIRECTION('',(-1.,1.22464679914735E-16,0.));
#5598=CARTESIAN_POINT('',(-36.9553390593274,35.3553390593274,8.88178419700125E-16));
#5599=AXIS2_PLACEMENT_3D('',#5600,#5601,#5602);
#5600=CARTESIAN_POINT('',(-35.3553390593274,35.3553390593274,0.));
#5601=DIRECTION('',(0.,0.,1.));
#5602=DIRECTION('',(-1.,1.22464679914735E-16,0.));
#5603=CARTESIAN_POINT('',(33.7553390593274,35.3553390593274,8.88178419700125E-16));
#5604=AXIS2_PLACEMENT_3D('',#5605,#5606,#5607);
#5605=CARTESIAN_POINT('',(35.3553390593274,35.3553390593274,0.));
#5606=DIRECTION('',(0.,0.,1.));
#5607=DIRECTION('',(-1.,1.22464679914735E-16,0.));
#5608=CARTESIAN_POINT('',(33.7553390593274,-35.3553390593274,8.88178419700125E-16));
#5609=AXIS2_PLACEMENT_3D('',#5610,#5611,#5612);
#5610=CARTESIAN_POINT('',(35.3553390593274,-35.3553390593274,0.));
#5611=DIRECTION('',(0.,0.,1.));
#5612=DIRECTION('',(-1.,1.22464679914735E-16,0.));
#5613=CARTESIAN_POINT('',(-8.61438996281574,-27.43105602039,59.045854529562));
#5614=CARTESIAN_POINT('',(-8.61436025828896,-27.4907569188783,59.0458487008268));
#5615=CARTESIAN_POINT('',(-8.61495423240651,-27.6471239862606,59.0431078659349));
#5616=CARTESIAN_POINT('',(-8.61969662659121,-27.9624446287157,59.0231994069418));
#5617=CARTESIAN_POINT('',(-8.63455509716136,-28.4041624286293,58.9619798846844));
#5618=CARTESIAN_POINT('',(-8.66537633038261,-28.9205322194187,58.8358372771194));
#5619=CARTESIAN_POINT('',(-8.70849420093415,-29.4047826855561,58.6598719769226));
#5620=CARTESIAN_POINT('',(-8.75736337901194,-29.8228555877386,58.4607121750773));
#5621=CARTESIAN_POINT('',(-8.8071822120397,-30.1706997101394,58.2578480035454));
#5622=CARTESIAN_POINT('',(-8.85900757183214,-30.4754473868164,58.0469340360252));
#5623=CARTESIAN_POINT('',(-8.91040085452679,-30.7363857258231,57.8378658338192));
#5624=CARTESIAN_POINT('',(-8.94563298968546,-30.8933797704646,57.6945876088445));
#5625=CARTESIAN_POINT('',(-8.96296445911615,-30.9659683663211,57.6241156896278));
#5626=CARTESIAN_POINT('',(29.,-15.5,94.));
#5627=AXIS2_PLACEMENT_3D('',#5628,#5629,#5630);
#5628=CARTESIAN_POINT('',(-1.15116799119851E-14,-15.5,94.));
#5629=DIRECTION('',(0.,-1.,-6.12323399573677E-17));
#5630=DIRECTION('',(1.,0.,0.));
#5631=CARTESIAN_POINT('',(53.6910114743686,-19.5,54.));
#5632=AXIS2_PLACEMENT_3D('',#5633,#5634,#5635);
#5633=CARTESIAN_POINT('',(53.6910114743686,-19.5,59.));
#5634=DIRECTION('',(-1.09314267040015E-16,-1.,-1.09314267040015E-16));
#5635=DIRECTION('',(-0.955637162726776,1.36662905663262E-16,-0.294546453408485));
#5636=CARTESIAN_POINT('',(53.6910114743686,-19.5,54.));
#5637=VECTOR('',#5638,1.);
#5638=DIRECTION('',(-1.,9.62531193270877E-16,-1.92506238654175E-15));
#5639=CARTESIAN_POINT('',(8.61438996477875,-27.4310560203914,59.0458545300458));
#5640=CARTESIAN_POINT('',(8.61436026023475,-27.4907569188745,59.045848701306));
#5641=CARTESIAN_POINT('',(8.61495423430688,-27.6471239862435,59.0431078664041));
#5642=CARTESIAN_POINT('',(8.61969662839831,-27.9624446286823,59.0231994074009));
#5643=CARTESIAN_POINT('',(8.63455509882979,-28.4041624285922,58.96197988517));
#5644=CARTESIAN_POINT('',(8.66537633188508,-28.9205322194116,58.8358372776647));
#5645=CARTESIAN_POINT('',(8.7084942022955,-29.4047826855874,58.6598719774792));
#5646=CARTESIAN_POINT('',(8.75736338027021,-29.8228555877884,58.460712175579));
#5647=CARTESIAN_POINT('',(8.80718221322353,-30.1706997101813,58.2578480039646));
#5648=CARTESIAN_POINT('',(8.85900757295569,-30.4754473868407,58.0469340363602));
#5649=CARTESIAN_POINT('',(8.91040085559752,-30.7363857258302,57.8378658340938));
#5650=CARTESIAN_POINT('',(8.9456329907217,-30.8933797704672,57.6945876090981));
#5651=CARTESIAN_POINT('',(8.96296446013505,-30.9659683663232,57.6241156898784));
#5652=CARTESIAN_POINT('',(-8.96296445871946,-30.9659683658166,57.6241156897291));
#5653=CARTESIAN_POINT('',(-7.7403590631286,-30.9654092017813,57.3227356755091));
#5654=CARTESIAN_POINT('',(-5.43338555129588,-30.9650199812949,56.8757659739525));
#5655=CARTESIAN_POINT('',(-2.21259524903063,-30.9644914498022,56.5617435535811));
#5656=CARTESIAN_POINT('',(0.572958827244661,-30.964432415024,56.511046630106));
#5657=CARTESIAN_POINT('',(3.01267521636773,-30.9646093232526,56.632566823535));
#5658=CARTESIAN_POINT('',(5.20549435854999,-30.9649448950447,56.8793454918718));
#5659=CARTESIAN_POINT('',(7.16833302492289,-30.9654577113919,57.2120955321943));
#5660=CARTESIAN_POINT('',(8.38522758280282,-30.9657041352781,57.4816998713874));
#5661=CARTESIAN_POINT('',(8.96296446076135,-30.9659683658178,57.6241156902324));
#5662=CARTESIAN_POINT('',(7.49999999999993,-75.8399641115711,11.4976506201478));
#5663=VECTOR('',#5664,1.);
#5664=DIRECTION('',(-5.38314418693618E-15,0.699878841591819,0.714261581699655));
#5665=CARTESIAN_POINT('',(-7.50000000000003,-75.8399641115589,11.4976506201602));
#5666=VECTOR('',#5667,1.);
#5667=DIRECTION('',(-5.53351134299748E-15,0.699878841591819,0.714261581699655));
#5668=CARTESIAN_POINT('',(29.,-17.5,94.));
#5669=AXIS2_PLACEMENT_3D('',#5670,#5671,#5672);
#5670=CARTESIAN_POINT('',(-1.15116799119851E-14,-17.5,94.));
#5671=DIRECTION('',(0.,-1.,-6.12323399573677E-17));
#5672=DIRECTION('',(1.,0.,0.));
#5673=CARTESIAN_POINT('',(53.6910114743686,-24.5,54.));
#5674=VECTOR('',#5675,1.);
#5675=DIRECTION('',(0.,1.,1.4210854715202E-15));
#5676=CARTESIAN_POINT('',(53.6910114743686,19.5,54.));
#5677=CARTESIAN_POINT('',(53.6910114743686,24.5,54.));
#5678=VECTOR('',#5679,1.);
#5679=DIRECTION('',(-1.4210854715202E-15,-1.,0.));
#5680=CARTESIAN_POINT('',(53.6910114743686,19.5,54.));
#5681=VECTOR('',#5682,1.);
#5682=DIRECTION('',(-1.,0.,0.));
#5683=AXIS2_PLACEMENT_3D('',#5684,#5685,#5686);
#5684=CARTESIAN_POINT('',(53.6910114743686,19.5,59.));
#5685=DIRECTION('',(-1.09314267040015E-16,-1.,2.18628534080031E-16));
#5686=DIRECTION('',(-0.955637162726775,4.00685166725076E-17,-0.294546453408488));
#5687=CARTESIAN_POINT('',(57.,-18.6,24.));
#5688=AXIS2_PLACEMENT_3D('',#5689,#5690,#5691);
#5689=CARTESIAN_POINT('',(57.,-8.4736075498395E-17,24.));
#5690=DIRECTION('',(-1.,0.,6.12323399573677E-17));
#5691=DIRECTION('',(3.74939945665464E-33,-1.,6.12323399573677E-17));
#5692=CARTESIAN_POINT('',(59.,12.5,24.));
#5693=AXIS2_PLACEMENT_3D('',#5694,#5695,#5696);
#5694=CARTESIAN_POINT('',(59.,-1.46957615897682E-15,24.));
#5695=DIRECTION('',(1.,0.,-6.12323399573677E-17));
#5696=DIRECTION('',(3.74939945665464E-33,1.,6.12323399573677E-17));
#5697=CARTESIAN_POINT('',(8.61438996477876,27.4310560203914,59.0458545300458));
#5698=CARTESIAN_POINT('',(8.61436026023476,27.4907569188744,59.045848701306));
#5699=CARTESIAN_POINT('',(8.61495423430689,27.6471239862435,59.043107866404));
#5700=CARTESIAN_POINT('',(8.61969662839832,27.9624446286822,59.0231994074009));
#5701=CARTESIAN_POINT('',(8.63455509882979,28.4041624285921,58.96197988517));
#5702=CARTESIAN_POINT('',(8.66537633188508,28.9205322194116,58.8358372776648));
#5703=CARTESIAN_POINT('',(8.70849420229551,29.4047826855874,58.6598719774792));
#5704=CARTESIAN_POINT('',(8.75736338027021,29.8228555877884,58.460712175579));
#5705=CARTESIAN_POINT('',(8.80718221322353,30.1706997101813,58.2578480039646));
#5706=CARTESIAN_POINT('',(8.8590075729557,30.4754473868407,58.0469340363601));
#5707=CARTESIAN_POINT('',(8.91040085559752,30.7363857258302,57.8378658340939));
#5708=CARTESIAN_POINT('',(8.94563299072169,30.8933797704672,57.6945876090982));
#5709=CARTESIAN_POINT('',(8.96296446013505,30.9659683663232,57.6241156898784));
#5710=CARTESIAN_POINT('',(29.,15.5,94.));
#5711=AXIS2_PLACEMENT_3D('',#5712,#5713,#5714);
#5712=CARTESIAN_POINT('',(-1.15116799119851E-14,15.5,94.));
#5713=DIRECTION('',(0.,-1.,-6.12323399573677E-17));
#5714=DIRECTION('',(1.,0.,0.));
#5715=CARTESIAN_POINT('',(-8.6143899628158,27.43105602039,59.045854529562));
#5716=CARTESIAN_POINT('',(-8.61436025828901,27.4907569188783,59.0458487008268));
#5717=CARTESIAN_POINT('',(-8.61495423240656,27.6471239862606,59.043107865935));
#5718=CARTESIAN_POINT('',(-8.61969662659127,27.9624446287156,59.0231994069418));
#5719=CARTESIAN_POINT('',(-8.63455509716141,28.4041624286293,58.9619798846844));
#5720=CARTESIAN_POINT('',(-8.66537633038265,28.9205322194187,58.8358372771194));
#5721=CARTESIAN_POINT('',(-8.70849420093419,29.4047826855561,58.6598719769226));
#5722=CARTESIAN_POINT('',(-8.75736337901196,29.8228555877386,58.4607121750773));
#5723=CARTESIAN_POINT('',(-8.80718221203972,30.1706997101394,58.2578480035454));
#5724=CARTESIAN_POINT('',(-8.85900757183216,30.4754473868165,58.0469340360252));
#5725=CARTESIAN_POINT('',(-8.9104008545268,30.7363857258231,57.8378658338192));
#5726=CARTESIAN_POINT('',(-8.94563298968547,30.8933797704646,57.6945876088445));
#5727=CARTESIAN_POINT('',(-8.96296445911616,30.9659683663211,57.6241156896278));
#5728=CARTESIAN_POINT('',(-8.96296445871946,30.9659683658166,57.6241156897291));
#5729=CARTESIAN_POINT('',(-7.7403590630791,30.9654092017813,57.3227356754969));
#5730=CARTESIAN_POINT('',(-5.43338555118836,30.9650199812948,56.875765973934));
#5731=CARTESIAN_POINT('',(-2.21259524889732,30.9644914498022,56.5617435535742));
#5732=CARTESIAN_POINT('',(0.572958827288767,30.9644324150241,56.51104663011));
#5733=CARTESIAN_POINT('',(3.01267521625199,30.9646093232526,56.6325668235296));
#5734=CARTESIAN_POINT('',(5.20549435832097,30.9649448950447,56.8793454918412));
#5735=CARTESIAN_POINT('',(7.16833302473407,30.9654577113919,57.2120955321549));
#5736=CARTESIAN_POINT('',(8.38522758271461,30.9657041352781,57.4816998713657));
#5737=CARTESIAN_POINT('',(8.96296446076135,30.9659683658178,57.6241156902324));
#5738=CARTESIAN_POINT('',(-7.50000000000003,75.8399641115711,11.4976506201478));
#5739=VECTOR('',#5740,1.);
#5740=DIRECTION('',(-5.53351134299585E-15,-0.699878841591819,0.714261581699655));
#5741=CARTESIAN_POINT('',(7.49999999999993,75.8399641115589,11.4976506201602));
#5742=VECTOR('',#5743,1.);
#5743=DIRECTION('',(-5.38314418693777E-15,-0.699878841591819,0.714261581699655));
#5744=CARTESIAN_POINT('',(29.,17.5,94.));
#5745=AXIS2_PLACEMENT_3D('',#5746,#5747,#5748);
#5746=CARTESIAN_POINT('',(-1.15116799119851E-14,17.5,94.));
#5747=DIRECTION('',(0.,-1.,-6.12323399573677E-17));
#5748=DIRECTION('',(1.,0.,0.));
#5749=CARTESIAN_POINT('',(57.,-17.,24.));
#5750=AXIS2_PLACEMENT_3D('',#5751,#5752,#5753);
#5751=CARTESIAN_POINT('',(57.,-8.4736075498395E-17,24.));
#5752=DIRECTION('',(-1.,0.,6.12323399573677E-17));
#5753=DIRECTION('',(-3.74939945665464E-33,-1.,-6.12323399573677E-17));
#5754=CARTESIAN_POINT('',(59.,-17.,24.));
#5755=AXIS2_PLACEMENT_3D('',#5756,#5757,#5758);
#5756=CARTESIAN_POINT('',(59.,-8.4736075498395E-17,24.));
#5757=DIRECTION('',(-1.,0.,6.12323399573677E-17));
#5758=DIRECTION('',(-3.74939945665464E-33,-1.,-6.12323399573677E-17));
ENDSEC;
END-ISO-10303-21;
