ISO-10303-21;
HEADER;
FILE_DESCRIPTION(('STEP AP242'),
    '1');
FILE_NAME('Ротор переходник',
    '',
    ('UNSPECIFIED'),
    ('UNSPECIFIED'),
    'C3D Converter',
    'C3D Toolkit',
    '');
FILE_SCHEMA(('AP242_MANAGED_MODEL_BASED_3D_ENGINEERING_MIM_LF { 1 0 10303 442 1 1 4 }'));
ENDSEC;

DATA;
#1=PRODUCT_DEFINITION('','UNSPECIFIED',#28,#31);
#2=SHAPE_DEFINITION_REPRESENTATION(#26,#3);
#3=SHAPE_REPRESENTATION('NONE',(#4),#8);
#4=AXIS2_PLACEMENT_3D('',#5,#6,#7);
#5=CARTESIAN_POINT('',(0.,0.,0.));
#6=DIRECTION('',(0.,0.,1.));
#7=DIRECTION('',(1.,0.,0.));
#8=(GEOMETRIC_REPRESENTATION_CONTEXT(3)GLOBAL_UNCERTAINTY_ASSIGNED_CONTEXT((#10))
GLOBAL_UNIT_ASSIGNED_CONTEXT((#9,#11,#12))REPRESENTATION_CONTEXT('NONE','NONE'));
#9=(LENGTH_UNIT()NAMED_UNIT(*)SI_UNIT(.MILLI.,.METRE.));
#10=UNCERTAINTY_MEASURE_WITH_UNIT(LENGTH_MEASURE(1.E-5),#9,'NONE','NONE');
#11=(NAMED_UNIT(*)PLANE_ANGLE_UNIT()SI_UNIT($,.RADIAN.));
#12=(NAMED_UNIT(*)SI_UNIT($,.STERADIAN.)SOLID_ANGLE_UNIT());
#13=MANIFOLD_SOLID_BREP('',#14);
#14=CLOSED_SHELL('',(#53,#54,#55,#56,#57,#58,#59,#60,#61,#62,#63,#64,#65,#66,#67,
#68,#69,#70,#71,#72,#73,#74,#75,#76,#77,#78,#79,#80,#81,#82,#83,#84,#85,#86,#87,
#88,#89,#90,#91,#92,#93,#94,#95,#96,#97,#98,#99,#100,#101,#102,#103,#104,#105,#106,
#107,#108,#109,#110,#111,#112,#113,#114,#115,#116,#117,#118,#119,#120,#121,#122,
#123,#124,#125,#126,#127,#128,#129,#130,#131,#132,#133,#134,#135,#136,#137,#138,
#139,#140,#141,#142,#143,#144,#145,#146,#147,#148,#149,#150,#151,#152,#153,#154,
#155,#156,#157,#158,#159,#160,#161,#162,#163,#164,#165,#166,#167,#168,#169,#170,
#171,#172,#173,#174,#175,#176,#177,#178,#179,#180,#181,#182,#183,#184,#185,#186,
#187,#188,#189,#190,#191,#192,#193));
#15=COLOUR_RGB('',0.4,0.4,0.);
#16=FILL_AREA_STYLE_COLOUR('',#15);
#17=FILL_AREA_STYLE($,(#16));
#18=SURFACE_STYLE_FILL_AREA(#17);
#19=SURFACE_SIDE_STYLE('',(#18));
#20=SURFACE_STYLE_USAGE(.BOTH.,#19);
#21=PRESENTATION_STYLE_ASSIGNMENT((#20));
#22=MECHANICAL_DESIGN_GEOMETRIC_PRESENTATION_REPRESENTATION('NONE',(#23),#8);
#23=STYLED_ITEM('',(#21),#13);
#24=ADVANCED_BREP_SHAPE_REPRESENTATION('NONE',(#13),#8);
#25=SHAPE_REPRESENTATION_RELATIONSHIP('','',#3,#24);
#26=PRODUCT_DEFINITION_SHAPE('NONE','NONE',#1);
#27=MECHANICAL_CONTEXT('NONE',#32,'mechanical');
#28=PRODUCT_DEFINITION_FORMATION_WITH_SPECIFIED_SOURCE('ANY','UNSPECIFIED',#29,.NOT_KNOWN.);
#29=PRODUCT('','\X2\0420043E0442043E0440\X0\ \X2\043F0435044004350445043E0434043D0438043A\X0\',
'NONE',(#27));
#30=PRODUCT_RELATED_PRODUCT_CATEGORY('detail','',(#29));
#31=DESIGN_CONTEXT('detailed design',#32,'design');
#32=APPLICATION_CONTEXT('configuration controlled 3d designs of mechanical parts and assemblies');
#33=APPLICATION_PROTOCOL_DEFINITION('international standard','config_control_design',
1994,#32);
#34=CC_DESIGN_DATE_AND_TIME_ASSIGNMENT(#35,#39,(#1));
#35=DATE_AND_TIME(#36,#37);
#36=CALENDAR_DATE(0,1,1);
#37=LOCAL_TIME(0,0,0.,#38);
#38=COORDINATED_UNIVERSAL_TIME_OFFSET(0,0,.AHEAD.);
#39=DATE_TIME_ROLE('creation_date');
#40=CC_DESIGN_APPROVAL(#41,(#1));
#41=APPROVAL(#42,'UNSPECIFIED');
#42=APPROVAL_STATUS('not_yet_approved');
#43=APPROVAL_DATE_TIME(#44,#41);
#44=DATE_AND_TIME(#45,#46);
#45=CALENDAR_DATE(0,1,1);
#46=LOCAL_TIME(0,0,0.,#47);
#47=COORDINATED_UNIVERSAL_TIME_OFFSET(0,0,.AHEAD.);
#48=PERSON('UNSPECIFIED','yaros','UNSPECIFIED',('UNSPECIFIED'),('UNSPECIFIED'),(
'UNSPECIFIED'));
#49=ORGANIZATION('UNSPECIFIED','UNSPECIFIED','UNSPECIFIED');
#50=PERSON_AND_ORGANIZATION(#48,#49);
#51=PERSON_AND_ORGANIZATION_ROLE('creator');
#52=CC_DESIGN_PERSON_AND_ORGANIZATION_ASSIGNMENT(#50,#51,(#28,#1));
#53=ADVANCED_FACE('',(#194,#196,#198,#200,#202,#204),#206,.T.);
#54=ADVANCED_FACE('',(#211,#213,#215,#217,#219,#221),#223,.T.);
#55=ADVANCED_FACE('',(#228,#230),#232,.F.);
#56=ADVANCED_FACE('',(#237,#239),#241,.F.);
#57=ADVANCED_FACE('',(#246,#248),#250,.F.);
#58=ADVANCED_FACE('',(#255,#257),#259,.F.);
#59=ADVANCED_FACE('',(#264,#266),#268,.F.);
#60=ADVANCED_FACE('',(#273,#275),#277,.F.);
#61=ADVANCED_FACE('',(#282,#284),#286,.T.);
#62=ADVANCED_FACE('',(#291),#293,.T.);
#63=ADVANCED_FACE('',(#298),#300,.T.);
#64=ADVANCED_FACE('',(#305),#307,.T.);
#65=ADVANCED_FACE('',(#312),#314,.T.);
#66=ADVANCED_FACE('',(#319),#321,.F.);
#67=ADVANCED_FACE('',(#326),#328,.F.);
#68=ADVANCED_FACE('',(#333),#335,.F.);
#69=ADVANCED_FACE('',(#340),#342,.T.);
#70=ADVANCED_FACE('',(#347),#349,.T.);
#71=ADVANCED_FACE('',(#354),#356,.T.);
#72=ADVANCED_FACE('',(#361),#363,.T.);
#73=ADVANCED_FACE('',(#368),#370,.T.);
#74=ADVANCED_FACE('',(#375),#377,.F.);
#75=ADVANCED_FACE('',(#382),#384,.F.);
#76=ADVANCED_FACE('',(#389),#391,.F.);
#77=ADVANCED_FACE('',(#396),#398,.T.);
#78=ADVANCED_FACE('',(#403),#405,.T.);
#79=ADVANCED_FACE('',(#410),#412,.T.);
#80=ADVANCED_FACE('',(#417),#419,.T.);
#81=ADVANCED_FACE('',(#424),#426,.T.);
#82=ADVANCED_FACE('',(#431),#433,.F.);
#83=ADVANCED_FACE('',(#438),#440,.F.);
#84=ADVANCED_FACE('',(#445),#447,.F.);
#85=ADVANCED_FACE('',(#452),#454,.T.);
#86=ADVANCED_FACE('',(#459),#461,.T.);
#87=ADVANCED_FACE('',(#466),#468,.T.);
#88=ADVANCED_FACE('',(#473),#475,.T.);
#89=ADVANCED_FACE('',(#480),#482,.T.);
#90=ADVANCED_FACE('',(#487),#489,.F.);
#91=ADVANCED_FACE('',(#494),#496,.F.);
#92=ADVANCED_FACE('',(#501),#503,.F.);
#93=ADVANCED_FACE('',(#508),#510,.T.);
#94=ADVANCED_FACE('',(#515,#517),#519,.F.);
#95=ADVANCED_FACE('',(#524,#526),#528,.T.);
#96=ADVANCED_FACE('',(#533),#535,.T.);
#97=ADVANCED_FACE('',(#548),#550,.T.);
#98=ADVANCED_FACE('',(#555),#557,.F.);
#99=ADVANCED_FACE('',(#843),#845,.F.);
#100=ADVANCED_FACE('',(#850),#852,.T.);
#101=ADVANCED_FACE('',(#1138),#1140,.T.);
#102=ADVANCED_FACE('',(#1145),#1147,.F.);
#103=ADVANCED_FACE('',(#1160),#1162,.F.);
#104=ADVANCED_FACE('',(#1167),#1169,.T.);
#105=ADVANCED_FACE('',(#1182),#1184,.T.);
#106=ADVANCED_FACE('',(#1189),#1191,.F.);
#107=ADVANCED_FACE('',(#1477),#1479,.F.);
#108=ADVANCED_FACE('',(#1484),#1486,.T.);
#109=ADVANCED_FACE('',(#1772),#1774,.T.);
#110=ADVANCED_FACE('',(#1779),#1781,.F.);
#111=ADVANCED_FACE('',(#1806),#1808,.F.);
#112=ADVANCED_FACE('',(#1813),#1815,.T.);
#113=ADVANCED_FACE('',(#1828),#1830,.T.);
#114=ADVANCED_FACE('',(#1835),#1837,.F.);
#115=ADVANCED_FACE('',(#2123),#2125,.F.);
#116=ADVANCED_FACE('',(#2130),#2132,.T.);
#117=ADVANCED_FACE('',(#2418),#2420,.T.);
#118=ADVANCED_FACE('',(#2425),#2427,.F.);
#119=ADVANCED_FACE('',(#2440),#2442,.F.);
#120=ADVANCED_FACE('',(#2447),#2449,.T.);
#121=ADVANCED_FACE('',(#2462),#2464,.T.);
#122=ADVANCED_FACE('',(#2469),#2471,.F.);
#123=ADVANCED_FACE('',(#2757),#2759,.F.);
#124=ADVANCED_FACE('',(#2764),#2766,.T.);
#125=ADVANCED_FACE('',(#3052),#3054,.T.);
#126=ADVANCED_FACE('',(#3059),#3061,.F.);
#127=ADVANCED_FACE('',(#3074),#3076,.F.);
#128=ADVANCED_FACE('',(#3081,#3083),#3085,.F.);
#129=ADVANCED_FACE('',(#3090),#3092,.F.);
#130=ADVANCED_FACE('',(#3097),#3099,.F.);
#131=ADVANCED_FACE('',(#3104),#3106,.F.);
#132=ADVANCED_FACE('',(#3111),#3113,.T.);
#133=ADVANCED_FACE('',(#3118),#3120,.T.);
#134=ADVANCED_FACE('',(#3125),#3127,.T.);
#135=ADVANCED_FACE('',(#3132,#3134),#3136,.F.);
#136=ADVANCED_FACE('',(#3141),#3143,.T.);
#137=ADVANCED_FACE('',(#3195),#3197,.F.);
#138=ADVANCED_FACE('',(#3202),#3204,.T.);
#139=ADVANCED_FACE('',(#3253),#3255,.T.);
#140=ADVANCED_FACE('',(#3325),#3327,.T.);
#141=ADVANCED_FACE('',(#3332),#3334,.T.);
#142=ADVANCED_FACE('',(#3386),#3388,.F.);
#143=ADVANCED_FACE('',(#3393),#3395,.F.);
#144=ADVANCED_FACE('',(#3447),#3449,.T.);
#145=ADVANCED_FACE('',(#3454),#3456,.F.);
#146=ADVANCED_FACE('',(#3526),#3528,.T.);
#147=ADVANCED_FACE('',(#3580),#3582,.F.);
#148=ADVANCED_FACE('',(#3587),#3589,.T.);
#149=ADVANCED_FACE('',(#3638),#3640,.T.);
#150=ADVANCED_FACE('',(#3713),#3715,.T.);
#151=ADVANCED_FACE('',(#3720),#3722,.T.);
#152=ADVANCED_FACE('',(#3774),#3776,.F.);
#153=ADVANCED_FACE('',(#3781),#3783,.F.);
#154=ADVANCED_FACE('',(#3835),#3837,.T.);
#155=ADVANCED_FACE('',(#3842),#3844,.F.);
#156=ADVANCED_FACE('',(#3914),#3916,.T.);
#157=ADVANCED_FACE('',(#3968),#3970,.F.);
#158=ADVANCED_FACE('',(#3975),#3977,.T.);
#159=ADVANCED_FACE('',(#4026),#4028,.T.);
#160=ADVANCED_FACE('',(#4098),#4100,.T.);
#161=ADVANCED_FACE('',(#4105),#4107,.T.);
#162=ADVANCED_FACE('',(#4159),#4161,.F.);
#163=ADVANCED_FACE('',(#4166),#4168,.F.);
#164=ADVANCED_FACE('',(#4220),#4222,.T.);
#165=ADVANCED_FACE('',(#4227),#4229,.F.);
#166=ADVANCED_FACE('',(#4299),#4301,.T.);
#167=ADVANCED_FACE('',(#4353),#4355,.F.);
#168=ADVANCED_FACE('',(#4360),#4362,.T.);
#169=ADVANCED_FACE('',(#4411),#4413,.T.);
#170=ADVANCED_FACE('',(#4483),#4485,.T.);
#171=ADVANCED_FACE('',(#4490),#4492,.T.);
#172=ADVANCED_FACE('',(#4544),#4546,.F.);
#173=ADVANCED_FACE('',(#4551),#4553,.F.);
#174=ADVANCED_FACE('',(#4605),#4607,.T.);
#175=ADVANCED_FACE('',(#4612),#4614,.F.);
#176=ADVANCED_FACE('',(#4684),#4686,.T.);
#177=ADVANCED_FACE('',(#4691),#4693,.T.);
#178=ADVANCED_FACE('',(#4736),#4738,.T.);
#179=ADVANCED_FACE('',(#4743),#4745,.F.);
#180=ADVANCED_FACE('',(#4788),#4790,.T.);
#181=ADVANCED_FACE('',(#4795),#4797,.T.);
#182=ADVANCED_FACE('',(#4840),#4842,.T.);
#183=ADVANCED_FACE('',(#4847),#4849,.F.);
#184=ADVANCED_FACE('',(#4892),#4894,.T.);
#185=ADVANCED_FACE('',(#4899),#4901,.T.);
#186=ADVANCED_FACE('',(#4944),#4946,.T.);
#187=ADVANCED_FACE('',(#4951),#4953,.F.);
#188=ADVANCED_FACE('',(#4996),#4998,.T.);
#189=ADVANCED_FACE('',(#5003),#5005,.T.);
#190=ADVANCED_FACE('',(#5048),#5050,.T.);
#191=ADVANCED_FACE('',(#5055),#5057,.F.);
#192=ADVANCED_FACE('',(#5100),#5102,.T.);
#193=ADVANCED_FACE('',(#5107),#5109,.F.);
#194=FACE_BOUND('',#195,.T.);
#195=EDGE_LOOP('',(#5114));
#196=FACE_BOUND('',#197,.T.);
#197=EDGE_LOOP('',(#5115));
#198=FACE_BOUND('',#199,.T.);
#199=EDGE_LOOP('',(#5116));
#200=FACE_BOUND('',#201,.T.);
#201=EDGE_LOOP('',(#5117));
#202=FACE_BOUND('',#203,.T.);
#203=EDGE_LOOP('',(#5118,#5119,#5120,#5121,#5122,#5123,#5124,#5125,#5126,#5127,#5128,
#5129,#5130,#5131,#5132,#5133,#5134,#5135,#5136,#5137,#5138,#5139,#5140,#5141,#5142,
#5143,#5144,#5145,#5146,#5147,#5148,#5149));
#204=FACE_BOUND('',#205,.T.);
#205=EDGE_LOOP('',(#5150));
#206=PLANE('',#207);
#207=AXIS2_PLACEMENT_3D('',#208,#209,#210);
#208=CARTESIAN_POINT('',(-4.28626379701574E-15,-2.14313189850787E-15,35.));
#209=DIRECTION('',(-1.22464679914735E-16,-6.12323399573677E-17,1.));
#210=DIRECTION('',(1.,-6.08483401270062E-33,1.22464679914735E-16));
#211=FACE_BOUND('',#212,.T.);
#212=EDGE_LOOP('',(#5151));
#213=FACE_BOUND('',#214,.T.);
#214=EDGE_LOOP('',(#5152));
#215=FACE_BOUND('',#216,.T.);
#216=EDGE_LOOP('',(#5153));
#217=FACE_BOUND('',#218,.T.);
#218=EDGE_LOOP('',(#5154));
#219=FACE_BOUND('',#220,.T.);
#220=EDGE_LOOP('',(#5155,#5156,#5157,#5158,#5159,#5160,#5161,#5162,#5163,#5164,#5165,
#5166,#5167,#5168,#5169,#5170,#5171,#5172,#5173,#5174,#5175,#5176,#5177,#5178,#5179,
#5180,#5181,#5182,#5183,#5184,#5185,#5186,#5187,#5188,#5189,#5190,#5191,#5192,#5193,
#5194));
#221=FACE_BOUND('',#222,.T.);
#222=EDGE_LOOP('',(#5195));
#223=PLANE('',#224);
#224=AXIS2_PLACEMENT_3D('',#225,#226,#227);
#225=CARTESIAN_POINT('',(1.89640715374839E-43,9.48203576874195E-44,-1.54853395694885E-27));
#226=DIRECTION('',(1.22464679914735E-16,6.12323399573677E-17,-1.));
#227=DIRECTION('',(1.,-7.49879891330929E-33,1.22464679914735E-16));
#228=FACE_OUTER_BOUND('',#229,.T.);
#229=EDGE_LOOP('',(#5196));
#230=FACE_OUTER_BOUND('',#231,.T.);
#231=EDGE_LOOP('',(#5197));
#232=CYLINDRICAL_SURFACE('',#233,1.85);
#233=AXIS2_PLACEMENT_3D('',#234,#235,#236);
#234=CARTESIAN_POINT('',(50.,-9.79717439317883E-15,5.00000000000001));
#235=DIRECTION('',(-6.12323399573676E-17,1.22464679914735E-16,1.));
#236=DIRECTION('',(-1.,1.22464679914735E-16,-6.12323399573676E-17));
#237=FACE_OUTER_BOUND('',#238,.T.);
#238=EDGE_LOOP('',(#5198));
#239=FACE_OUTER_BOUND('',#240,.T.);
#240=EDGE_LOOP('',(#5199));
#241=CYLINDRICAL_SURFACE('',#242,1.85);
#242=AXIS2_PLACEMENT_3D('',#243,#244,#245);
#243=CARTESIAN_POINT('',(-6.73555739531044E-15,-50.,5.00000000000001));
#244=DIRECTION('',(1.22464679914735E-16,6.12323399573676E-17,1.));
#245=DIRECTION('',(6.12323399573676E-17,1.,-6.12323399573676E-17));
#246=FACE_OUTER_BOUND('',#247,.T.);
#247=EDGE_LOOP('',(#5200));
#248=FACE_OUTER_BOUND('',#249,.T.);
#249=EDGE_LOOP('',(#5201));
#250=CYLINDRICAL_SURFACE('',#251,1.85);
#251=AXIS2_PLACEMENT_3D('',#252,#253,#254);
#252=CARTESIAN_POINT('',(-50.,7.88860905221012E-31,5.00000000000001));
#253=DIRECTION('',(0.,0.,1.));
#254=DIRECTION('',(1.,1.71531043748473E-32,0.));
#255=FACE_OUTER_BOUND('',#256,.T.);
#256=EDGE_LOOP('',(#5202));
#257=FACE_OUTER_BOUND('',#258,.T.);
#258=EDGE_LOOP('',(#5203));
#259=CYLINDRICAL_SURFACE('',#260,1.85);
#260=AXIS2_PLACEMENT_3D('',#261,#262,#263);
#261=CARTESIAN_POINT('',(50.,-6.73555739531044E-15,30.));
#262=DIRECTION('',(-6.12323399573676E-17,1.22464679914735E-16,1.));
#263=DIRECTION('',(-1.,1.22464679914735E-16,-6.12323399573676E-17));
#264=FACE_OUTER_BOUND('',#265,.T.);
#265=EDGE_LOOP('',(#5204));
#266=FACE_OUTER_BOUND('',#267,.T.);
#267=EDGE_LOOP('',(#5205));
#268=CYLINDRICAL_SURFACE('',#269,1.85);
#269=AXIS2_PLACEMENT_3D('',#270,#271,#272);
#270=CARTESIAN_POINT('',(-3.67394039744206E-15,-50.,30.));
#271=DIRECTION('',(1.22464679914735E-16,6.12323399573676E-17,1.));
#272=DIRECTION('',(6.12323399573676E-17,1.,-6.12323399573676E-17));
#273=FACE_OUTER_BOUND('',#274,.T.);
#274=EDGE_LOOP('',(#5206));
#275=FACE_OUTER_BOUND('',#276,.T.);
#276=EDGE_LOOP('',(#5207));
#277=CYLINDRICAL_SURFACE('',#278,1.85);
#278=AXIS2_PLACEMENT_3D('',#279,#280,#281);
#279=CARTESIAN_POINT('',(-50.,4.28626379701574E-15,30.));
#280=DIRECTION('',(0.,0.,1.));
#281=DIRECTION('',(1.,4.82715273076902E-33,0.));
#282=FACE_OUTER_BOUND('',#283,.T.);
#283=EDGE_LOOP('',(#5208));
#284=FACE_OUTER_BOUND('',#285,.T.);
#285=EDGE_LOOP('',(#5209));
#286=CYLINDRICAL_SURFACE('',#287,57.5);
#287=AXIS2_PLACEMENT_3D('',#288,#289,#290);
#288=CARTESIAN_POINT('',(-4.00487658927744E-15,-2.00243829463872E-15,32.7022990797493));
#289=DIRECTION('',(-1.22464679914735E-16,-6.12323399573677E-17,1.));
#290=DIRECTION('',(1.,-6.79181646300495E-33,1.22464679914735E-16));
#291=FACE_BOUND('',#292,.T.);
#292=EDGE_LOOP('',(#5210,#5211,#5212,#5213));
#293=CYLINDRICAL_SURFACE('',#294,2.);
#294=AXIS2_PLACEMENT_3D('',#295,#296,#297);
#295=CARTESIAN_POINT('',(2.99999999999998,-49.0000000316592,25.622629993418));
#296=DIRECTION('',(0.,-3.37612689114948E-9,-1.));
#297=DIRECTION('',(0.,1.,-3.37612689114948E-9));
#298=FACE_BOUND('',#299,.T.);
#299=EDGE_LOOP('',(#5214,#5215,#5216,#5217));
#300=PLANE('',#301);
#301=AXIS2_PLACEMENT_3D('',#302,#303,#304);
#302=CARTESIAN_POINT('',(4.99999999999998,-47.0000000046502,33.6226300160794));
#303=DIRECTION('',(0.,1.,-3.37612653838662E-9));
#304=DIRECTION('',(-1.,0.,0.));
#305=FACE_BOUND('',#306,.T.);
#306=EDGE_LOOP('',(#5218,#5219,#5220,#5221));
#307=CYLINDRICAL_SURFACE('',#308,2.);
#308=AXIS2_PLACEMENT_3D('',#309,#310,#311);
#309=CARTESIAN_POINT('',(-3.00000000000002,-49.0000000316592,25.6226300424408));
#310=DIRECTION('',(0.,-3.37612691052604E-9,-1.));
#311=DIRECTION('',(-1.,-3.31014652776623E-17,0.));
#312=FACE_BOUND('',#313,.T.);
#313=EDGE_LOOP('',(#5222,#5223,#5224,#5225,#5226,#5227,#5228));
#314=PLANE('',#315);
#315=AXIS2_PLACEMENT_3D('',#316,#317,#318);
#316=CARTESIAN_POINT('',(-5.00000000000002,-47.,0.));
#317=DIRECTION('',(-1.,1.81626410929287E-16,1.02369188828123E-24));
#318=DIRECTION('',(-1.81626410929287E-16,-1.,0.));
#319=FACE_BOUND('',#320,.T.);
#320=EDGE_LOOP('',(#5229,#5230,#5231,#5232));
#321=CYLINDRICAL_SURFACE('',#322,2.);
#322=AXIS2_PLACEMENT_3D('',#323,#324,#325);
#323=CARTESIAN_POINT('',(-7.00000000000003,-53.0400791854613,29.6226300160794));
#324=DIRECTION('',(9.47150876229787E-17,0.,-1.));
#325=DIRECTION('',(1.,0.,9.47150876229788E-17));
#326=FACE_BOUND('',#327,.T.);
#327=EDGE_LOOP('',(#5233,#5234,#5235,#5236));
#328=CYLINDRICAL_SURFACE('',#329,55.5);
#329=AXIS2_PLACEMENT_3D('',#330,#331,#332);
#330=CARTESIAN_POINT('',(-4.00487658927744E-15,-2.00243829463872E-15,32.7022990797493));
#331=DIRECTION('',(-1.22464679914735E-16,-6.12323399573677E-17,1.));
#332=DIRECTION('',(1.,-6.79181646300495E-33,1.22464679914735E-16));
#333=FACE_BOUND('',#334,.T.);
#334=EDGE_LOOP('',(#5237,#5238,#5239,#5240));
#335=CYLINDRICAL_SURFACE('',#336,2.);
#336=AXIS2_PLACEMENT_3D('',#337,#338,#339);
#337=CARTESIAN_POINT('',(-53.0400791854613,-6.99999999999994,29.6226300160794));
#338=DIRECTION('',(0.,0.,1.));
#339=DIRECTION('',(3.55271367880056E-15,1.,-3.1554436208841E-30));
#340=FACE_BOUND('',#341,.T.);
#341=EDGE_LOOP('',(#5241,#5242,#5243,#5244,#5245,#5246,#5247));
#342=PLANE('',#343);
#343=AXIS2_PLACEMENT_3D('',#344,#345,#346);
#344=CARTESIAN_POINT('',(-56.7802782663136,-4.99999999999997,0.));
#345=DIRECTION('',(-3.6532343080139E-16,-1.,-1.02369188828123E-24));
#346=DIRECTION('',(1.,-3.6532343080139E-16,0.));
#347=FACE_BOUND('',#348,.T.);
#348=EDGE_LOOP('',(#5248,#5249,#5250,#5251));
#349=CYLINDRICAL_SURFACE('',#350,2.);
#350=AXIS2_PLACEMENT_3D('',#351,#352,#353);
#351=CARTESIAN_POINT('',(-49.0000000316592,-2.99999999999997,25.622629993418));
#352=DIRECTION('',(-3.37612689114948E-9,0.,-1.));
#353=DIRECTION('',(1.,0.,-3.37612689114948E-9));
#354=FACE_BOUND('',#355,.T.);
#355=EDGE_LOOP('',(#5252,#5253,#5254,#5255));
#356=PLANE('',#357);
#357=AXIS2_PLACEMENT_3D('',#358,#359,#360);
#358=CARTESIAN_POINT('',(-47.0000000046502,-4.99999999999997,33.6226300160794));
#359=DIRECTION('',(1.,-1.83697019872103E-16,-3.37612653838662E-9));
#360=DIRECTION('',(1.83697019872103E-16,1.,0.));
#361=FACE_BOUND('',#362,.T.);
#362=EDGE_LOOP('',(#5256,#5257,#5258,#5259));
#363=CYLINDRICAL_SURFACE('',#364,2.);
#364=AXIS2_PLACEMENT_3D('',#365,#366,#367);
#365=CARTESIAN_POINT('',(-49.0000000316592,3.00000000000003,25.6226300424408));
#366=DIRECTION('',(-3.37612691052604E-9,0.,-1.));
#367=DIRECTION('',(-3.31014652776623E-17,1.,0.));
#368=FACE_BOUND('',#369,.T.);
#369=EDGE_LOOP('',(#5260,#5261,#5262,#5263,#5264,#5265,#5266));
#370=PLANE('',#371);
#371=AXIS2_PLACEMENT_3D('',#372,#373,#374);
#372=CARTESIAN_POINT('',(-47.,5.00000000000003,0.));
#373=DIRECTION('',(3.6532343080139E-16,1.,1.02369188828123E-24));
#374=DIRECTION('',(-1.,3.6532343080139E-16,0.));
#375=FACE_BOUND('',#376,.T.);
#376=EDGE_LOOP('',(#5267,#5268,#5269,#5270));
#377=CYLINDRICAL_SURFACE('',#378,2.);
#378=AXIS2_PLACEMENT_3D('',#379,#380,#381);
#379=CARTESIAN_POINT('',(-53.0400791854613,7.00000000000008,29.6226300160794));
#380=DIRECTION('',(0.,0.,-1.));
#381=DIRECTION('',(-3.55271367880042E-15,-1.,0.));
#382=FACE_BOUND('',#383,.T.);
#383=EDGE_LOOP('',(#5271,#5272,#5273,#5274));
#384=CYLINDRICAL_SURFACE('',#385,55.5);
#385=AXIS2_PLACEMENT_3D('',#386,#387,#388);
#386=CARTESIAN_POINT('',(-4.00487658927744E-15,-2.00243829463872E-15,32.7022990797493));
#387=DIRECTION('',(-1.22464679914735E-16,-6.12323399573677E-17,1.));
#388=DIRECTION('',(1.,-6.79181646300495E-33,1.22464679914735E-16));
#389=FACE_BOUND('',#390,.T.);
#390=EDGE_LOOP('',(#5275,#5276,#5277,#5278));
#391=CYLINDRICAL_SURFACE('',#392,2.);
#392=AXIS2_PLACEMENT_3D('',#393,#394,#395);
#393=CARTESIAN_POINT('',(-6.99999999999999,53.0400791854613,29.6226300160794));
#394=DIRECTION('',(-9.47150876229784E-17,0.,1.));
#395=DIRECTION('',(1.,0.,9.47150876229784E-17));
#396=FACE_BOUND('',#397,.T.);
#397=EDGE_LOOP('',(#5279,#5280,#5281,#5282,#5283,#5284,#5285));
#398=PLANE('',#399);
#399=AXIS2_PLACEMENT_3D('',#400,#401,#402);
#400=CARTESIAN_POINT('',(-4.99999999999999,56.7802782663136,0.));
#401=DIRECTION('',(-1.,5.9161731014552E-17,-1.02369188828123E-24));
#402=DIRECTION('',(-5.9161731014552E-17,-1.,0.));
#403=FACE_BOUND('',#404,.T.);
#404=EDGE_LOOP('',(#5286,#5287,#5288,#5289));
#405=CYLINDRICAL_SURFACE('',#406,2.);
#406=AXIS2_PLACEMENT_3D('',#407,#408,#409);
#407=CARTESIAN_POINT('',(-2.99999999999999,49.0000000316592,25.622629993418));
#408=DIRECTION('',(0.,3.37612689114949E-9,-1.));
#409=DIRECTION('',(2.22044604925031E-16,-1.,-3.37612689114949E-9));
#410=FACE_BOUND('',#411,.T.);
#411=EDGE_LOOP('',(#5290,#5291,#5292,#5293));
#412=PLANE('',#413);
#413=AXIS2_PLACEMENT_3D('',#414,#415,#416);
#414=CARTESIAN_POINT('',(-4.99999999999999,47.0000000046502,33.6226300160794));
#415=DIRECTION('',(1.22464679914735E-16,-1.,-3.37612653838662E-9));
#416=DIRECTION('',(1.,1.22464679914735E-16,0.));
#417=FACE_BOUND('',#418,.T.);
#418=EDGE_LOOP('',(#5294,#5295,#5296,#5297));
#419=CYLINDRICAL_SURFACE('',#420,2.);
#420=AXIS2_PLACEMENT_3D('',#421,#422,#423);
#421=CARTESIAN_POINT('',(3.00000000000001,49.0000000316592,25.6226300424408));
#422=DIRECTION('',(0.,3.37612690987011E-9,-1.));
#423=DIRECTION('',(1.,3.31014172935821E-17,0.));
#424=FACE_BOUND('',#425,.T.);
#425=EDGE_LOOP('',(#5298,#5299,#5300,#5301,#5302,#5303,#5304));
#426=PLANE('',#427);
#427=AXIS2_PLACEMENT_3D('',#428,#429,#430);
#428=CARTESIAN_POINT('',(5.00000000000001,47.,0.));
#429=DIRECTION('',(1.,-5.9161731014552E-17,1.02369188828123E-24));
#430=DIRECTION('',(5.9161731014552E-17,1.,0.));
#431=FACE_BOUND('',#432,.T.);
#432=EDGE_LOOP('',(#5305,#5306,#5307,#5308));
#433=CYLINDRICAL_SURFACE('',#434,2.);
#434=AXIS2_PLACEMENT_3D('',#435,#436,#437);
#435=CARTESIAN_POINT('',(7.00000000000002,53.0400791854613,29.6226300209817));
#436=DIRECTION('',(0.,0.,-1.));
#437=DIRECTION('',(-1.,0.,0.));
#438=FACE_BOUND('',#439,.T.);
#439=EDGE_LOOP('',(#5309,#5310,#5311,#5312));
#440=CYLINDRICAL_SURFACE('',#441,55.5);
#441=AXIS2_PLACEMENT_3D('',#442,#443,#444);
#442=CARTESIAN_POINT('',(-4.00487658927744E-15,-2.00243829463872E-15,32.7022990797493));
#443=DIRECTION('',(-1.22464679914735E-16,-6.12323399573677E-17,1.));
#444=DIRECTION('',(1.,-6.79181646300495E-33,1.22464679914735E-16));
#445=FACE_BOUND('',#446,.T.);
#446=EDGE_LOOP('',(#5313,#5314,#5315,#5316));
#447=CYLINDRICAL_SURFACE('',#448,2.);
#448=AXIS2_PLACEMENT_3D('',#449,#450,#451);
#449=CARTESIAN_POINT('',(53.0400791854612,6.99999999999994,29.6226300209817));
#450=DIRECTION('',(0.,0.,1.));
#451=DIRECTION('',(-3.55271367880056E-15,-1.,0.));
#452=FACE_BOUND('',#453,.T.);
#453=EDGE_LOOP('',(#5317,#5318,#5319,#5320,#5321,#5322,#5323));
#454=PLANE('',#455);
#455=AXIS2_PLACEMENT_3D('',#456,#457,#458);
#456=CARTESIAN_POINT('',(56.7802782663136,4.99999999999998,0.));
#457=DIRECTION('',(2.42858750886655E-16,1.,-1.02369188828123E-24));
#458=DIRECTION('',(-1.,2.42858750886655E-16,0.));
#459=FACE_BOUND('',#460,.T.);
#460=EDGE_LOOP('',(#5324,#5325,#5326,#5327));
#461=CYLINDRICAL_SURFACE('',#462,2.);
#462=AXIS2_PLACEMENT_3D('',#463,#464,#465);
#463=CARTESIAN_POINT('',(49.0000000316592,2.99999999999998,25.6226300032226));
#464=DIRECTION('',(3.37612689463126E-9,0.,-1.));
#465=DIRECTION('',(-1.,2.22044604925031E-16,-3.37612689463126E-9));
#466=FACE_BOUND('',#467,.T.);
#467=EDGE_LOOP('',(#5328,#5329,#5330,#5331));
#468=PLANE('',#469);
#469=AXIS2_PLACEMENT_3D('',#470,#471,#472);
#470=CARTESIAN_POINT('',(47.0000000046502,4.99999999999998,33.6226300160794));
#471=DIRECTION('',(-1.,6.12323399573676E-17,-3.37612653838662E-9));
#472=DIRECTION('',(-6.12323399573676E-17,-1.,0.));
#473=FACE_BOUND('',#474,.T.);
#474=EDGE_LOOP('',(#5332,#5333,#5334,#5335));
#475=CYLINDRICAL_SURFACE('',#476,2.);
#476=AXIS2_PLACEMENT_3D('',#477,#478,#479);
#477=CARTESIAN_POINT('',(49.0000000316592,-3.00000000000002,25.6226300522453));
#478=DIRECTION('',(3.37612691400778E-9,0.,-1.));
#479=DIRECTION('',(4.96520990137976E-17,-1.,0.));
#480=FACE_BOUND('',#481,.T.);
#481=EDGE_LOOP('',(#5336,#5337,#5338,#5339,#5340,#5341,#5342));
#482=PLANE('',#483);
#483=AXIS2_PLACEMENT_3D('',#484,#485,#486);
#484=CARTESIAN_POINT('',(47.,-5.00000000000002,0.));
#485=DIRECTION('',(-2.42858750886655E-16,-1.,1.02369188828123E-24));
#486=DIRECTION('',(1.,-2.42858750886655E-16,0.));
#487=FACE_BOUND('',#488,.T.);
#488=EDGE_LOOP('',(#5343,#5344,#5345,#5346));
#489=CYLINDRICAL_SURFACE('',#490,2.);
#490=AXIS2_PLACEMENT_3D('',#491,#492,#493);
#491=CARTESIAN_POINT('',(53.0400791854612,-7.00000000000007,29.6226300160794));
#492=DIRECTION('',(0.,0.,-1.));
#493=DIRECTION('',(0.,1.,0.));
#494=FACE_BOUND('',#495,.T.);
#495=EDGE_LOOP('',(#5347,#5348,#5349,#5350));
#496=CYLINDRICAL_SURFACE('',#497,55.5);
#497=AXIS2_PLACEMENT_3D('',#498,#499,#500);
#498=CARTESIAN_POINT('',(-4.00487658927744E-15,-2.00243829463872E-15,32.7022990797493));
#499=DIRECTION('',(-1.22464679914735E-16,-6.12323399573677E-17,1.));
#500=DIRECTION('',(1.,-6.79181646300495E-33,1.22464679914735E-16));
#501=FACE_BOUND('',#502,.T.);
#502=EDGE_LOOP('',(#5351,#5352,#5353,#5354));
#503=CYLINDRICAL_SURFACE('',#504,2.);
#504=AXIS2_PLACEMENT_3D('',#505,#506,#507);
#505=CARTESIAN_POINT('',(6.99999999999999,-53.0400791854613,29.6226300160794));
#506=DIRECTION('',(0.,0.,1.));
#507=DIRECTION('',(-1.,0.,0.));
#508=FACE_BOUND('',#509,.T.);
#509=EDGE_LOOP('',(#5355,#5356,#5357,#5358,#5359,#5360,#5361));
#510=PLANE('',#511);
#511=AXIS2_PLACEMENT_3D('',#512,#513,#514);
#512=CARTESIAN_POINT('',(4.99999999999998,-56.7802782663136,0.));
#513=DIRECTION('',(1.,-1.81626410929287E-16,-1.02369188828123E-24));
#514=DIRECTION('',(1.81626410929287E-16,1.,0.));
#515=FACE_OUTER_BOUND('',#516,.T.);
#516=EDGE_LOOP('',(#5362));
#517=FACE_OUTER_BOUND('',#518,.T.);
#518=EDGE_LOOP('',(#5363));
#519=CYLINDRICAL_SURFACE('',#520,1.85);
#520=AXIS2_PLACEMENT_3D('',#521,#522,#523);
#521=CARTESIAN_POINT('',(-2.44929359829471E-15,50.,30.));
#522=DIRECTION('',(-1.22464679914735E-16,-6.12323399573677E-17,1.));
#523=DIRECTION('',(6.12323399573677E-17,-1.,-6.12323399573676E-17));
#524=FACE_OUTER_BOUND('',#525,.T.);
#525=EDGE_LOOP('',(#5364));
#526=FACE_OUTER_BOUND('',#527,.T.);
#527=EDGE_LOOP('',(#5365));
#528=CYLINDRICAL_SURFACE('',#529,57.5);
#529=AXIS2_PLACEMENT_3D('',#530,#531,#532);
#530=CARTESIAN_POINT('',(0.,0.,0.));
#531=DIRECTION('',(-1.22464679914735E-16,-6.12323399573677E-17,1.));
#532=DIRECTION('',(1.,-7.49879891330929E-33,1.22464679914735E-16));
#533=FACE_BOUND('',#534,.T.);
#534=EDGE_LOOP('',(#5366,#5367,#5368,#5369));
#535=(BOUNDED_SURFACE()B_SPLINE_SURFACE(3,2,(
(#536,#537,#538),
(#539,#540,#541),
(#542,#543,#544),
(#545,#546,#547)),
.UNSPECIFIED.,.F.,.F.,.F.)B_SPLINE_SURFACE_WITH_KNOTS((4,4),
(3,3),
(-5.720338143958E-6,0.233871054752479),
(0.,1.),
.UNSPECIFIED.)GEOMETRIC_REPRESENTATION_ITEM()RATIONAL_B_SPLINE_SURFACE((
(1.,0.924942678160131,1.),
(1.,0.924886942455511,1.),
(1.,0.924733548080266,1.),
(1.,0.924525089826756,1.)))REPRESENTATION_ITEM('')SURFACE());
#536=CARTESIAN_POINT('',(2.99998991499192,-46.389302251758,1.39238834486564));
#537=CARTESIAN_POINT('',(2.99999082522259,-46.9807532105563,0.821677744450485));
#538=CARTESIAN_POINT('',(2.99998855932395,-47.0000000000327,-2.51052733933436E-15));
#539=CARTESIAN_POINT('',(3.13274358915908,-46.3888785645126,1.39305257587167));
#540=CARTESIAN_POINT('',(3.12388105854152,-46.9807146229227,0.82202502286506));
#541=CARTESIAN_POINT('',(3.15590812976294,-46.9999807329611,-2.49143151928022E-15));
#542=CARTESIAN_POINT('',(3.28696017347271,-46.4064977572312,1.39331579052899));
#543=CARTESIAN_POINT('',(3.25299281738517,-46.9980289529907,0.821059685816223));
#544=CARTESIAN_POINT('',(3.31181918382249,-47.0182953781146,-2.47345937052789E-15));
#545=CARTESIAN_POINT('',(3.46349127978613,-46.4571755721682,1.4026121890975));
#546=CARTESIAN_POINT('',(3.38472598002132,-47.0356838455749,0.820483661419766));
#547=CARTESIAN_POINT('',(3.46348983339189,-47.0544468217414,-2.45709871046202E-15));
#548=FACE_BOUND('',#549,.T.);
#549=EDGE_LOOP('',(#5370,#5371,#5372));
#550=CYLINDRICAL_SURFACE('',#551,2.);
#551=AXIS2_PLACEMENT_3D('',#552,#553,#554);
#552=CARTESIAN_POINT('',(2.99999999999998,-48.99999995491,-8.0000000112725));
#553=DIRECTION('',(0.,5.63624964308081E-9,-1.));
#554=DIRECTION('',(0.,1.,5.63624964308081E-9));
#555=FACE_BOUND('',#556,.T.);
#556=EDGE_LOOP('',(#5373,#5374,#5375,#5376));
#557=(BOUNDED_SURFACE()B_SPLINE_SURFACE(3,2,(
(#558,#559,#560),
(#561,#562,#563),
(#564,#565,#566),
(#567,#568,#569),
(#570,#571,#572),
(#573,#574,#575),
(#576,#577,#578),
(#579,#580,#581),
(#582,#583,#584),
(#585,#586,#587),
(#588,#589,#590),
(#591,#592,#593),
(#594,#595,#596),
(#597,#598,#599),
(#600,#601,#602),
(#603,#604,#605),
(#606,#607,#608),
(#609,#610,#611),
(#612,#613,#614),
(#615,#616,#617),
(#618,#619,#620),
(#621,#622,#623),
(#624,#625,#626),
(#627,#628,#629),
(#630,#631,#632),
(#633,#634,#635),
(#636,#637,#638),
(#639,#640,#641),
(#642,#643,#644),
(#645,#646,#647),
(#648,#649,#650),
(#651,#652,#653),
(#654,#655,#656),
(#657,#658,#659),
(#660,#661,#662),
(#663,#664,#665),
(#666,#667,#668),
(#669,#670,#671),
(#672,#673,#674),
(#675,#676,#677),
(#678,#679,#680),
(#681,#682,#683),
(#684,#685,#686),
(#687,#688,#689),
(#690,#691,#692),
(#693,#694,#695),
(#696,#697,#698),
(#699,#700,#701),
(#702,#703,#704),
(#705,#706,#707),
(#708,#709,#710),
(#711,#712,#713),
(#714,#715,#716),
(#717,#718,#719),
(#720,#721,#722),
(#723,#724,#725),
(#726,#727,#728),
(#729,#730,#731),
(#732,#733,#734),
(#735,#736,#737),
(#738,#739,#740),
(#741,#742,#743),
(#744,#745,#746),
(#747,#748,#749),
(#750,#751,#752),
(#753,#754,#755),
(#756,#757,#758),
(#759,#760,#761),
(#762,#763,#764),
(#765,#766,#767),
(#768,#769,#770),
(#771,#772,#773),
(#774,#775,#776),
(#777,#778,#779),
(#780,#781,#782),
(#783,#784,#785),
(#786,#787,#788),
(#789,#790,#791),
(#792,#793,#794),
(#795,#796,#797),
(#798,#799,#800),
(#801,#802,#803),
(#804,#805,#806),
(#807,#808,#809),
(#810,#811,#812),
(#813,#814,#815),
(#816,#817,#818),
(#819,#820,#821),
(#822,#823,#824),
(#825,#826,#827),
(#828,#829,#830),
(#831,#832,#833),
(#834,#835,#836),
(#837,#838,#839),
(#840,#841,#842)),
.UNSPECIFIED.,.F.,.F.,.F.)B_SPLINE_SURFACE_WITH_KNOTS((4,1,1,1,1,1,1,1,1,1,1,1,1,
1,1,1,1,1,1,1,1,1,1,1,1,1,1,1,1,1,1,1,1,1,1,1,1,1,1,1,1,1,1,1,1,1,1,1,1,1,1,1,1,
1,1,1,1,1,1,1,1,1,1,1,1,1,1,1,1,1,1,1,1,1,1,1,1,1,1,1,1,1,1,1,1,1,1,1,1,1,1,1,4),
(3,3),
(-45.6838603455884,-44.6838603455884,-44.1838603455884,-43.6838603455884,-43.1838603455884,
-42.6838603455884,-42.1838603455884,-41.6838603455884,-41.1838603455884,-40.6838603455884,
-40.1838603455884,-39.6838603455884,-39.1838603455884,-38.6838603455884,-38.1838603455884,
-37.6838603455884,-37.1838603455884,-36.6838603455884,-36.1838603455884,-35.6838603455884,
-35.1838603455884,-34.6838603455884,-34.1838603455884,-33.6838603455884,-33.1838603455884,
-32.6838603455884,-32.1838603455884,-31.6838603455884,-31.1838603455884,-30.6838603455884,
-30.1838603455884,-29.6838603455884,-29.1838603455884,-28.6838603455884,-28.1838603455884,
-27.6838603455884,-27.1838603455884,-26.6838603455884,-26.1838603455884,-25.6838603455884,
-25.1838603455884,-24.6838603455884,-24.1838603455884,-23.6838603455884,-23.1838603455884,
-22.6838603455884,-22.1838603455884,-21.6838603455884,-21.1838603455884,-20.6838603455884,
-20.1838603455884,-19.6838603455884,-19.1838603455884,-18.6838603455884,-18.1838603455884,
-17.6838603455884,-17.1838603455884,-16.6838603455884,-16.1838603455884,-15.6838603455884,
-15.1838603455884,-14.6838603455884,-14.1838603455884,-13.6838603455884,-13.1838603455884,
-12.6838603455884,-12.1838603455884,-11.6838603455884,-11.1838603455884,-10.6838603455884,
-10.1838603455884,-9.68386034558844,-9.18386034558844,-8.68386034558844,-8.18386034558844,
-7.68386034558844,-7.18386034558844,-6.68386034558844,-6.18386034558844,-5.68386034558844,
-5.18386034558844,-4.68386034558844,-4.18386034558844,-3.68386034558844,-3.18386034558844,
-2.68386034558844,-2.18386034558844,-1.68386034558844,-1.18386034558844,-0.683860345588435,
-0.183860345588435,0.316139654411565,1.00024616708759),
(0.,1.),
.UNSPECIFIED.)GEOMETRIC_REPRESENTATION_ITEM()RATIONAL_B_SPLINE_SURFACE((
(1.,0.970247976067803,1.),
(1.,0.96813347693231,1.),
(1.,0.964961728229072,1.),
(1.,0.960732729958088,1.),
(1.,0.957560981254849,1.),
(1.,0.954389232551611,1.),
(1.,0.951217483848373,1.),
(1.,0.948045735145134,1.),
(1.,0.944873986441896,1.),
(1.,0.941702237738658,1.),
(1.,0.938530489035419,1.),
(1.,0.935358740332181,1.),
(1.,0.932186991628943,1.),
(1.,0.929015242925704,1.),
(1.,0.925843494222466,1.),
(1.,0.922671745519228,1.),
(1.,0.91949999681599,1.),
(1.,0.916328248112751,1.),
(1.,0.913156499409513,1.),
(1.,0.909984750706274,1.),
(1.,0.906813002003036,1.),
(1.,0.903641253299798,1.),
(1.,0.90046950459656,1.),
(1.,0.897297755893321,1.),
(1.,0.894126007190083,1.),
(1.,0.890954258486845,1.),
(1.,0.887782509783606,1.),
(1.,0.884610761080368,1.),
(1.,0.88143901237713,1.),
(1.,0.878267263673891,1.),
(1.,0.875095514970653,1.),
(1.,0.871923766267414,1.),
(1.,0.868752017564176,1.),
(1.,0.865580268860938,1.),
(1.,0.8624085201577,1.),
(1.,0.859236771454461,1.),
(1.,0.856065022751223,1.),
(1.,0.852893274047985,1.),
(1.,0.849721525344746,1.),
(1.,0.846549776641508,1.),
(1.,0.84337802793827,1.),
(1.,0.840206279235031,1.),
(1.,0.837034530531793,1.),
(1.,0.833862781828554,1.),
(1.,0.830691033125316,1.),
(1.,0.827519284422078,1.),
(1.,0.824347535718839,1.),
(1.,0.821175787015601,1.),
(1.,0.818004038312363,1.),
(1.,0.814832289609125,1.),
(1.,0.811660540905886,1.),
(1.,0.808488792202648,1.),
(1.,0.805317043499409,1.),
(1.,0.802145294796171,1.),
(1.,0.798973546092933,1.),
(1.,0.795801797389695,1.),
(1.,0.792630048686456,1.),
(1.,0.789458299983218,1.),
(1.,0.78628655127998,1.),
(1.,0.783114802576741,1.),
(1.,0.779943053873503,1.),
(1.,0.776771305170265,1.),
(1.,0.773599556467026,1.),
(1.,0.770427807763788,1.),
(1.,0.76725605906055,1.),
(1.,0.764084310357311,1.),
(1.,0.760912561654073,1.),
(1.,0.757740812950835,1.),
(1.,0.754569064247596,1.),
(1.,0.751397315544358,1.),
(1.,0.74822556684112,1.),
(1.,0.745053818137881,1.),
(1.,0.741882069434643,1.),
(1.,0.738710320731404,1.),
(1.,0.735538572028166,1.),
(1.,0.732366823324928,1.),
(1.,0.729195074621691,1.),
(1.,0.726023325918448,1.),
(1.,0.722851577215226,1.),
(1.,0.719679828511925,1.),
(1.,0.71650807980892,1.),
(1.,0.713336331104811,1.),
(1.,0.710164582404822,1.),
(1.,0.706992833689458,1.),
(1.,0.703821085031472,1.),
(1.,0.70064933615935,1.),
(1.,0.697477588086396,1.),
(1.,0.694305837030904,1.),
(1.,0.691134097106395,1.),
(1.,0.687962315640494,1.),
(1.,0.684790689209178,1.),
(1.,0.681618484180912,1.),
(1.,0.678059354469689,1.),
(1.,0.675545474804166,1.),
(1.,0.674090957555196,1.)))REPRESENTATION_ITEM('')SURFACE());
#558=CARTESIAN_POINT('',(7.12678821918184,-56.5919567276922,-0.430930226384213));
#559=CARTESIAN_POINT('',(6.68873583371328,-55.2993372218245,0.554736419371676));
#560=CARTESIAN_POINT('',(5.,-55.2743276005335,-2.77225301897865E-15));
#561=CARTESIAN_POINT('',(7.12717414413725,-56.5752614195212,-0.418650077653249));
#562=CARTESIAN_POINT('',(6.67665387134455,-55.2936931818765,0.562072194298817));
#563=CARTESIAN_POINT('',(4.99999999999998,-55.2580299203606,-2.77125507388579E-15));
#564=CARTESIAN_POINT('',(7.12775303934885,-56.5502442666539,-0.400195089392644));
#565=CARTESIAN_POINT('',(6.6585505243523,-55.2852362764087,0.573063958294593));
#566=CARTESIAN_POINT('',(4.99999999999994,-55.2335834001032,-2.76975815624662E-15));
#567=CARTESIAN_POINT('',(7.12852495967448,-56.5169398736864,-0.375519053495542));
#568=CARTESIAN_POINT('',(6.63446559101908,-55.2739850970281,0.587687547135171));
#569=CARTESIAN_POINT('',(5.00000000000002,-55.200988039758,-2.76776226606092E-15));
#570=CARTESIAN_POINT('',(7.12910394107471,-56.4919875323369,-0.356977370576876));
#571=CARTESIAN_POINT('',(6.61638207758579,-55.2655374567273,0.598667268838469));
#572=CARTESIAN_POINT('',(4.99999999999996,-55.1765415195,-2.76626534842171E-15));
#573=CARTESIAN_POINT('',(7.12968297475976,-56.4670611922678,-0.338401068173939));
#574=CARTESIAN_POINT('',(6.59829856371439,-55.2570898162218,0.60964699080778));
#575=CARTESIAN_POINT('',(4.99999999999996,-55.152094999242,-2.7647684307825E-15));
#576=CARTESIAN_POINT('',(7.13026207187626,-56.4421609013259,-0.319790182866492));
#577=CARTESIAN_POINT('',(6.58021504940049,-55.2486421755097,0.620626713045763));
#578=CARTESIAN_POINT('',(5.00000000000002,-55.1276484789832,-2.76327151314323E-15));
#579=CARTESIAN_POINT('',(7.13084124356976,-56.4172867073061,-0.30114475130239));
#580=CARTESIAN_POINT('',(6.56213153463965,-55.2401945345887,0.631606435555114));
#581=CARTESIAN_POINT('',(4.99999999999996,-55.1032019587249,-2.76177459550401E-15));
#582=CARTESIAN_POINT('',(7.13142050099883,-56.3924386579496,-0.282464810197517));
#583=CARTESIAN_POINT('',(6.54404801942736,-55.2317468934568,0.642586158338568));
#584=CARTESIAN_POINT('',(4.99999999999996,-55.0787554384677,-2.76027767786485E-15));
#585=CARTESIAN_POINT('',(7.13199985531649,-56.3676168009451,-0.263750396335685));
#586=CARTESIAN_POINT('',(6.52596450375907,-55.2232992521119,0.653565881398892));
#587=CARTESIAN_POINT('',(5.00000000000002,-55.0543089182085,-2.75878076022555E-15));
#588=CARTESIAN_POINT('',(7.1325793176918,-56.3428211839268,-0.245001546568711));
#589=CARTESIAN_POINT('',(6.50788098763015,-55.2148516105518,0.664545604738895));
#590=CARTESIAN_POINT('',(4.99999999999996,-55.0298623979509,-2.75728384258637E-15));
#591=CARTESIAN_POINT('',(7.13315889929971,-56.3180518544749,-0.226218297815812));
#592=CARTESIAN_POINT('',(6.48979747103592,-55.2064039687744,0.675525328361422));
#593=CARTESIAN_POINT('',(4.99999999999996,-55.0054158776919,-2.75578692494709E-15));
#594=CARTESIAN_POINT('',(7.13373861131081,-56.2933088601189,-0.207400687065336));
#595=CARTESIAN_POINT('',(6.47171395397162,-55.1979563267774,0.686505052269356));
#596=CARTESIAN_POINT('',(5.00000000000002,-54.9809693574339,-2.75429000730788E-15));
#597=CARTESIAN_POINT('',(7.13431846491408,-56.2685922483295,-0.188548751370534));
#598=CARTESIAN_POINT('',(6.45363043643245,-55.1895086845585,0.69748477646562));
#599=CARTESIAN_POINT('',(4.99999999999996,-54.9565228371759,-2.75279308966867E-15));
#600=CARTESIAN_POINT('',(7.13489847129204,-56.2439020665284,-0.169662527854973));
#601=CARTESIAN_POINT('',(6.43554691841351,-55.1810610421155,0.708464500953179));
#602=CARTESIAN_POINT('',(4.99999999999996,-54.932076316917,-2.7512961720294E-15));
#603=CARTESIAN_POINT('',(7.13547864165142,-56.2192383620796,-0.150742053708484));
#604=CARTESIAN_POINT('',(6.41746339990987,-55.1726133994461,0.719444225735035));
#605=CARTESIAN_POINT('',(5.00000000000002,-54.9076297966589,-2.74979925439018E-15));
#606=CARTESIAN_POINT('',(7.13605898718124,-56.1946011822959,-0.131787366188359));
#607=CARTESIAN_POINT('',(6.39937988091651,-55.1641657565479,0.730423950814235));
#608=CARTESIAN_POINT('',(4.99999999999996,-54.8831832764013,-2.748302336751E-15));
#609=CARTESIAN_POINT('',(7.13663951909408,-56.1699905744353,-0.112798502620427));
#610=CARTESIAN_POINT('',(6.38129636142834,-55.1557181134186,0.741403676193866));
#611=CARTESIAN_POINT('',(4.99999999999998,-54.8587367561423,-2.74680541911172E-15));
#612=CARTESIAN_POINT('',(7.13722024859912,-56.1454065856994,-0.0937755003954604));
#613=CARTESIAN_POINT('',(6.36321284144021,-55.1472704700557,0.752383401877058));
#614=CARTESIAN_POINT('',(4.99999999999997,-54.8342902358843,-2.74530850147251E-15));
#615=CARTESIAN_POINT('',(7.13780118691901,-56.1208492632366,-0.0747183969728021));
#616=CARTESIAN_POINT('',(6.34512932094688,-55.1388228264568,0.763363127866986));
#617=CARTESIAN_POINT('',(4.99999999999996,-54.8098437156262,-2.74381158383329E-15));
#618=CARTESIAN_POINT('',(7.13838234527022,-56.0963186541441,-0.0556272298804769));
#619=CARTESIAN_POINT('',(6.32704579994306,-55.1303751826195,0.774342854166869));
#620=CARTESIAN_POINT('',(5.00000000000002,-54.7853971953678,-2.74231466619405E-15));
#621=CARTESIAN_POINT('',(7.13896373488634,-56.0718148054595,-0.036502036710803));
#622=CARTESIAN_POINT('',(6.30896227842338,-55.1219275385411,0.785322580779969));
#623=CARTESIAN_POINT('',(4.99999999999996,-54.7609506751093,-2.74081774855481E-15));
#624=CARTESIAN_POINT('',(7.13954536699983,-56.0473377641701,-0.0173428551257447));
#625=CARTESIAN_POINT('',(6.29087875638238,-55.1134798942193,0.796302307709598));
#626=CARTESIAN_POINT('',(4.99999999999996,-54.7365041548512,-2.73932083091559E-15));
#627=CARTESIAN_POINT('',(7.14012725285522,-56.0228875772037,0.00185027714896042));
#628=CARTESIAN_POINT('',(6.27279523381453,-55.1050322496513,0.807282034959111));
#629=CARTESIAN_POINT('',(5.00000000000002,-54.7120576345931,-2.73782391327637E-15));
#630=CARTESIAN_POINT('',(7.14070940369162,-55.9984642914383,0.0210773223177288));
#631=CARTESIAN_POINT('',(6.25471171071422,-55.0965846048345,0.818261762531912));
#632=CARTESIAN_POINT('',(4.99999999999996,-54.6876111143347,-2.73632699563714E-15));
#633=CARTESIAN_POINT('',(7.14129183076334,-55.9740679536937,0.0403382425200124));
#634=CARTESIAN_POINT('',(6.23662818707578,-55.0881369597664,0.829241490431455));
#635=CARTESIAN_POINT('',(4.99999999999996,-54.6631645940763,-2.7348300779979E-15));
#636=CARTESIAN_POINT('',(7.14187454533047,-55.949698610737,0.0596329998265871));
#637=CARTESIAN_POINT('',(6.21854466289342,-55.0796893144442,0.840221218661241));
#638=CARTESIAN_POINT('',(5.00000000000002,-54.6387180738182,-2.73333316035867E-15));
#639=CARTESIAN_POINT('',(7.14245755864793,-55.9253563092768,0.0789615562454036));
#640=CARTESIAN_POINT('',(6.20046113816131,-55.0712416688652,0.851200947224823));
#641=CARTESIAN_POINT('',(4.99999999999996,-54.6142715535601,-2.73183624271946E-15));
#642=CARTESIAN_POINT('',(7.14304088198824,-55.9010410959714,0.0983238737127237));
#643=CARTESIAN_POINT('',(6.1823776128735,-55.0627940230266,0.862180676125804));
#644=CARTESIAN_POINT('',(4.99999999999996,-54.5898250333016,-2.73033932508022E-15));
#645=CARTESIAN_POINT('',(7.14362452662149,-55.8767530174185,0.117719914103391));
#646=CARTESIAN_POINT('',(6.16429408702399,-55.0543463769256,0.873160405367839));
#647=CARTESIAN_POINT('',(5.00000000000002,-54.5653785130432,-2.72884240744097E-15));
#648=CARTESIAN_POINT('',(7.14420850383097,-55.8524921201654,0.137149639221228));
#649=CARTESIAN_POINT('',(6.14621056060665,-55.0458987305593,0.884140134954637));
#650=CARTESIAN_POINT('',(4.99999999999996,-54.5409319927852,-2.72734548980177E-15));
#651=CARTESIAN_POINT('',(7.1447928248927,-55.8282584507001,0.156613010807757));
#652=CARTESIAN_POINT('',(6.12812703361529,-55.0374510839249,0.89511986488996));
#653=CARTESIAN_POINT('',(4.99999999999996,-54.5164854725266,-2.72584857216252E-15));
#654=CARTESIAN_POINT('',(7.14537750110045,-55.8040520554579,0.176109990535002));
#655=CARTESIAN_POINT('',(6.11004350604362,-55.0290034370194,0.906099595177626));
#656=CARTESIAN_POINT('',(5.00000000000002,-54.4920389522687,-2.7243516545233E-15));
#657=CARTESIAN_POINT('',(7.1459625437456,-55.7798729808154,0.195640540011818));
#658=CARTESIAN_POINT('',(6.09195997788528,-55.0205557898399,0.917079325821508));
#659=CARTESIAN_POINT('',(4.99999999999996,-54.4675924320101,-2.72285473688406E-15));
#660=CARTESIAN_POINT('',(7.14654796413237,-55.7557212730964,0.215204620778067));
#661=CARTESIAN_POINT('',(6.07387644913377,-55.0121081423832,0.928059056825535));
#662=CARTESIAN_POINT('',(4.99999999999996,-54.4431459117521,-2.72135781924485E-15));
#663=CARTESIAN_POINT('',(7.14713377355801,-55.7315969785684,0.234802194309018));
#664=CARTESIAN_POINT('',(6.05579291978254,-55.0036604946464,0.939038788193696));
#665=CARTESIAN_POINT('',(5.00000000000002,-54.4186993914935,-2.7198609016056E-15));
#666=CARTESIAN_POINT('',(7.14771998333677,-55.7075001434407,0.2544332220147));
#667=CARTESIAN_POINT('',(6.03770938982491,-54.9952128466263,0.95001851993004));
#668=CARTESIAN_POINT('',(4.99999999999996,-54.3942528712356,-2.7183639839664E-15));
#669=CARTESIAN_POINT('',(7.14830660478118,-55.6834308138698,0.274097665237374));
#670=CARTESIAN_POINT('',(6.01962585925413,-54.9867651983197,0.960998252038672));
#671=CARTESIAN_POINT('',(4.99999999999996,-54.369806350977,-2.71686706632715E-15));
#672=CARTESIAN_POINT('',(7.14889364921563,-55.6593890359527,0.293795485255564));
#673=CARTESIAN_POINT('',(6.00154232806333,-54.9783175497236,0.971977984523763));
#674=CARTESIAN_POINT('',(5.00000000000002,-54.3453598307191,-2.71537014868793E-15));
#675=CARTESIAN_POINT('',(7.14948112795819,-55.6353748557335,0.313526643280484));
#676=CARTESIAN_POINT('',(5.98345879624553,-54.9698699008345,0.982957717389544));
#677=CARTESIAN_POINT('',(4.99999999999996,-54.3209133104605,-2.71387323104869E-15));
#678=CARTESIAN_POINT('',(7.15006905234284,-55.611388319198,0.333291100458398));
#679=CARTESIAN_POINT('',(5.96537526379366,-54.9614222516493,0.993937450640308));
#680=CARTESIAN_POINT('',(4.99999999999997,-54.2964667902025,-2.71237631340948E-15));
#681=CARTESIAN_POINT('',(7.15065743370492,-55.5874294722759,0.353088817869995));
#682=CARTESIAN_POINT('',(5.94729173070055,-54.9529746021644,1.00491718428042));
#683=CARTESIAN_POINT('',(5.,-54.2720202699439,-2.71087939577023E-15));
#684=CARTESIAN_POINT('',(7.15124628338372,-55.5634983608417,0.37291975652977));
#685=CARTESIAN_POINT('',(5.9292081969589,-54.9445269523766,1.0158969183143));
#686=CARTESIAN_POINT('',(4.99999999999996,-54.247573749686,-2.70938247813102E-15));
#687=CARTESIAN_POINT('',(7.151835612722,-55.5395950307111,0.392783877388431));
#688=CARTESIAN_POINT('',(5.91112466256132,-54.9360793022825,1.02687665274644));
#689=CARTESIAN_POINT('',(4.99999999999999,-54.2231272294275,-2.70788556049178E-15));
#690=CARTESIAN_POINT('',(7.15242543307384,-55.5157195276456,0.41268114132906));
#691=CARTESIAN_POINT('',(5.89304112750028,-54.9276316518783,1.03785638758141));
#692=CARTESIAN_POINT('',(4.99999999999999,-54.1986807091691,-2.70638864285254E-15));
#693=CARTESIAN_POINT('',(7.15301575578922,-55.4918718973475,0.432611509172259));
#694=CARTESIAN_POINT('',(5.87495759176816,-54.9191840011607,1.04883612282384));
#695=CARTESIAN_POINT('',(4.99999999999996,-54.174234188911,-2.70489172521332E-15));
#696=CARTESIAN_POINT('',(7.15360659223265,-55.4680521854645,0.45257494167057));
#697=CARTESIAN_POINT('',(5.85687405535722,-54.910736350126,1.05981585847843));
#698=CARTESIAN_POINT('',(4.99999999999999,-54.1497876686529,-2.7033948075741E-15));
#699=CARTESIAN_POINT('',(7.15419795376386,-55.444260437587,0.472571399512871));
#700=CARTESIAN_POINT('',(5.83879051825958,-54.9022886987704,1.07079559454995));
#701=CARTESIAN_POINT('',(4.99999999999999,-54.1253411483944,-2.70189788993486E-15));
#702=CARTESIAN_POINT('',(7.15478985175674,-55.4204966992462,0.492600843323741));
#703=CARTESIAN_POINT('',(5.82070698046727,-54.8938410470904,1.08177533104326));
#704=CARTESIAN_POINT('',(4.99999999999996,-54.100894628136,-2.70040097229563E-15));
#705=CARTESIAN_POINT('',(7.15538229758079,-55.3967610159198,0.512663233660875));
#706=CARTESIAN_POINT('',(5.80262344197216,-54.8853933950821,1.09275506796329));
#707=CARTESIAN_POINT('',(4.99999999999999,-54.0764481078779,-2.69890405465641E-15));
#708=CARTESIAN_POINT('',(7.15597530261938,-55.3730534330245,0.532758531019194));
#709=CARTESIAN_POINT('',(5.78453990276603,-54.8769457427416,1.10373480531503));
#710=CARTESIAN_POINT('',(4.99999999999999,-54.0520015876198,-2.69740713701719E-15));
#711=CARTESIAN_POINT('',(7.15656887825142,-55.3493739959229,0.552886695827203));
#712=CARTESIAN_POINT('',(5.7664563628405,-54.868498090065,1.11471454310356));
#713=CARTESIAN_POINT('',(4.99999999999996,-54.0275550673614,-2.69591021937795E-15));
#714=CARTESIAN_POINT('',(7.15716303586982,-55.3257227499184,0.573047688449398));
#715=CARTESIAN_POINT('',(5.74837282218706,-54.8600504370484,1.12569428133405));
#716=CARTESIAN_POINT('',(4.99999999999999,-54.003108547103,-2.69441330173871E-15));
#717=CARTESIAN_POINT('',(7.15775778686276,-55.3020997402578,0.593241469185631));
#718=CARTESIAN_POINT('',(5.7302892807971,-54.8516027836877,1.13667402001174));
#719=CARTESIAN_POINT('',(4.99999999999999,-53.9786620268447,-2.69291638409948E-15));
#720=CARTESIAN_POINT('',(7.1583531426325,-55.2785050121302,0.613467998270454));
#721=CARTESIAN_POINT('',(5.71220573866183,-54.8431551299789,1.14765375914196));
#722=CARTESIAN_POINT('',(4.99999999999996,-53.9542155065868,-2.69141946646028E-15));
#723=CARTESIAN_POINT('',(7.15894911457648,-55.2549386106663,0.633727235875654));
#724=CARTESIAN_POINT('',(5.69412219577234,-54.8347074759178,1.15863349873011));
#725=CARTESIAN_POINT('',(4.99999999999999,-53.9297689863283,-2.68992254882103E-15));
#726=CARTESIAN_POINT('',(7.15954571410552,-55.2314005809407,0.654019142106162));
#727=CARTESIAN_POINT('',(5.67603865211958,-54.8262598215,1.16961323878169));
#728=CARTESIAN_POINT('',(4.99999999999999,-53.9053224660701,-2.68842563118181E-15));
#729=CARTESIAN_POINT('',(7.16014295262885,-55.2078909679674,0.674343677005713));
#730=CARTESIAN_POINT('',(5.65795510769436,-54.8178121667214,1.18059297930229));
#731=CARTESIAN_POINT('',(4.99999999999997,-53.8808759458118,-2.68692871354258E-15));
#732=CARTESIAN_POINT('',(7.16074084156078,-55.1844098167071,0.694700800549875));
#733=CARTESIAN_POINT('',(5.63987156248731,-54.8093645115777,1.19157272029759));
#734=CARTESIAN_POINT('',(4.99999999999997,-53.8564294255535,-2.68543179590335E-15));
#735=CARTESIAN_POINT('',(7.16133939232524,-55.160957172057,0.715090472653892));
#736=CARTESIAN_POINT('',(5.62178801648894,-54.8009168560642,1.20255246177335));
#737=CARTESIAN_POINT('',(4.99999999999999,-53.8319829052953,-2.68393487826412E-15));
#738=CARTESIAN_POINT('',(7.16193861634241,-55.1375330788609,0.735512653166136));
#739=CARTESIAN_POINT('',(5.60370446968961,-54.7924692001766,1.21353220373543));
#740=CARTESIAN_POINT('',(4.99999999999999,-53.8075363850368,-2.68243796062488E-15));
#741=CARTESIAN_POINT('',(7.16253852504652,-55.114137581901,0.755967301872658));
#742=CARTESIAN_POINT('',(5.58562092207949,-54.7840215439102,1.22451194618979));
#743=CARTESIAN_POINT('',(4.99999999999996,-53.7830898647788,-2.68094104298567E-15));
#744=CARTESIAN_POINT('',(7.1631391298642,-55.090770725904,0.776454378494663));
#745=CARTESIAN_POINT('',(5.56753737364862,-54.7755738872604,1.23549168914249));
#746=CARTESIAN_POINT('',(4.99999999999999,-53.7586433445202,-2.67944412534642E-15));
#747=CARTESIAN_POINT('',(7.16374044224156,-55.0674325555362,0.796973842689567));
#748=CARTESIAN_POINT('',(5.54945382438685,-54.7671262302224,1.24647143259968));
#749=CARTESIAN_POINT('',(4.99999999999999,-53.7341968242623,-2.67794720770721E-15));
#750=CARTESIAN_POINT('',(7.16434247361352,-55.0441231154066,0.8175256540517));
#751=CARTESIAN_POINT('',(5.53137027428389,-54.7586785727915,1.25745117656762));
#752=CARTESIAN_POINT('',(4.99999999999996,-53.7097503040037,-2.67645029006796E-15));
#753=CARTESIAN_POINT('',(7.16494523543299,-55.0208424500651,0.838109772110712));
#754=CARTESIAN_POINT('',(5.51328672332925,-54.7502309149628,1.26843092105267));
#755=CARTESIAN_POINT('',(4.99999999999999,-53.6853037837458,-2.67495337242875E-15));
#756=CARTESIAN_POINT('',(7.16554873914421,-54.9975906040038,0.858726156333358));
#757=CARTESIAN_POINT('',(5.49520317151229,-54.7417832567311,1.27941066606129));
#758=CARTESIAN_POINT('',(4.99999999999999,-53.6608572634872,-2.6734564547895E-15));
#759=CARTESIAN_POINT('',(7.16615299620758,-54.9743676216546,0.87937476612286));
#760=CARTESIAN_POINT('',(5.47711961882218,-54.7333355980917,1.29039041160006));
#761=CARTESIAN_POINT('',(4.99999999999998,-53.6364107432293,-2.6719595371503E-15));
#762=CARTESIAN_POINT('',(7.1667580180788,-54.9511735473926,0.900055560818248));
#763=CARTESIAN_POINT('',(5.45903606524791,-54.7248879390392,1.30137015767567));
#764=CARTESIAN_POINT('',(4.99999999999998,-53.6119642229706,-2.67046261951105E-15));
#765=CARTESIAN_POINT('',(7.16736381622302,-54.9280084255323,0.920768499696187));
#766=CARTESIAN_POINT('',(5.44095251077828,-54.7164402795684,1.3123499042949));
#767=CARTESIAN_POINT('',(4.99999999999998,-53.5875177027127,-2.66896570187184E-15));
#768=CARTESIAN_POINT('',(7.16797040210632,-54.9048723003303,0.941513541969292));
#769=CARTESIAN_POINT('',(5.4228689554019,-54.707992619674,1.32332965146469));
#770=CARTESIAN_POINT('',(4.99999999999998,-53.5630711824541,-2.66746878423259E-15));
#771=CARTESIAN_POINT('',(7.16857778720217,-54.8817652159836,0.962290646787067));
#772=CARTESIAN_POINT('',(5.4047853991072,-54.6995449593507,1.33430939919205));
#773=CARTESIAN_POINT('',(4.99999999999998,-53.5386246621962,-2.66597186659338E-15));
#774=CARTESIAN_POINT('',(7.16918598298519,-54.8586872166306,0.983099773236146));
#775=CARTESIAN_POINT('',(5.38670184188239,-54.6910972985928,1.34528914748414));
#776=CARTESIAN_POINT('',(4.99999999999999,-53.5141781419376,-2.66447494895413E-15));
#777=CARTESIAN_POINT('',(7.16979500093545,-54.8356383463495,1.00394088034025));
#778=CARTESIAN_POINT('',(5.36861828371551,-54.6826496373949,1.35626889634823));
#779=CARTESIAN_POINT('',(4.99999999999998,-53.4897316216795,-2.66297803131492E-15));
#780=CARTESIAN_POINT('',(7.17040485253675,-54.8126186491606,1.02481392705932));
#781=CARTESIAN_POINT('',(5.35053472459434,-54.6742019757512,1.36724864579172));
#782=CARTESIAN_POINT('',(4.99999999999998,-53.4652851014211,-2.66148111367568E-15));
#783=CARTESIAN_POINT('',(7.17101554927687,-54.7896281690235,1.0457188722915));
#784=CARTESIAN_POINT('',(5.33245116450652,-54.6657543136559,1.37822839582215));
#785=CARTESIAN_POINT('',(4.99999999999999,-53.440838581163,-2.65998419603645E-15));
#786=CARTESIAN_POINT('',(7.17162710264766,-54.7666669498392,1.06665567487113));
#787=CARTESIAN_POINT('',(5.3143676034394,-54.6573066511031,1.38920814644716));
#788=CARTESIAN_POINT('',(4.99999999999998,-53.4163920609047,-2.65848727839722E-15));
#789=CARTESIAN_POINT('',(7.17223952414482,-54.7437350354487,1.08762429357045));
#790=CARTESIAN_POINT('',(5.29628404138018,-54.6488589880869,1.40018789767456));
#791=CARTESIAN_POINT('',(4.99999999999998,-53.3919455406464,-2.656990360758E-15));
#792=CARTESIAN_POINT('',(7.17285282526806,-54.7208324696334,1.10862468709878));
#793=CARTESIAN_POINT('',(5.27820047831575,-54.6404113246011,1.41116764951225));
#794=CARTESIAN_POINT('',(4.99999999999998,-53.3674990203882,-2.65549344311877E-15));
#795=CARTESIAN_POINT('',(7.1734670175206,-54.6979592961151,1.12965681410296));
#796=CARTESIAN_POINT('',(5.26011691423295,-54.6319636606395,1.42214740196841));
#797=CARTESIAN_POINT('',(4.99999999999998,-53.3430525001299,-2.65399652547954E-15));
#798=CARTESIAN_POINT('',(7.17408211241097,-54.6751155585556,1.15072063316731));
#799=CARTESIAN_POINT('',(5.24203334911779,-54.6235159961962,1.43312715505079));
#800=CARTESIAN_POINT('',(4.99999999999998,-53.3186059798716,-2.65249960784031E-15));
#801=CARTESIAN_POINT('',(7.17469812144826,-54.6523013005571,1.17181610281376));
#802=CARTESIAN_POINT('',(5.22394978295823,-54.6150683312627,1.44410690876956));
#803=CARTESIAN_POINT('',(4.99999999999998,-53.2941594596134,-2.65100269020108E-15));
#804=CARTESIAN_POINT('',(7.17531505614886,-54.6295165656613,1.19294318150188));
#805=CARTESIAN_POINT('',(5.20586621573392,-54.6066206658402,1.45508666312633));
#806=CARTESIAN_POINT('',(4.99999999999998,-53.2697129393551,-2.64950577256185E-15));
#807=CARTESIAN_POINT('',(7.17593292803137,-54.6067613973503,1.21410182762905));
#808=CARTESIAN_POINT('',(5.18778264745382,-54.5981729998932,1.46606641815593));
#809=CARTESIAN_POINT('',(4.99999999999998,-53.2452664190968,-2.64800885492262E-15));
#810=CARTESIAN_POINT('',(7.17655174861846,-54.5840358390457,1.23529199953044));
#811=CARTESIAN_POINT('',(5.16969907801828,-54.5897253335238,1.47704617376789));
#812=CARTESIAN_POINT('',(4.99999999999998,-53.2208198988385,-2.64651193728339E-15));
#813=CARTESIAN_POINT('',(7.17717152943551,-54.561339934109,1.25651365547918));
#814=CARTESIAN_POINT('',(5.15161550772464,-54.5812776663135,1.48802593034772));
#815=CARTESIAN_POINT('',(4.99999999999998,-53.1963733785803,-2.64501501964416E-15));
#816=CARTESIAN_POINT('',(7.17779228201282,-54.5386737258414,1.27776675368637));
#817=CARTESIAN_POINT('',(5.13353193541388,-54.5728299998109,1.49900568647698));
#818=CARTESIAN_POINT('',(4.99999999999998,-53.171926858322,-2.64351810200493E-15));
#819=CARTESIAN_POINT('',(7.17841401788377,-54.5160372574835,1.2990512523012));
#820=CARTESIAN_POINT('',(5.11544836526125,-54.5643823281305,1.50998544757669));
#821=CARTESIAN_POINT('',(4.99999999999998,-53.1474803380637,-2.64202118436571E-15));
#822=CARTESIAN_POINT('',(7.17903674858518,-54.4934305722156,1.32036710941108));
#823=CARTESIAN_POINT('',(5.09736478190842,-54.5559346734755,1.52096519314354));
#824=CARTESIAN_POINT('',(4.99999999999998,-53.1230338178055,-2.64052426672648E-15));
#825=CARTESIAN_POINT('',(7.17966048565801,-54.4708537131572,1.34171428304154));
#826=CARTESIAN_POINT('',(5.07928124148191,-54.5474869519221,1.53194500093209));
#827=CARTESIAN_POINT('',(4.99999999999998,-53.0985872975472,-2.63902734908725E-15));
#828=CARTESIAN_POINT('',(7.18028524064644,-54.4483067233672,1.36309273115661));
#829=CARTESIAN_POINT('',(5.06119753864759,-54.5390394805073,1.54292457632159));
#830=CARTESIAN_POINT('',(4.99999999999998,-53.0741407772889,-2.63753043144802E-15));
#831=CARTESIAN_POINT('',(7.18091102509765,-54.4257896458438,1.38450241165868));
#832=CARTESIAN_POINT('',(5.04311442379468,-54.5305910614409,1.5539050357834));
#833=CARTESIAN_POINT('',(4.99999999999998,-53.0496942570306,-2.63603351380879E-15));
#834=CARTESIAN_POINT('',(7.18161478566365,-54.4005425064104,1.40857488501415));
#835=CARTESIAN_POINT('',(5.02279776092981,-54.5211042789011,1.56623652639789));
#836=CARTESIAN_POINT('',(4.99999999999998,-53.0222472277112,-2.63435286797868E-15));
#837=CARTESIAN_POINT('',(7.18211058828461,-54.382819114788,1.42552951671225));
#838=CARTESIAN_POINT('',(5.00836744948424,-54.5147535993083,1.57460177185148));
#839=CARTESIAN_POINT('',(4.99999999999998,-53.0029490384778,-2.63317119469498E-15));
#840=CARTESIAN_POINT('',(7.18239736696928,-54.3725889680088,1.43533459747694));
#841=CARTESIAN_POINT('',(4.99999093580533,-54.511164142618,1.5793591568054));
#842=CARTESIAN_POINT('',(4.99999999999998,-52.9917996893305,-2.63248849395769E-15));
#843=FACE_BOUND('',#844,.T.);
#844=EDGE_LOOP('',(#5377,#5378,#5379,#5380));
#845=TOROIDAL_SURFACE('',#846,53.5005484466332,2.);
#846=AXIS2_PLACEMENT_3D('',#847,#848,#849);
#847=CARTESIAN_POINT('',(5.73559211886222E-18,2.86779605943111E-18,-0.0468346638627217));
#848=DIRECTION('',(-1.22464679914735E-16,-6.12323399573677E-17,1.));
#849=DIRECTION('',(0.0181393355964799,-0.999835468716788,-5.90008373942115E-17));
#850=FACE_BOUND('',#851,.T.);
#851=EDGE_LOOP('',(#5381,#5382,#5383,#5384));
#852=(BOUNDED_SURFACE()B_SPLINE_SURFACE(3,2,(
(#853,#854,#855),
(#856,#857,#858),
(#859,#860,#861),
(#862,#863,#864),
(#865,#866,#867),
(#868,#869,#870),
(#871,#872,#873),
(#874,#875,#876),
(#877,#878,#879),
(#880,#881,#882),
(#883,#884,#885),
(#886,#887,#888),
(#889,#890,#891),
(#892,#893,#894),
(#895,#896,#897),
(#898,#899,#900),
(#901,#902,#903),
(#904,#905,#906),
(#907,#908,#909),
(#910,#911,#912),
(#913,#914,#915),
(#916,#917,#918),
(#919,#920,#921),
(#922,#923,#924),
(#925,#926,#927),
(#928,#929,#930),
(#931,#932,#933),
(#934,#935,#936),
(#937,#938,#939),
(#940,#941,#942),
(#943,#944,#945),
(#946,#947,#948),
(#949,#950,#951),
(#952,#953,#954),
(#955,#956,#957),
(#958,#959,#960),
(#961,#962,#963),
(#964,#965,#966),
(#967,#968,#969),
(#970,#971,#972),
(#973,#974,#975),
(#976,#977,#978),
(#979,#980,#981),
(#982,#983,#984),
(#985,#986,#987),
(#988,#989,#990),
(#991,#992,#993),
(#994,#995,#996),
(#997,#998,#999),
(#1000,#1001,#1002),
(#1003,#1004,#1005),
(#1006,#1007,#1008),
(#1009,#1010,#1011),
(#1012,#1013,#1014),
(#1015,#1016,#1017),
(#1018,#1019,#1020),
(#1021,#1022,#1023),
(#1024,#1025,#1026),
(#1027,#1028,#1029),
(#1030,#1031,#1032),
(#1033,#1034,#1035),
(#1036,#1037,#1038),
(#1039,#1040,#1041),
(#1042,#1043,#1044),
(#1045,#1046,#1047),
(#1048,#1049,#1050),
(#1051,#1052,#1053),
(#1054,#1055,#1056),
(#1057,#1058,#1059),
(#1060,#1061,#1062),
(#1063,#1064,#1065),
(#1066,#1067,#1068),
(#1069,#1070,#1071),
(#1072,#1073,#1074),
(#1075,#1076,#1077),
(#1078,#1079,#1080),
(#1081,#1082,#1083),
(#1084,#1085,#1086),
(#1087,#1088,#1089),
(#1090,#1091,#1092),
(#1093,#1094,#1095),
(#1096,#1097,#1098),
(#1099,#1100,#1101),
(#1102,#1103,#1104),
(#1105,#1106,#1107),
(#1108,#1109,#1110),
(#1111,#1112,#1113),
(#1114,#1115,#1116),
(#1117,#1118,#1119),
(#1120,#1121,#1122),
(#1123,#1124,#1125),
(#1126,#1127,#1128),
(#1129,#1130,#1131),
(#1132,#1133,#1134),
(#1135,#1136,#1137)),
.UNSPECIFIED.,.F.,.F.,.F.)B_SPLINE_SURFACE_WITH_KNOTS((4,1,1,1,1,1,1,1,1,1,1,1,1,
1,1,1,1,1,1,1,1,1,1,1,1,1,1,1,1,1,1,1,1,1,1,1,1,1,1,1,1,1,1,1,1,1,1,1,1,1,1,1,1,
1,1,1,1,1,1,1,1,1,1,1,1,1,1,1,1,1,1,1,1,1,1,1,1,1,1,1,1,1,1,1,1,1,1,1,1,1,1,1,4),
(3,3),
(-45.6838603455919,-44.6838603455919,-44.1838603455919,-43.6838603455919,-43.1838603455919,
-42.6838603455919,-42.1838603455919,-41.6838603455919,-41.1838603455919,-40.6838603455919,
-40.1838603455919,-39.6838603455919,-39.1838603455919,-38.6838603455919,-38.1838603455919,
-37.6838603455919,-37.1838603455919,-36.6838603455919,-36.1838603455919,-35.6838603455919,
-35.1838603455919,-34.6838603455919,-34.1838603455919,-33.6838603455919,-33.1838603455919,
-32.6838603455919,-32.1838603455919,-31.6838603455919,-31.1838603455919,-30.6838603455919,
-30.1838603455919,-29.6838603455919,-29.1838603455919,-28.6838603455919,-28.1838603455919,
-27.6838603455919,-27.1838603455919,-26.6838603455919,-26.1838603455919,-25.6838603455919,
-25.1838603455919,-24.6838603455919,-24.1838603455919,-23.6838603455919,-23.1838603455919,
-22.6838603455919,-22.1838603455919,-21.6838603455919,-21.1838603455919,-20.6838603455919,
-20.1838603455919,-19.6838603455919,-19.1838603455919,-18.6838603455919,-18.1838603455919,
-17.6838603455919,-17.1838603455919,-16.6838603455919,-16.1838603455919,-15.6838603455919,
-15.1838603455919,-14.6838603455919,-14.1838603455919,-13.6838603455919,-13.1838603455919,
-12.6838603455919,-12.1838603455919,-11.6838603455919,-11.1838603455919,-10.6838603455919,
-10.1838603455919,-9.68386034559192,-9.18386034559192,-8.68386034559192,-8.18386034559192,
-7.68386034559192,-7.18386034559192,-6.68386034559192,-6.18386034559192,-5.68386034559192,
-5.18386034559192,-4.68386034559192,-4.18386034559192,-3.68386034559192,-3.18386034559192,
-2.68386034559192,-2.18386034559192,-1.68386034559192,-1.18386034559192,-0.683860345591917,
-0.183860345591917,0.316139654408083,1.00024616708769),
(0.,1.),
.UNSPECIFIED.)GEOMETRIC_REPRESENTATION_ITEM()RATIONAL_B_SPLINE_SURFACE((
(1.,0.970247976067882,1.),
(1.,0.968133476932389,1.),
(1.,0.96496172822915,1.),
(1.,0.960732729958165,1.),
(1.,0.957560981254926,1.),
(1.,0.954389232551687,1.),
(1.,0.951217483848448,1.),
(1.,0.948045735145209,1.),
(1.,0.94487398644197,1.),
(1.,0.941702237738731,1.),
(1.,0.938530489035492,1.),
(1.,0.935358740332253,1.),
(1.,0.932186991629015,1.),
(1.,0.929015242925775,1.),
(1.,0.925843494222536,1.),
(1.,0.922671745519298,1.),
(1.,0.919499996816059,1.),
(1.,0.91632824811282,1.),
(1.,0.913156499409581,1.),
(1.,0.909984750706342,1.),
(1.,0.906813002003103,1.),
(1.,0.903641253299864,1.),
(1.,0.900469504596625,1.),
(1.,0.897297755893386,1.),
(1.,0.894126007190147,1.),
(1.,0.890954258486908,1.),
(1.,0.887782509783669,1.),
(1.,0.88461076108043,1.),
(1.,0.881439012377191,1.),
(1.,0.878267263673952,1.),
(1.,0.875095514970713,1.),
(1.,0.871923766267474,1.),
(1.,0.868752017564236,1.),
(1.,0.865580268860996,1.),
(1.,0.862408520157758,1.),
(1.,0.859236771454519,1.),
(1.,0.85606502275128,1.),
(1.,0.852893274048041,1.),
(1.,0.849721525344802,1.),
(1.,0.846549776641563,1.),
(1.,0.843378027938324,1.),
(1.,0.840206279235085,1.),
(1.,0.837034530531846,1.),
(1.,0.833862781828607,1.),
(1.,0.830691033125368,1.),
(1.,0.827519284422129,1.),
(1.,0.824347535718891,1.),
(1.,0.821175787015651,1.),
(1.,0.818004038312413,1.),
(1.,0.814832289609173,1.),
(1.,0.811660540905935,1.),
(1.,0.808488792202695,1.),
(1.,0.805317043499457,1.),
(1.,0.802145294796217,1.),
(1.,0.798973546092979,1.),
(1.,0.79580179738974,1.),
(1.,0.792630048686501,1.),
(1.,0.789458299983262,1.),
(1.,0.786286551280023,1.),
(1.,0.783114802576784,1.),
(1.,0.779943053873545,1.),
(1.,0.776771305170306,1.),
(1.,0.773599556467067,1.),
(1.,0.770427807763828,1.),
(1.,0.767256059060589,1.),
(1.,0.76408431035735,1.),
(1.,0.760912561654112,1.),
(1.,0.757740812950872,1.),
(1.,0.754569064247634,1.),
(1.,0.751397315544395,1.),
(1.,0.748225566841156,1.),
(1.,0.745053818137917,1.),
(1.,0.741882069434678,1.),
(1.,0.738710320731439,1.),
(1.,0.7355385720282,1.),
(1.,0.732366823324961,1.),
(1.,0.729195074621723,1.),
(1.,0.726023325918479,1.),
(1.,0.722851577215258,1.),
(1.,0.719679828511956,1.),
(1.,0.716508079808951,1.),
(1.,0.713336331104841,1.),
(1.,0.710164582404851,1.),
(1.,0.706992833689486,1.),
(1.,0.7038210850315,1.),
(1.,0.700649336159377,1.),
(1.,0.697477588086422,1.),
(1.,0.69430583703093,1.),
(1.,0.69113409710642,1.),
(1.,0.687962315640518,1.),
(1.,0.684790689209202,1.),
(1.,0.681618484180935,1.),
(1.,0.678059354469704,1.),
(1.,0.675545474804173,1.),
(1.,0.674090957555197,1.)))REPRESENTATION_ITEM('')SURFACE());
#853=CARTESIAN_POINT('',(56.5919567276926,-7.12678821918243,-0.430930226384575));
#854=CARTESIAN_POINT('',(55.2993372218246,-6.6887358337141,0.554736419371048));
#855=CARTESIAN_POINT('',(55.2743276005331,-4.99999999999997,6.46299113731312E-15));
#856=CARTESIAN_POINT('',(56.5752614195205,-7.12717414414194,-0.418650077653078));
#857=CARTESIAN_POINT('',(55.2936931818765,-6.67665387134536,0.562072194298193));
#858=CARTESIAN_POINT('',(55.2580299203614,-5.00000000000003,6.46099524712754E-15));
#859=CARTESIAN_POINT('',(56.5502442666558,-7.12775303934765,-0.400195089393884));
#860=CARTESIAN_POINT('',(55.2852362764087,-6.65855052435311,0.573063958293975));
#861=CARTESIAN_POINT('',(55.2335834001022,-4.99999999999997,6.45800141184897E-15));
#862=CARTESIAN_POINT('',(56.5169398736864,-7.12852495967689,-0.375519053495749));
#863=CARTESIAN_POINT('',(55.2739850970282,-6.63446559101987,0.587687547134561));
#864=CARTESIAN_POINT('',(55.2009880397582,-4.99999999999996,6.45400963147773E-15));
#865=CARTESIAN_POINT('',(56.491987532337,-7.12910394107856,-0.356977370577242));
#866=CARTESIAN_POINT('',(55.2655374567274,-6.61638207758658,0.598667268837865));
#867=CARTESIAN_POINT('',(55.1765415195001,-5.00000000000002,6.4510157961993E-15));
#868=CARTESIAN_POINT('',(56.4670611922691,-7.12968297475512,-0.338401068174467));
#869=CARTESIAN_POINT('',(55.2570898162219,-6.59829856371517,0.609646990807182));
#870=CARTESIAN_POINT('',(55.1520949992413,-4.99999999999994,6.44802196092078E-15));
#871=CARTESIAN_POINT('',(56.4421609013256,-7.13026207187525,-0.319790182866209));
#872=CARTESIAN_POINT('',(55.2486421755097,-6.58021504940127,0.620626713045171));
#873=CARTESIAN_POINT('',(55.1276484789831,-5.00000000000003,6.44502812564232E-15));
#874=CARTESIAN_POINT('',(56.4172867073066,-7.130841243572,-0.30114475130293));
#875=CARTESIAN_POINT('',(55.2401945345887,-6.56213153464042,0.631606435554528));
#876=CARTESIAN_POINT('',(55.1032019587259,-4.99999999999995,6.442034290364E-15));
#877=CARTESIAN_POINT('',(56.3924386579506,-7.13142050099441,-0.282464810197834));
#878=CARTESIAN_POINT('',(55.2317468934569,-6.54404801942812,0.642586158337988));
#879=CARTESIAN_POINT('',(55.0787554384667,-5.00000000000001,6.43904045508542E-15));
#880=CARTESIAN_POINT('',(56.3676168009456,-7.1319998553162,-0.263750396336075));
#881=CARTESIAN_POINT('',(55.223299252112,-6.52596450375982,0.653565881398319));
#882=CARTESIAN_POINT('',(55.054308918209,-5.00000000000001,6.43604661980704E-15));
#883=CARTESIAN_POINT('',(56.3428211839273,-7.13257931769129,-0.245001546569076));
#884=CARTESIAN_POINT('',(55.2148516105519,-6.5078809876309,0.664545604738328));
#885=CARTESIAN_POINT('',(55.02986239795,-4.99999999999995,6.43305278452849E-15));
#886=CARTESIAN_POINT('',(56.3180518544758,-7.13315889929595,-0.226218297816182));
#887=CARTESIAN_POINT('',(55.2064039687745,-6.48979747103666,0.675525328360861));
#888=CARTESIAN_POINT('',(55.005415877692,-5.00000000000003,6.43005894925007E-15));
#889=CARTESIAN_POINT('',(56.2933088601194,-7.13373861131068,-0.207400687065708));
#890=CARTESIAN_POINT('',(55.1979563267774,-6.47171395397235,0.686505052268801));
#891=CARTESIAN_POINT('',(54.980969357434,-4.99999999999994,6.42706511397165E-15));
#892=CARTESIAN_POINT('',(56.2685922483302,-7.13431846491229,-0.188548751370893));
#893=CARTESIAN_POINT('',(55.1895086845586,-6.45363043643317,0.697484776465071));
#894=CARTESIAN_POINT('',(54.9565228371752,-5.00000000000003,6.42407127869311E-15));
#895=CARTESIAN_POINT('',(56.2439020665288,-7.13489847129329,-0.169662527855403));
#896=CARTESIAN_POINT('',(55.1810610421156,-6.43554691841423,0.708464500952636));
#897=CARTESIAN_POINT('',(54.9320763169171,-4.99999999999995,6.42107744341468E-15));
#898=CARTESIAN_POINT('',(56.2192383620798,-7.13547864165174,-0.150742053708642));
#899=CARTESIAN_POINT('',(55.1726133994462,-6.41746339991058,0.719444225734498));
#900=CARTESIAN_POINT('',(54.9076297966594,-5.00000000000001,6.41808360813628E-15));
#901=CARTESIAN_POINT('',(56.1946011822973,-7.13605898718219,-0.131787366189532));
#902=CARTESIAN_POINT('',(55.164165756548,-6.39937988091721,0.730423950813704));
#903=CARTESIAN_POINT('',(54.8831832764007,-5.00000000000001,6.41508977285778E-15));
#904=CARTESIAN_POINT('',(56.1699905744349,-7.13663951909382,-0.112798502620138));
#905=CARTESIAN_POINT('',(55.1557181134186,-6.38129636142903,0.741403676193341));
#906=CARTESIAN_POINT('',(54.8587367561428,-4.99999999999995,6.41209593757937E-15));
#907=CARTESIAN_POINT('',(56.1454065856989,-7.13722024860236,-0.0937755003953809));
#908=CARTESIAN_POINT('',(55.1472704700558,-6.36321284144089,0.75238340187654));
#909=CARTESIAN_POINT('',(54.8342902358842,-5.00000000000003,6.40910210230087E-15));
#910=CARTESIAN_POINT('',(56.1208492632373,-7.13780118691903,-0.0747183969733456));
#911=CARTESIAN_POINT('',(55.1388228264569,-6.34512932094756,0.763363127866474));
#912=CARTESIAN_POINT('',(54.809843715626,-4.99999999999995,6.40610826702242E-15));
#913=CARTESIAN_POINT('',(56.0963186541443,-7.13838234527042,-0.0556272298806419));
#914=CARTESIAN_POINT('',(55.1303751826195,-6.32704579994374,0.774342854166362));
#915=CARTESIAN_POINT('',(54.7853971953674,-5.00000000000001,6.40311443174391E-15));
#916=CARTESIAN_POINT('',(56.0718148054605,-7.138963734889,-0.036502036711859));
#917=CARTESIAN_POINT('',(55.1219275385412,-6.30896227842405,0.785322580779469));
#918=CARTESIAN_POINT('',(54.7609506751098,-5.00000000000001,6.40012059646554E-15));
#919=CARTESIAN_POINT('',(56.0473377641701,-7.1395453670024,-0.0173428551259389));
#920=CARTESIAN_POINT('',(55.1134798942193,-6.29087875638304,0.796302307709104));
#921=CARTESIAN_POINT('',(54.7365041548512,-4.99999999999995,6.39712676118705E-15));
#922=CARTESIAN_POINT('',(56.0228875772043,-7.14012725285532,0.00185027714853353));
#923=CARTESIAN_POINT('',(55.1050322496513,-6.27279523381518,0.807282034958622));
#924=CARTESIAN_POINT('',(54.7120576345929,-5.00000000000003,6.39413292590858E-15));
#925=CARTESIAN_POINT('',(55.9984642914387,-7.14070940369215,0.021077322317371));
#926=CARTESIAN_POINT('',(55.0965846048346,-6.25471171071487,0.81826176253143));
#927=CARTESIAN_POINT('',(54.6876111143343,-4.99999999999995,6.39113909063009E-15));
#928=CARTESIAN_POINT('',(55.9740679536941,-7.14129183076463,0.0403382425195896));
#929=CARTESIAN_POINT('',(55.0881369597665,-6.23662818707641,0.829241490430979));
#930=CARTESIAN_POINT('',(54.6631645940767,-5.00000000000002,6.38814525535171E-15));
#931=CARTESIAN_POINT('',(55.9496986107376,-7.14187454532829,0.0596329998263551));
#932=CARTESIAN_POINT('',(55.0796893144443,-6.21854466289405,0.840221218660772));
#933=CARTESIAN_POINT('',(54.6387180738181,-5.,6.38515142007321E-15));
#934=CARTESIAN_POINT('',(55.9253563092778,-7.14245755864934,0.0789615562444734));
#935=CARTESIAN_POINT('',(55.0712416688653,-6.20046113816193,0.851200947224359));
#936=CARTESIAN_POINT('',(54.6142715535598,-5.,6.38215758479475E-15));
#937=CARTESIAN_POINT('',(55.9010410959707,-7.14304088198848,0.0983238737132227));
#938=CARTESIAN_POINT('',(55.0627940230267,-6.18237761287412,0.862180676125347));
#939=CARTESIAN_POINT('',(54.5898250333012,-5.00000000000001,6.37916374951625E-15));
#940=CARTESIAN_POINT('',(55.8767530174197,-7.14362452662224,0.117719914102388));
#941=CARTESIAN_POINT('',(55.0543463769257,-6.1642940870246,0.873160405367388));
#942=CARTESIAN_POINT('',(54.5653785130436,-4.99999999999995,6.37616991423788E-15));
#943=CARTESIAN_POINT('',(55.8524921201653,-7.14420850383141,0.137149639221266));
#944=CARTESIAN_POINT('',(55.0458987305594,-6.14621056060725,0.884140134954192));
#945=CARTESIAN_POINT('',(54.540931992785,-5.00000000000001,6.37317607895938E-15));
#946=CARTESIAN_POINT('',(55.8282584507003,-7.14479282489346,0.156613010807502));
#947=CARTESIAN_POINT('',(55.037451083925,-6.12812703361588,0.895119864889521));
#948=CARTESIAN_POINT('',(54.5164854725268,-5.,6.37018224368092E-15));
#949=CARTESIAN_POINT('',(55.8040520554581,-7.14537750110027,0.176109990534876));
#950=CARTESIAN_POINT('',(55.0290034370195,-6.11004350604421,0.906099595177193));
#951=CARTESIAN_POINT('',(54.4920389522682,-5.,6.36718840840242E-15));
#952=CARTESIAN_POINT('',(55.7798729808155,-7.14596254374888,0.195640540011447));
#953=CARTESIAN_POINT('',(55.0205557898399,-6.09195997788586,0.917079325821081));
#954=CARTESIAN_POINT('',(54.4675924320106,-5.,6.36419457312405E-15));
#955=CARTESIAN_POINT('',(55.7557212730973,-7.14654796413244,0.215204620777374));
#956=CARTESIAN_POINT('',(55.0121081423832,-6.07387644913434,0.928059056825114));
#957=CARTESIAN_POINT('',(54.443145911752,-5.,6.36120073784555E-15));
#958=CARTESIAN_POINT('',(55.7315969785689,-7.1471337735581,0.234802194308644));
#959=CARTESIAN_POINT('',(55.0036604946464,-6.0557929197831,0.939038788193282));
#960=CARTESIAN_POINT('',(54.4186993914937,-5.,6.35820690256709E-15));
#961=CARTESIAN_POINT('',(55.7075001434405,-7.1477199833398,0.254433222014566));
#962=CARTESIAN_POINT('',(54.9952128466264,-6.03770938982547,0.950018519929631));
#963=CARTESIAN_POINT('',(54.3942528712351,-5.,6.35521306728859E-15));
#964=CARTESIAN_POINT('',(55.68343081387,-7.14830660478174,0.274097665237152));
#965=CARTESIAN_POINT('',(54.9867651983198,-6.01962585925468,0.96099825203827));
#966=CARTESIAN_POINT('',(54.3698063509775,-5.,6.35221923201022E-15));
#967=CARTESIAN_POINT('',(55.6593890359531,-7.14889364921363,0.293795485255453));
#968=CARTESIAN_POINT('',(54.9783175497236,-6.00154232806387,0.971977984523367));
#969=CARTESIAN_POINT('',(54.3453598307189,-5.,6.34922539673172E-15));
#970=CARTESIAN_POINT('',(55.635374855734,-7.14948112795942,0.313526643280019));
#971=CARTESIAN_POINT('',(54.9698699008346,-5.98345879624607,0.982957717389153));
#972=CARTESIAN_POINT('',(54.3209133104606,-5.,6.34623156145326E-15));
#973=CARTESIAN_POINT('',(55.6113883191984,-7.1500690523434,0.333291100458045));
#974=CARTESIAN_POINT('',(54.9614222516493,-5.96537526379419,0.993937450639925));
#975=CARTESIAN_POINT('',(54.296466790202,-4.99999999999999,6.34323772617476E-15));
#976=CARTESIAN_POINT('',(55.5874294722765,-7.15065743370495,0.353088817869525));
#977=CARTESIAN_POINT('',(54.9529746021645,-5.94729173070107,1.00491718428004));
#978=CARTESIAN_POINT('',(54.2720202699444,-5.00000000000002,6.34024389089638E-15));
#979=CARTESIAN_POINT('',(55.5634983608421,-7.1512462833818,0.372919756529656));
#980=CARTESIAN_POINT('',(54.9445269523767,-5.92920819695942,1.01589691831393));
#981=CARTESIAN_POINT('',(54.2475737496858,-4.99999999999999,6.33725005561789E-15));
#982=CARTESIAN_POINT('',(55.5395950307112,-7.15183561272346,0.392783877388206));
#983=CARTESIAN_POINT('',(54.9360793022825,-5.91112466256183,1.02687665274608));
#984=CARTESIAN_POINT('',(54.2231272294276,-4.99999999999999,6.33425622033943E-15));
#985=CARTESIAN_POINT('',(55.5157195276459,-7.1524254330732,0.412681141328945));
#986=CARTESIAN_POINT('',(54.9276316518784,-5.89304112750078,1.03785638758105));
#987=CARTESIAN_POINT('',(54.198680709169,-5.00000000000002,6.33126238506093E-15));
#988=CARTESIAN_POINT('',(55.4918718973481,-7.15301575578887,0.432611509171814));
#989=CARTESIAN_POINT('',(54.9191840011608,-5.87495759176866,1.04883612282349));
#990=CARTESIAN_POINT('',(54.1742341889114,-4.99999999999999,6.32826854978256E-15));
#991=CARTESIAN_POINT('',(55.468052185465,-7.15360659223341,0.452574941670098));
#992=CARTESIAN_POINT('',(54.910736350126,-5.85687405535771,1.05981585847808));
#993=CARTESIAN_POINT('',(54.1497876686528,-5.,6.32527471450405E-15));
#994=CARTESIAN_POINT('',(55.444260437587,-7.15419795376463,0.47257139951284));
#995=CARTESIAN_POINT('',(54.9022886987705,-5.83879051826006,1.07079559454961));
#996=CARTESIAN_POINT('',(54.1253411483945,-5.,6.3222808792256E-15));
#997=CARTESIAN_POINT('',(55.4204966992469,-7.15478985175619,0.492600843323187));
#998=CARTESIAN_POINT('',(54.8938410470905,-5.82070698046774,1.08177533104293));
#999=CARTESIAN_POINT('',(54.1008946281359,-5.,6.3192870439471E-15));
#1000=CARTESIAN_POINT('',(55.3967610159199,-7.15538229758095,0.512663233660756));
#1001=CARTESIAN_POINT('',(54.8853933950821,-5.80262344197263,1.09275506796296));
#1002=CARTESIAN_POINT('',(54.0764481078783,-5.00000000000002,6.31629320866872E-15));
#1003=CARTESIAN_POINT('',(55.3730534330248,-7.15597530261784,0.532758531019072));
#1004=CARTESIAN_POINT('',(54.8769457427416,-5.78453990276649,1.1037348053147));
#1005=CARTESIAN_POINT('',(54.0520015876197,-5.00000000000002,6.31329937339023E-15));
#1006=CARTESIAN_POINT('',(55.3493739959236,-7.15656887825125,0.552886695826638));
#1007=CARTESIAN_POINT('',(54.8684980900651,-5.76645636284095,1.11471454310324));
#1008=CARTESIAN_POINT('',(54.0275550673614,-5.,6.31030553811177E-15));
#1009=CARTESIAN_POINT('',(55.3257227499183,-7.15716303587079,0.57304768844939));
#1010=CARTESIAN_POINT('',(54.8600504370485,-5.74837282218751,1.12569428133374));
#1011=CARTESIAN_POINT('',(54.0031085471029,-5.,6.30731170283328E-15));
#1012=CARTESIAN_POINT('',(55.3020997402585,-7.15775778686234,0.593241469185055));
#1013=CARTESIAN_POINT('',(54.8516027836878,-5.73028928079754,1.13667402001144));
#1014=CARTESIAN_POINT('',(53.9786620268451,-5.,6.30431786755487E-15));
#1015=CARTESIAN_POINT('',(55.2785050121304,-7.15835314263197,0.61346799827036));
#1016=CARTESIAN_POINT('',(54.843155129979,-5.71220573866226,1.14765375914166));
#1017=CARTESIAN_POINT('',(53.9542155065867,-5.,6.30132403227641E-15));
#1018=CARTESIAN_POINT('',(55.2549386106664,-7.15894911457758,0.633727235875435));
#1019=CARTESIAN_POINT('',(54.8347074759178,-5.69412219577277,1.15863349872981));
#1020=CARTESIAN_POINT('',(53.9297689863282,-5.00000000000002,6.29833019699792E-15));
#1021=CARTESIAN_POINT('',(55.231400580941,-7.15954571410495,0.65401914210598));
#1022=CARTESIAN_POINT('',(54.8262598215001,-5.67603865212,1.1696132387814));
#1023=CARTESIAN_POINT('',(53.9053224660703,-5.00000000000001,6.2953363617195E-15));
#1024=CARTESIAN_POINT('',(55.2078909679677,-7.16014295262859,0.674343677005508));
#1025=CARTESIAN_POINT('',(54.8178121667215,-5.65795510769476,1.18059297930201));
#1026=CARTESIAN_POINT('',(53.8808759458117,-5.00000000000002,6.292342526441E-15));
#1027=CARTESIAN_POINT('',(55.1844098167073,-7.16074084156091,0.694700800549682));
#1028=CARTESIAN_POINT('',(54.8093645115777,-5.63987156248771,1.19157272029731));
#1029=CARTESIAN_POINT('',(53.8564294255538,-5.,6.28934869116259E-15));
#1030=CARTESIAN_POINT('',(55.1609571720574,-7.16133939232353,0.715090472653698));
#1031=CARTESIAN_POINT('',(54.8009168560643,-5.62178801648934,1.20255246177308));
#1032=CARTESIAN_POINT('',(53.8319829052952,-5.,6.28635485588409E-15));
#1033=CARTESIAN_POINT('',(55.137533078861,-7.16193861634297,0.735512653165933));
#1034=CARTESIAN_POINT('',(54.7924692001766,-5.60370446969,1.21353220373517));
#1035=CARTESIAN_POINT('',(53.8075363850372,-5.00000000000002,6.28336102060567E-15));
#1036=CARTESIAN_POINT('',(55.1141375819015,-7.16253852504452,0.755967301872494));
#1037=CARTESIAN_POINT('',(54.7840215439102,-5.58562092207988,1.22451194618954));
#1038=CARTESIAN_POINT('',(53.7830898647786,-5.00000000000001,6.28036718532717E-15));
#1039=CARTESIAN_POINT('',(55.0907707259043,-7.16313912986548,0.776454378494328));
#1040=CARTESIAN_POINT('',(54.7755738872604,-5.56753737364899,1.23549168914224));
#1041=CARTESIAN_POINT('',(53.7586433445207,-5.00000000000001,6.27737335004876E-15));
#1042=CARTESIAN_POINT('',(55.0674325555365,-7.16374044224179,0.79697384268928));
#1043=CARTESIAN_POINT('',(54.7671262302225,-5.54945382438722,1.24647143259944));
#1044=CARTESIAN_POINT('',(53.7341968242621,-5.00000000000002,6.27437951477026E-15));
#1045=CARTESIAN_POINT('',(55.0441231154068,-7.16434247361466,0.817525654051371));
#1046=CARTESIAN_POINT('',(54.7586785727916,-5.53137027428425,1.25745117656739));
#1047=CARTESIAN_POINT('',(53.7097503040042,-4.99999999999999,6.27138567949184E-15));
#1048=CARTESIAN_POINT('',(55.0208424500656,-7.16494523543155,0.838109772110502));
#1049=CARTESIAN_POINT('',(54.7502309149628,-5.51328672332961,1.26843092105244));
#1050=CARTESIAN_POINT('',(53.6853037837456,-5.00000000000002,6.26839184421334E-15));
#1051=CARTESIAN_POINT('',(54.9975906040037,-7.16554873914506,0.858726156333332));
#1052=CARTESIAN_POINT('',(54.7417832567312,-5.49520317151264,1.27941066606107));
#1053=CARTESIAN_POINT('',(53.6608572634876,-5.00000000000001,6.26539800893493E-15));
#1054=CARTESIAN_POINT('',(54.9743676216551,-7.16615299620647,0.879374766122618));
#1055=CARTESIAN_POINT('',(54.7333355980918,-5.47711961882252,1.29039041159984));
#1056=CARTESIAN_POINT('',(53.636410743229,-5.00000000000002,6.26240417365642E-15));
#1057=CARTESIAN_POINT('',(54.9511735473929,-7.16675801807865,0.90005556081805));
#1058=CARTESIAN_POINT('',(54.7248879390392,-5.45903606524824,1.30137015767545));
#1059=CARTESIAN_POINT('',(53.6119642229711,-5.00000000000001,6.25941033837801E-15));
#1060=CARTESIAN_POINT('',(54.9280084255324,-7.16736381622331,0.92076849969603));
#1061=CARTESIAN_POINT('',(54.7164402795685,-5.4409525107786,1.3123499042947));
#1062=CARTESIAN_POINT('',(53.5875177027125,-5.00000000000002,6.25641650309951E-15));
#1063=CARTESIAN_POINT('',(54.9048723003307,-7.16797040210624,0.941513541968925));
#1064=CARTESIAN_POINT('',(54.7079926196741,-5.42286895540222,1.32332965146449));
#1065=CARTESIAN_POINT('',(53.5630711824546,-5.00000000000001,6.25342266782109E-15));
#1066=CARTESIAN_POINT('',(54.8817652159837,-7.16857778720318,0.962290646786858));
#1067=CARTESIAN_POINT('',(54.6995449593508,-5.40478539910751,1.33430939919185));
#1068=CARTESIAN_POINT('',(53.538624662196,-5.00000000000002,6.2504288325426E-15));
#1069=CARTESIAN_POINT('',(54.8586872166307,-7.16918598298447,0.983099773236133));
#1070=CARTESIAN_POINT('',(54.6910972985929,-5.3867018418827,1.34528914748395));
#1071=CARTESIAN_POINT('',(53.514178141938,-5.00000000000001,6.24743499726418E-15));
#1072=CARTESIAN_POINT('',(54.8356383463498,-7.16979500093583,1.00394088033995));
#1073=CARTESIAN_POINT('',(54.682649637395,-5.3686182837158,1.35626889634805));
#1074=CARTESIAN_POINT('',(53.4897316216795,-5.00000000000002,6.24444116198568E-15));
#1075=CARTESIAN_POINT('',(54.8126186491606,-7.17040485253686,1.02481392705932));
#1076=CARTESIAN_POINT('',(54.6742019757512,-5.35053472459463,1.36724864579155));
#1077=CARTESIAN_POINT('',(53.4652851014214,-5.00000000000001,6.24144732670725E-15));
#1078=CARTESIAN_POINT('',(54.7896281690238,-7.17101554927687,1.04571887229125));
#1079=CARTESIAN_POINT('',(54.665754313656,-5.3324511645068,1.37822839582198));
#1080=CARTESIAN_POINT('',(53.4408385811631,-5.00000000000002,6.23845349142878E-15));
#1081=CARTESIAN_POINT('',(54.7666669498393,-7.17162710264847,1.06665567487092));
#1082=CARTESIAN_POINT('',(54.6573066511032,-5.31436760343968,1.389208146447));
#1083=CARTESIAN_POINT('',(53.4163920609048,-5.00000000000001,6.23545965615033E-15));
#1084=CARTESIAN_POINT('',(54.7437350354488,-7.17223952414484,1.08762429357034));
#1085=CARTESIAN_POINT('',(54.648858988087,-5.29628404138045,1.4001878976744));
#1086=CARTESIAN_POINT('',(53.3919455406465,-5.00000000000003,6.23246582087187E-15));
#1087=CARTESIAN_POINT('',(54.7208324696337,-7.17285282526805,1.10862468709854));
#1088=CARTESIAN_POINT('',(54.6404113246012,-5.27820047831601,1.41116764951209));
#1089=CARTESIAN_POINT('',(53.3674990203883,-5.00000000000001,6.22947198559341E-15));
#1090=CARTESIAN_POINT('',(54.6979592961152,-7.17346701752155,1.12965681410284));
#1091=CARTESIAN_POINT('',(54.6319636606395,-5.26011691423321,1.42214740196827));
#1092=CARTESIAN_POINT('',(53.34305250013,-5.00000000000001,6.22647815031495E-15));
#1093=CARTESIAN_POINT('',(54.6751155585558,-7.17408211241037,1.15072063316717));
#1094=CARTESIAN_POINT('',(54.6235159961962,-5.24203334911804,1.43312715505065));
#1095=CARTESIAN_POINT('',(53.3186059798717,-5.00000000000002,6.2234843150365E-15));
#1096=CARTESIAN_POINT('',(54.6523013005573,-7.17469812144824,1.17181610281354));
#1097=CARTESIAN_POINT('',(54.6150683312628,-5.22394978295847,1.44410690876943));
#1098=CARTESIAN_POINT('',(53.2941594596135,-5.00000000000002,6.22049047975804E-15));
#1099=CARTESIAN_POINT('',(54.6295165656615,-7.17531505614927,1.19294318150167));
#1100=CARTESIAN_POINT('',(54.6066206658403,-5.20586621573416,1.4550866631262));
#1101=CARTESIAN_POINT('',(53.2697129393553,-5.00000000000002,6.21749664447959E-15));
#1102=CARTESIAN_POINT('',(54.6067613973504,-7.17593292803181,1.21410182762892));
#1103=CARTESIAN_POINT('',(54.5981729998933,-5.18778264745405,1.46606641815581));
#1104=CARTESIAN_POINT('',(53.245266419097,-5.00000000000002,6.21450280920113E-15));
#1105=CARTESIAN_POINT('',(54.5840358390459,-7.17655174861827,1.2352919995303));
#1106=CARTESIAN_POINT('',(54.5897253335239,-5.1696990780185,1.47704617376777));
#1107=CARTESIAN_POINT('',(53.2208198988387,-5.00000000000002,6.21150897392267E-15));
#1108=CARTESIAN_POINT('',(54.5613399341092,-7.17717152943549,1.25651365547899));
#1109=CARTESIAN_POINT('',(54.5812776663136,-5.15161550772485,1.48802593034761));
#1110=CARTESIAN_POINT('',(53.1963733785804,-5.00000000000002,6.20851513864421E-15));
#1111=CARTESIAN_POINT('',(54.5386737258416,-7.17779228201279,1.27776675368618));
#1112=CARTESIAN_POINT('',(54.5728299998109,-5.13353193541409,1.49900568647687));
#1113=CARTESIAN_POINT('',(53.1719268583222,-5.00000000000002,6.20552130336575E-15));
#1114=CARTESIAN_POINT('',(54.5160372574837,-7.17841401788364,1.29905125230107));
#1115=CARTESIAN_POINT('',(54.5643823281305,-5.11544836526144,1.50998544757659));
#1116=CARTESIAN_POINT('',(53.1474803380639,-5.00000000000002,6.20252746808729E-15));
#1117=CARTESIAN_POINT('',(54.4934305722157,-7.17903674858541,1.32036710941087));
#1118=CARTESIAN_POINT('',(54.5559346734756,-5.09736478190861,1.52096519314345));
#1119=CARTESIAN_POINT('',(53.1230338178056,-5.00000000000002,6.19953363280884E-15));
#1120=CARTESIAN_POINT('',(54.4708537131573,-7.17966048565808,1.34171428304142));
#1121=CARTESIAN_POINT('',(54.5474869519221,-5.07928124148209,1.531945000932));
#1122=CARTESIAN_POINT('',(53.0985872975473,-5.00000000000002,6.19653979753037E-15));
#1123=CARTESIAN_POINT('',(54.4483067233673,-7.18028524064647,1.36309273115645));
#1124=CARTESIAN_POINT('',(54.5390394805073,-5.06119753864776,1.54292457632151));
#1125=CARTESIAN_POINT('',(53.0741407772891,-5.00000000000002,6.19354596225192E-15));
#1126=CARTESIAN_POINT('',(54.4257896458439,-7.18091102509772,1.38450241165852));
#1127=CARTESIAN_POINT('',(54.5305910614409,-5.04311442379485,1.55390503578333));
#1128=CARTESIAN_POINT('',(53.0496942570308,-5.00000000000002,6.19055212697346E-15));
#1129=CARTESIAN_POINT('',(54.4005425064106,-7.18161478566362,1.40857488501407));
#1130=CARTESIAN_POINT('',(54.5211042789011,-5.02279776092992,1.56623652639785));
#1131=CARTESIAN_POINT('',(53.0222472277113,-5.00000000000002,6.18719083531324E-15));
#1132=CARTESIAN_POINT('',(54.3828191147881,-7.1821105882846,1.42552951671221));
#1133=CARTESIAN_POINT('',(54.5147535993084,-5.00836744948432,1.57460177185146));
#1134=CARTESIAN_POINT('',(53.0029490384778,-5.00000000000003,6.18482748874582E-15));
#1135=CARTESIAN_POINT('',(54.3725889680088,-7.1823973669693,1.43533459747695));
#1136=CARTESIAN_POINT('',(54.511164142618,-4.99999093580537,1.5793591568054));
#1137=CARTESIAN_POINT('',(52.9917996893305,-5.00000000000002,6.18346208727124E-15));
#1138=FACE_BOUND('',#1139,.T.);
#1139=EDGE_LOOP('',(#5385,#5386,#5387));
#1140=CYLINDRICAL_SURFACE('',#1141,2.);
#1141=AXIS2_PLACEMENT_3D('',#1142,#1143,#1144);
#1142=CARTESIAN_POINT('',(48.99999995491,-3.00000000000002,-8.0000000112725));
#1143=DIRECTION('',(-5.63625036718975E-9,0.,-1.));
#1144=DIRECTION('',(0.,-1.,0.));
#1145=FACE_BOUND('',#1146,.T.);
#1146=EDGE_LOOP('',(#5388,#5389,#5390,#5391));
#1147=(BOUNDED_SURFACE()B_SPLINE_SURFACE(3,2,(
(#1148,#1149,#1150),
(#1151,#1152,#1153),
(#1154,#1155,#1156),
(#1157,#1158,#1159)),
.UNSPECIFIED.,.F.,.F.,.F.)B_SPLINE_SURFACE_WITH_KNOTS((4,4),
(3,3),
(-5.72033806112318E-6,0.233871054752281),
(0.,1.),
.UNSPECIFIED.)GEOMETRIC_REPRESENTATION_ITEM()RATIONAL_B_SPLINE_SURFACE((
(1.,0.924942676348535,1.),
(1.,0.924886940063906,1.),
(1.,0.924733546137972,1.),
(1.,0.924525089826941,1.)))REPRESENTATION_ITEM('')SURFACE());
#1148=CARTESIAN_POINT('',(46.3893022411783,-2.99998991499203,1.39238835507436));
#1149=CARTESIAN_POINT('',(46.9807531854016,-2.99999082522264,0.821677756062403));
#1150=CARTESIAN_POINT('',(46.9999999549427,-2.9999885593239,5.57214363114035E-15));
#1151=CARTESIAN_POINT('',(46.3888785380038,-3.13274359051364,1.39305260144588));
#1152=CARTESIAN_POINT('',(46.9807145971255,-3.12388106044236,0.82202503826713));
#1153=CARTESIAN_POINT('',(46.9999806878706,-3.15590813327791,5.56259395124617E-15));
#1154=CARTESIAN_POINT('',(46.4064977335802,-3.28696017492759,1.39331581373595));
#1155=CARTESIAN_POINT('',(46.9980289279453,-3.25299281936198,0.82105969800697));
#1156=CARTESIAN_POINT('',(47.0182953334371,-3.31181919085229,5.55529004957271E-15));
#1157=CARTESIAN_POINT('',(46.4571755721695,-3.46349127978565,1.40261218909609));
#1158=CARTESIAN_POINT('',(47.0356838236437,-3.38472598524581,0.820483661418995));
#1159=CARTESIAN_POINT('',(47.0544467778788,-3.46348984384093,5.55043017565936E-15));
#1160=FACE_BOUND('',#1161,.T.);
#1161=EDGE_LOOP('',(#5392,#5393,#5394,#5395));
#1162=CYLINDRICAL_SURFACE('',#1163,2.);
#1163=AXIS2_PLACEMENT_3D('',#1164,#1165,#1166);
#1164=CARTESIAN_POINT('',(45.0005484466332,6.99999999999998,-0.0468346638627049));
#1165=DIRECTION('',(0.,1.,9.51619735392991E-17));
#1166=DIRECTION('',(0.694376959169552,-6.84796457372496E-17,0.719611449724396));
#1167=FACE_BOUND('',#1168,.T.);
#1168=EDGE_LOOP('',(#5396,#5397,#5398,#5399));
#1169=(BOUNDED_SURFACE()B_SPLINE_SURFACE(3,2,(
(#1170,#1171,#1172),
(#1173,#1174,#1175),
(#1176,#1177,#1178),
(#1179,#1180,#1181)),
.UNSPECIFIED.,.F.,.F.,.F.)B_SPLINE_SURFACE_WITH_KNOTS((4,4),
(3,3),
(-5.72033814395802E-6,0.23387105475247),
(0.,1.),
.UNSPECIFIED.)GEOMETRIC_REPRESENTATION_ITEM()RATIONAL_B_SPLINE_SURFACE((
(1.,0.924942678160133,1.),
(1.,0.924886942455511,1.),
(1.,0.924733548080269,1.),
(1.,0.924525089826757,1.)))REPRESENTATION_ITEM('')SURFACE());
#1170=CARTESIAN_POINT('',(46.389302251758,2.99998991499192,1.39238834486563));
#1171=CARTESIAN_POINT('',(46.9807532105563,2.99999082522258,0.821677744450481));
#1172=CARTESIAN_POINT('',(47.0000000000327,2.99998855932395,5.93953627532776E-15));
#1173=CARTESIAN_POINT('',(46.3888785645125,3.13274358915907,1.39305257587164));
#1174=CARTESIAN_POINT('',(46.9807146229227,3.12388105854152,0.822025022865062));
#1175=CARTESIAN_POINT('',(46.999980732961,3.15590812976293,5.94908123593512E-15));
#1176=CARTESIAN_POINT('',(46.4064977572312,3.2869601734727,1.39331579052901));
#1177=CARTESIAN_POINT('',(46.9980289529907,3.25299281738516,0.821059685816224));
#1178=CARTESIAN_POINT('',(47.0182953781146,3.31181918382248,5.96087093175689E-15));
#1179=CARTESIAN_POINT('',(46.4571755721682,3.4634912797861,1.4026121890975));
#1180=CARTESIAN_POINT('',(47.0356838455749,3.3847259800213,0.820483661419771));
#1181=CARTESIAN_POINT('',(47.0544468217414,3.46348983339187,5.97458535550508E-15));
#1182=FACE_BOUND('',#1183,.T.);
#1183=EDGE_LOOP('',(#5400,#5401,#5402));
#1184=CYLINDRICAL_SURFACE('',#1185,2.);
#1185=AXIS2_PLACEMENT_3D('',#1186,#1187,#1188);
#1186=CARTESIAN_POINT('',(48.99999995491,2.99999999999998,-8.0000000112725));
#1187=DIRECTION('',(-5.63624964308081E-9,0.,-1.));
#1188=DIRECTION('',(-1.,0.,5.63624964308081E-9));
#1189=FACE_BOUND('',#1190,.T.);
#1190=EDGE_LOOP('',(#5403,#5404,#5405,#5406));
#1191=(BOUNDED_SURFACE()B_SPLINE_SURFACE(3,2,(
(#1192,#1193,#1194),
(#1195,#1196,#1197),
(#1198,#1199,#1200),
(#1201,#1202,#1203),
(#1204,#1205,#1206),
(#1207,#1208,#1209),
(#1210,#1211,#1212),
(#1213,#1214,#1215),
(#1216,#1217,#1218),
(#1219,#1220,#1221),
(#1222,#1223,#1224),
(#1225,#1226,#1227),
(#1228,#1229,#1230),
(#1231,#1232,#1233),
(#1234,#1235,#1236),
(#1237,#1238,#1239),
(#1240,#1241,#1242),
(#1243,#1244,#1245),
(#1246,#1247,#1248),
(#1249,#1250,#1251),
(#1252,#1253,#1254),
(#1255,#1256,#1257),
(#1258,#1259,#1260),
(#1261,#1262,#1263),
(#1264,#1265,#1266),
(#1267,#1268,#1269),
(#1270,#1271,#1272),
(#1273,#1274,#1275),
(#1276,#1277,#1278),
(#1279,#1280,#1281),
(#1282,#1283,#1284),
(#1285,#1286,#1287),
(#1288,#1289,#1290),
(#1291,#1292,#1293),
(#1294,#1295,#1296),
(#1297,#1298,#1299),
(#1300,#1301,#1302),
(#1303,#1304,#1305),
(#1306,#1307,#1308),
(#1309,#1310,#1311),
(#1312,#1313,#1314),
(#1315,#1316,#1317),
(#1318,#1319,#1320),
(#1321,#1322,#1323),
(#1324,#1325,#1326),
(#1327,#1328,#1329),
(#1330,#1331,#1332),
(#1333,#1334,#1335),
(#1336,#1337,#1338),
(#1339,#1340,#1341),
(#1342,#1343,#1344),
(#1345,#1346,#1347),
(#1348,#1349,#1350),
(#1351,#1352,#1353),
(#1354,#1355,#1356),
(#1357,#1358,#1359),
(#1360,#1361,#1362),
(#1363,#1364,#1365),
(#1366,#1367,#1368),
(#1369,#1370,#1371),
(#1372,#1373,#1374),
(#1375,#1376,#1377),
(#1378,#1379,#1380),
(#1381,#1382,#1383),
(#1384,#1385,#1386),
(#1387,#1388,#1389),
(#1390,#1391,#1392),
(#1393,#1394,#1395),
(#1396,#1397,#1398),
(#1399,#1400,#1401),
(#1402,#1403,#1404),
(#1405,#1406,#1407),
(#1408,#1409,#1410),
(#1411,#1412,#1413),
(#1414,#1415,#1416),
(#1417,#1418,#1419),
(#1420,#1421,#1422),
(#1423,#1424,#1425),
(#1426,#1427,#1428),
(#1429,#1430,#1431),
(#1432,#1433,#1434),
(#1435,#1436,#1437),
(#1438,#1439,#1440),
(#1441,#1442,#1443),
(#1444,#1445,#1446),
(#1447,#1448,#1449),
(#1450,#1451,#1452),
(#1453,#1454,#1455),
(#1456,#1457,#1458),
(#1459,#1460,#1461),
(#1462,#1463,#1464),
(#1465,#1466,#1467),
(#1468,#1469,#1470),
(#1471,#1472,#1473),
(#1474,#1475,#1476)),
.UNSPECIFIED.,.F.,.F.,.F.)B_SPLINE_SURFACE_WITH_KNOTS((4,1,1,1,1,1,1,1,1,1,1,1,1,
1,1,1,1,1,1,1,1,1,1,1,1,1,1,1,1,1,1,1,1,1,1,1,1,1,1,1,1,1,1,1,1,1,1,1,1,1,1,1,1,
1,1,1,1,1,1,1,1,1,1,1,1,1,1,1,1,1,1,1,1,1,1,1,1,1,1,1,1,1,1,1,1,1,1,1,1,1,1,1,4),
(3,3),
(-45.6838603455607,-44.6838603455607,-44.1838603455607,-43.6838603455607,-43.1838603455607,
-42.6838603455607,-42.1838603455607,-41.6838603455607,-41.1838603455607,-40.6838603455607,
-40.1838603455607,-39.6838603455607,-39.1838603455607,-38.6838603455607,-38.1838603455607,
-37.6838603455607,-37.1838603455607,-36.6838603455607,-36.1838603455607,-35.6838603455607,
-35.1838603455607,-34.6838603455607,-34.1838603455607,-33.6838603455607,-33.1838603455607,
-32.6838603455607,-32.1838603455607,-31.6838603455607,-31.1838603455607,-30.6838603455607,
-30.1838603455607,-29.6838603455607,-29.1838603455607,-28.6838603455607,-28.1838603455607,
-27.6838603455607,-27.1838603455607,-26.6838603455607,-26.1838603455607,-25.6838603455607,
-25.1838603455607,-24.6838603455607,-24.1838603455607,-23.6838603455607,-23.1838603455607,
-22.6838603455607,-22.1838603455607,-21.6838603455607,-21.1838603455607,-20.6838603455607,
-20.1838603455607,-19.6838603455607,-19.1838603455607,-18.6838603455607,-18.1838603455607,
-17.6838603455607,-17.1838603455607,-16.6838603455607,-16.1838603455607,-15.6838603455607,
-15.1838603455607,-14.6838603455607,-14.1838603455607,-13.6838603455607,-13.1838603455607,
-12.6838603455607,-12.1838603455607,-11.6838603455607,-11.1838603455607,-10.6838603455607,
-10.1838603455607,-9.68386034556071,-9.18386034556071,-8.68386034556071,-8.18386034556071,
-7.68386034556071,-7.18386034556071,-6.68386034556071,-6.18386034556071,-5.68386034556071,
-5.18386034556071,-4.68386034556071,-4.18386034556071,-3.68386034556071,-3.18386034556071,
-2.68386034556071,-2.18386034556071,-1.68386034556071,-1.18386034556071,-0.68386034556071,
-0.18386034556071,0.31613965443929,1.00024616708759),
(0.,1.),
.UNSPECIFIED.)GEOMETRIC_REPRESENTATION_ITEM()RATIONAL_B_SPLINE_SURFACE((
(1.,0.970247976067868,1.),
(1.,0.968133476932374,1.),
(1.,0.964961728229133,1.),
(1.,0.960732729958145,1.),
(1.,0.957560981254904,1.),
(1.,0.954389232551663,1.),
(1.,0.951217483848423,1.),
(1.,0.948045735145181,1.),
(1.,0.944873986441941,1.),
(1.,0.9417022377387,1.),
(1.,0.938530489035459,1.),
(1.,0.935358740332218,1.),
(1.,0.932186991628977,1.),
(1.,0.929015242925736,1.),
(1.,0.925843494222495,1.),
(1.,0.922671745519254,1.),
(1.,0.919499996816013,1.),
(1.,0.916328248112772,1.),
(1.,0.913156499409532,1.),
(1.,0.90998475070629,1.),
(1.,0.906813002003049,1.),
(1.,0.903641253299809,1.),
(1.,0.900469504596568,1.),
(1.,0.897297755893327,1.),
(1.,0.894126007190086,1.),
(1.,0.890954258486845,1.),
(1.,0.887782509783604,1.),
(1.,0.884610761080363,1.),
(1.,0.881439012377122,1.),
(1.,0.878267263673881,1.),
(1.,0.87509551497064,1.),
(1.,0.871923766267399,1.),
(1.,0.868752017564158,1.),
(1.,0.865580268860917,1.),
(1.,0.862408520157677,1.),
(1.,0.859236771454435,1.),
(1.,0.856065022751194,1.),
(1.,0.852893274047954,1.),
(1.,0.849721525344713,1.),
(1.,0.846549776641472,1.),
(1.,0.843378027938231,1.),
(1.,0.84020627923499,1.),
(1.,0.837034530531749,1.),
(1.,0.833862781828508,1.),
(1.,0.830691033125267,1.),
(1.,0.827519284422026,1.),
(1.,0.824347535718785,1.),
(1.,0.821175787015544,1.),
(1.,0.818004038312303,1.),
(1.,0.814832289609062,1.),
(1.,0.811660540905821,1.),
(1.,0.80848879220258,1.),
(1.,0.805317043499339,1.),
(1.,0.802145294796098,1.),
(1.,0.798973546092858,1.),
(1.,0.795801797389617,1.),
(1.,0.792630048686376,1.),
(1.,0.789458299983135,1.),
(1.,0.786286551279894,1.),
(1.,0.783114802576653,1.),
(1.,0.779943053873412,1.),
(1.,0.776771305170171,1.),
(1.,0.77359955646693,1.),
(1.,0.770427807763689,1.),
(1.,0.767256059060448,1.),
(1.,0.764084310357207,1.),
(1.,0.760912561653966,1.),
(1.,0.757740812950725,1.),
(1.,0.754569064247484,1.),
(1.,0.751397315544243,1.),
(1.,0.748225566841002,1.),
(1.,0.745053818137762,1.),
(1.,0.741882069434521,1.),
(1.,0.73871032073128,1.),
(1.,0.735538572028039,1.),
(1.,0.732366823324798,1.),
(1.,0.729195074621558,1.),
(1.,0.726023325918312,1.),
(1.,0.722851577215088,1.),
(1.,0.719679828511785,1.),
(1.,0.716508079808777,1.),
(1.,0.713336331104666,1.),
(1.,0.710164582404674,1.),
(1.,0.706992833689307,1.),
(1.,0.703821085031319,1.),
(1.,0.700649336159194,1.),
(1.,0.697477588086237,1.),
(1.,0.694305837030743,1.),
(1.,0.691134097106231,1.),
(1.,0.687962315640327,1.),
(1.,0.684790689209009,1.),
(1.,0.68161848418074,1.),
(1.,0.678059354469573,1.),
(1.,0.675545474804107,1.),
(1.,0.674090957555197,1.)))REPRESENTATION_ITEM('')SURFACE());
#1192=CARTESIAN_POINT('',(56.591956727692,7.12678821917987,-0.430930226383833));
#1193=CARTESIAN_POINT('',(55.2993372218228,6.68873583371396,0.55473641937126));
#1194=CARTESIAN_POINT('',(55.2743276005326,4.99999999999997,7.07531453688673E-15));
#1195=CARTESIAN_POINT('',(56.5752614195209,7.12717414413961,-0.418650077653187));
#1196=CARTESIAN_POINT('',(55.2936931818747,6.67665387134521,0.562072194298408));
#1197=CARTESIAN_POINT('',(55.2580299203603,4.99999999999999,7.07331864670108E-15));
#1198=CARTESIAN_POINT('',(56.5502442666548,7.12775303934486,-0.40019508939292));
#1199=CARTESIAN_POINT('',(55.2852362764069,6.65855052435295,0.573063958294195));
#1200=CARTESIAN_POINT('',(55.2335834001028,4.99999999999994,7.07032481142271E-15));
#1201=CARTESIAN_POINT('',(56.5169398736858,7.12852495967462,-0.375519053495071));
#1202=CARTESIAN_POINT('',(55.2739850970264,6.6344655910197,0.587687547134788));
#1203=CARTESIAN_POINT('',(55.2009880397575,5.00000000000002,7.06633303105133E-15));
#1204=CARTESIAN_POINT('',(56.4919875323362,7.12910394107491,-0.35697737057635));
#1205=CARTESIAN_POINT('',(55.2655374567256,6.6163820775864,0.598667268838098));
#1206=CARTESIAN_POINT('',(55.1765415194996,4.99999999999996,7.06333919577291E-15));
#1207=CARTESIAN_POINT('',(56.4670611922686,7.12968297475662,-0.338401068174193));
#1208=CARTESIAN_POINT('',(55.2570898162201,6.59829856371498,0.609646990807419));
#1209=CARTESIAN_POINT('',(55.1520949992414,4.99999999999997,7.06034536049446E-15));
#1210=CARTESIAN_POINT('',(56.442160901325,7.13026207187713,-0.319790182865936));
#1211=CARTESIAN_POINT('',(55.248642175508,6.58021504940106,0.620626713045413));
#1212=CARTESIAN_POINT('',(55.1276484789832,4.99999999999998,7.05735152521601E-15));
#1213=CARTESIAN_POINT('',(56.417286707306,7.13084124356724,-0.301144751302035));
#1214=CARTESIAN_POINT('',(55.240194534587,6.5621315346402,0.631606435554776));
#1215=CARTESIAN_POINT('',(55.1032019587252,4.99999999999996,7.05435768993759E-15));
#1216=CARTESIAN_POINT('',(56.3924386579495,7.13142050099622,-0.282464810197148));
#1217=CARTESIAN_POINT('',(55.2317468934551,6.5440480194279,0.64258615833824));
#1218=CARTESIAN_POINT('',(55.0787554384663,5.00000000000002,7.05136385465906E-15));
#1219=CARTESIAN_POINT('',(56.3676168009442,7.13199985531763,-0.263750396335175));
#1220=CARTESIAN_POINT('',(55.2232992521103,6.52596450375958,0.653565881398577));
#1221=CARTESIAN_POINT('',(55.0543089182083,4.99999999999996,7.04837001938063E-15));
#1222=CARTESIAN_POINT('',(56.3428211839274,7.13257931768767,-0.2450015465688));
#1223=CARTESIAN_POINT('',(55.2148516105502,6.50788098763065,0.664545604738591));
#1224=CARTESIAN_POINT('',(55.0298623979504,4.99999999999998,7.04537618410221E-15));
#1225=CARTESIAN_POINT('',(56.3180518544745,7.13315889930367,-0.226218297815904));
#1226=CARTESIAN_POINT('',(55.2064039687728,6.48979747103639,0.675525328361129));
#1227=CARTESIAN_POINT('',(55.0054158776914,4.99999999999997,7.04238234882366E-15));
#1228=CARTESIAN_POINT('',(56.2933088601187,7.1337386113069,-0.207400687064816));
#1229=CARTESIAN_POINT('',(55.1979563267758,6.47171395397208,0.686505052269074));
#1230=CARTESIAN_POINT('',(54.9809693574336,4.99999999999996,7.03938851354527E-15));
#1231=CARTESIAN_POINT('',(56.268592248329,7.13431846491397,-0.188548751370177));
#1232=CARTESIAN_POINT('',(55.1895086845569,6.45363043643288,0.69748477646535));
#1233=CARTESIAN_POINT('',(54.9565228371746,5.00000000000002,7.03639467826672E-15));
#1234=CARTESIAN_POINT('',(56.2439020665276,7.1348984712942,-0.169662527854576));
#1235=CARTESIAN_POINT('',(55.181061042114,6.43554691841394,0.708464500952919));
#1236=CARTESIAN_POINT('',(54.9320763169169,4.99999999999996,7.03340084298832E-15));
#1237=CARTESIAN_POINT('',(56.2192383620792,7.13547864165028,-0.15074205370806));
#1238=CARTESIAN_POINT('',(55.1726133994446,6.41746339991027,0.719444225734787));
#1239=CARTESIAN_POINT('',(54.907629796658,4.99999999999997,7.03040700770979E-15));
#1240=CARTESIAN_POINT('',(56.1946011822955,7.13605898718143,-0.131787366188085));
#1241=CARTESIAN_POINT('',(55.1641657565464,6.3993798809169,0.730423950813998));
#1242=CARTESIAN_POINT('',(54.883183276401,4.99999999999997,7.02741317243149E-15));
#1243=CARTESIAN_POINT('',(56.1699905744344,7.13663951909227,-0.112798502619582));
#1244=CARTESIAN_POINT('',(55.1557181134171,6.38129636142871,0.74140367619364));
#1245=CARTESIAN_POINT('',(54.8587367561417,4.99999999999996,7.02441933715291E-15));
#1246=CARTESIAN_POINT('',(56.1454065856976,7.13722024860361,-0.0937755003944256));
#1247=CARTESIAN_POINT('',(55.1472704700542,6.36321284144055,0.752383401876843));
#1248=CARTESIAN_POINT('',(54.834290235884,5.00000000000002,7.02142550187452E-15));
#1249=CARTESIAN_POINT('',(56.1208492632369,7.13780118691943,-0.0747183969730755));
#1250=CARTESIAN_POINT('',(55.1388228264554,6.34512932094721,0.763363127866783));
#1251=CARTESIAN_POINT('',(54.8098437156253,4.99999999999996,7.01843166659601E-15));
#1252=CARTESIAN_POINT('',(56.0963186541438,7.13838234527179,-0.0556272298803544));
#1253=CARTESIAN_POINT('',(55.130375182618,6.32704579994338,0.774342854166676));
#1254=CARTESIAN_POINT('',(54.7853971953674,4.99999999999998,7.01543783131759E-15));
#1255=CARTESIAN_POINT('',(56.0718148054596,7.13896373488739,-0.0365020367109558));
#1256=CARTESIAN_POINT('',(55.1219275385397,6.30896227842367,0.785322580779788));
#1257=CARTESIAN_POINT('',(54.7609506751089,4.99999999999997,7.01244399603911E-15));
#1258=CARTESIAN_POINT('',(56.0473377641692,7.13954536700178,-0.0173428551251923));
#1259=CARTESIAN_POINT('',(55.1134798942178,6.29087875638265,0.796302307709428));
#1260=CARTESIAN_POINT('',(54.7365041548505,4.99999999999996,7.00945016076063E-15));
#1261=CARTESIAN_POINT('',(56.0228875772035,7.14012725285374,0.00185027714931207));
#1262=CARTESIAN_POINT('',(55.1050322496498,6.27279523381478,0.807282034958952));
#1263=CARTESIAN_POINT('',(54.7120576345925,5.00000000000002,7.00645632548221E-15));
#1264=CARTESIAN_POINT('',(55.9984642914376,7.14070940369342,0.0210773223181785));
#1265=CARTESIAN_POINT('',(55.0965846048331,6.25471171071446,0.818261762531765));
#1266=CARTESIAN_POINT('',(54.6876111143339,4.99999999999996,7.00346249020371E-15));
#1267=CARTESIAN_POINT('',(55.9740679536932,7.14129183076498,0.0403382425202496));
#1268=CARTESIAN_POINT('',(55.088136959765,6.236628187076,0.829241490431319));
#1269=CARTESIAN_POINT('',(54.6631645940759,4.99999999999998,7.00046865492529E-15));
#1270=CARTESIAN_POINT('',(55.9496986107359,7.1418745453295,0.0596329998275975));
#1271=CARTESIAN_POINT('',(55.0796893144428,6.21854466289362,0.840221218661116));
#1272=CARTESIAN_POINT('',(54.6387180738175,4.99999999999997,6.99747481964681E-15));
#1273=CARTESIAN_POINT('',(55.9253563092763,7.14245755864765,0.0789615562458781));
#1274=CARTESIAN_POINT('',(55.0712416688639,6.2004611381615,0.85120094722471));
#1275=CARTESIAN_POINT('',(54.614271553559,4.99999999999997,6.99448098436833E-15));
#1276=CARTESIAN_POINT('',(55.9010410959706,7.14304088198794,0.098323873713417));
#1277=CARTESIAN_POINT('',(55.0627940230252,6.18237761287367,0.862180676125702));
#1278=CARTESIAN_POINT('',(54.5898250333009,4.99999999999997,6.99148714908989E-15));
#1279=CARTESIAN_POINT('',(55.8767530174183,7.14362452662058,0.117719914103723));
#1280=CARTESIAN_POINT('',(55.0543463769242,6.16429408702413,0.873160405367748));
#1281=CARTESIAN_POINT('',(54.5653785130428,4.99999999999996,6.98849331381146E-15));
#1282=CARTESIAN_POINT('',(55.8524921201646,7.14420850383275,0.137149639221613));
#1283=CARTESIAN_POINT('',(55.045898730558,6.14621056060678,0.884140134954557));
#1284=CARTESIAN_POINT('',(54.5409319927844,5.00000000000002,6.98549947853298E-15));
#1285=CARTESIAN_POINT('',(55.8282584506993,7.1447928248938,0.156613010808315));
#1286=CARTESIAN_POINT('',(55.0374510839236,6.1281270336154,0.895119864889891));
#1287=CARTESIAN_POINT('',(54.5164854725261,4.99999999999996,6.98250564325451E-15));
#1288=CARTESIAN_POINT('',(55.8040520554565,7.14537750110142,0.176109990536007));
#1289=CARTESIAN_POINT('',(55.0290034370181,6.11004350604372,0.906099595177569));
#1290=CARTESIAN_POINT('',(54.4920389522675,4.99999999999997,6.97951180797601E-15));
#1291=CARTESIAN_POINT('',(55.7798729808149,7.14596254374758,0.195640540012058));
#1292=CARTESIAN_POINT('',(55.0205557898386,6.09195997788535,0.917079325821461));
#1293=CARTESIAN_POINT('',(54.4675924320099,4.99999999999997,6.97651797269764E-15));
#1294=CARTESIAN_POINT('',(55.7557212730961,7.14654796413082,0.215204620778533));
#1295=CARTESIAN_POINT('',(55.0121081423819,6.07387644913383,0.9280590568255));
#1296=CARTESIAN_POINT('',(54.4431459117513,4.99999999999996,6.97352413741914E-15));
#1297=CARTESIAN_POINT('',(55.7315969785678,7.14713377356002,0.234802194309344));
#1298=CARTESIAN_POINT('',(55.0036604946451,6.05579291978258,0.939038788193673));
#1299=CARTESIAN_POINT('',(54.418699391493,5.00000000000002,6.97053030214068E-15));
#1300=CARTESIAN_POINT('',(55.7075001434398,7.14771998333759,0.254433222015383));
#1301=CARTESIAN_POINT('',(54.9952128466251,6.03770938982493,0.950018519930027));
#1302=CARTESIAN_POINT('',(54.3942528712345,4.99999999999996,6.9675364668622E-15));
#1303=CARTESIAN_POINT('',(55.6834308138689,7.14830660478301,0.274097665237961));
#1304=CARTESIAN_POINT('',(54.9867651983185,6.01962585925413,0.960998252038671));
#1305=CARTESIAN_POINT('',(54.3698063509764,4.99999999999997,6.96454263158376E-15));
#1306=CARTESIAN_POINT('',(55.6593890359521,7.14889364921461,0.293795485256175));
#1307=CARTESIAN_POINT('',(54.9783175497224,6.00154232806331,0.971977984523772));
#1308=CARTESIAN_POINT('',(54.3453598307183,4.99999999999997,6.96154879630532E-15));
#1309=CARTESIAN_POINT('',(55.6353748557328,7.14948112795807,0.313526643281095));
#1310=CARTESIAN_POINT('',(54.9698699008333,5.98345879624549,0.982957717389564));
#1311=CARTESIAN_POINT('',(54.3209133104599,4.99999999999996,6.95855496102684E-15));
#1312=CARTESIAN_POINT('',(55.6113883191974,7.15006905234199,0.333291100459009));
#1313=CARTESIAN_POINT('',(54.9614222516481,5.96537526379361,0.99393745064034));
#1314=CARTESIAN_POINT('',(54.2964667902015,5.00000000000002,6.95556112574838E-15));
#1315=CARTESIAN_POINT('',(55.5874294722751,7.15065743370609,0.353088817870604));
#1316=CARTESIAN_POINT('',(54.9529746021632,5.94729173070048,1.00491718428046));
#1317=CARTESIAN_POINT('',(54.2720202699431,4.99999999999996,6.95256729046989E-15));
#1318=CARTESIAN_POINT('',(55.5634983608411,7.15124628338229,0.372919756530386));
#1319=CARTESIAN_POINT('',(54.9445269523755,5.92920819695881,1.01589691831435));
#1320=CARTESIAN_POINT('',(54.247573749685,4.99999999999997,6.94957345519146E-15));
#1321=CARTESIAN_POINT('',(55.5395950307101,7.15183561272419,0.392783877389045));
#1322=CARTESIAN_POINT('',(54.9360793022813,5.91112466256121,1.02687665274651));
#1323=CARTESIAN_POINT('',(54.2231272294269,4.99999999999999,6.94657961991302E-15));
#1324=CARTESIAN_POINT('',(55.5157195276449,7.15242543307364,0.412681141329675));
#1325=CARTESIAN_POINT('',(54.9276316518772,5.89304112750015,1.03785638758149));
#1326=CARTESIAN_POINT('',(54.1986807091685,4.99999999999996,6.94358578463454E-15));
#1327=CARTESIAN_POINT('',(55.4918718973467,7.15301575579021,0.432611509172874));
#1328=CARTESIAN_POINT('',(54.9191840011596,5.87495759176802,1.04883612282393));
#1329=CARTESIAN_POINT('',(54.17423418891,4.99999999999998,6.94059194935606E-15));
#1330=CARTESIAN_POINT('',(55.468052185464,7.15360659223127,0.452574941671184));
#1331=CARTESIAN_POINT('',(54.9107363501248,5.85687405535706,1.05981585847853));
#1332=CARTESIAN_POINT('',(54.149787668652,4.99999999999996,6.93759811407764E-15));
#1333=CARTESIAN_POINT('',(55.444260437586,7.15419795376602,0.472571399513508));
#1334=CARTESIAN_POINT('',(54.9022886987694,5.8387905182594,1.07079559455006));
#1335=CARTESIAN_POINT('',(54.1253411483935,4.99999999999999,6.93460427879914E-15));
#1336=CARTESIAN_POINT('',(55.4204966992456,7.15478985175659,0.492600843324289));
#1337=CARTESIAN_POINT('',(54.8938410470893,5.82070698046707,1.08177533104339));
#1338=CARTESIAN_POINT('',(54.1008946281355,4.99999999999999,6.93161044352073E-15));
#1339=CARTESIAN_POINT('',(55.3967610159186,7.1553822975816,0.512663233661754));
#1340=CARTESIAN_POINT('',(54.885393395081,5.80262344197195,1.09275506796342));
#1341=CARTESIAN_POINT('',(54.0764481078769,4.99999999999997,6.92861660824223E-15));
#1342=CARTESIAN_POINT('',(55.3730534330236,7.15597530261848,0.532758531020074));
#1343=CARTESIAN_POINT('',(54.8769457427405,5.78453990276579,1.10373480531517));
#1344=CARTESIAN_POINT('',(54.052001587619,4.99999999999997,6.92562277296381E-15));
#1345=CARTESIAN_POINT('',(55.3493739959223,7.15656887825167,0.55288669582775));
#1346=CARTESIAN_POINT('',(54.868498090064,5.76645636284024,1.11471454310372));
#1347=CARTESIAN_POINT('',(54.0275550673605,4.99999999999997,6.92262893768533E-15));
#1348=CARTESIAN_POINT('',(55.3257227499179,7.15716303586738,0.573047688450059));
#1349=CARTESIAN_POINT('',(54.8600504370474,5.74837282218679,1.12569428133422));
#1350=CARTESIAN_POINT('',(54.003108547102,4.99999999999997,6.91963510240684E-15));
#1351=CARTESIAN_POINT('',(55.3020997402568,7.15775778686521,0.59324146918617));
#1352=CARTESIAN_POINT('',(54.8516027836867,5.73028928079681,1.13667402001192));
#1353=CARTESIAN_POINT('',(53.9786620268442,4.99999999999999,6.91664126712844E-15));
#1354=CARTESIAN_POINT('',(55.2785050121292,7.15835314263223,0.613467998271371));
#1355=CARTESIAN_POINT('',(54.8431551299779,5.71220573866152,1.14765375914214));
#1356=CARTESIAN_POINT('',(53.9542155065856,4.99999999999999,6.91364743184995E-15));
#1357=CARTESIAN_POINT('',(55.2549386106653,7.15894911457729,0.633727235876437));
#1358=CARTESIAN_POINT('',(54.8347074759168,5.69412219577201,1.15863349873031));
#1359=CARTESIAN_POINT('',(53.9297689863274,4.99999999999997,6.9106535965715E-15));
#1360=CARTESIAN_POINT('',(55.2314005809397,7.15954571410476,0.654019142107123));
#1361=CARTESIAN_POINT('',(54.8262598214991,5.67603865211924,1.1696132387819));
#1362=CARTESIAN_POINT('',(53.9053224660692,4.99999999999998,6.90765976129304E-15));
#1363=CARTESIAN_POINT('',(55.2078909679671,7.16014295262855,0.674343677006094));
#1364=CARTESIAN_POINT('',(54.8178121667205,5.65795510769399,1.18059297930251));
#1365=CARTESIAN_POINT('',(53.8808759458107,4.99999999999997,6.90466592601456E-15));
#1366=CARTESIAN_POINT('',(55.1844098167056,7.16074084156037,0.694700800551162));
#1367=CARTESIAN_POINT('',(54.8093645115767,5.63987156248693,1.19157272029782));
#1368=CARTESIAN_POINT('',(53.8564294255525,4.99999999999999,6.90167209073611E-15));
#1369=CARTESIAN_POINT('',(55.1609571720563,7.16133939232446,0.71509047265461));
#1370=CARTESIAN_POINT('',(54.8009168560633,5.62178801648855,1.20255246177359));
#1371=CARTESIAN_POINT('',(53.8319829052942,4.99999999999999,6.89867825545765E-15));
#1372=CARTESIAN_POINT('',(55.1375330788597,7.16193861634342,0.735512653167007));
#1373=CARTESIAN_POINT('',(54.7924692001756,5.60370446968919,1.21353220373569));
#1374=CARTESIAN_POINT('',(53.807536385036,4.99999999999997,6.89568442017919E-15));
#1375=CARTESIAN_POINT('',(55.1141375819002,7.16253852504544,0.755967301873486));
#1376=CARTESIAN_POINT('',(54.7840215439093,5.58562092207906,1.22451194619006));
#1377=CARTESIAN_POINT('',(53.7830898647777,4.99999999999998,6.89269058490073E-15));
#1378=CARTESIAN_POINT('',(55.090770725903,7.163139129865,0.776454378495509));
#1379=CARTESIAN_POINT('',(54.7755738872595,5.56753737364817,1.23549168914277));
#1380=CARTESIAN_POINT('',(53.7586433445195,4.99999999999997,6.88969674962228E-15));
#1381=CARTESIAN_POINT('',(55.0674325555353,7.16374044224166,0.796973842690406));
#1382=CARTESIAN_POINT('',(54.7671262302216,5.54945382438638,1.24647143259997));
#1383=CARTESIAN_POINT('',(53.734196824261,4.99999999999999,6.88670291434379E-15));
#1384=CARTESIAN_POINT('',(55.0441231154055,7.16434247361451,0.81752565405255));
#1385=CARTESIAN_POINT('',(54.7586785727907,5.5313702742834,1.25745117656792));
#1386=CARTESIAN_POINT('',(53.709750304003,4.99999999999999,6.88370907906538E-15));
#1387=CARTESIAN_POINT('',(55.0208424500645,7.16494523543112,0.838109772111503));
#1388=CARTESIAN_POINT('',(54.7502309149619,5.51328672332874,1.26843092105298));
#1389=CARTESIAN_POINT('',(53.6853037837444,4.99999999999997,6.88071524378688E-15));
#1390=CARTESIAN_POINT('',(54.9975906040025,7.16554873914587,0.858726156334392));
#1391=CARTESIAN_POINT('',(54.7417832567304,5.49520317151177,1.27941066606161));
#1392=CARTESIAN_POINT('',(53.6608572634865,4.99999999999997,6.87772140850846E-15));
#1393=CARTESIAN_POINT('',(54.9743676216538,7.16615299620727,0.879374766123621));
#1394=CARTESIAN_POINT('',(54.7333355980909,5.47711961882164,1.2903904116004));
#1395=CARTESIAN_POINT('',(53.6364107432279,4.99999999999998,6.87472757322997E-15));
#1396=CARTESIAN_POINT('',(54.9511735473916,7.16675801807822,0.900055560819242));
#1397=CARTESIAN_POINT('',(54.7248879390384,5.45903606524735,1.30137015767601));
#1398=CARTESIAN_POINT('',(53.6119642229698,4.99999999999998,6.87173373795152E-15));
#1399=CARTESIAN_POINT('',(54.9280084255312,7.16736381622306,0.920768499697184));
#1400=CARTESIAN_POINT('',(54.7164402795676,5.4409525107777,1.31234990429526));
#1401=CARTESIAN_POINT('',(53.5875177027115,4.99999999999997,6.86873990267306E-15));
#1402=CARTESIAN_POINT('',(54.9048723003294,7.16797040210649,0.941513541970066));
#1403=CARTESIAN_POINT('',(54.7079926196733,5.4228689554013,1.32332965146505));
#1404=CARTESIAN_POINT('',(53.5630711824532,4.99999999999998,6.8657460673946E-15));
#1405=CARTESIAN_POINT('',(54.8817652159827,7.16857778720127,0.962290646788065));
#1406=CARTESIAN_POINT('',(54.6995449593499,5.40478539910658,1.33430939919243));
#1407=CARTESIAN_POINT('',(53.538624662195,4.99999999999998,6.86275223211615E-15));
#1408=CARTESIAN_POINT('',(54.8586872166294,7.16918598298604,0.983099773237112));
#1409=CARTESIAN_POINT('',(54.6910972985921,5.38670184188176,1.34528914748453));
#1410=CARTESIAN_POINT('',(53.5141781419365,4.99999999999997,6.85975839683766E-15));
#1411=CARTESIAN_POINT('',(54.8356383463486,7.16979500093505,1.00394088034116));
#1412=CARTESIAN_POINT('',(54.6826496373942,5.36861828371485,1.35626889634863));
#1413=CARTESIAN_POINT('',(53.4897316216785,4.99999999999998,6.85676456155924E-15));
#1414=CARTESIAN_POINT('',(54.8126186491593,7.17040485253723,1.02481392706047));
#1415=CARTESIAN_POINT('',(54.6742019757505,5.35053472459367,1.36724864579214));
#1416=CARTESIAN_POINT('',(53.46528510142,4.99999999999998,6.85377072628076E-15));
#1417=CARTESIAN_POINT('',(54.7896281690224,7.17101554927735,1.04571887229239));
#1418=CARTESIAN_POINT('',(54.6657543136552,5.33245116450583,1.37822839582257));
#1419=CARTESIAN_POINT('',(53.4408385811619,4.99999999999998,6.85077689100231E-15));
#1420=CARTESIAN_POINT('',(54.7666669498381,7.17162710264735,1.0666556748722));
#1421=CARTESIAN_POINT('',(54.6573066511024,5.31436760343869,1.38920814644759));
#1422=CARTESIAN_POINT('',(53.4163920609035,4.99999999999998,6.84778305572384E-15));
#1423=CARTESIAN_POINT('',(54.7437350354476,7.17223952414531,1.08762429357137));
#1424=CARTESIAN_POINT('',(54.6488589880862,5.29628404137945,1.40018789767501));
#1425=CARTESIAN_POINT('',(53.3919455406452,4.99999999999997,6.84478922044539E-15));
#1426=CARTESIAN_POINT('',(54.7208324696322,7.17285282526849,1.10862468709983));
#1427=CARTESIAN_POINT('',(54.6404113246005,5.278200478315,1.4111676495127));
#1428=CARTESIAN_POINT('',(53.367499020387,4.99999999999998,6.84179538516693E-15));
#1429=CARTESIAN_POINT('',(54.6979592961141,7.17346701752044,1.12965681410398));
#1430=CARTESIAN_POINT('',(54.6319636606388,5.26011691423219,1.42214740196888));
#1431=CARTESIAN_POINT('',(53.3430525001287,4.99999999999998,6.83880154988847E-15));
#1432=CARTESIAN_POINT('',(54.6751155585545,7.17408211241088,1.15072063316834));
#1433=CARTESIAN_POINT('',(54.6235159961955,5.24203334911701,1.43312715505127));
#1434=CARTESIAN_POINT('',(53.3186059798703,4.99999999999997,6.83580771461E-15));
#1435=CARTESIAN_POINT('',(54.652301300556,7.17469812144847,1.17181610281476));
#1436=CARTESIAN_POINT('',(54.6150683312621,5.22394978295743,1.44410690877005));
#1437=CARTESIAN_POINT('',(53.2941594596121,4.99999999999998,6.83281387933155E-15));
#1438=CARTESIAN_POINT('',(54.6295165656601,7.17531505614896,1.19294318150299));
#1439=CARTESIAN_POINT('',(54.6066206658396,5.2058662157331,1.45508666312683));
#1440=CARTESIAN_POINT('',(53.2697129393538,4.99999999999998,6.82982004405309E-15));
#1441=CARTESIAN_POINT('',(54.6067613973491,7.17593292803158,1.21410182763012));
#1442=CARTESIAN_POINT('',(54.5981729998926,5.18778264745299,1.46606641815645));
#1443=CARTESIAN_POINT('',(53.2452664190956,4.99999999999997,6.82682620877463E-15));
#1444=CARTESIAN_POINT('',(54.5840358390445,7.17655174861832,1.23529199953157));
#1445=CARTESIAN_POINT('',(54.5897253335233,5.16969907801742,1.47704617376841));
#1446=CARTESIAN_POINT('',(53.2208198988372,4.99999999999998,6.82383237349617E-15));
#1447=CARTESIAN_POINT('',(54.5613399341078,7.17717152943547,1.25651365548029));
#1448=CARTESIAN_POINT('',(54.581277666313,5.15161550772376,1.48802593034826));
#1449=CARTESIAN_POINT('',(53.196373378579,4.99999999999998,6.82083853821771E-15));
#1450=CARTESIAN_POINT('',(54.5386737258402,7.17779228201273,1.27776675368748));
#1451=CARTESIAN_POINT('',(54.5728299998103,5.13353193541299,1.49900568647753));
#1452=CARTESIAN_POINT('',(53.1719268583207,4.99999999999998,6.81784470293925E-15));
#1453=CARTESIAN_POINT('',(54.5160372574823,7.17841401788381,1.2990512523023));
#1454=CARTESIAN_POINT('',(54.56438232813,5.11544836526034,1.50998544757725));
#1455=CARTESIAN_POINT('',(53.1474803380624,4.99999999999998,6.81485086766079E-15));
#1456=CARTESIAN_POINT('',(54.4934305722144,7.17903674858532,1.32036710941222));
#1457=CARTESIAN_POINT('',(54.555934673475,5.09736478190749,1.52096519314411));
#1458=CARTESIAN_POINT('',(53.1230338178041,4.99999999999998,6.81185703238233E-15));
#1459=CARTESIAN_POINT('',(54.4708537131559,7.17966048565821,1.34171428304267));
#1460=CARTESIAN_POINT('',(54.5474869519216,5.07928124148097,1.53194500093267));
#1461=CARTESIAN_POINT('',(53.0985872975459,4.99999999999998,6.80886319710387E-15));
#1462=CARTESIAN_POINT('',(54.448306723366,7.18028524064627,1.36309273115776));
#1463=CARTESIAN_POINT('',(54.5390394805068,5.06119753864663,1.54292457632218));
#1464=CARTESIAN_POINT('',(53.0741407772876,4.99999999999998,6.80586936182541E-15));
#1465=CARTESIAN_POINT('',(54.4257896458425,7.18091102509775,1.38450241165985));
#1466=CARTESIAN_POINT('',(54.5305910614404,5.0431144237937,1.55390503578401));
#1467=CARTESIAN_POINT('',(53.0496942570293,4.99999999999998,6.80287552654695E-15));
#1468=CARTESIAN_POINT('',(54.4005425064096,7.18161478566361,1.40857488501495));
#1469=CARTESIAN_POINT('',(54.5211042789008,5.02279776092913,1.56623652639829));
#1470=CARTESIAN_POINT('',(53.0222472277103,4.99999999999998,6.79951423488679E-15));
#1471=CARTESIAN_POINT('',(54.3828191147876,7.18211058828472,1.42552951671265));
#1472=CARTESIAN_POINT('',(54.5147535993082,5.0083674494839,1.57460177185168));
#1473=CARTESIAN_POINT('',(53.0029490384773,4.99999999999998,6.79715088831944E-15));
#1474=CARTESIAN_POINT('',(54.3725889680088,7.18239736696927,1.43533459747695));
#1475=CARTESIAN_POINT('',(54.511164142618,4.99999093580533,1.57935915680541));
#1476=CARTESIAN_POINT('',(52.9917996893305,4.99999999999998,6.79578548684491E-15));
#1477=FACE_BOUND('',#1478,.T.);
#1478=EDGE_LOOP('',(#5407,#5408,#5409,#5410));
#1479=TOROIDAL_SURFACE('',#1480,53.5005484466332,2.);
#1480=AXIS2_PLACEMENT_3D('',#1481,#1482,#1483);
#1481=CARTESIAN_POINT('',(5.73559211886222E-18,2.86779605943111E-18,-0.0468346638627217));
#1482=DIRECTION('',(-1.22464679914735E-16,-6.12323399573677E-17,1.));
#1483=DIRECTION('',(0.99983546871665,0.0181393356040675,1.23555244608093E-16));
#1484=FACE_BOUND('',#1485,.T.);
#1485=EDGE_LOOP('',(#5411,#5412,#5413,#5414));
#1486=(BOUNDED_SURFACE()B_SPLINE_SURFACE(3,2,(
(#1487,#1488,#1489),
(#1490,#1491,#1492),
(#1493,#1494,#1495),
(#1496,#1497,#1498),
(#1499,#1500,#1501),
(#1502,#1503,#1504),
(#1505,#1506,#1507),
(#1508,#1509,#1510),
(#1511,#1512,#1513),
(#1514,#1515,#1516),
(#1517,#1518,#1519),
(#1520,#1521,#1522),
(#1523,#1524,#1525),
(#1526,#1527,#1528),
(#1529,#1530,#1531),
(#1532,#1533,#1534),
(#1535,#1536,#1537),
(#1538,#1539,#1540),
(#1541,#1542,#1543),
(#1544,#1545,#1546),
(#1547,#1548,#1549),
(#1550,#1551,#1552),
(#1553,#1554,#1555),
(#1556,#1557,#1558),
(#1559,#1560,#1561),
(#1562,#1563,#1564),
(#1565,#1566,#1567),
(#1568,#1569,#1570),
(#1571,#1572,#1573),
(#1574,#1575,#1576),
(#1577,#1578,#1579),
(#1580,#1581,#1582),
(#1583,#1584,#1585),
(#1586,#1587,#1588),
(#1589,#1590,#1591),
(#1592,#1593,#1594),
(#1595,#1596,#1597),
(#1598,#1599,#1600),
(#1601,#1602,#1603),
(#1604,#1605,#1606),
(#1607,#1608,#1609),
(#1610,#1611,#1612),
(#1613,#1614,#1615),
(#1616,#1617,#1618),
(#1619,#1620,#1621),
(#1622,#1623,#1624),
(#1625,#1626,#1627),
(#1628,#1629,#1630),
(#1631,#1632,#1633),
(#1634,#1635,#1636),
(#1637,#1638,#1639),
(#1640,#1641,#1642),
(#1643,#1644,#1645),
(#1646,#1647,#1648),
(#1649,#1650,#1651),
(#1652,#1653,#1654),
(#1655,#1656,#1657),
(#1658,#1659,#1660),
(#1661,#1662,#1663),
(#1664,#1665,#1666),
(#1667,#1668,#1669),
(#1670,#1671,#1672),
(#1673,#1674,#1675),
(#1676,#1677,#1678),
(#1679,#1680,#1681),
(#1682,#1683,#1684),
(#1685,#1686,#1687),
(#1688,#1689,#1690),
(#1691,#1692,#1693),
(#1694,#1695,#1696),
(#1697,#1698,#1699),
(#1700,#1701,#1702),
(#1703,#1704,#1705),
(#1706,#1707,#1708),
(#1709,#1710,#1711),
(#1712,#1713,#1714),
(#1715,#1716,#1717),
(#1718,#1719,#1720),
(#1721,#1722,#1723),
(#1724,#1725,#1726),
(#1727,#1728,#1729),
(#1730,#1731,#1732),
(#1733,#1734,#1735),
(#1736,#1737,#1738),
(#1739,#1740,#1741),
(#1742,#1743,#1744),
(#1745,#1746,#1747),
(#1748,#1749,#1750),
(#1751,#1752,#1753),
(#1754,#1755,#1756),
(#1757,#1758,#1759),
(#1760,#1761,#1762),
(#1763,#1764,#1765),
(#1766,#1767,#1768),
(#1769,#1770,#1771)),
.UNSPECIFIED.,.F.,.F.,.F.)B_SPLINE_SURFACE_WITH_KNOTS((4,1,1,1,1,1,1,1,1,1,1,1,1,
1,1,1,1,1,1,1,1,1,1,1,1,1,1,1,1,1,1,1,1,1,1,1,1,1,1,1,1,1,1,1,1,1,1,1,1,1,1,1,1,
1,1,1,1,1,1,1,1,1,1,1,1,1,1,1,1,1,1,1,1,1,1,1,1,1,1,1,1,1,1,1,1,1,1,1,1,1,1,1,4),
(3,3),
(-45.6838603455768,-44.6838603455768,-44.1838603455768,-43.6838603455768,-43.1838603455768,
-42.6838603455768,-42.1838603455768,-41.6838603455768,-41.1838603455768,-40.6838603455768,
-40.1838603455768,-39.6838603455768,-39.1838603455768,-38.6838603455768,-38.1838603455768,
-37.6838603455768,-37.1838603455768,-36.6838603455768,-36.1838603455768,-35.6838603455768,
-35.1838603455768,-34.6838603455768,-34.1838603455768,-33.6838603455768,-33.1838603455768,
-32.6838603455768,-32.1838603455768,-31.6838603455768,-31.1838603455768,-30.6838603455768,
-30.1838603455768,-29.6838603455768,-29.1838603455768,-28.6838603455768,-28.1838603455768,
-27.6838603455768,-27.1838603455768,-26.6838603455768,-26.1838603455768,-25.6838603455768,
-25.1838603455768,-24.6838603455768,-24.1838603455768,-23.6838603455768,-23.1838603455768,
-22.6838603455768,-22.1838603455768,-21.6838603455768,-21.1838603455768,-20.6838603455768,
-20.1838603455768,-19.6838603455768,-19.1838603455768,-18.6838603455768,-18.1838603455768,
-17.6838603455768,-17.1838603455768,-16.6838603455768,-16.1838603455768,-15.6838603455768,
-15.1838603455768,-14.6838603455768,-14.1838603455768,-13.6838603455768,-13.1838603455768,
-12.6838603455768,-12.1838603455768,-11.6838603455768,-11.1838603455768,-10.6838603455768,
-10.1838603455768,-9.68386034557683,-9.18386034557683,-8.68386034557683,-8.18386034557683,
-7.68386034557683,-7.18386034557683,-6.68386034557683,-6.18386034557683,-5.68386034557683,
-5.18386034557683,-4.68386034557683,-4.18386034557683,-3.68386034557683,-3.18386034557683,
-2.68386034557683,-2.18386034557683,-1.68386034557683,-1.18386034557683,-0.683860345576832,
-0.183860345576832,0.316139654423168,1.00024616708753),
(0.,1.),
.UNSPECIFIED.)GEOMETRIC_REPRESENTATION_ITEM()RATIONAL_B_SPLINE_SURFACE((
(1.,0.970247976067745,1.),
(1.,0.968133476932253,1.),
(1.,0.964961728229014,1.),
(1.,0.96073272995803,1.),
(1.,0.957560981254792,1.),
(1.,0.954389232551553,1.),
(1.,0.951217483848314,1.),
(1.,0.948045735145076,1.),
(1.,0.944873986441838,1.),
(1.,0.941702237738599,1.),
(1.,0.93853048903536,1.),
(1.,0.935358740332122,1.),
(1.,0.932186991628883,1.),
(1.,0.929015242925645,1.),
(1.,0.925843494222406,1.),
(1.,0.922671745519168,1.),
(1.,0.919499996815929,1.),
(1.,0.916328248112691,1.),
(1.,0.913156499409452,1.),
(1.,0.909984750706214,1.),
(1.,0.906813002002976,1.),
(1.,0.903641253299737,1.),
(1.,0.900469504596498,1.),
(1.,0.89729775589326,1.),
(1.,0.894126007190021,1.),
(1.,0.890954258486783,1.),
(1.,0.887782509783544,1.),
(1.,0.884610761080306,1.),
(1.,0.881439012377067,1.),
(1.,0.878267263673829,1.),
(1.,0.87509551497059,1.),
(1.,0.871923766267352,1.),
(1.,0.868752017564114,1.),
(1.,0.865580268860875,1.),
(1.,0.862408520157636,1.),
(1.,0.859236771454398,1.),
(1.,0.85606502275116,1.),
(1.,0.852893274047921,1.),
(1.,0.849721525344682,1.),
(1.,0.846549776641444,1.),
(1.,0.843378027938206,1.),
(1.,0.840206279234967,1.),
(1.,0.837034530531729,1.),
(1.,0.83386278182849,1.),
(1.,0.830691033125252,1.),
(1.,0.827519284422013,1.),
(1.,0.824347535718774,1.),
(1.,0.821175787015536,1.),
(1.,0.818004038312298,1.),
(1.,0.814832289609059,1.),
(1.,0.811660540905821,1.),
(1.,0.808488792202582,1.),
(1.,0.805317043499344,1.),
(1.,0.802145294796105,1.),
(1.,0.798973546092867,1.),
(1.,0.795801797389628,1.),
(1.,0.79263004868639,1.),
(1.,0.789458299983151,1.),
(1.,0.786286551279912,1.),
(1.,0.783114802576674,1.),
(1.,0.779943053873436,1.),
(1.,0.776771305170197,1.),
(1.,0.773599556466958,1.),
(1.,0.77042780776372,1.),
(1.,0.767256059060482,1.),
(1.,0.764084310357243,1.),
(1.,0.760912561654005,1.),
(1.,0.757740812950766,1.),
(1.,0.754569064247528,1.),
(1.,0.751397315544289,1.),
(1.,0.74822556684105,1.),
(1.,0.745053818137812,1.),
(1.,0.741882069434574,1.),
(1.,0.738710320731335,1.),
(1.,0.735538572028097,1.),
(1.,0.732366823324858,1.),
(1.,0.729195074621621,1.),
(1.,0.726023325918377,1.),
(1.,0.722851577215156,1.),
(1.,0.719679828511855,1.),
(1.,0.71650807980885,1.),
(1.,0.713336331104741,1.),
(1.,0.710164582404751,1.),
(1.,0.706992833689387,1.),
(1.,0.703821085031401,1.),
(1.,0.700649336159278,1.),
(1.,0.697477588086324,1.),
(1.,0.694305837030832,1.),
(1.,0.691134097106323,1.),
(1.,0.687962315640422,1.),
(1.,0.684790689209106,1.),
(1.,0.68161848418084,1.),
(1.,0.678059354469641,1.),
(1.,0.675545474804142,1.),
(1.,0.674090957555198,1.)))REPRESENTATION_ITEM('')SURFACE());
#1487=CARTESIAN_POINT('',(7.12678821918255,56.5919567276911,-0.43093022638346));
#1488=CARTESIAN_POINT('',(6.6887358337131,55.2993372218237,0.554736419371741));
#1489=CARTESIAN_POINT('',(5.00000000000003,55.2743276005326,3.99689981812285E-15));
#1490=CARTESIAN_POINT('',(7.12717414413359,56.5752614195212,-0.418650077652854));
#1491=CARTESIAN_POINT('',(6.67665387134436,55.2936931818756,0.562072194298883));
#1492=CARTESIAN_POINT('',(5.00000000000005,55.2580299203602,3.99590187303002E-15));
#1493=CARTESIAN_POINT('',(7.12775303935189,56.5502442666518,-0.400195089391349));
#1494=CARTESIAN_POINT('',(6.65855052435212,55.2852362764078,0.573063958294661));
#1495=CARTESIAN_POINT('',(5.,55.2335834001014,3.99440495539076E-15));
#1496=CARTESIAN_POINT('',(7.12852495967257,56.5169398736852,-0.375519053494443));
#1497=CARTESIAN_POINT('',(6.63446559101889,55.2739850970273,0.587687547135241));
#1498=CARTESIAN_POINT('',(4.99999999999999,55.2009880397585,3.9924090652052E-15));
#1499=CARTESIAN_POINT('',(7.12910394107475,56.4919875323354,-0.356977370575721));
#1500=CARTESIAN_POINT('',(6.6163820775856,55.2655374567265,0.598667268838542));
#1501=CARTESIAN_POINT('',(5.00000000000004,55.1765415194993,3.99091214756593E-15));
#1502=CARTESIAN_POINT('',(7.12968297475571,56.4670611922669,-0.338401068172841));
#1503=CARTESIAN_POINT('',(6.5982985637142,55.257089816221,0.609646990807855));
#1504=CARTESIAN_POINT('',(5.00000000000003,55.1520949992416,3.98941522992673E-15));
#1505=CARTESIAN_POINT('',(7.130262071877,56.4421609013241,-0.319790182865218));
#1506=CARTESIAN_POINT('',(6.5802150494003,55.2486421755088,0.620626713045839));
#1507=CARTESIAN_POINT('',(4.99999999999999,55.1276484789826,3.98791831228745E-15));
#1508=CARTESIAN_POINT('',(7.13084124356509,56.4172867073059,-0.301144751301763));
#1509=CARTESIAN_POINT('',(6.56213153463946,55.2401945345879,0.631606435555193));
#1510=CARTESIAN_POINT('',(4.99999999999999,55.1032019587246,3.98642139464824E-15));
#1511=CARTESIAN_POINT('',(7.13142050100176,56.3924386579482,-0.282464810196717));
#1512=CARTESIAN_POINT('',(6.54404801942716,55.231746893456,0.642586158338649));
#1513=CARTESIAN_POINT('',(5.00000000000004,55.0787554384666,3.98492447700903E-15));
#1514=CARTESIAN_POINT('',(7.13199985531368,56.3676168009445,-0.26375039633493));
#1515=CARTESIAN_POINT('',(6.52596450375887,55.2232992521111,0.653565881398975));
#1516=CARTESIAN_POINT('',(5.00000000000004,55.0543089182078,3.98342755936977E-15));
#1517=CARTESIAN_POINT('',(7.13257931769474,56.3428211839254,-0.24500154656795));
#1518=CARTESIAN_POINT('',(6.50788098762995,55.2148516105511,0.664545604738981));
#1519=CARTESIAN_POINT('',(4.99999999999999,55.0298623979496,3.98193064173054E-15));
#1520=CARTESIAN_POINT('',(7.13315889929495,56.3180518544744,-0.226218297815009));
#1521=CARTESIAN_POINT('',(6.48979747103571,55.2064039687736,0.67552532836151));
#1522=CARTESIAN_POINT('',(4.99999999999999,55.0054158776924,3.98043372409137E-15));
#1523=CARTESIAN_POINT('',(7.13373861131189,56.2933088601179,-0.207400687064705));
#1524=CARTESIAN_POINT('',(6.47171395397142,55.1979563267766,0.686505052269446));
#1525=CARTESIAN_POINT('',(5.00000000000004,54.9809693574332,3.97893680645209E-15));
#1526=CARTESIAN_POINT('',(7.13431846490914,56.2685922483284,-0.188548751369233));
#1527=CARTESIAN_POINT('',(6.45363043643224,55.1895086845578,0.697484776465712));
#1528=CARTESIAN_POINT('',(5.00000000000004,54.9565228371755,3.9774398888129E-15));
#1529=CARTESIAN_POINT('',(7.13489847129539,56.2439020665266,-0.169662527853902));
#1530=CARTESIAN_POINT('',(6.4355469184133,55.1810610421148,0.708464500953273));
#1531=CARTESIAN_POINT('',(4.99999999999999,54.9320763169165,3.97594297117362E-15));
#1532=CARTESIAN_POINT('',(7.13547864164679,56.2192383620785,-0.150742053707141));
#1533=CARTESIAN_POINT('',(6.41746339990966,55.1726133994454,0.719444225735131));
#1534=CARTESIAN_POINT('',(4.99999999999999,54.9076297966586,3.97444605353442E-15));
#1535=CARTESIAN_POINT('',(7.13605898718106,56.1946011822953,-0.131787366187852));
#1536=CARTESIAN_POINT('',(6.39937988091629,55.1641657565472,0.730423950814334));
#1537=CARTESIAN_POINT('',(5.00000000000004,54.8831832764001,3.97294913589518E-15));
#1538=CARTESIAN_POINT('',(7.13663951909406,56.1699905744336,-0.112798502619129));
#1539=CARTESIAN_POINT('',(6.38129636142812,55.1557181134179,0.741403676193966));
#1540=CARTESIAN_POINT('',(5.00000000000004,54.858736756142,3.97145221825596E-15));
#1541=CARTESIAN_POINT('',(7.13722024860321,56.1454065856973,-0.0937755003941884));
#1542=CARTESIAN_POINT('',(6.36321284143999,55.147270470055,0.752383401877161));
#1543=CARTESIAN_POINT('',(4.99999999999999,54.8342902358839,3.96995530061673E-15));
#1544=CARTESIAN_POINT('',(7.13780118691607,56.1208492632362,-0.0747183969721964));
#1545=CARTESIAN_POINT('',(6.34512932094666,55.1388228264561,0.763363127867091));
#1546=CARTESIAN_POINT('',(4.99999999999999,54.8098437156255,3.9684583829775E-15));
#1547=CARTESIAN_POINT('',(7.13838234527253,56.0963186541426,-0.0556272298794824));
#1548=CARTESIAN_POINT('',(6.32704579994284,55.1303751826188,0.774342854166975));
#1549=CARTESIAN_POINT('',(5.00000000000004,54.785397195367,3.96696146533826E-15));
#1550=CARTESIAN_POINT('',(7.13896373488422,56.0718148054596,-0.0365020367106973));
#1551=CARTESIAN_POINT('',(6.30896227842315,55.1219275385404,0.785322580780078));
#1552=CARTESIAN_POINT('',(5.00000000000004,54.7609506751089,3.96546454769904E-15));
#1553=CARTESIAN_POINT('',(7.13954536700098,56.0473377641688,-0.0173428551247747));
#1554=CARTESIAN_POINT('',(6.29087875638215,55.1134798942186,0.796302307709708));
#1555=CARTESIAN_POINT('',(4.99999999999999,54.7365041548508,3.96396763005982E-15));
#1556=CARTESIAN_POINT('',(7.14012725285692,56.0228875772026,0.00185027714968544));
#1557=CARTESIAN_POINT('',(6.27279523381429,55.1050322496506,0.807282034959223));
#1558=CARTESIAN_POINT('',(4.99999999999999,54.7120576345924,3.96247071242058E-15));
#1559=CARTESIAN_POINT('',(7.14070940368788,55.9984642914378,0.0210773223185696));
#1560=CARTESIAN_POINT('',(6.25471171071399,55.0965846048339,0.818261762532027));
#1561=CARTESIAN_POINT('',(5.00000000000004,54.687611114334,3.96097379478135E-15));
#1562=CARTESIAN_POINT('',(7.14129183077124,55.974067953692,0.0403382425206353));
#1563=CARTESIAN_POINT('',(6.23662818707554,55.0881369597657,0.829241490431572));
#1564=CARTESIAN_POINT('',(5.00000000000004,54.6631645940759,3.95947687714213E-15));
#1565=CARTESIAN_POINT('',(7.1418745453259,55.9496986107359,0.0596329998279871));
#1566=CARTESIAN_POINT('',(6.21854466289318,55.0796893144436,0.840221218661361));
#1567=CARTESIAN_POINT('',(4.99999999999999,54.6387180738178,3.9579799595029E-15));
#1568=CARTESIAN_POINT('',(7.14245755865261,55.9253563092751,0.0789615562462578));
#1569=CARTESIAN_POINT('',(6.20046113816107,55.0712416688646,0.851200947224944));
#1570=CARTESIAN_POINT('',(4.99999999999999,54.6142715535593,3.95648304186367E-15));
#1571=CARTESIAN_POINT('',(7.14304088198763,55.9010410959701,0.0983238737138327));
#1572=CARTESIAN_POINT('',(6.18237761287326,55.062794023026,0.862180676125928));
#1573=CARTESIAN_POINT('',(5.00000000000004,54.5898250333009,3.95498612422443E-15));
#1574=CARTESIAN_POINT('',(7.14362452662324,55.8767530174176,0.117719914104005));
#1575=CARTESIAN_POINT('',(6.16429408702374,55.054346376925,0.873160405367965));
#1576=CARTESIAN_POINT('',(5.00000000000004,54.5653785130429,3.95348920658522E-15));
#1577=CARTESIAN_POINT('',(7.14420850382876,55.8524921201642,0.137149639222416));
#1578=CARTESIAN_POINT('',(6.1462105606064,55.0458987305587,0.884140134954765));
#1579=CARTESIAN_POINT('',(4.99999999999999,54.5409319927843,3.95199228894597E-15));
#1580=CARTESIAN_POINT('',(7.14479282489423,55.8282584506992,0.156613010808339));
#1581=CARTESIAN_POINT('',(6.12812703361504,55.0374510839243,0.89511986489009));
#1582=CARTESIAN_POINT('',(4.99999999999999,54.5164854725264,3.95049537130676E-15));
#1583=CARTESIAN_POINT('',(7.14537750110073,55.8040520554562,0.176109990536259));
#1584=CARTESIAN_POINT('',(6.11004350604337,55.0290034370188,0.906099595177758));
#1585=CARTESIAN_POINT('',(5.00000000000004,54.4920389522678,3.94899845366751E-15));
#1586=CARTESIAN_POINT('',(7.14596254374697,55.7798729808148,0.195640540012175));
#1587=CARTESIAN_POINT('',(6.09195997788502,55.0205557898393,0.917079325821642));
#1588=CARTESIAN_POINT('',(5.00000000000004,54.4675924320099,3.94750153602831E-15));
#1589=CARTESIAN_POINT('',(7.14654796413101,55.7557212730955,0.215204620778984));
#1590=CARTESIAN_POINT('',(6.07387644913352,55.0121081423826,0.928059056825671));
#1591=CARTESIAN_POINT('',(4.99999999999999,54.4431459117512,3.94600461838905E-15));
#1592=CARTESIAN_POINT('',(7.14713377355675,55.7315969785677,0.234802194309789));
#1593=CARTESIAN_POINT('',(6.05579291978228,55.0036604946458,0.939038788193835));
#1594=CARTESIAN_POINT('',(4.99999999999999,54.4186993914933,3.94450770074984E-15));
#1595=CARTESIAN_POINT('',(7.14771998333786,55.7075001434396,0.254433222015518));
#1596=CARTESIAN_POINT('',(6.03770938982465,54.9952128466257,0.95001851993018));
#1597=CARTESIAN_POINT('',(5.00000000000004,54.3942528712347,3.9430107831106E-15));
#1598=CARTESIAN_POINT('',(7.14830660478227,55.6834308138688,0.274097665238148));
#1599=CARTESIAN_POINT('',(6.01962585925387,54.9867651983192,0.960998252038815));
#1600=CARTESIAN_POINT('',(5.00000000000004,54.3698063509768,3.94151386547139E-15));
#1601=CARTESIAN_POINT('',(7.14889364921436,55.6593890359518,0.293795485256464));
#1602=CARTESIAN_POINT('',(6.00154232806306,54.978317549723,0.971977984523908));
#1603=CARTESIAN_POINT('',(4.99999999999999,54.3453598307182,3.94001694783214E-15));
#1604=CARTESIAN_POINT('',(7.14948112795687,55.6353748557331,0.313526643280946));
#1605=CARTESIAN_POINT('',(5.98345879624526,54.969869900834,0.98295771738969));
#1606=CARTESIAN_POINT('',(4.99999999999999,54.3209133104602,3.93852003019293E-15));
#1607=CARTESIAN_POINT('',(7.15006905234428,55.6113883191968,0.333291100459295));
#1608=CARTESIAN_POINT('',(5.96537526379339,54.9614222516487,0.993937450640457));
#1609=CARTESIAN_POINT('',(5.00000000000004,54.2964667902016,3.93702311255368E-15));
#1610=CARTESIAN_POINT('',(7.15065743370467,55.5874294722751,0.353088817870782));
#1611=CARTESIAN_POINT('',(5.94729173070028,54.9529746021639,1.00491718428057));
#1612=CARTESIAN_POINT('',(5.00000000000004,54.2720202699437,3.93552619491447E-15));
#1613=CARTESIAN_POINT('',(7.15124628338273,55.5634983608408,0.372919756530583));
#1614=CARTESIAN_POINT('',(5.92920819695862,54.9445269523761,1.01589691831445));
#1615=CARTESIAN_POINT('',(4.99999999999999,54.2475737496851,3.93402927727522E-15));
#1616=CARTESIAN_POINT('',(7.1518356127209,55.5395950307103,0.392783877389252));
#1617=CARTESIAN_POINT('',(5.91112466256104,54.9360793022819,1.0268766527466));
#1618=CARTESIAN_POINT('',(5.00000000000002,54.2231272294272,3.93253235963602E-15));
#1619=CARTESIAN_POINT('',(7.15242543307394,55.5157195276447,0.412681141329847));
#1620=CARTESIAN_POINT('',(5.8930411275,54.9276316518778,1.03785638758157));
#1621=CARTESIAN_POINT('',(5.00000000000001,54.1986807091686,3.93103544199676E-15));
#1622=CARTESIAN_POINT('',(7.15301575578936,55.4918718973464,0.432611509173173));
#1623=CARTESIAN_POINT('',(5.87495759176788,54.9191840011602,1.048836122824));
#1624=CARTESIAN_POINT('',(5.00000000000002,54.1742341889106,3.92953852435755E-15));
#1625=CARTESIAN_POINT('',(7.15360659223142,55.4680521854642,0.452574941671011));
#1626=CARTESIAN_POINT('',(5.85687405535694,54.9107363501254,1.05981585847859));
#1627=CARTESIAN_POINT('',(5.00000000000001,54.1497876686522,3.92804160671831E-15));
#1628=CARTESIAN_POINT('',(7.15419795376349,55.4442604375859,0.472571399513883));
#1629=CARTESIAN_POINT('',(5.8387905182593,54.9022886987699,1.07079559455012));
#1630=CARTESIAN_POINT('',(5.00000000000002,54.1253411483937,3.92654468907907E-15));
#1631=CARTESIAN_POINT('',(7.15478985175416,55.4204966992461,0.492600843324156));
#1632=CARTESIAN_POINT('',(5.82070698046698,54.8938410470899,1.08177533104343));
#1633=CARTESIAN_POINT('',(5.00000000000001,54.1008946281356,3.92504777143986E-15));
#1634=CARTESIAN_POINT('',(7.15538229758164,55.3967610159185,0.51266323366189));
#1635=CARTESIAN_POINT('',(5.80262344197188,54.8853933950816,1.09275506796346));
#1636=CARTESIAN_POINT('',(5.00000000000002,54.0764481078775,3.92355085380064E-15));
#1637=CARTESIAN_POINT('',(7.15597530261796,55.3730534330241,0.532758531019645));
#1638=CARTESIAN_POINT('',(5.78453990276574,54.8769457427411,1.1037348053152));
#1639=CARTESIAN_POINT('',(5.00000000000001,54.0520015876191,3.9220539361614E-15));
#1640=CARTESIAN_POINT('',(7.15656887825112,55.3493739959219,0.552886695828096));
#1641=CARTESIAN_POINT('',(5.7664563628402,54.8684980900645,1.11471454310373));
#1642=CARTESIAN_POINT('',(5.00000000000002,54.0275550673607,3.92055701852216E-15));
#1643=CARTESIAN_POINT('',(7.15716303586712,55.3257227499177,0.573047688450299));
#1644=CARTESIAN_POINT('',(5.74837282218677,54.8600504370479,1.12569428133423));
#1645=CARTESIAN_POINT('',(5.00000000000001,54.0031085471026,3.91906010088294E-15));
#1646=CARTESIAN_POINT('',(7.15775778686385,55.3020997402571,0.593241469186077));
#1647=CARTESIAN_POINT('',(5.7302892807968,54.8516027836873,1.13667402001192));
#1648=CARTESIAN_POINT('',(5.00000000000002,53.9786620268445,3.91756318324372E-15));
#1649=CARTESIAN_POINT('',(7.15835314263045,55.2785050121293,0.613467998271478));
#1650=CARTESIAN_POINT('',(5.71220573866152,54.8431551299784,1.14765375914213));
#1651=CARTESIAN_POINT('',(5.00000000000001,53.954215506586,3.91606626560448E-15));
#1652=CARTESIAN_POINT('',(7.15894911457829,55.2549386106656,0.633727235876077));
#1653=CARTESIAN_POINT('',(5.69412219577204,54.8347074759173,1.15863349873029));
#1654=CARTESIAN_POINT('',(5.00000000000002,53.9297689863278,3.91456934796526E-15));
#1655=CARTESIAN_POINT('',(7.15954571410466,55.2314005809397,0.654019142107194));
#1656=CARTESIAN_POINT('',(5.67603865211928,54.8262598214996,1.16961323878187));
#1657=CARTESIAN_POINT('',(5.00000000000001,53.9053224660695,3.91307243032602E-15));
#1658=CARTESIAN_POINT('',(7.1601429526299,55.2078909679668,0.674343677006149));
#1659=CARTESIAN_POINT('',(5.65795510769405,54.817812166721,1.18059297930248));
#1660=CARTESIAN_POINT('',(5.00000000000002,53.8808759458112,3.9115755126868E-15));
#1661=CARTESIAN_POINT('',(7.16074084156176,55.1844098167058,0.694700800550851));
#1662=CARTESIAN_POINT('',(5.639871562487,54.8093645115772,1.19157272029777));
#1663=CARTESIAN_POINT('',(5.00000000000001,53.856429425553,3.91007859504757E-15));
#1664=CARTESIAN_POINT('',(7.16133939232443,55.1609571720563,0.715090472654561));
#1665=CARTESIAN_POINT('',(5.62178801648863,54.8009168560637,1.20255246177354));
#1666=CARTESIAN_POINT('',(5.00000000000002,53.8319829052947,3.90858167740834E-15));
#1667=CARTESIAN_POINT('',(7.16193861634421,55.1375330788598,0.735512653166876));
#1668=CARTESIAN_POINT('',(5.6037044696893,54.7924692001761,1.21353220373562));
#1669=CARTESIAN_POINT('',(5.00000000000001,53.8075363850365,3.90708475976911E-15));
#1670=CARTESIAN_POINT('',(7.16253852504433,55.1141375819004,0.755967301873422));
#1671=CARTESIAN_POINT('',(5.58562092207918,54.7840215439098,1.22451194618999));
#1672=CARTESIAN_POINT('',(5.00000000000002,53.783089864778,3.90558784212987E-15));
#1673=CARTESIAN_POINT('',(7.16313912986598,55.0907707259031,0.776454378495255));
#1674=CARTESIAN_POINT('',(5.5675373736483,54.77557388726,1.23549168914269));
#1675=CARTESIAN_POINT('',(5.00000000000001,53.75864334452,3.90409092449066E-15));
#1676=CARTESIAN_POINT('',(7.16374044224097,55.0674325555356,0.796973842690206));
#1677=CARTESIAN_POINT('',(5.54945382438653,54.767126230222,1.24647143259988));
#1678=CARTESIAN_POINT('',(5.00000000000002,53.7341968242614,3.90259400685141E-15));
#1679=CARTESIAN_POINT('',(7.16434247361373,55.0441231154059,0.817525654052326));
#1680=CARTESIAN_POINT('',(5.53137027428357,54.7586785727911,1.25745117656782));
#1681=CARTESIAN_POINT('',(5.00000000000002,53.7097503040035,3.9010970892122E-15));
#1682=CARTESIAN_POINT('',(7.16494523543237,55.0208424500645,0.838109772111342));
#1683=CARTESIAN_POINT('',(5.51328672332893,54.7502309149624,1.26843092105287));
#1684=CARTESIAN_POINT('',(5.00000000000001,53.6853037837449,3.89960017157295E-15));
#1685=CARTESIAN_POINT('',(7.16554873914375,54.9975906040032,0.858726156334003));
#1686=CARTESIAN_POINT('',(5.49520317151196,54.7417832567308,1.27941066606149));
#1687=CARTESIAN_POINT('',(5.00000000000003,53.660857263487,3.89810325393375E-15));
#1688=CARTESIAN_POINT('',(7.16615299620732,54.974367621654,0.879374766123442));
#1689=CARTESIAN_POINT('',(5.47711961882185,54.7333355980913,1.29039041160027));
#1690=CARTESIAN_POINT('',(5.00000000000001,53.6364107432283,3.89660633629449E-15));
#1691=CARTESIAN_POINT('',(7.16675801807761,54.9511735473919,0.900055560819069));
#1692=CARTESIAN_POINT('',(5.45903606524758,54.7248879390388,1.30137015767587));
#1693=CARTESIAN_POINT('',(5.00000000000002,53.6119642229704,3.89510941865529E-15));
#1694=CARTESIAN_POINT('',(7.16736381622289,54.9280084255317,0.920768499696779));
#1695=CARTESIAN_POINT('',(5.44095251077794,54.716440279568,1.31234990429511));
#1696=CARTESIAN_POINT('',(5.00000000000001,53.5875177027118,3.89361250101604E-15));
#1697=CARTESIAN_POINT('',(7.16797040210533,54.9048723003297,0.941513541969938));
#1698=CARTESIAN_POINT('',(5.42286895540156,54.7079926196737,1.3233296514649));
#1699=CARTESIAN_POINT('',(5.00000000000002,53.5630711824539,3.89211558337683E-15));
#1700=CARTESIAN_POINT('',(7.16857778720352,54.8817652159828,0.962290646787704));
#1701=CARTESIAN_POINT('',(5.40478539910686,54.6995449593503,1.33430939919226));
#1702=CARTESIAN_POINT('',(5.00000000000001,53.5386246621953,3.89061866573758E-15));
#1703=CARTESIAN_POINT('',(7.16918598298508,54.8586872166299,0.983099773236788));
#1704=CARTESIAN_POINT('',(5.38670184188205,54.6910972985925,1.34528914748435));
#1705=CARTESIAN_POINT('',(5.00000000000002,53.5141781419374,3.88912174809837E-15));
#1706=CARTESIAN_POINT('',(7.16979500093652,54.8356383463487,1.00394088034088));
#1707=CARTESIAN_POINT('',(5.36861828371516,54.6826496373946,1.35626889634845));
#1708=CARTESIAN_POINT('',(5.00000000000001,53.4897316216788,3.88762483045912E-15));
#1709=CARTESIAN_POINT('',(7.17040485253688,54.8126186491599,1.02481392706001));
#1710=CARTESIAN_POINT('',(5.350534724594,54.6742019757509,1.36724864579194));
#1711=CARTESIAN_POINT('',(5.00000000000002,53.4652851014207,3.88612791281991E-15));
#1712=CARTESIAN_POINT('',(7.17101554927724,54.7896281690229,1.04571887229195));
#1713=CARTESIAN_POINT('',(5.33245116450617,54.6657543136556,1.37822839582237));
#1714=CARTESIAN_POINT('',(5.00000000000001,53.4408385811624,3.88463099518067E-15));
#1715=CARTESIAN_POINT('',(7.1716271026481,54.7666669498384,1.06665567487184));
#1716=CARTESIAN_POINT('',(5.31436760343905,54.6573066511028,1.38920814644738));
#1717=CARTESIAN_POINT('',(5.00000000000002,53.4163920609041,3.88313407754144E-15));
#1718=CARTESIAN_POINT('',(7.17223952414468,54.7437350354481,1.087624293571));
#1719=CARTESIAN_POINT('',(5.29628404137983,54.6488589880866,1.40018789767479));
#1720=CARTESIAN_POINT('',(5.00000000000001,53.3919455406458,3.88163715990222E-15));
#1721=CARTESIAN_POINT('',(7.17285282526786,54.7208324696328,1.1086246870994));
#1722=CARTESIAN_POINT('',(5.27820047831539,54.6404113246008,1.41116764951248));
#1723=CARTESIAN_POINT('',(5.00000000000002,53.3674990203876,3.88014024226299E-15));
#1724=CARTESIAN_POINT('',(7.17346701752123,54.6979592961145,1.12965681410348));
#1725=CARTESIAN_POINT('',(5.26011691423259,54.6319636606392,1.42214740196864));
#1726=CARTESIAN_POINT('',(5.00000000000001,53.3430525001293,3.87864332462376E-15));
#1727=CARTESIAN_POINT('',(7.17408211241069,54.6751155585551,1.15072063316784));
#1728=CARTESIAN_POINT('',(5.24203334911744,54.6235159961959,1.43312715505103));
#1729=CARTESIAN_POINT('',(5.00000000000001,53.3186059798711,3.87714640698453E-15));
#1730=CARTESIAN_POINT('',(7.17469812144846,54.6523013005564,1.17181610281436));
#1731=CARTESIAN_POINT('',(5.22394978295787,54.6150683312624,1.4441069087698));
#1732=CARTESIAN_POINT('',(5.00000000000002,53.2941594596128,3.8756494893453E-15));
#1733=CARTESIAN_POINT('',(7.17531505614919,54.6295165656606,1.19294318150249));
#1734=CARTESIAN_POINT('',(5.20586621573356,54.60662066584,1.45508666312656));
#1735=CARTESIAN_POINT('',(5.00000000000001,53.2697129393545,3.87415257170607E-15));
#1736=CARTESIAN_POINT('',(7.17593292803184,54.6067613973497,1.21410182762957));
#1737=CARTESIAN_POINT('',(5.18778264745346,54.598172999893,1.46606641815617));
#1738=CARTESIAN_POINT('',(5.00000000000002,53.2452664190962,3.87265565406684E-15));
#1739=CARTESIAN_POINT('',(7.17655174861827,54.5840358390451,1.23529199953098));
#1740=CARTESIAN_POINT('',(5.16969907801791,54.5897253335236,1.47704617376813));
#1741=CARTESIAN_POINT('',(5.00000000000001,53.220819898838,3.87115873642761E-15));
#1742=CARTESIAN_POINT('',(7.17717152943549,54.5613399341084,1.25651365547976));
#1743=CARTESIAN_POINT('',(5.15161550772427,54.5812776663132,1.48802593034796));
#1744=CARTESIAN_POINT('',(5.00000000000002,53.1963733785797,3.86966181878839E-15));
#1745=CARTESIAN_POINT('',(7.17779228201278,54.5386737258408,1.27776675368691));
#1746=CARTESIAN_POINT('',(5.13353193541351,54.5728299998106,1.49900568647722));
#1747=CARTESIAN_POINT('',(5.00000000000002,53.1719268583214,3.86816490114916E-15));
#1748=CARTESIAN_POINT('',(7.17841401788369,54.516037257483,1.29905125230172));
#1749=CARTESIAN_POINT('',(5.11544836526087,54.5643823281303,1.50998544757694));
#1750=CARTESIAN_POINT('',(5.00000000000001,53.1474803380631,3.86666798350993E-15));
#1751=CARTESIAN_POINT('',(7.17903674858527,54.493430572215,1.32036710941157));
#1752=CARTESIAN_POINT('',(5.09736478190804,54.5559346734753,1.52096519314379));
#1753=CARTESIAN_POINT('',(5.00000000000002,53.1230338178049,3.8651710658707E-15));
#1754=CARTESIAN_POINT('',(7.17966048565806,54.4708537131566,1.34171428304207));
#1755=CARTESIAN_POINT('',(5.07928124148153,54.5474869519218,1.53194500093234));
#1756=CARTESIAN_POINT('',(5.00000000000001,53.0985872975466,3.86367414823147E-15));
#1757=CARTESIAN_POINT('',(7.18028524064644,54.4483067233666,1.36309273115711));
#1758=CARTESIAN_POINT('',(5.06119753864721,54.5390394805071,1.54292457632184));
#1759=CARTESIAN_POINT('',(5.00000000000001,53.0741407772884,3.86217723059224E-15));
#1760=CARTESIAN_POINT('',(7.18091102509764,54.4257896458432,1.38450241165919));
#1761=CARTESIAN_POINT('',(5.0431144237943,54.5305910614407,1.55390503578366));
#1762=CARTESIAN_POINT('',(5.00000000000001,53.04969425703,3.86068031295301E-15));
#1763=CARTESIAN_POINT('',(7.18161478566376,54.4005425064101,1.40857488501447));
#1764=CARTESIAN_POINT('',(5.02279776092956,54.5211042789009,1.56623652639806));
#1765=CARTESIAN_POINT('',(5.00000000000002,53.0222472277108,3.85899966712291E-15));
#1766=CARTESIAN_POINT('',(7.18211058828456,54.3828191147879,1.42552951671242));
#1767=CARTESIAN_POINT('',(5.00836744948413,54.5147535993082,1.57460177185157));
#1768=CARTESIAN_POINT('',(5.00000000000002,53.0029490384776,3.85781799383922E-15));
#1769=CARTESIAN_POINT('',(7.1823973669693,54.3725889680088,1.43533459747693));
#1770=CARTESIAN_POINT('',(4.99999093580537,54.511164142618,1.5793591568054));
#1771=CARTESIAN_POINT('',(5.00000000000001,52.9917996893305,3.85713529310194E-15));
#1772=FACE_BOUND('',#1773,.T.);
#1773=EDGE_LOOP('',(#5415,#5416,#5417));
#1774=CYLINDRICAL_SURFACE('',#1775,2.);
#1775=AXIS2_PLACEMENT_3D('',#1776,#1777,#1778);
#1776=CARTESIAN_POINT('',(3.00000000000002,48.99999995491,-8.0000000112725));
#1777=DIRECTION('',(0.,-5.63625036718975E-9,-1.));
#1778=DIRECTION('',(1.,0.,0.));
#1779=FACE_BOUND('',#1780,.T.);
#1780=EDGE_LOOP('',(#5418,#5419,#5420,#5421));
#1781=(BOUNDED_SURFACE()B_SPLINE_SURFACE(3,2,(
(#1782,#1783,#1784),
(#1785,#1786,#1787),
(#1788,#1789,#1790),
(#1791,#1792,#1793),
(#1794,#1795,#1796),
(#1797,#1798,#1799),
(#1800,#1801,#1802),
(#1803,#1804,#1805)),
.UNSPECIFIED.,.F.,.F.,.F.)B_SPLINE_SURFACE_WITH_KNOTS((4,1,1,1,1,4),
(3,3),
(-5.72033806112317E-6,0.0981901564686775,0.129438946573531,0.160604714274584,0.191770481975637,
0.233871054752275),
(0.,1.),
.UNSPECIFIED.)GEOMETRIC_REPRESENTATION_ITEM()RATIONAL_B_SPLINE_SURFACE((
(1.,0.924942676348535,1.),
(1.,0.924963461062826,1.),
(1.,0.92486421771793,1.),
(1.,0.924734093903349,1.),
(1.,0.924714702657875,1.),
(1.,0.924675176287534,1.),
(1.,0.924629223227648,1.),
(1.,0.924525089826941,1.)))REPRESENTATION_ITEM('')SURFACE());
#1782=CARTESIAN_POINT('',(2.99998991499202,46.3893022411783,1.39238835507436));
#1783=CARTESIAN_POINT('',(2.99999082522264,46.9807531854016,0.821677756062403));
#1784=CARTESIAN_POINT('',(2.9999885593239,46.9999999549427,3.24531261390124E-15));
#1785=CARTESIAN_POINT('',(3.0554921441739,46.389997621915,1.39183911460372));
#1786=CARTESIAN_POINT('',(3.0525030695994,46.9808369079111,0.82133326852044));
#1787=CARTESIAN_POINT('',(3.06293263407213,46.9999981774827,3.25302093102978E-15));
#1788=CARTESIAN_POINT('',(3.13151554748418,46.3928076435399,1.39309469081469));
#1789=CARTESIAN_POINT('',(3.12168271113214,46.9847314423597,0.821821698594632));
#1790=CARTESIAN_POINT('',(3.14921043860752,47.004075771598,3.26383659537502E-15));
#1791=CARTESIAN_POINT('',(3.23625614260809,46.4062805614033,1.39493388833415));
#1792=CARTESIAN_POINT('',(3.20968200841087,46.9967304815946,0.821560773751216));
#1793=CARTESIAN_POINT('',(3.25563055433267,47.0160353817387,3.27760161569768E-15));
#1794=CARTESIAN_POINT('',(3.30485729414979,46.418566282427,1.3960856557852));
#1795=CARTESIAN_POINT('',(3.26173954164102,47.0058533652795,0.821049440339401));
#1796=CARTESIAN_POINT('',(3.32078864687796,47.0255506061973,3.28616382010392E-15));
#1797=CARTESIAN_POINT('',(3.38008159806243,46.4350693221379,1.39811543685082));
#1798=CARTESIAN_POINT('',(3.32025741258979,47.0183647894815,0.820486455650892));
#1799=CARTESIAN_POINT('',(3.3893509322173,47.0378065678328,3.29531073964159E-15));
#1800=CARTESIAN_POINT('',(3.43381049135573,46.4489763172903,1.40068412554774));
#1801=CARTESIAN_POINT('',(3.3613095470586,47.0290018661069,0.820360163235089));
#1802=CARTESIAN_POINT('',(3.43709583338129,47.0481589094425,3.301791701781E-15));
#1803=CARTESIAN_POINT('',(3.46349127978563,46.4571755721695,1.4026121890961));
#1804=CARTESIAN_POINT('',(3.38472598524579,47.0356838236437,0.820483661418999));
#1805=CARTESIAN_POINT('',(3.46348984384091,47.0544467778788,3.3054090567213E-15));
#1806=FACE_BOUND('',#1807,.T.);
#1807=EDGE_LOOP('',(#5422,#5423,#5424,#5425));
#1808=CYLINDRICAL_SURFACE('',#1809,2.);
#1809=AXIS2_PLACEMENT_3D('',#1810,#1811,#1812);
#1810=CARTESIAN_POINT('',(-6.99999999999999,45.0005484466332,-0.0468346638627027));
#1811=DIRECTION('',(-1.,0.,-1.18952466924124E-16));
#1812=DIRECTION('',(-8.55995571715622E-17,0.69437695916955,0.719611449724397));
#1813=FACE_BOUND('',#1814,.T.);
#1814=EDGE_LOOP('',(#5426,#5427,#5428,#5429));
#1815=(BOUNDED_SURFACE()B_SPLINE_SURFACE(3,2,(
(#1816,#1817,#1818),
(#1819,#1820,#1821),
(#1822,#1823,#1824),
(#1825,#1826,#1827)),
.UNSPECIFIED.,.F.,.F.,.F.)B_SPLINE_SURFACE_WITH_KNOTS((4,4),
(3,3),
(-5.72033814395801E-6,0.233871054752491),
(0.,1.),
.UNSPECIFIED.)GEOMETRIC_REPRESENTATION_ITEM()RATIONAL_B_SPLINE_SURFACE((
(1.,0.924942678160131,1.),
(1.,0.92488694245551,1.),
(1.,0.924733548080269,1.),
(1.,0.924525089826757,1.)))REPRESENTATION_ITEM('')SURFACE());
#1816=CARTESIAN_POINT('',(-2.99998991499193,46.389302251758,1.39238834486564));
#1817=CARTESIAN_POINT('',(-2.99999082522259,46.9807532105563,0.821677744450488));
#1818=CARTESIAN_POINT('',(-2.99998855932396,47.0000000000327,2.51052733933126E-15));
#1819=CARTESIAN_POINT('',(-3.13274358915909,46.3888785645125,1.39305257587165));
#1820=CARTESIAN_POINT('',(-3.12388105854154,46.9807146229227,0.822025022865058));
#1821=CARTESIAN_POINT('',(-3.15590812976295,46.999980732961,2.49143151927712E-15));
#1822=CARTESIAN_POINT('',(-3.28696017347274,46.4064977572313,1.39331579052899));
#1823=CARTESIAN_POINT('',(-3.25299281738519,46.9980289529907,0.821059685816223));
#1824=CARTESIAN_POINT('',(-3.31181918382251,47.0182953781146,2.47345937052479E-15));
#1825=CARTESIAN_POINT('',(-3.46349127978616,46.4571755721682,1.4026121890975));
#1826=CARTESIAN_POINT('',(-3.38472598002135,47.0356838455749,0.820483661419765));
#1827=CARTESIAN_POINT('',(-3.46348983339192,47.0544468217414,2.45709871045892E-15));
#1828=FACE_BOUND('',#1829,.T.);
#1829=EDGE_LOOP('',(#5430,#5431,#5432));
#1830=CYLINDRICAL_SURFACE('',#1831,2.);
#1831=AXIS2_PLACEMENT_3D('',#1832,#1833,#1834);
#1832=CARTESIAN_POINT('',(-2.99999999999999,48.99999995491,-8.00000001127251));
#1833=DIRECTION('',(0.,-5.63624964308081E-9,-1.));
#1834=DIRECTION('',(2.22044604925031E-16,-1.,5.63624964308081E-9));
#1835=FACE_BOUND('',#1836,.T.);
#1836=EDGE_LOOP('',(#5433,#5434,#5435,#5436));
#1837=(BOUNDED_SURFACE()B_SPLINE_SURFACE(3,2,(
(#1838,#1839,#1840),
(#1841,#1842,#1843),
(#1844,#1845,#1846),
(#1847,#1848,#1849),
(#1850,#1851,#1852),
(#1853,#1854,#1855),
(#1856,#1857,#1858),
(#1859,#1860,#1861),
(#1862,#1863,#1864),
(#1865,#1866,#1867),
(#1868,#1869,#1870),
(#1871,#1872,#1873),
(#1874,#1875,#1876),
(#1877,#1878,#1879),
(#1880,#1881,#1882),
(#1883,#1884,#1885),
(#1886,#1887,#1888),
(#1889,#1890,#1891),
(#1892,#1893,#1894),
(#1895,#1896,#1897),
(#1898,#1899,#1900),
(#1901,#1902,#1903),
(#1904,#1905,#1906),
(#1907,#1908,#1909),
(#1910,#1911,#1912),
(#1913,#1914,#1915),
(#1916,#1917,#1918),
(#1919,#1920,#1921),
(#1922,#1923,#1924),
(#1925,#1926,#1927),
(#1928,#1929,#1930),
(#1931,#1932,#1933),
(#1934,#1935,#1936),
(#1937,#1938,#1939),
(#1940,#1941,#1942),
(#1943,#1944,#1945),
(#1946,#1947,#1948),
(#1949,#1950,#1951),
(#1952,#1953,#1954),
(#1955,#1956,#1957),
(#1958,#1959,#1960),
(#1961,#1962,#1963),
(#1964,#1965,#1966),
(#1967,#1968,#1969),
(#1970,#1971,#1972),
(#1973,#1974,#1975),
(#1976,#1977,#1978),
(#1979,#1980,#1981),
(#1982,#1983,#1984),
(#1985,#1986,#1987),
(#1988,#1989,#1990),
(#1991,#1992,#1993),
(#1994,#1995,#1996),
(#1997,#1998,#1999),
(#2000,#2001,#2002),
(#2003,#2004,#2005),
(#2006,#2007,#2008),
(#2009,#2010,#2011),
(#2012,#2013,#2014),
(#2015,#2016,#2017),
(#2018,#2019,#2020),
(#2021,#2022,#2023),
(#2024,#2025,#2026),
(#2027,#2028,#2029),
(#2030,#2031,#2032),
(#2033,#2034,#2035),
(#2036,#2037,#2038),
(#2039,#2040,#2041),
(#2042,#2043,#2044),
(#2045,#2046,#2047),
(#2048,#2049,#2050),
(#2051,#2052,#2053),
(#2054,#2055,#2056),
(#2057,#2058,#2059),
(#2060,#2061,#2062),
(#2063,#2064,#2065),
(#2066,#2067,#2068),
(#2069,#2070,#2071),
(#2072,#2073,#2074),
(#2075,#2076,#2077),
(#2078,#2079,#2080),
(#2081,#2082,#2083),
(#2084,#2085,#2086),
(#2087,#2088,#2089),
(#2090,#2091,#2092),
(#2093,#2094,#2095),
(#2096,#2097,#2098),
(#2099,#2100,#2101),
(#2102,#2103,#2104),
(#2105,#2106,#2107),
(#2108,#2109,#2110),
(#2111,#2112,#2113),
(#2114,#2115,#2116),
(#2117,#2118,#2119),
(#2120,#2121,#2122)),
.UNSPECIFIED.,.F.,.F.,.F.)B_SPLINE_SURFACE_WITH_KNOTS((4,1,1,1,1,1,1,1,1,1,1,1,1,
1,1,1,1,1,1,1,1,1,1,1,1,1,1,1,1,1,1,1,1,1,1,1,1,1,1,1,1,1,1,1,1,1,1,1,1,1,1,1,1,
1,1,1,1,1,1,1,1,1,1,1,1,1,1,1,1,1,1,1,1,1,1,1,1,1,1,1,1,1,1,1,1,1,1,1,1,1,1,1,4),
(3,3),
(-45.6838603455837,-44.6838603455837,-44.1838603455837,-43.6838603455837,-43.1838603455837,
-42.6838603455837,-42.1838603455837,-41.6838603455837,-41.1838603455837,-40.6838603455837,
-40.1838603455837,-39.6838603455837,-39.1838603455837,-38.6838603455837,-38.1838603455837,
-37.6838603455837,-37.1838603455837,-36.6838603455837,-36.1838603455837,-35.6838603455837,
-35.1838603455837,-34.6838603455837,-34.1838603455837,-33.6838603455837,-33.1838603455837,
-32.6838603455837,-32.1838603455837,-31.6838603455837,-31.1838603455837,-30.6838603455837,
-30.1838603455837,-29.6838603455837,-29.1838603455837,-28.6838603455837,-28.1838603455837,
-27.6838603455837,-27.1838603455837,-26.6838603455837,-26.1838603455837,-25.6838603455837,
-25.1838603455837,-24.6838603455837,-24.1838603455837,-23.6838603455837,-23.1838603455837,
-22.6838603455837,-22.1838603455837,-21.6838603455837,-21.1838603455837,-20.6838603455837,
-20.1838603455837,-19.6838603455837,-19.1838603455837,-18.6838603455837,-18.1838603455837,
-17.6838603455837,-17.1838603455837,-16.6838603455837,-16.1838603455837,-15.6838603455837,
-15.1838603455837,-14.6838603455837,-14.1838603455837,-13.6838603455837,-13.1838603455837,
-12.6838603455837,-12.1838603455837,-11.6838603455837,-11.1838603455837,-10.6838603455837,
-10.1838603455837,-9.68386034558365,-9.18386034558365,-8.68386034558365,-8.18386034558365,
-7.68386034558365,-7.18386034558365,-6.68386034558365,-6.18386034558365,-5.68386034558365,
-5.18386034558365,-4.68386034558365,-4.18386034558365,-3.68386034558365,-3.18386034558365,
-2.68386034558365,-2.18386034558365,-1.68386034558365,-1.18386034558365,-0.683860345583653,
-0.183860345583653,0.316139654416347,1.00024616708805),
(0.,1.),
.UNSPECIFIED.)GEOMETRIC_REPRESENTATION_ITEM()RATIONAL_B_SPLINE_SURFACE((
(1.,0.970247976067933,1.),
(1.,0.968133476932439,1.),
(1.,0.9649617282292,1.),
(1.,0.960732729958213,1.),
(1.,0.957560981254973,1.),
(1.,0.954389232551733,1.),
(1.,0.951217483848493,1.),
(1.,0.948045735145253,1.),
(1.,0.944873986442012,1.),
(1.,0.941702237738773,1.),
(1.,0.938530489035532,1.),
(1.,0.935358740332292,1.),
(1.,0.932186991629052,1.),
(1.,0.929015242925812,1.),
(1.,0.925843494222572,1.),
(1.,0.922671745519332,1.),
(1.,0.919499996816092,1.),
(1.,0.916328248112852,1.),
(1.,0.913156499409612,1.),
(1.,0.909984750706372,1.),
(1.,0.906813002003132,1.),
(1.,0.903641253299892,1.),
(1.,0.900469504596652,1.),
(1.,0.897297755893412,1.),
(1.,0.894126007190172,1.),
(1.,0.890954258486932,1.),
(1.,0.887782509783692,1.),
(1.,0.884610761080452,1.),
(1.,0.881439012377211,1.),
(1.,0.878267263673971,1.),
(1.,0.875095514970731,1.),
(1.,0.871923766267491,1.),
(1.,0.868752017564251,1.),
(1.,0.865580268861011,1.),
(1.,0.862408520157771,1.),
(1.,0.859236771454531,1.),
(1.,0.856065022751291,1.),
(1.,0.852893274048051,1.),
(1.,0.849721525344811,1.),
(1.,0.846549776641571,1.),
(1.,0.843378027938331,1.),
(1.,0.840206279235091,1.),
(1.,0.837034530531851,1.),
(1.,0.833862781828611,1.),
(1.,0.83069103312537,1.),
(1.,0.827519284422131,1.),
(1.,0.82434753571889,1.),
(1.,0.821175787015651,1.),
(1.,0.81800403831241,1.),
(1.,0.814832289609171,1.),
(1.,0.81166054090593,1.),
(1.,0.80848879220269,1.),
(1.,0.80531704349945,1.),
(1.,0.80214529479621,1.),
(1.,0.79897354609297,1.),
(1.,0.79580179738973,1.),
(1.,0.79263004868649,1.),
(1.,0.78945829998325,1.),
(1.,0.78628655128001,1.),
(1.,0.78311480257677,1.),
(1.,0.77994305387353,1.),
(1.,0.77677130517029,1.),
(1.,0.77359955646705,1.),
(1.,0.77042780776381,1.),
(1.,0.767256059060569,1.),
(1.,0.76408431035733,1.),
(1.,0.760912561654089,1.),
(1.,0.75774081295085,1.),
(1.,0.754569064247609,1.),
(1.,0.751397315544369,1.),
(1.,0.748225566841129,1.),
(1.,0.745053818137889,1.),
(1.,0.741882069434649,1.),
(1.,0.738710320731409,1.),
(1.,0.735538572028169,1.),
(1.,0.732366823324929,1.),
(1.,0.72919507462169,1.),
(1.,0.726023325918445,1.),
(1.,0.722851577215222,1.),
(1.,0.71967982851192,1.),
(1.,0.716508079808913,1.),
(1.,0.713336331104802,1.),
(1.,0.710164582404811,1.),
(1.,0.706992833689446,1.),
(1.,0.703821085031458,1.),
(1.,0.700649336159334,1.),
(1.,0.697477588086378,1.),
(1.,0.694305837030885,1.),
(1.,0.691134097106374,1.),
(1.,0.687962315640471,1.),
(1.,0.684790689209153,1.),
(1.,0.681618484180886,1.),
(1.,0.678059354469669,1.),
(1.,0.675545474804155,1.),
(1.,0.674090957555196,1.)))REPRESENTATION_ITEM('')SURFACE());
#1838=CARTESIAN_POINT('',(-7.12678821917969,56.591956727693,-0.430930226384579));
#1839=CARTESIAN_POINT('',(-6.68873583371447,55.2993372218235,0.554736419370963));
#1840=CARTESIAN_POINT('',(-4.99999999999997,55.2743276005326,2.7722530189755E-15));
#1841=CARTESIAN_POINT('',(-7.12717414413943,56.5752614195219,-0.418650077653969));
#1842=CARTESIAN_POINT('',(-6.67665387134572,55.2936931818754,0.562072194298109));
#1843=CARTESIAN_POINT('',(-4.99999999999994,55.2580299203599,2.77125507388265E-15));
#1844=CARTESIAN_POINT('',(-7.12775303934467,56.5502442666558,-0.40019508939362));
#1845=CARTESIAN_POINT('',(-6.65855052435347,55.2852362764076,0.573063958293894));
#1846=CARTESIAN_POINT('',(-5.00000000000002,55.2335834001034,2.76975815624352E-15));
#1847=CARTESIAN_POINT('',(-7.12852495967445,56.5169398736869,-0.375519053495904));
#1848=CARTESIAN_POINT('',(-6.63446559102022,55.2739850970271,0.587687547134483));
#1849=CARTESIAN_POINT('',(-5.,55.200988039758,2.76776226605782E-15));
#1850=CARTESIAN_POINT('',(-7.12910394107468,56.4919875323369,-0.356977370576805));
#1851=CARTESIAN_POINT('',(-6.61638207758692,55.2655374567263,0.598667268837791));
#1852=CARTESIAN_POINT('',(-5.00000000000001,55.1765415195,2.76626534841861E-15));
#1853=CARTESIAN_POINT('',(-7.12968297475625,56.4670611922681,-0.338401068173822));
#1854=CARTESIAN_POINT('',(-6.59829856371551,55.2570898162208,0.60964699080711));
#1855=CARTESIAN_POINT('',(-4.99999999999996,55.152094999242,2.7647684307794E-15));
#1856=CARTESIAN_POINT('',(-7.13026207187702,56.4421609013264,-0.319790182866991));
#1857=CARTESIAN_POINT('',(-6.58021504940159,55.2486421755087,0.620626713045102));
#1858=CARTESIAN_POINT('',(-4.99999999999996,55.1276484789831,2.76327151314013E-15));
#1859=CARTESIAN_POINT('',(-7.13084124356694,56.417286707307,-0.301144751302729));
#1860=CARTESIAN_POINT('',(-6.56213153464074,55.2401945345877,0.631606435554462));
#1861=CARTESIAN_POINT('',(-5.00000000000001,55.1032019587253,2.76177459550093E-15));
#1862=CARTESIAN_POINT('',(-7.13142050099645,56.3924386579504,-0.28246481019788));
#1863=CARTESIAN_POINT('',(-6.54404801942843,55.2317468934558,0.642586158337925));
#1864=CARTESIAN_POINT('',(-5.,55.0787554384663,2.76027767786166E-15));
#1865=CARTESIAN_POINT('',(-7.13199985531595,56.3676168009457,-0.263750396336111));
#1866=CARTESIAN_POINT('',(-6.52596450376013,55.2232992521109,0.653565881398258));
#1867=CARTESIAN_POINT('',(-5.00000000000001,55.0543089182084,2.75878076022245E-15));
#1868=CARTESIAN_POINT('',(-7.13257931769307,56.3428211839269,-0.245001546568904));
#1869=CARTESIAN_POINT('',(-6.50788098763119,55.2148516105509,0.66454560473827));
#1870=CARTESIAN_POINT('',(-4.99999999999996,55.0298623979502,2.75728384258323E-15));
#1871=CARTESIAN_POINT('',(-7.13315889930149,56.318051854476,-0.226218297816853));
#1872=CARTESIAN_POINT('',(-6.48979747103694,55.2064039687734,0.675525328360805));
#1873=CARTESIAN_POINT('',(-4.99999999999997,55.0054158776921,2.75578692494401E-15));
#1874=CARTESIAN_POINT('',(-7.13373861130911,56.2933088601193,-0.207400687065497));
#1875=CARTESIAN_POINT('',(-6.47171395397263,55.1979563267765,0.686505052268749));
#1876=CARTESIAN_POINT('',(-5.00000000000001,54.9809693574338,2.75429000730478E-15));
#1877=CARTESIAN_POINT('',(-7.13431846491584,56.26859224833,-0.188548751371087));
#1878=CARTESIAN_POINT('',(-6.45363043643344,55.1895086845576,0.697484776465022));
#1879=CARTESIAN_POINT('',(-5.00000000000001,54.9565228371759,2.75279308966557E-15));
#1880=CARTESIAN_POINT('',(-7.13489847129303,56.2439020665281,-0.169662527854859));
#1881=CARTESIAN_POINT('',(-6.43554691841449,55.1810610421146,0.708464500952589));
#1882=CARTESIAN_POINT('',(-4.99999999999997,54.9320763169169,2.7512961720263E-15));
#1883=CARTESIAN_POINT('',(-7.13547864165163,56.2192383620794,-0.150742053708341));
#1884=CARTESIAN_POINT('',(-6.41746339991084,55.1726133994452,0.719444225734454));
#1885=CARTESIAN_POINT('',(-4.99999999999996,54.9076297966591,2.7497992543871E-15));
#1886=CARTESIAN_POINT('',(-7.13605898718533,56.1946011822963,-0.131787366188998));
#1887=CARTESIAN_POINT('',(-6.39937988091746,55.1641657565471,0.730423950813663));
#1888=CARTESIAN_POINT('',(-5.00000000000001,54.8831832764006,2.74830233674785E-15));
#1889=CARTESIAN_POINT('',(-7.13663951909338,56.1699905744352,-0.112798502620273));
#1890=CARTESIAN_POINT('',(-6.38129636142928,55.1557181134177,0.741403676193302));
#1891=CARTESIAN_POINT('',(-4.99999999999999,54.8587367561421,2.74680541910861E-15));
#1892=CARTESIAN_POINT('',(-7.13722024860375,56.1454065856988,-0.0937755003953944));
#1893=CARTESIAN_POINT('',(-6.36321284144113,55.1472704700549,0.752383401876504));
#1894=CARTESIAN_POINT('',(-5.00000000000001,54.8342902358845,2.74530850146942E-15));
#1895=CARTESIAN_POINT('',(-7.13780118691671,56.1208492632374,-0.0747183969731774));
#1896=CARTESIAN_POINT('',(-6.34512932094779,55.138822826456,0.763363127866441));
#1897=CARTESIAN_POINT('',(-4.99999999999996,54.8098437156259,2.74381158383017E-15));
#1898=CARTESIAN_POINT('',(-7.13838234527154,56.096318654145,-0.0556272298813226));
#1899=CARTESIAN_POINT('',(-6.32704579994396,55.1303751826187,0.774342854166332));
#1900=CARTESIAN_POINT('',(-4.99999999999997,54.7853971953676,2.74231466619094E-15));
#1901=CARTESIAN_POINT('',(-7.13896373489003,56.0718148054601,-0.0365020367116491));
#1902=CARTESIAN_POINT('',(-6.30896227842426,55.1219275385403,0.785322580779442));
#1903=CARTESIAN_POINT('',(-5.00000000000001,54.7609506751091,2.7408177485517E-15));
#1904=CARTESIAN_POINT('',(-7.13954536699999,56.0473377641706,-0.017342855126119));
#1905=CARTESIAN_POINT('',(-6.29087875638324,55.1134798942184,0.796302307709079));
#1906=CARTESIAN_POINT('',(-5.00000000000001,54.736504154851,2.73932083091248E-15));
#1907=CARTESIAN_POINT('',(-7.14012725285722,56.0228875772034,0.00185027714902277));
#1908=CARTESIAN_POINT('',(-6.27279523381537,55.1050322496505,0.807282034958601));
#1909=CARTESIAN_POINT('',(-4.99999999999997,54.7120576345929,2.73782391327326E-15));
#1910=CARTESIAN_POINT('',(-7.14070940368943,55.9984642914384,0.0210773223178963));
#1911=CARTESIAN_POINT('',(-6.25471171071505,55.0965846048337,0.818261762531411));
#1912=CARTESIAN_POINT('',(-4.99999999999996,54.6876111143345,2.73632699563403E-15));
#1913=CARTESIAN_POINT('',(-7.14129183076651,55.9740679536942,0.0403382425193227));
#1914=CARTESIAN_POINT('',(-6.2366281870766,55.0881369597656,0.829241490430963));
#1915=CARTESIAN_POINT('',(-5.00000000000001,54.663164594076,2.73483007799478E-15));
#1916=CARTESIAN_POINT('',(-7.1418745453263,55.9496986107372,0.0596329998268761));
#1917=CARTESIAN_POINT('',(-6.21854466289423,55.0796893144435,0.840221218660758));
#1918=CARTESIAN_POINT('',(-4.99999999999999,54.6387180738179,2.73333316035556E-15));
#1919=CARTESIAN_POINT('',(-7.1424575586483,55.9253563092773,0.0789615562449797));
#1920=CARTESIAN_POINT('',(-6.2004611381621,55.0712416688645,0.851200947224349));
#1921=CARTESIAN_POINT('',(-5.00000000000001,54.6142715535599,2.73183624271635E-15));
#1922=CARTESIAN_POINT('',(-7.1430408819875,55.9010410959712,0.0983238737130003));
#1923=CARTESIAN_POINT('',(-6.18237761287428,55.0627940230259,0.862180676125339));
#1924=CARTESIAN_POINT('',(-4.99999999999996,54.5898250333013,2.7303393250771E-15));
#1925=CARTESIAN_POINT('',(-7.14362452662048,55.8767530174195,0.117719914102751));
#1926=CARTESIAN_POINT('',(-6.16429408702475,55.0543463769249,0.873160405367383));
#1927=CARTESIAN_POINT('',(-4.99999999999997,54.5653785130433,2.72884240743789E-15));
#1928=CARTESIAN_POINT('',(-7.14420850383251,55.8524921201652,0.137149639221188));
#1929=CARTESIAN_POINT('',(-6.14621056060739,55.0458987305586,0.88414013495419));
#1930=CARTESIAN_POINT('',(-5.00000000000001,54.5409319927849,2.72734548979865E-15));
#1931=CARTESIAN_POINT('',(-7.14479282489363,55.8282584507004,0.156613010807428));
#1932=CARTESIAN_POINT('',(-6.12812703361602,55.0374510839242,0.895119864889522));
#1933=CARTESIAN_POINT('',(-5.00000000000001,54.5164854725264,2.72584857215941E-15));
#1934=CARTESIAN_POINT('',(-7.14537750110129,55.8040520554575,0.176109990535228));
#1935=CARTESIAN_POINT('',(-6.11004350604434,55.0290034370187,0.906099595177196));
#1936=CARTESIAN_POINT('',(-4.99999999999997,54.4920389522683,2.72435165452019E-15));
#1937=CARTESIAN_POINT('',(-7.14596254374721,55.7798729808159,0.195640540011288));
#1938=CARTESIAN_POINT('',(-6.09195997788597,55.0205557898391,0.917079325821086));
#1939=CARTESIAN_POINT('',(-4.99999999999996,54.4675924320102,2.72285473688098E-15));
#1940=CARTESIAN_POINT('',(-7.14654796413139,55.7557212730971,0.21520462077764));
#1941=CARTESIAN_POINT('',(-6.07387644913446,55.0121081423825,0.928059056825123));
#1942=CARTESIAN_POINT('',(-5.00000000000001,54.4431459117518,2.72135781924173E-15));
#1943=CARTESIAN_POINT('',(-7.14713377355705,55.7315969785687,0.234802194308912));
#1944=CARTESIAN_POINT('',(-6.05579291978321,55.0036604946457,0.939038788193293));
#1945=CARTESIAN_POINT('',(-4.99999999999999,54.4186993914935,2.7198609016025E-15));
#1946=CARTESIAN_POINT('',(-7.14771998333818,55.707500143441,0.2544332220144));
#1947=CARTESIAN_POINT('',(-6.03770938982557,54.9952128466256,0.950018519929645));
#1948=CARTESIAN_POINT('',(-5.00000000000001,54.3942528712349,2.71836398396325E-15));
#1949=CARTESIAN_POINT('',(-7.14830660478258,55.6834308138695,0.27409766523753));
#1950=CARTESIAN_POINT('',(-6.01962585925477,54.9867651983191,0.960998252038287));
#1951=CARTESIAN_POINT('',(-4.99999999999996,54.3698063509773,2.71686706632407E-15));
#1952=CARTESIAN_POINT('',(-7.14889364921452,55.6593890359532,0.293795485255282));
#1953=CARTESIAN_POINT('',(-6.00154232806395,54.978317549723,0.971977984523386));
#1954=CARTESIAN_POINT('',(-4.99999999999997,54.3453598307187,2.71537014868482E-15));
#1955=CARTESIAN_POINT('',(-7.14948112795782,55.6353748557338,0.313526643280306));
#1956=CARTESIAN_POINT('',(-5.98345879624614,54.9698699008339,0.982957717389176));
#1957=CARTESIAN_POINT('',(-5.00000000000001,54.3209133104604,2.71387323104558E-15));
#1958=CARTESIAN_POINT('',(-7.15006905234202,55.6113883191983,0.333291100458222));
#1959=CARTESIAN_POINT('',(-5.96537526379426,54.9614222516486,0.99393745063995));
#1960=CARTESIAN_POINT('',(-5.,54.2964667902018,2.71237631340634E-15));
#1961=CARTESIAN_POINT('',(-7.15065743370519,55.5874294722763,0.353088817869705));
#1962=CARTESIAN_POINT('',(-5.94729173070113,54.9529746021638,1.00491718428007));
#1963=CARTESIAN_POINT('',(-4.99999999999998,54.2720202699442,2.71087939576715E-15));
#1964=CARTESIAN_POINT('',(-7.1512462833848,55.5634983608413,0.372919756529953));
#1965=CARTESIAN_POINT('',(-5.92920819695947,54.9445269523761,1.01589691831396));
#1966=CARTESIAN_POINT('',(-4.99999999999999,54.2475737496856,2.7093824781279E-15));
#1967=CARTESIAN_POINT('',(-7.1518356127233,55.5395950307115,0.392783877388031));
#1968=CARTESIAN_POINT('',(-5.91112466256187,54.9360793022818,1.02687665274611));
#1969=CARTESIAN_POINT('',(-4.99999999999999,54.2231272294272,2.70788556048866E-15));
#1970=CARTESIAN_POINT('',(-7.15242543307365,55.5157195276453,0.412681141329326));
#1971=CARTESIAN_POINT('',(-5.89304112750082,54.9276316518777,1.03785638758109));
#1972=CARTESIAN_POINT('',(-4.99999999999999,54.1986807091693,2.70638864284945E-15));
#1973=CARTESIAN_POINT('',(-7.15301575578985,55.4918718973482,0.432611509171639));
#1974=CARTESIAN_POINT('',(-5.87495759176869,54.9191840011601,1.04883612282353));
#1975=CARTESIAN_POINT('',(-4.99999999999999,54.1742341889106,2.7048917252102E-15));
#1976=CARTESIAN_POINT('',(-7.15360659223184,55.4680521854649,0.452574941670396));
#1977=CARTESIAN_POINT('',(-5.85687405535773,54.9107363501254,1.05981585847812));
#1978=CARTESIAN_POINT('',(-4.99999999999999,54.1497876686527,2.703394807571E-15));
#1979=CARTESIAN_POINT('',(-7.15419795376306,55.4442604375869,0.472571399513015));
#1980=CARTESIAN_POINT('',(-5.83879051826008,54.9022886987699,1.07079559454966));
#1981=CARTESIAN_POINT('',(-4.99999999999999,54.1253411483941,2.70189788993174E-15));
#1982=CARTESIAN_POINT('',(-7.15478985175717,55.4204966992466,0.492600843323385));
#1983=CARTESIAN_POINT('',(-5.82070698046776,54.8938410470899,1.08177533104298));
#1984=CARTESIAN_POINT('',(-4.99999999999998,54.1008946281362,2.70040097229254E-15));
#1985=CARTESIAN_POINT('',(-7.15538229758121,55.3967610159196,0.512663233660984));
#1986=CARTESIAN_POINT('',(-5.80262344197263,54.8853933950815,1.09275506796301));
#1987=CARTESIAN_POINT('',(-5.00000000000001,54.0764481078776,2.69890405465328E-15));
#1988=CARTESIAN_POINT('',(-7.15597530261841,55.3730534330246,0.532758531019157));
#1989=CARTESIAN_POINT('',(-5.78453990276648,54.876945742741,1.10373480531476));
#1990=CARTESIAN_POINT('',(-4.99999999999998,54.0520015876197,2.69740713701408E-15));
#1991=CARTESIAN_POINT('',(-7.1565688782513,55.3493739959229,0.552886695827286));
#1992=CARTESIAN_POINT('',(-5.76645636284093,54.8684980900645,1.1147145431033));
#1993=CARTESIAN_POINT('',(-4.99999999999999,54.0275550673611,2.69591021937483E-15));
#1994=CARTESIAN_POINT('',(-7.15716303586767,55.325722749919,0.573047688449144));
#1995=CARTESIAN_POINT('',(-5.74837282218749,54.8600504370479,1.1256942813338));
#1996=CARTESIAN_POINT('',(-4.99999999999999,54.0031085471031,2.69441330173562E-15));
#1997=CARTESIAN_POINT('',(-7.15775778686338,55.302099740258,0.593241469185369));
#1998=CARTESIAN_POINT('',(-5.73028928079751,54.8516027836872,1.1366740200115));
#1999=CARTESIAN_POINT('',(-4.99999999999999,53.9786620268446,2.69291638409638E-15));
#2000=CARTESIAN_POINT('',(-7.15835314263351,55.2785050121299,0.613467998270564));
#2001=CARTESIAN_POINT('',(-5.71220573866222,54.8431551299784,1.14765375914172));
#2002=CARTESIAN_POINT('',(-4.99999999999999,53.9542155065862,2.69141946645714E-15));
#2003=CARTESIAN_POINT('',(-7.15894911457767,55.2549386106663,0.633727235875519));
#2004=CARTESIAN_POINT('',(-5.69412219577272,54.8347074759173,1.15863349872988));
#2005=CARTESIAN_POINT('',(-4.99999999999999,53.9297689863282,2.68992254881793E-15));
#2006=CARTESIAN_POINT('',(-7.15954571410562,55.2314005809402,0.654019142106633));
#2007=CARTESIAN_POINT('',(-5.67603865211994,54.8262598214996,1.16961323878147));
#2008=CARTESIAN_POINT('',(-4.99999999999999,53.9053224660698,2.68842563117869E-15));
#2009=CARTESIAN_POINT('',(-7.1601429526282,55.2078909679681,0.674343677005243));
#2010=CARTESIAN_POINT('',(-5.65795510769471,54.817812166721,1.18059297930208));
#2011=CARTESIAN_POINT('',(-4.99999999999998,53.8808759458116,2.68692871353947E-15));
#2012=CARTESIAN_POINT('',(-7.16074084155986,55.184409816707,0.69470080055007));
#2013=CARTESIAN_POINT('',(-5.63987156248764,54.8093645115772,1.19157272029739));
#2014=CARTESIAN_POINT('',(-5.00000000000001,53.8564294255533,2.68543179590023E-15));
#2015=CARTESIAN_POINT('',(-7.16133939232601,55.1609571720572,0.715090472653627));
#2016=CARTESIAN_POINT('',(-5.62178801648927,54.8009168560638,1.20255246177316));
#2017=CARTESIAN_POINT('',(-4.99999999999998,53.831982905295,2.68393487826101E-15));
#2018=CARTESIAN_POINT('',(-7.1619386163415,55.1375330788606,0.735512653166428));
#2019=CARTESIAN_POINT('',(-5.60370446968992,54.7924692001762,1.21353220373525));
#2020=CARTESIAN_POINT('',(-4.99999999999999,53.8075363850368,2.68243796062178E-15));
#2021=CARTESIAN_POINT('',(-7.16253852504574,55.1141375819014,0.755967301872417));
#2022=CARTESIAN_POINT('',(-5.58562092207978,54.7840215439098,1.22451194618962));
#2023=CARTESIAN_POINT('',(-4.99999999999999,53.7830898647785,2.68094104298255E-15));
#2024=CARTESIAN_POINT('',(-7.16313912986476,55.0907707259039,0.776454378494737));
#2025=CARTESIAN_POINT('',(-5.5675373736489,54.77557388726,1.23549168914233));
#2026=CARTESIAN_POINT('',(-4.99999999999999,53.7586433445202,2.67944412534332E-15));
#2027=CARTESIAN_POINT('',(-7.16374044224125,55.0674325555363,0.796973842689553));
#2028=CARTESIAN_POINT('',(-5.54945382438712,54.7671262302221,1.24647143259953));
#2029=CARTESIAN_POINT('',(-4.99999999999999,53.734196824262,2.67794720770409E-15));
#2030=CARTESIAN_POINT('',(-7.16434247361532,55.0441231154064,0.817525654051725));
#2031=CARTESIAN_POINT('',(-5.53137027428414,54.7586785727912,1.25745117656748));
#2032=CARTESIAN_POINT('',(-4.99999999999998,53.7097503040037,2.67645029006486E-15));
#2033=CARTESIAN_POINT('',(-7.16494523543193,55.0208424500653,0.838109772110671));
#2034=CARTESIAN_POINT('',(-5.51328672332949,54.7502309149624,1.26843092105253));
#2035=CARTESIAN_POINT('',(-5.00000000000001,53.6853037837454,2.67495337242563E-15));
#2036=CARTESIAN_POINT('',(-7.16554873914543,54.9975906040034,0.85872615633354));
#2037=CARTESIAN_POINT('',(-5.49520317151251,54.7417832567308,1.27941066606116));
#2038=CARTESIAN_POINT('',(-4.99999999999998,53.6608572634872,2.67345645478641E-15));
#2039=CARTESIAN_POINT('',(-7.16615299620715,54.9743676216547,0.879374766122833));
#2040=CARTESIAN_POINT('',(-5.47711961882239,54.7333355980914,1.29039041159994));
#2041=CARTESIAN_POINT('',(-4.99999999999998,53.6364107432289,2.67195953714718E-15));
#2042=CARTESIAN_POINT('',(-7.16675801807812,54.9511735473928,0.900055560818216));
#2043=CARTESIAN_POINT('',(-5.4590360652481,54.7248879390389,1.30137015767556));
#2044=CARTESIAN_POINT('',(-4.99999999999999,53.6119642229707,2.67046261950795E-15));
#2045=CARTESIAN_POINT('',(-7.16736381622261,54.9280084255321,0.920768499696384));
#2046=CARTESIAN_POINT('',(-5.44095251077846,54.7164402795681,1.3123499042948));
#2047=CARTESIAN_POINT('',(-4.99999999999999,53.5875177027122,2.6689657018687E-15));
#2048=CARTESIAN_POINT('',(-7.16797040210734,54.9048723003302,0.941513541969216));
#2049=CARTESIAN_POINT('',(-5.42286895540206,54.7079926196737,1.32332965146459));
#2050=CARTESIAN_POINT('',(-5.,53.5630711824542,2.6674687842295E-15));
#2051=CARTESIAN_POINT('',(-7.16857778720196,54.8817652159835,0.962290646787213));
#2052=CARTESIAN_POINT('',(-5.40478539910735,54.6995449593504,1.33430939919196));
#2053=CARTESIAN_POINT('',(-4.99999999999998,53.5386246621956,2.66597186659025E-15));
#2054=CARTESIAN_POINT('',(-7.16918598298605,54.8586872166303,0.983099773236297));
#2055=CARTESIAN_POINT('',(-5.38670184188252,54.6910972985926,1.34528914748406));
#2056=CARTESIAN_POINT('',(-4.99999999999999,53.5141781419377,2.66447494895104E-15));
#2057=CARTESIAN_POINT('',(-7.16979500093562,54.8356383463496,1.00394088034018));
#2058=CARTESIAN_POINT('',(-5.36861828371562,54.6826496373946,1.35626889634816));
#2059=CARTESIAN_POINT('',(-4.99999999999999,53.4897316216792,2.6629780313118E-15));
#2060=CARTESIAN_POINT('',(-7.17040485253633,54.8126186491605,1.02481392705948));
#2061=CARTESIAN_POINT('',(-5.35053472459445,54.6742019757509,1.36724864579167));
#2062=CARTESIAN_POINT('',(-4.99999999999999,53.4652851014211,2.66148111367258E-15));
#2063=CARTESIAN_POINT('',(-7.17101554927708,54.7896281690234,1.0457188722916));
#2064=CARTESIAN_POINT('',(-5.3324511645066,54.6657543136556,1.3782283958221));
#2065=CARTESIAN_POINT('',(-4.99999999999999,53.4408385811627,2.65998419603334E-15));
#2066=CARTESIAN_POINT('',(-7.17162710264829,54.766666949839,1.06665567487124));
#2067=CARTESIAN_POINT('',(-5.31436760343948,54.6573066511029,1.38920814644712));
#2068=CARTESIAN_POINT('',(-4.99999999999998,53.4163920609045,2.65848727839411E-15));
#2069=CARTESIAN_POINT('',(-7.17223952414551,54.7437350354485,1.08762429357055));
#2070=CARTESIAN_POINT('',(-5.29628404138024,54.6488589880867,1.40018789767453));
#2071=CARTESIAN_POINT('',(-4.99999999999999,53.3919455406462,2.65699036075488E-15));
#2072=CARTESIAN_POINT('',(-7.17285282526806,54.7208324696333,1.10862468709889));
#2073=CARTESIAN_POINT('',(-5.27820047831579,54.6404113246009,1.41116764951223));
#2074=CARTESIAN_POINT('',(-5.,53.3674990203879,2.65549344311565E-15));
#2075=CARTESIAN_POINT('',(-7.17346701752096,54.697959296115,1.12965681410308));
#2076=CARTESIAN_POINT('',(-5.26011691423298,54.6319636606393,1.4221474019684));
#2077=CARTESIAN_POINT('',(-4.99999999999998,53.3430525001297,2.65399652547643E-15));
#2078=CARTESIAN_POINT('',(-7.17408211241055,54.6751155585556,1.15072063316742));
#2079=CARTESIAN_POINT('',(-5.24203334911781,54.6235159961959,1.43312715505079));
#2080=CARTESIAN_POINT('',(-4.99999999999999,53.3186059798713,2.65249960783719E-15));
#2081=CARTESIAN_POINT('',(-7.17469812144827,54.6523013005569,1.17181610281387));
#2082=CARTESIAN_POINT('',(-5.22394978295823,54.6150683312625,1.44410690876957));
#2083=CARTESIAN_POINT('',(-4.99999999999999,53.2941594596131,2.65100269019797E-15));
#2084=CARTESIAN_POINT('',(-7.17531505614908,54.6295165656612,1.19294318150198));
#2085=CARTESIAN_POINT('',(-5.20586621573391,54.60662066584,1.45508666312634));
#2086=CARTESIAN_POINT('',(-4.99999999999998,53.2697129393548,2.64950577255874E-15));
#2087=CARTESIAN_POINT('',(-7.1759329280315,54.6067613973501,1.21410182762923));
#2088=CARTESIAN_POINT('',(-5.18778264745379,54.5981729998931,1.46606641815596));
#2089=CARTESIAN_POINT('',(-4.99999999999999,53.2452664190966,2.64800885491951E-15));
#2090=CARTESIAN_POINT('',(-7.17655174861869,54.5840358390455,1.23529199953063));
#2091=CARTESIAN_POINT('',(-5.16969907801823,54.5897253335237,1.47704617376792));
#2092=CARTESIAN_POINT('',(-4.99999999999999,53.2208198988383,2.64651193728028E-15));
#2093=CARTESIAN_POINT('',(-7.17717152943541,54.5613399341089,1.25651365547925));
#2094=CARTESIAN_POINT('',(-5.15161550772458,54.5812776663134,1.48802593034776));
#2095=CARTESIAN_POINT('',(-4.99999999999998,53.19637337858,2.64501501964105E-15));
#2096=CARTESIAN_POINT('',(-7.17779228201283,54.5386737258412,1.27776675368656));
#2097=CARTESIAN_POINT('',(-5.13353193541381,54.5728299998107,1.49900568647703));
#2098=CARTESIAN_POINT('',(-4.99999999999999,53.1719268583217,2.64351810200182E-15));
#2099=CARTESIAN_POINT('',(-7.17841401788365,54.5160372574833,1.29905125230135));
#2100=CARTESIAN_POINT('',(-5.11544836526116,54.5643823281304,1.50998544757675));
#2101=CARTESIAN_POINT('',(-4.99999999999999,53.1474803380635,2.64202118436259E-15));
#2102=CARTESIAN_POINT('',(-7.17903674858548,54.4934305722153,1.32036710941125));
#2103=CARTESIAN_POINT('',(-5.09736478190832,54.5559346734754,1.52096519314361));
#2104=CARTESIAN_POINT('',(-4.99999999999999,53.1230338178052,2.64052426672336E-15));
#2105=CARTESIAN_POINT('',(-7.17966048565789,54.470853713157,1.3417142830417));
#2106=CARTESIAN_POINT('',(-5.0792812414818,54.547486951922,1.53194500093217));
#2107=CARTESIAN_POINT('',(-4.99999999999999,53.0985872975469,2.63902734908413E-15));
#2108=CARTESIAN_POINT('',(-7.18028524064642,54.448306723367,1.36309273115679));
#2109=CARTESIAN_POINT('',(-5.06119753864746,54.5390394805072,1.54292457632167));
#2110=CARTESIAN_POINT('',(-4.99999999999999,53.0741407772887,2.63753043144491E-15));
#2111=CARTESIAN_POINT('',(-7.18091102509769,54.4257896458436,1.38450241165886));
#2112=CARTESIAN_POINT('',(-5.04311442379453,54.5305910614408,1.55390503578349));
#2113=CARTESIAN_POINT('',(-4.99999999999999,53.0496942570304,2.63603351380568E-15));
#2114=CARTESIAN_POINT('',(-7.18161478566365,54.4005425064103,1.40857488501428));
#2115=CARTESIAN_POINT('',(-5.02279776092969,54.521104278901,1.56623652639796));
#2116=CARTESIAN_POINT('',(-4.99999999999999,53.022247227711,2.63435286797557E-15));
#2117=CARTESIAN_POINT('',(-7.18211058828464,54.3828191147879,1.42552951671233));
#2118=CARTESIAN_POINT('',(-5.00836744948418,54.5147535993083,1.57460177185152));
#2119=CARTESIAN_POINT('',(-4.99999999999999,53.0029490384777,2.63317119469188E-15));
#2120=CARTESIAN_POINT('',(-7.18239736696927,54.3725889680088,1.43533459747696));
#2121=CARTESIAN_POINT('',(-4.99999093580533,54.511164142618,1.5793591568054));
#2122=CARTESIAN_POINT('',(-4.99999999999999,52.9917996893305,2.63248849395459E-15));
#2123=FACE_BOUND('',#2124,.T.);
#2124=EDGE_LOOP('',(#5437,#5438,#5439,#5440));
#2125=TOROIDAL_SURFACE('',#2126,53.5005484466332,2.);
#2126=AXIS2_PLACEMENT_3D('',#2127,#2128,#2129);
#2127=CARTESIAN_POINT('',(5.73559211886222E-18,2.86779605943111E-18,-0.0468346638627217));
#2128=DIRECTION('',(-1.22464679914735E-16,-6.12323399573677E-17,1.));
#2129=DIRECTION('',(-0.0181393356040683,0.99983546871665,5.90008373932738E-17));
#2130=FACE_BOUND('',#2131,.T.);
#2131=EDGE_LOOP('',(#5441,#5442,#5443,#5444));
#2132=(BOUNDED_SURFACE()B_SPLINE_SURFACE(3,2,(
(#2133,#2134,#2135),
(#2136,#2137,#2138),
(#2139,#2140,#2141),
(#2142,#2143,#2144),
(#2145,#2146,#2147),
(#2148,#2149,#2150),
(#2151,#2152,#2153),
(#2154,#2155,#2156),
(#2157,#2158,#2159),
(#2160,#2161,#2162),
(#2163,#2164,#2165),
(#2166,#2167,#2168),
(#2169,#2170,#2171),
(#2172,#2173,#2174),
(#2175,#2176,#2177),
(#2178,#2179,#2180),
(#2181,#2182,#2183),
(#2184,#2185,#2186),
(#2187,#2188,#2189),
(#2190,#2191,#2192),
(#2193,#2194,#2195),
(#2196,#2197,#2198),
(#2199,#2200,#2201),
(#2202,#2203,#2204),
(#2205,#2206,#2207),
(#2208,#2209,#2210),
(#2211,#2212,#2213),
(#2214,#2215,#2216),
(#2217,#2218,#2219),
(#2220,#2221,#2222),
(#2223,#2224,#2225),
(#2226,#2227,#2228),
(#2229,#2230,#2231),
(#2232,#2233,#2234),
(#2235,#2236,#2237),
(#2238,#2239,#2240),
(#2241,#2242,#2243),
(#2244,#2245,#2246),
(#2247,#2248,#2249),
(#2250,#2251,#2252),
(#2253,#2254,#2255),
(#2256,#2257,#2258),
(#2259,#2260,#2261),
(#2262,#2263,#2264),
(#2265,#2266,#2267),
(#2268,#2269,#2270),
(#2271,#2272,#2273),
(#2274,#2275,#2276),
(#2277,#2278,#2279),
(#2280,#2281,#2282),
(#2283,#2284,#2285),
(#2286,#2287,#2288),
(#2289,#2290,#2291),
(#2292,#2293,#2294),
(#2295,#2296,#2297),
(#2298,#2299,#2300),
(#2301,#2302,#2303),
(#2304,#2305,#2306),
(#2307,#2308,#2309),
(#2310,#2311,#2312),
(#2313,#2314,#2315),
(#2316,#2317,#2318),
(#2319,#2320,#2321),
(#2322,#2323,#2324),
(#2325,#2326,#2327),
(#2328,#2329,#2330),
(#2331,#2332,#2333),
(#2334,#2335,#2336),
(#2337,#2338,#2339),
(#2340,#2341,#2342),
(#2343,#2344,#2345),
(#2346,#2347,#2348),
(#2349,#2350,#2351),
(#2352,#2353,#2354),
(#2355,#2356,#2357),
(#2358,#2359,#2360),
(#2361,#2362,#2363),
(#2364,#2365,#2366),
(#2367,#2368,#2369),
(#2370,#2371,#2372),
(#2373,#2374,#2375),
(#2376,#2377,#2378),
(#2379,#2380,#2381),
(#2382,#2383,#2384),
(#2385,#2386,#2387),
(#2388,#2389,#2390),
(#2391,#2392,#2393),
(#2394,#2395,#2396),
(#2397,#2398,#2399),
(#2400,#2401,#2402),
(#2403,#2404,#2405),
(#2406,#2407,#2408),
(#2409,#2410,#2411),
(#2412,#2413,#2414),
(#2415,#2416,#2417)),
.UNSPECIFIED.,.F.,.F.,.F.)B_SPLINE_SURFACE_WITH_KNOTS((4,1,1,1,1,1,1,1,1,1,1,1,1,
1,1,1,1,1,1,1,1,1,1,1,1,1,1,1,1,1,1,1,1,1,1,1,1,1,1,1,1,1,1,1,1,1,1,1,1,1,1,1,1,
1,1,1,1,1,1,1,1,1,1,1,1,1,1,1,1,1,1,1,1,1,1,1,1,1,1,1,1,1,1,1,1,1,1,1,1,1,1,1,4),
(3,3),
(-45.6838603455629,-44.6838603455629,-44.1838603455629,-43.6838603455629,-43.1838603455629,
-42.6838603455629,-42.1838603455629,-41.6838603455629,-41.1838603455629,-40.6838603455629,
-40.1838603455629,-39.6838603455629,-39.1838603455629,-38.6838603455629,-38.1838603455629,
-37.6838603455629,-37.1838603455629,-36.6838603455629,-36.1838603455629,-35.6838603455629,
-35.1838603455629,-34.6838603455629,-34.1838603455629,-33.6838603455629,-33.1838603455629,
-32.6838603455629,-32.1838603455629,-31.6838603455629,-31.1838603455629,-30.6838603455629,
-30.1838603455629,-29.6838603455629,-29.1838603455629,-28.6838603455629,-28.1838603455629,
-27.6838603455629,-27.1838603455629,-26.6838603455629,-26.1838603455629,-25.6838603455629,
-25.1838603455629,-24.6838603455629,-24.1838603455629,-23.6838603455629,-23.1838603455629,
-22.6838603455629,-22.1838603455629,-21.6838603455629,-21.1838603455629,-20.6838603455629,
-20.1838603455629,-19.6838603455629,-19.1838603455629,-18.6838603455629,-18.1838603455629,
-17.6838603455629,-17.1838603455629,-16.6838603455629,-16.1838603455629,-15.6838603455629,
-15.1838603455629,-14.6838603455629,-14.1838603455629,-13.6838603455629,-13.1838603455629,
-12.6838603455629,-12.1838603455629,-11.6838603455629,-11.1838603455629,-10.6838603455629,
-10.1838603455629,-9.68386034556286,-9.18386034556286,-8.68386034556286,-8.18386034556286,
-7.68386034556286,-7.18386034556286,-6.68386034556286,-6.18386034556286,-5.68386034556286,
-5.18386034556286,-4.68386034556286,-4.18386034556286,-3.68386034556286,-3.18386034556286,
-2.68386034556286,-2.18386034556286,-1.68386034556286,-1.18386034556286,-0.683860345562856,
-0.183860345562856,0.316139654437144,1.00024616708783),
(0.,1.),
.UNSPECIFIED.)GEOMETRIC_REPRESENTATION_ITEM()RATIONAL_B_SPLINE_SURFACE((
(1.,0.97024797606807,1.),
(1.,0.968133476932575,1.),
(1.,0.964961728229332,1.),
(1.,0.960732729958341,1.),
(1.,0.957560981255098,1.),
(1.,0.954389232551855,1.),
(1.,0.951217483848612,1.),
(1.,0.948045735145369,1.),
(1.,0.944873986442126,1.),
(1.,0.941702237738883,1.),
(1.,0.938530489035641,1.),
(1.,0.935358740332397,1.),
(1.,0.932186991629155,1.),
(1.,0.929015242925911,1.),
(1.,0.925843494222668,1.),
(1.,0.922671745519425,1.),
(1.,0.919499996816182,1.),
(1.,0.916328248112939,1.),
(1.,0.913156499409696,1.),
(1.,0.909984750706453,1.),
(1.,0.90681300200321,1.),
(1.,0.903641253299967,1.),
(1.,0.900469504596724,1.),
(1.,0.897297755893482,1.),
(1.,0.894126007190238,1.),
(1.,0.890954258486995,1.),
(1.,0.887782509783752,1.),
(1.,0.88461076108051,1.),
(1.,0.881439012377266,1.),
(1.,0.878267263674023,1.),
(1.,0.87509551497078,1.),
(1.,0.871923766267537,1.),
(1.,0.868752017564294,1.),
(1.,0.865580268861051,1.),
(1.,0.862408520157808,1.),
(1.,0.859236771454565,1.),
(1.,0.856065022751323,1.),
(1.,0.852893274048079,1.),
(1.,0.849721525344837,1.),
(1.,0.846549776641594,1.),
(1.,0.84337802793835,1.),
(1.,0.840206279235107,1.),
(1.,0.837034530531865,1.),
(1.,0.833862781828621,1.),
(1.,0.830691033125378,1.),
(1.,0.827519284422135,1.),
(1.,0.824347535718892,1.),
(1.,0.82117578701565,1.),
(1.,0.818004038312406,1.),
(1.,0.814832289609163,1.),
(1.,0.811660540905921,1.),
(1.,0.808488792202678,1.),
(1.,0.805317043499434,1.),
(1.,0.802145294796192,1.),
(1.,0.798973546092949,1.),
(1.,0.795801797389705,1.),
(1.,0.792630048686463,1.),
(1.,0.78945829998322,1.),
(1.,0.786286551279977,1.),
(1.,0.783114802576733,1.),
(1.,0.779943053873491,1.),
(1.,0.776771305170247,1.),
(1.,0.773599556467005,1.),
(1.,0.770427807763762,1.),
(1.,0.767256059060519,1.),
(1.,0.764084310357276,1.),
(1.,0.760912561654033,1.),
(1.,0.75774081295079,1.),
(1.,0.754569064247547,1.),
(1.,0.751397315544304,1.),
(1.,0.748225566841061,1.),
(1.,0.745053818137818,1.),
(1.,0.741882069434574,1.),
(1.,0.738710320731332,1.),
(1.,0.735538572028089,1.),
(1.,0.732366823324845,1.),
(1.,0.729195074621604,1.),
(1.,0.726023325918356,1.),
(1.,0.72285157721513,1.),
(1.,0.719679828511824,1.),
(1.,0.716508079808815,1.),
(1.,0.713336331104701,1.),
(1.,0.710164582404707,1.),
(1.,0.706992833689339,1.),
(1.,0.703821085031348,1.),
(1.,0.700649336159221,1.),
(1.,0.697477588086262,1.),
(1.,0.694305837030766,1.),
(1.,0.691134097106252,1.),
(1.,0.687962315640346,1.),
(1.,0.684790689209026,1.),
(1.,0.681618484180755,1.),
(1.,0.67805935446958,1.),
(1.,0.675545474804108,1.),
(1.,0.674090957555193,1.)))REPRESENTATION_ITEM('')SURFACE());
#2133=CARTESIAN_POINT('',(-56.5919567276935,7.12678821917989,-0.430930226384962));
#2134=CARTESIAN_POINT('',(-55.2993372218241,6.68873583371565,0.554736419370221));
#2135=CARTESIAN_POINT('',(-55.2743276005335,5.00000000000003,-6.46299113731627E-15));
#2136=CARTESIAN_POINT('',(-56.5752614195218,7.12717414413956,-0.418650077653843));
#2137=CARTESIAN_POINT('',(-55.293693181876,6.67665387134689,0.562072194297377));
#2138=CARTESIAN_POINT('',(-55.2580299203606,5.00000000000003,-6.46099524713054E-15));
#2139=CARTESIAN_POINT('',(-56.5502442666559,7.12775303934481,-0.400195089393716));
#2140=CARTESIAN_POINT('',(-55.2852362764082,6.65855052435461,0.573063958293174));
#2141=CARTESIAN_POINT('',(-55.2335834001033,5.00000000000003,-6.45800141185219E-15));
#2142=CARTESIAN_POINT('',(-56.5169398736867,7.1285249596746,-0.375519053495816));
#2143=CARTESIAN_POINT('',(-55.2739850970277,6.63446559102134,0.587687547133781));
#2144=CARTESIAN_POINT('',(-55.200988039758,5.00000000000003,-6.4540096314808E-15));
#2145=CARTESIAN_POINT('',(-56.4919875323373,7.1291039410748,-0.356977370577168));
#2146=CARTESIAN_POINT('',(-55.2655374567269,6.61638207758802,0.598667268837102));
#2147=CARTESIAN_POINT('',(-55.1765415195002,5.00000000000003,-6.4510157962024E-15));
#2148=CARTESIAN_POINT('',(-56.4670611922693,7.12968297475684,-0.33840106817478));
#2149=CARTESIAN_POINT('',(-55.2570898162214,6.59829856371659,0.609646990806434));
#2150=CARTESIAN_POINT('',(-55.1520949992413,5.00000000000003,-6.44802196092386E-15));
#2151=CARTESIAN_POINT('',(-56.442160901327,7.13026207187614,-0.319790182867356));
#2152=CARTESIAN_POINT('',(-55.2486421755092,6.58021504940265,0.620626713044439));
#2153=CARTESIAN_POINT('',(-55.1276484789831,5.00000000000003,-6.44502812564542E-15));
#2154=CARTESIAN_POINT('',(-56.4172867073063,7.13084124357112,-0.301144751302632));
#2155=CARTESIAN_POINT('',(-55.2401945345882,6.56213153464177,0.631606435553812));
#2156=CARTESIAN_POINT('',(-55.1032019587259,5.00000000000003,-6.44203429036709E-15));
#2157=CARTESIAN_POINT('',(-56.39243865795,7.13142050100066,-0.282464810197963));
#2158=CARTESIAN_POINT('',(-55.2317468934564,6.54404801942945,0.642586158337287));
#2159=CARTESIAN_POINT('',(-55.0787554384667,5.00000000000003,-6.43904045508852E-15));
#2160=CARTESIAN_POINT('',(-56.3676168009456,7.13199985531497,-0.26375039633594));
#2161=CARTESIAN_POINT('',(-55.2232992521115,6.52596450376112,0.653565881397634));
#2162=CARTESIAN_POINT('',(-55.054308918209,5.00000000000003,-6.43604661981013E-15));
#2163=CARTESIAN_POINT('',(-56.3428211839277,7.13257931769361,-0.245001546569571));
#2164=CARTESIAN_POINT('',(-55.2148516105514,6.50788098763217,0.664545604737659));
#2165=CARTESIAN_POINT('',(-55.02986239795,5.00000000000002,-6.43305278453159E-15));
#2166=CARTESIAN_POINT('',(-56.3180518544757,7.13315889930153,-0.226218297816679));
#2167=CARTESIAN_POINT('',(-55.206403968774,6.4897974710379,0.675525328360208));
#2168=CARTESIAN_POINT('',(-55.005415877692,5.00000000000008,-6.43005894925316E-15));
#2169=CARTESIAN_POINT('',(-56.2933088601194,7.13373861130925,-0.207400687065593));
#2170=CARTESIAN_POINT('',(-55.1979563267769,6.47171395397357,0.686505052268163));
#2171=CARTESIAN_POINT('',(-54.980969357434,5.00000000000002,-6.42706511397474E-15));
#2172=CARTESIAN_POINT('',(-56.2685922483297,7.13431846491606,-0.188548751370942));
#2173=CARTESIAN_POINT('',(-55.1895086845581,6.45363043643436,0.69748477646445));
#2174=CARTESIAN_POINT('',(-54.9565228371752,5.00000000000003,-6.4240712786962E-15));
#2175=CARTESIAN_POINT('',(-56.2439020665288,7.13489847129286,-0.169662527855408));
#2176=CARTESIAN_POINT('',(-55.1810610421151,6.43554691841539,0.70846450095203));
#2177=CARTESIAN_POINT('',(-54.9320763169171,5.00000000000003,-6.42107744341777E-15));
#2178=CARTESIAN_POINT('',(-56.2192383620796,7.1354786416533,-0.150742053708659));
#2179=CARTESIAN_POINT('',(-55.1726133994457,6.41746339991171,0.719444225733908));
#2180=CARTESIAN_POINT('',(-54.9076297966593,5.00000000000003,-6.41808360813938E-15));
#2181=CARTESIAN_POINT('',(-56.1946011822976,7.13605898718003,-0.131787366189546));
#2182=CARTESIAN_POINT('',(-55.1641657565475,6.39937988091832,0.73042395081313));
#2183=CARTESIAN_POINT('',(-54.8831832764008,5.00000000000003,-6.41508977286088E-15));
#2184=CARTESIAN_POINT('',(-56.1699905744348,7.13663951909495,-0.112798502620152));
#2185=CARTESIAN_POINT('',(-55.1557181134182,6.38129636143011,0.741403676192783));
#2186=CARTESIAN_POINT('',(-54.8587367561425,5.00000000000003,-6.41209593758242E-15));
#2187=CARTESIAN_POINT('',(-56.1454065856988,7.1372202486036,-0.0937755003953951));
#2188=CARTESIAN_POINT('',(-55.1472704700553,6.36321284144194,0.752383401875997));
#2189=CARTESIAN_POINT('',(-54.834290235884,5.00000000000003,-6.40910210230393E-15));
#2190=CARTESIAN_POINT('',(-56.1208492632377,7.13780118691656,-0.0747183969733599));
#2191=CARTESIAN_POINT('',(-55.1388228264564,6.34512932094859,0.763363127865947));
#2192=CARTESIAN_POINT('',(-54.809843715626,5.00000000000003,-6.40610826702552E-15));
#2193=CARTESIAN_POINT('',(-56.096318654144,7.13838234527313,-0.055627229880656));
#2194=CARTESIAN_POINT('',(-55.1303751826191,6.32704579994473,0.774342854165851));
#2195=CARTESIAN_POINT('',(-54.7853971953674,5.00000000000003,-6.40311443174702E-15));
#2196=CARTESIAN_POINT('',(-56.0718148054611,7.13896373488429,-0.0365020367118737));
#2197=CARTESIAN_POINT('',(-55.1219275385407,6.30896227842501,0.785322580778973));
#2198=CARTESIAN_POINT('',(-54.7609506751095,5.00000000000003,-6.4001205964686E-15));
#2199=CARTESIAN_POINT('',(-56.04733776417,7.13954536700305,-0.0173428551259511));
#2200=CARTESIAN_POINT('',(-55.1134798942188,6.29087875638398,0.796302307708624));
#2201=CARTESIAN_POINT('',(-54.736504154851,5.00000000000003,-6.39712676119012E-15));
#2202=CARTESIAN_POINT('',(-56.0228875772047,7.14012725285152,0.00185027714851174));
#2203=CARTESIAN_POINT('',(-55.1050322496508,6.27279523381608,0.807282034958158));
#2204=CARTESIAN_POINT('',(-54.7120576345925,5.00000000000003,-6.39413292591163E-15));
#2205=CARTESIAN_POINT('',(-55.9984642914388,7.14070940369123,0.0210773223173851));
#2206=CARTESIAN_POINT('',(-55.0965846048341,6.25471171071575,0.818261762530982));
#2207=CARTESIAN_POINT('',(-54.6876111143346,5.00000000000003,-6.39113909063321E-15));
#2208=CARTESIAN_POINT('',(-55.9740679536941,7.14129183076617,0.04033824251947));
#2209=CARTESIAN_POINT('',(-55.088136959766,6.23662818707727,0.829241490430547));
#2210=CARTESIAN_POINT('',(-54.663164594076,5.00000000000002,-6.38814525535471E-15));
#2211=CARTESIAN_POINT('',(-55.9496986107373,7.14187454532668,0.0596329998267344));
#2212=CARTESIAN_POINT('',(-55.0796893144438,6.21854466289488,0.840221218660355));
#2213=CARTESIAN_POINT('',(-54.638718073818,5.00000000000008,-6.38515142007629E-15));
#2214=CARTESIAN_POINT('',(-55.9253563092769,7.14245755864795,0.0789615562453354));
#2215=CARTESIAN_POINT('',(-55.0712416688648,6.20046113816273,0.851200947223959));
#2216=CARTESIAN_POINT('',(-54.6142715535595,5.00000000000002,-6.38215758479781E-15));
#2217=CARTESIAN_POINT('',(-55.9010410959711,7.14304088198916,0.0983238737128281));
#2218=CARTESIAN_POINT('',(-55.0627940230262,6.18237761287489,0.862180676124962));
#2219=CARTESIAN_POINT('',(-54.5898250333012,5.00000000000003,-6.37916374951935E-15));
#2220=CARTESIAN_POINT('',(-55.8767530174186,7.14362452662454,0.117719914103021));
#2221=CARTESIAN_POINT('',(-55.0543463769252,6.16429408702534,0.873160405367018));
#2222=CARTESIAN_POINT('',(-54.5653785130426,5.00000000000003,-6.37616991424085E-15));
#2223=CARTESIAN_POINT('',(-55.8524921201647,7.14420850383429,0.137149639221412));
#2224=CARTESIAN_POINT('',(-55.0458987305589,6.14621056060796,0.884140134953839));
#2225=CARTESIAN_POINT('',(-54.540931992785,5.00000000000003,-6.37317607896247E-15));
#2226=CARTESIAN_POINT('',(-55.8282584507005,7.14479282489259,0.156613010807372));
#2227=CARTESIAN_POINT('',(-55.0374510839245,6.12812703361657,0.895119864889184));
#2228=CARTESIAN_POINT('',(-54.5164854725264,5.00000000000003,-6.37018224368398E-15));
#2229=CARTESIAN_POINT('',(-55.8040520554571,7.14537750110449,0.176109990535164));
#2230=CARTESIAN_POINT('',(-55.029003437019,6.11004350604487,0.906099595176871));
#2231=CARTESIAN_POINT('',(-54.4920389522681,5.00000000000003,-6.36718840840551E-15));
#2232=CARTESIAN_POINT('',(-55.7798729808157,7.1459625437458,0.195640540011536));
#2233=CARTESIAN_POINT('',(-55.0205557898394,6.09195997788648,0.917079325820774));
#2234=CARTESIAN_POINT('',(-54.4675924320097,5.00000000000003,-6.36419457312703E-15));
#2235=CARTESIAN_POINT('',(-55.7557212730965,7.14654796413445,0.215204620777818));
#2236=CARTESIAN_POINT('',(-55.0121081423828,6.07387644913494,0.928059056824823));
#2237=CARTESIAN_POINT('',(-54.4431459117516,5.00000000000003,-6.36120073784859E-15));
#2238=CARTESIAN_POINT('',(-55.7315969785686,7.14713377355636,0.234802194309082));
#2239=CARTESIAN_POINT('',(-55.003660494646,6.05579291978368,0.939038788193007));
#2240=CARTESIAN_POINT('',(-54.4186993914935,5.00000000000003,-6.35820690257016E-15));
#2241=CARTESIAN_POINT('',(-55.7075001434406,7.1477199833385,0.254433222014672));
#2242=CARTESIAN_POINT('',(-54.9952128466258,6.03770938982602,0.950018519929372));
#2243=CARTESIAN_POINT('',(-54.394252871235,5.00000000000003,-6.35521306729168E-15));
#2244=CARTESIAN_POINT('',(-55.6834308138696,7.14830660478263,0.274097665237399));
#2245=CARTESIAN_POINT('',(-54.9867651983193,6.0196258592552,0.960998252038027));
#2246=CARTESIAN_POINT('',(-54.3698063509767,5.00000000000003,-6.35221923201321E-15));
#2247=CARTESIAN_POINT('',(-55.6593890359529,7.14889364921482,0.293795485255467));
#2248=CARTESIAN_POINT('',(-54.9783175497232,6.00154232806436,0.971977984523139));
#2249=CARTESIAN_POINT('',(-54.3453598307182,5.00000000000003,-6.34922539673473E-15));
#2250=CARTESIAN_POINT('',(-55.6353748557332,7.14948112795718,0.313526643280825));
#2251=CARTESIAN_POINT('',(-54.9698699008341,5.98345879624653,0.982957717388942));
#2252=CARTESIAN_POINT('',(-54.3209133104601,5.00000000000003,-6.34623156145629E-15));
#2253=CARTESIAN_POINT('',(-55.6113883191979,7.15006905234473,0.333291100458306));
#2254=CARTESIAN_POINT('',(-54.9614222516488,5.96537526379463,0.993937450639728));
#2255=CARTESIAN_POINT('',(-54.296466790202,5.00000000000002,-6.34323772617785E-15));
#2256=CARTESIAN_POINT('',(-55.5874294722759,7.15065743370508,0.353088817870003));
#2257=CARTESIAN_POINT('',(-54.952974602164,5.94729173070148,1.00491718427986));
#2258=CARTESIAN_POINT('',(-54.2720202699436,5.00000000000005,-6.34024389089938E-15));
#2259=CARTESIAN_POINT('',(-55.5634983608417,7.15124628338315,0.37291975652981));
#2260=CARTESIAN_POINT('',(-54.9445269523762,5.9292081969598,1.01589691831376));
#2261=CARTESIAN_POINT('',(-54.2475737496851,5.00000000000002,-6.33725005562089E-15));
#2262=CARTESIAN_POINT('',(-55.5395950307114,7.15183561272131,0.392783877388245));
#2263=CARTESIAN_POINT('',(-54.936079302282,5.91112466256217,1.02687665274593));
#2264=CARTESIAN_POINT('',(-54.2231272294271,5.00000000000003,-6.33425622034247E-15));
#2265=CARTESIAN_POINT('',(-55.5157195276447,7.15242543307441,0.412681141329744));
#2266=CARTESIAN_POINT('',(-54.9276316518779,5.8930411275011,1.03785638758092));
#2267=CARTESIAN_POINT('',(-54.1986807091687,5.00000000000003,-6.33126238506399E-15));
#2268=CARTESIAN_POINT('',(-55.4918718973477,7.15301575578923,0.432611509172097));
#2269=CARTESIAN_POINT('',(-54.9191840011602,5.87495759176895,1.04883612282337));
#2270=CARTESIAN_POINT('',(-54.1742341889102,5.00000000000003,-6.32826854978551E-15));
#2271=CARTESIAN_POINT('',(-55.4680521854644,7.153606592234,0.452574941670512));
#2272=CARTESIAN_POINT('',(-54.9107363501256,5.85687405535797,1.05981585847798));
#2273=CARTESIAN_POINT('',(-54.1497876686521,5.00000000000003,-6.32527471450707E-15));
#2274=CARTESIAN_POINT('',(-55.4442604375864,7.15419795376514,0.472571399513244));
#2275=CARTESIAN_POINT('',(-54.90228869877,5.8387905182603,1.07079559454953));
#2276=CARTESIAN_POINT('',(-54.1253411483941,5.00000000000003,-6.32228087922864E-15));
#2277=CARTESIAN_POINT('',(-55.4204966992465,7.15478985175676,0.492600843323503));
#2278=CARTESIAN_POINT('',(-54.89384104709,5.82070698046795,1.08177533104286));
#2279=CARTESIAN_POINT('',(-54.1008946281356,5.00000000000003,-6.31928704395015E-15));
#2280=CARTESIAN_POINT('',(-55.396761015919,7.15538229758137,0.512663233661432));
#2281=CARTESIAN_POINT('',(-54.8853933950816,5.80262344197282,1.09275506796291));
#2282=CARTESIAN_POINT('',(-54.0764481078773,5.00000000000002,-6.3162932086717E-15));
#2283=CARTESIAN_POINT('',(-55.373053433024,7.15597530261861,0.532758531019635));
#2284=CARTESIAN_POINT('',(-54.8769457427411,5.78453990276664,1.10373480531467));
#2285=CARTESIAN_POINT('',(-54.0520015876187,5.00000000000005,-6.31329937339319E-15));
#2286=CARTESIAN_POINT('',(-55.3493739959229,7.15656887825077,0.552886695827314));
#2287=CARTESIAN_POINT('',(-54.8684980900645,5.76645636284107,1.11471454310322));
#2288=CARTESIAN_POINT('',(-54.0275550673611,5.00000000000005,-6.31030553811482E-15));
#2289=CARTESIAN_POINT('',(-55.3257227499179,7.15716303587024,0.573047688449727));
#2290=CARTESIAN_POINT('',(-54.860050437048,5.74837282218761,1.12569428133373));
#2291=CARTESIAN_POINT('',(-54.0031085471025,5.00000000000002,-6.30731170283632E-15));
#2292=CARTESIAN_POINT('',(-55.302099740258,7.15775778686351,0.593241469185397));
#2293=CARTESIAN_POINT('',(-54.8516027836873,5.7302892807976,1.13667402001145));
#2294=CARTESIAN_POINT('',(-53.9786620268442,5.00000000000003,-6.30431786755786E-15));
#2295=CARTESIAN_POINT('',(-55.2785050121297,7.15835314263105,0.613467998271041));
#2296=CARTESIAN_POINT('',(-54.8431551299784,5.7122057386623,1.14765375914168));
#2297=CARTESIAN_POINT('',(-53.9542155065857,5.00000000000003,-6.30132403227938E-15));
#2298=CARTESIAN_POINT('',(-55.2549386106657,7.15894911457841,0.633727235875991));
#2299=CARTESIAN_POINT('',(-54.8347074759173,5.69412219577278,1.15863349872985));
#2300=CARTESIAN_POINT('',(-53.9297689863278,5.00000000000003,-6.29833019700095E-15));
#2301=CARTESIAN_POINT('',(-55.2314005809401,7.15954571410557,0.654019142106676));
#2302=CARTESIAN_POINT('',(-54.8262598214996,5.67603865211998,1.16961323878146));
#2303=CARTESIAN_POINT('',(-53.9053224660692,5.00000000000003,-6.29533636172247E-15));
#2304=CARTESIAN_POINT('',(-55.2078909679675,7.16014295262828,0.674343677005771));
#2305=CARTESIAN_POINT('',(-54.817812166721,5.65795510769472,1.18059297930208));
#2306=CARTESIAN_POINT('',(-53.880875945811,5.00000000000003,-6.29234252644402E-15));
#2307=CARTESIAN_POINT('',(-55.1844098167066,7.16074084156003,0.694700800550344));
#2308=CARTESIAN_POINT('',(-54.8093645115772,5.63987156248764,1.1915727202974));
#2309=CARTESIAN_POINT('',(-53.8564294255527,5.00000000000003,-6.28934869116556E-15));
#2310=CARTESIAN_POINT('',(-55.1609571720563,7.16133939232566,0.715090472654411));
#2311=CARTESIAN_POINT('',(-54.8009168560638,5.62178801648925,1.20255246177318));
#2312=CARTESIAN_POINT('',(-53.8319829052945,5.00000000000003,-6.2863548558871E-15));
#2313=CARTESIAN_POINT('',(-55.1375330788602,7.16193861634297,0.735512653166682));
#2314=CARTESIAN_POINT('',(-54.7924692001761,5.60370446968987,1.21353220373529));
#2315=CARTESIAN_POINT('',(-53.8075363850362,5.00000000000003,-6.28336102060864E-15));
#2316=CARTESIAN_POINT('',(-55.1141375819007,7.16253852504534,0.755967301873046));
#2317=CARTESIAN_POINT('',(-54.7840215439098,5.58562092207972,1.22451194618967));
#2318=CARTESIAN_POINT('',(-53.783089864778,5.00000000000003,-6.28036718533019E-15));
#2319=CARTESIAN_POINT('',(-55.0907707259035,7.16313912986523,0.776454378495035));
#2320=CARTESIAN_POINT('',(-54.77557388726,5.56753737364881,1.23549168914239));
#2321=CARTESIAN_POINT('',(-53.7586433445195,5.00000000000003,-6.2773733500517E-15));
#2322=CARTESIAN_POINT('',(-55.0674325555357,7.1637404422402,0.796973842690162));
#2323=CARTESIAN_POINT('',(-54.767126230222,5.54945382438701,1.24647143259961));
#2324=CARTESIAN_POINT('',(-53.7341968242615,5.00000000000003,-6.27437951477328E-15));
#2325=CARTESIAN_POINT('',(-55.0441231154061,7.1643424736147,0.817525654052041));
#2326=CARTESIAN_POINT('',(-54.7586785727911,5.53137027428401,1.25745117656757));
#2327=CARTESIAN_POINT('',(-53.709750304003,5.00000000000003,-6.27138567949479E-15));
#2328=CARTESIAN_POINT('',(-55.0208424500647,7.16494523543123,0.838109772111224));
#2329=CARTESIAN_POINT('',(-54.7502309149623,5.51328672332934,1.26843092105264));
#2330=CARTESIAN_POINT('',(-53.6853037837448,5.00000000000003,-6.26839184421634E-15));
#2331=CARTESIAN_POINT('',(-54.997590604003,7.16554873914453,0.858726156334056));
#2332=CARTESIAN_POINT('',(-54.7417832567307,5.49520317151234,1.27941066606128));
#2333=CARTESIAN_POINT('',(-53.6608572634865,5.00000000000004,-6.26539800893788E-15));
#2334=CARTESIAN_POINT('',(-54.9743676216542,7.16615299620714,0.879374766123282));
#2335=CARTESIAN_POINT('',(-54.7333355980912,5.4771196188222,1.29039041160007));
#2336=CARTESIAN_POINT('',(-53.6364107432282,5.00000000000004,-6.26240417365942E-15));
#2337=CARTESIAN_POINT('',(-54.9511735473918,7.16675801807942,0.900055560818972));
#2338=CARTESIAN_POINT('',(-54.7248879390388,5.45903606524789,1.3013701576757));
#2339=CARTESIAN_POINT('',(-53.61196422297,5.00000000000003,-6.25941033838096E-15));
#2340=CARTESIAN_POINT('',(-54.9280084255319,7.16736381622239,0.920768499696621));
#2341=CARTESIAN_POINT('',(-54.716440279568,5.44095251077823,1.31234990429496));
#2342=CARTESIAN_POINT('',(-53.5875177027117,5.00000000000003,-6.25641650310251E-15));
#2343=CARTESIAN_POINT('',(-54.9048723003294,7.16797040210737,0.941513541969965));
#2344=CARTESIAN_POINT('',(-54.7079926196736,5.42286895540181,1.32332965146476));
#2345=CARTESIAN_POINT('',(-53.5630711824533,5.00000000000004,-6.25342266782403E-15));
#2346=CARTESIAN_POINT('',(-54.8817652159829,7.16857778720234,0.962290646787694));
#2347=CARTESIAN_POINT('',(-54.6995449593502,5.40478539910708,1.33430939919214));
#2348=CARTESIAN_POINT('',(-53.5386246621951,5.00000000000004,-6.25042883254558E-15));
#2349=CARTESIAN_POINT('',(-54.8586872166299,7.16918598298487,0.98309977323674));
#2350=CARTESIAN_POINT('',(-54.6910972985924,5.38670184188224,1.34528914748426));
#2351=CARTESIAN_POINT('',(-53.5141781419368,5.00000000000003,-6.24743499726713E-15));
#2352=CARTESIAN_POINT('',(-54.8356383463486,7.16979500093563,1.00394088034102));
#2353=CARTESIAN_POINT('',(-54.6826496373945,5.36861828371531,1.35626889634837));
#2354=CARTESIAN_POINT('',(-53.4897316216784,5.00000000000003,-6.24444116198865E-15));
#2355=CARTESIAN_POINT('',(-54.8126186491597,7.17040485253764,1.02481392706005));
#2356=CARTESIAN_POINT('',(-54.6742019757507,5.35053472459412,1.36724864579189));
#2357=CARTESIAN_POINT('',(-53.4652851014203,5.00000000000003,-6.24144732671021E-15));
#2358=CARTESIAN_POINT('',(-54.7896281690227,7.17101554927675,1.04571887229224));
#2359=CARTESIAN_POINT('',(-54.6657543136554,5.33245116450625,1.37822839582233));
#2360=CARTESIAN_POINT('',(-53.4408385811619,5.00000000000003,-6.23845349143174E-15));
#2361=CARTESIAN_POINT('',(-54.7666669498383,7.17162710264854,1.06665567487185));
#2362=CARTESIAN_POINT('',(-54.6573066511027,5.31436760343911,1.38920814644737));
#2363=CARTESIAN_POINT('',(-53.4163920609037,5.00000000000003,-6.23545965615329E-15));
#2364=CARTESIAN_POINT('',(-54.7437350354477,7.17223952414506,1.08762429357126));
#2365=CARTESIAN_POINT('',(-54.6488589880864,5.29628404137984,1.40018789767479));
#2366=CARTESIAN_POINT('',(-53.3919455406454,5.00000000000003,-6.23246582087483E-15));
#2367=CARTESIAN_POINT('',(-54.7208324696326,7.17285282526748,1.10862468709954));
#2368=CARTESIAN_POINT('',(-54.6404113246007,5.27820047831538,1.4111676495125));
#2369=CARTESIAN_POINT('',(-53.3674990203871,5.00000000000004,-6.22947198559636E-15));
#2370=CARTESIAN_POINT('',(-54.697959296114,7.17346701752161,1.12965681410385));
#2371=CARTESIAN_POINT('',(-54.631963660639,5.26011691423255,1.42214740196869));
#2372=CARTESIAN_POINT('',(-53.3430525001287,5.00000000000003,-6.2264781503179E-15));
#2373=CARTESIAN_POINT('',(-54.6751155585548,7.17408211241105,1.15072063316806));
#2374=CARTESIAN_POINT('',(-54.6235159961957,5.24203334911735,1.43312715505109));
#2375=CARTESIAN_POINT('',(-53.3186059798705,5.00000000000003,-6.22348431503944E-15));
#2376=CARTESIAN_POINT('',(-54.6523013005561,7.17469812144818,1.17181610281464));
#2377=CARTESIAN_POINT('',(-54.6150683312623,5.22394978295775,1.44410690876988));
#2378=CARTESIAN_POINT('',(-53.2941594596122,5.00000000000003,-6.22049047976098E-15));
#2379=CARTESIAN_POINT('',(-54.6295165656604,7.17531505614913,1.19294318150271));
#2380=CARTESIAN_POINT('',(-54.6066206658398,5.20586621573342,1.45508666312667));
#2381=CARTESIAN_POINT('',(-53.2697129393539,5.00000000000003,-6.21749664448252E-15));
#2382=CARTESIAN_POINT('',(-54.6067613973493,7.17593292803158,1.21410182762997));
#2383=CARTESIAN_POINT('',(-54.5981729998928,5.18778264745328,1.46606641815629));
#2384=CARTESIAN_POINT('',(-53.2452664190957,5.00000000000003,-6.21450280920407E-15));
#2385=CARTESIAN_POINT('',(-54.5840358390447,7.1765517486185,1.23529199953137));
#2386=CARTESIAN_POINT('',(-54.5897253335234,5.1696990780177,1.47704617376827));
#2387=CARTESIAN_POINT('',(-53.2208198988374,5.00000000000003,-6.2115089739256E-15));
#2388=CARTESIAN_POINT('',(-54.561339934108,7.17717152943509,1.25651365548015));
#2389=CARTESIAN_POINT('',(-54.5812776663131,5.15161550772402,1.48802593034812));
#2390=CARTESIAN_POINT('',(-53.1963733785791,5.00000000000003,-6.20851513864715E-15));
#2391=CARTESIAN_POINT('',(-54.5386737258403,7.17779228201324,1.27776675368733));
#2392=CARTESIAN_POINT('',(-54.5728299998104,5.13353193541323,1.4990056864774));
#2393=CARTESIAN_POINT('',(-53.1719268583208,5.00000000000003,-6.20552130336868E-15));
#2394=CARTESIAN_POINT('',(-54.5160372574825,7.17841401788363,1.29905125230216));
#2395=CARTESIAN_POINT('',(-54.5643823281301,5.11544836526056,1.50998544757714));
#2396=CARTESIAN_POINT('',(-53.1474803380625,5.00000000000003,-6.20252746809023E-15));
#2397=CARTESIAN_POINT('',(-54.4934305722145,7.17903674858527,1.32036710941207));
#2398=CARTESIAN_POINT('',(-54.5559346734751,5.0973647819077,1.52096519314401));
#2399=CARTESIAN_POINT('',(-53.1230338178043,5.00000000000003,-6.19953363281177E-15));
#2400=CARTESIAN_POINT('',(-54.470853713156,7.17966048565829,1.34171428304259));
#2401=CARTESIAN_POINT('',(-54.5474869519216,5.07928124148116,1.53194500093258));
#2402=CARTESIAN_POINT('',(-53.0985872975459,5.00000000000003,-6.1965397975333E-15));
#2403=CARTESIAN_POINT('',(-54.4483067233661,7.1802852406463,1.36309273115763));
#2404=CARTESIAN_POINT('',(-54.5390394805068,5.0611975386468,1.5429245763221));
#2405=CARTESIAN_POINT('',(-53.0741407772877,5.00000000000003,-6.19354596225484E-15));
#2406=CARTESIAN_POINT('',(-54.4257896458426,7.18091102509786,1.38450241165976));
#2407=CARTESIAN_POINT('',(-54.5305910614404,5.04311442379386,1.55390503578394));
#2408=CARTESIAN_POINT('',(-53.0496942570294,5.00000000000003,-6.19055212697638E-15));
#2409=CARTESIAN_POINT('',(-54.4005425064097,7.18161478566372,1.40857488501489));
#2410=CARTESIAN_POINT('',(-54.5211042789008,5.02279776092924,1.56623652639826));
#2411=CARTESIAN_POINT('',(-53.0222472277103,5.00000000000003,-6.18719083531621E-15));
#2412=CARTESIAN_POINT('',(-54.3828191147876,7.18211058828473,1.42552951671262));
#2413=CARTESIAN_POINT('',(-54.5147535993082,5.00836744948397,1.57460177185166));
#2414=CARTESIAN_POINT('',(-53.0029490384773,5.00000000000003,-6.18482748874886E-15));
#2415=CARTESIAN_POINT('',(-54.3725889680088,7.18239736696935,1.43533459747697));
#2416=CARTESIAN_POINT('',(-54.511164142618,4.99999093580538,1.5793591568054));
#2417=CARTESIAN_POINT('',(-52.9917996893304,5.00000000000003,-6.18346208727433E-15));
#2418=FACE_BOUND('',#2419,.T.);
#2419=EDGE_LOOP('',(#5445,#5446,#5447));
#2420=CYLINDRICAL_SURFACE('',#2421,2.);
#2421=AXIS2_PLACEMENT_3D('',#2422,#2423,#2424);
#2422=CARTESIAN_POINT('',(-48.99999995491,3.00000000000003,-8.0000000112725));
#2423=DIRECTION('',(5.63625036718975E-9,0.,-1.));
#2424=DIRECTION('',(0.,1.,0.));
#2425=FACE_BOUND('',#2426,.T.);
#2426=EDGE_LOOP('',(#5448,#5449,#5450,#5451));
#2427=(BOUNDED_SURFACE()B_SPLINE_SURFACE(3,2,(
(#2428,#2429,#2430),
(#2431,#2432,#2433),
(#2434,#2435,#2436),
(#2437,#2438,#2439)),
.UNSPECIFIED.,.F.,.F.,.F.)B_SPLINE_SURFACE_WITH_KNOTS((4,4),
(3,3),
(-5.72033806112301E-6,0.233871054752306),
(0.,1.),
.UNSPECIFIED.)GEOMETRIC_REPRESENTATION_ITEM()RATIONAL_B_SPLINE_SURFACE((
(1.,0.924942676348534,1.),
(1.,0.924886940063904,1.),
(1.,0.924733546137972,1.),
(1.,0.924525089826941,1.)))REPRESENTATION_ITEM('')SURFACE());
#2428=CARTESIAN_POINT('',(-46.3893022411783,2.99998991499203,1.39238835507436));
#2429=CARTESIAN_POINT('',(-46.9807531854016,2.99999082522265,0.821677756062399));
#2430=CARTESIAN_POINT('',(-46.9999999549427,2.99998855932391,-5.57214363114345E-15));
#2431=CARTESIAN_POINT('',(-46.3888785380037,3.13274359051365,1.39305260144588));
#2432=CARTESIAN_POINT('',(-46.9807145971254,3.12388106044238,0.822025038267124));
#2433=CARTESIAN_POINT('',(-46.9999806878706,3.15590813327793,-5.56259395124927E-15));
#2434=CARTESIAN_POINT('',(-46.4064977335803,3.28696017492763,1.39331581373595));
#2435=CARTESIAN_POINT('',(-46.9980289279453,3.25299281936201,0.821059698006968));
#2436=CARTESIAN_POINT('',(-47.0182953334371,3.31181919085233,-5.55529004957581E-15));
#2437=CARTESIAN_POINT('',(-46.4571755721695,3.46349127978571,1.40261218909609));
#2438=CARTESIAN_POINT('',(-47.0356838236437,3.38472598524586,0.820483661418987));
#2439=CARTESIAN_POINT('',(-47.0544467778788,3.46348984384098,-5.55043017566246E-15));
#2440=FACE_BOUND('',#2441,.T.);
#2441=EDGE_LOOP('',(#5452,#5453,#5454,#5455));
#2442=CYLINDRICAL_SURFACE('',#2443,2.);
#2443=AXIS2_PLACEMENT_3D('',#2444,#2445,#2446);
#2444=CARTESIAN_POINT('',(-45.0005484466332,-6.99999999999997,-0.046834663862699));
#2445=DIRECTION('',(-5.07530525542929E-16,-1.,1.66533453693773E-16));
#2446=DIRECTION('',(-0.69437695916955,4.7225688305241E-16,0.719611449724397));
#2447=FACE_BOUND('',#2448,.T.);
#2448=EDGE_LOOP('',(#5456,#5457,#5458,#5459));
#2449=(BOUNDED_SURFACE()B_SPLINE_SURFACE(3,2,(
(#2450,#2451,#2452),
(#2453,#2454,#2455),
(#2456,#2457,#2458),
(#2459,#2460,#2461)),
.UNSPECIFIED.,.F.,.F.,.F.)B_SPLINE_SURFACE_WITH_KNOTS((4,4),
(3,3),
(-5.72033814395796E-6,0.23387105475249),
(0.,1.),
.UNSPECIFIED.)GEOMETRIC_REPRESENTATION_ITEM()RATIONAL_B_SPLINE_SURFACE((
(1.,0.924942678160132,1.),
(1.,0.92488694245551,1.),
(1.,0.924733548080267,1.),
(1.,0.924525089826756,1.)))REPRESENTATION_ITEM('')SURFACE());
#2450=CARTESIAN_POINT('',(-46.389302251758,-2.99998991499191,1.39238834486563));
#2451=CARTESIAN_POINT('',(-46.9807532105563,-2.99999082522258,0.821677744450476));
#2452=CARTESIAN_POINT('',(-47.0000000000327,-2.99998855932394,-5.93953627533085E-15));
#2453=CARTESIAN_POINT('',(-46.3888785645125,-3.13274358915908,1.39305257587166));
#2454=CARTESIAN_POINT('',(-46.9807146229226,-3.12388105854152,0.822025022865057));
#2455=CARTESIAN_POINT('',(-46.9999807329611,-3.15590812976294,-5.94908123593822E-15));
#2456=CARTESIAN_POINT('',(-46.4064977572313,-3.28696017347272,1.393315790529));
#2457=CARTESIAN_POINT('',(-46.9980289529908,-3.25299281738517,0.821059685816222));
#2458=CARTESIAN_POINT('',(-47.0182953781146,-3.3118191838225,-5.96087093175999E-15));
#2459=CARTESIAN_POINT('',(-46.4571755721682,-3.46349127978615,1.4026121890975));
#2460=CARTESIAN_POINT('',(-47.0356838455749,-3.38472598002133,0.820483661419762));
#2461=CARTESIAN_POINT('',(-47.0544468217414,-3.4634898333919,-5.97458535550818E-15));
#2462=FACE_BOUND('',#2463,.T.);
#2463=EDGE_LOOP('',(#5460,#5461,#5462));
#2464=CYLINDRICAL_SURFACE('',#2465,2.);
#2465=AXIS2_PLACEMENT_3D('',#2466,#2467,#2468);
#2466=CARTESIAN_POINT('',(-48.99999995491,-2.99999999999997,-8.00000001127251));
#2467=DIRECTION('',(5.63624964308081E-9,0.,-1.));
#2468=DIRECTION('',(1.,0.,5.63624964308081E-9));
#2469=FACE_BOUND('',#2470,.T.);
#2470=EDGE_LOOP('',(#5463,#5464,#5465,#5466));
#2471=(BOUNDED_SURFACE()B_SPLINE_SURFACE(3,2,(
(#2472,#2473,#2474),
(#2475,#2476,#2477),
(#2478,#2479,#2480),
(#2481,#2482,#2483),
(#2484,#2485,#2486),
(#2487,#2488,#2489),
(#2490,#2491,#2492),
(#2493,#2494,#2495),
(#2496,#2497,#2498),
(#2499,#2500,#2501),
(#2502,#2503,#2504),
(#2505,#2506,#2507),
(#2508,#2509,#2510),
(#2511,#2512,#2513),
(#2514,#2515,#2516),
(#2517,#2518,#2519),
(#2520,#2521,#2522),
(#2523,#2524,#2525),
(#2526,#2527,#2528),
(#2529,#2530,#2531),
(#2532,#2533,#2534),
(#2535,#2536,#2537),
(#2538,#2539,#2540),
(#2541,#2542,#2543),
(#2544,#2545,#2546),
(#2547,#2548,#2549),
(#2550,#2551,#2552),
(#2553,#2554,#2555),
(#2556,#2557,#2558),
(#2559,#2560,#2561),
(#2562,#2563,#2564),
(#2565,#2566,#2567),
(#2568,#2569,#2570),
(#2571,#2572,#2573),
(#2574,#2575,#2576),
(#2577,#2578,#2579),
(#2580,#2581,#2582),
(#2583,#2584,#2585),
(#2586,#2587,#2588),
(#2589,#2590,#2591),
(#2592,#2593,#2594),
(#2595,#2596,#2597),
(#2598,#2599,#2600),
(#2601,#2602,#2603),
(#2604,#2605,#2606),
(#2607,#2608,#2609),
(#2610,#2611,#2612),
(#2613,#2614,#2615),
(#2616,#2617,#2618),
(#2619,#2620,#2621),
(#2622,#2623,#2624),
(#2625,#2626,#2627),
(#2628,#2629,#2630),
(#2631,#2632,#2633),
(#2634,#2635,#2636),
(#2637,#2638,#2639),
(#2640,#2641,#2642),
(#2643,#2644,#2645),
(#2646,#2647,#2648),
(#2649,#2650,#2651),
(#2652,#2653,#2654),
(#2655,#2656,#2657),
(#2658,#2659,#2660),
(#2661,#2662,#2663),
(#2664,#2665,#2666),
(#2667,#2668,#2669),
(#2670,#2671,#2672),
(#2673,#2674,#2675),
(#2676,#2677,#2678),
(#2679,#2680,#2681),
(#2682,#2683,#2684),
(#2685,#2686,#2687),
(#2688,#2689,#2690),
(#2691,#2692,#2693),
(#2694,#2695,#2696),
(#2697,#2698,#2699),
(#2700,#2701,#2702),
(#2703,#2704,#2705),
(#2706,#2707,#2708),
(#2709,#2710,#2711),
(#2712,#2713,#2714),
(#2715,#2716,#2717),
(#2718,#2719,#2720),
(#2721,#2722,#2723),
(#2724,#2725,#2726),
(#2727,#2728,#2729),
(#2730,#2731,#2732),
(#2733,#2734,#2735),
(#2736,#2737,#2738),
(#2739,#2740,#2741),
(#2742,#2743,#2744),
(#2745,#2746,#2747),
(#2748,#2749,#2750),
(#2751,#2752,#2753),
(#2754,#2755,#2756)),
.UNSPECIFIED.,.F.,.F.,.F.)B_SPLINE_SURFACE_WITH_KNOTS((4,1,1,1,1,1,1,1,1,1,1,1,1,
1,1,1,1,1,1,1,1,1,1,1,1,1,1,1,1,1,1,1,1,1,1,1,1,1,1,1,1,1,1,1,1,1,1,1,1,1,1,1,1,
1,1,1,1,1,1,1,1,1,1,1,1,1,1,1,1,1,1,1,1,1,1,1,1,1,1,1,1,1,1,1,1,1,1,1,1,1,1,1,4),
(3,3),
(-45.6838603455638,-44.6838603455638,-44.1838603455638,-43.6838603455638,-43.1838603455638,
-42.6838603455638,-42.1838603455638,-41.6838603455638,-41.1838603455638,-40.6838603455638,
-40.1838603455638,-39.6838603455638,-39.1838603455638,-38.6838603455638,-38.1838603455638,
-37.6838603455638,-37.1838603455638,-36.6838603455638,-36.1838603455638,-35.6838603455638,
-35.1838603455638,-34.6838603455638,-34.1838603455638,-33.6838603455638,-33.1838603455638,
-32.6838603455638,-32.1838603455638,-31.6838603455638,-31.1838603455638,-30.6838603455638,
-30.1838603455638,-29.6838603455638,-29.1838603455638,-28.6838603455638,-28.1838603455638,
-27.6838603455638,-27.1838603455638,-26.6838603455638,-26.1838603455638,-25.6838603455638,
-25.1838603455638,-24.6838603455638,-24.1838603455638,-23.6838603455638,-23.1838603455638,
-22.6838603455638,-22.1838603455638,-21.6838603455638,-21.1838603455638,-20.6838603455638,
-20.1838603455638,-19.6838603455638,-19.1838603455638,-18.6838603455638,-18.1838603455638,
-17.6838603455638,-17.1838603455638,-16.6838603455638,-16.1838603455638,-15.6838603455638,
-15.1838603455638,-14.6838603455638,-14.1838603455638,-13.6838603455638,-13.1838603455638,
-12.6838603455638,-12.1838603455638,-11.6838603455638,-11.1838603455638,-10.6838603455638,
-10.1838603455638,-9.68386034556375,-9.18386034556375,-8.68386034556375,-8.18386034556375,
-7.68386034556375,-7.18386034556375,-6.68386034556375,-6.18386034556375,-5.68386034556375,
-5.18386034556375,-4.68386034556375,-4.18386034556375,-3.68386034556375,-3.18386034556375,
-2.68386034556375,-2.18386034556375,-1.68386034556375,-1.18386034556375,-0.683860345563751,
-0.183860345563751,0.316139654436249,1.00024616708776),
(0.,1.),
.UNSPECIFIED.)GEOMETRIC_REPRESENTATION_ITEM()RATIONAL_B_SPLINE_SURFACE((
(1.,0.970247976067902,1.),
(1.,0.968133476932408,1.),
(1.,0.964961728229167,1.),
(1.,0.960732729958179,1.),
(1.,0.957560981254938,1.),
(1.,0.954389232551697,1.),
(1.,0.951217483848456,1.),
(1.,0.948045735145214,1.),
(1.,0.944873986441974,1.),
(1.,0.941702237738732,1.),
(1.,0.938530489035491,1.),
(1.,0.93535874033225,1.),
(1.,0.932186991629009,1.),
(1.,0.929015242925768,1.),
(1.,0.925843494222527,1.),
(1.,0.922671745519286,1.),
(1.,0.919499996816045,1.),
(1.,0.916328248112804,1.),
(1.,0.913156499409563,1.),
(1.,0.909984750706321,1.),
(1.,0.90681300200308,1.),
(1.,0.903641253299839,1.),
(1.,0.900469504596598,1.),
(1.,0.897297755893357,1.),
(1.,0.894126007190116,1.),
(1.,0.890954258486875,1.),
(1.,0.887782509783634,1.),
(1.,0.884610761080392,1.),
(1.,0.881439012377151,1.),
(1.,0.87826726367391,1.),
(1.,0.875095514970669,1.),
(1.,0.871923766267428,1.),
(1.,0.868752017564187,1.),
(1.,0.865580268860946,1.),
(1.,0.862408520157705,1.),
(1.,0.859236771454464,1.),
(1.,0.856065022751222,1.),
(1.,0.852893274047981,1.),
(1.,0.84972152534474,1.),
(1.,0.846549776641499,1.),
(1.,0.843378027938258,1.),
(1.,0.840206279235017,1.),
(1.,0.837034530531776,1.),
(1.,0.833862781828535,1.),
(1.,0.830691033125294,1.),
(1.,0.827519284422053,1.),
(1.,0.824347535718812,1.),
(1.,0.82117578701557,1.),
(1.,0.818004038312329,1.),
(1.,0.814832289609088,1.),
(1.,0.811660540905847,1.),
(1.,0.808488792202606,1.),
(1.,0.805317043499365,1.),
(1.,0.802145294796124,1.),
(1.,0.798973546092883,1.),
(1.,0.795801797389641,1.),
(1.,0.7926300486864,1.),
(1.,0.789458299983159,1.),
(1.,0.786286551279918,1.),
(1.,0.783114802576677,1.),
(1.,0.779943053873436,1.),
(1.,0.776771305170195,1.),
(1.,0.773599556466954,1.),
(1.,0.770427807763713,1.),
(1.,0.767256059060471,1.),
(1.,0.764084310357231,1.),
(1.,0.760912561653989,1.),
(1.,0.757740812950748,1.),
(1.,0.754569064247507,1.),
(1.,0.751397315544266,1.),
(1.,0.748225566841025,1.),
(1.,0.745053818137784,1.),
(1.,0.741882069434543,1.),
(1.,0.738710320731302,1.),
(1.,0.73553857202806,1.),
(1.,0.732366823324819,1.),
(1.,0.729195074621579,1.),
(1.,0.726023325918334,1.),
(1.,0.722851577215109,1.),
(1.,0.719679828511806,1.),
(1.,0.716508079808798,1.),
(1.,0.713336331104686,1.),
(1.,0.710164582404694,1.),
(1.,0.706992833689328,1.),
(1.,0.703821085031339,1.),
(1.,0.700649336159214,1.),
(1.,0.697477588086257,1.),
(1.,0.694305837030762,1.),
(1.,0.69113409710625,1.),
(1.,0.687962315640346,1.),
(1.,0.684790689209028,1.),
(1.,0.681618484180759,1.),
(1.,0.678059354469585,1.),
(1.,0.675545474804112,1.),
(1.,0.674090957555195,1.)))REPRESENTATION_ITEM('')SURFACE());
#2472=CARTESIAN_POINT('',(-56.5919567276916,-7.12678821918248,-0.430930226383847));
#2473=CARTESIAN_POINT('',(-55.2993372218264,-6.68873583371396,0.554736419370978));
#2474=CARTESIAN_POINT('',(-55.2743276005331,-4.99999999999997,-7.07531453688989E-15));
#2475=CARTESIAN_POINT('',(-56.5752614195209,-7.12717414413353,-0.418650077652668));
#2476=CARTESIAN_POINT('',(-55.2936931818783,-6.6766538713452,0.562072194298127));
#2477=CARTESIAN_POINT('',(-55.2580299203605,-4.99999999999997,-7.07331864670419E-15));
#2478=CARTESIAN_POINT('',(-56.5502442666536,-7.12775303935176,-0.400195089392698));
#2479=CARTESIAN_POINT('',(-55.2852362764105,-6.65855052435295,0.573063958293917));
#2480=CARTESIAN_POINT('',(-55.2335834001023,-4.99999999999997,-7.07032481142575E-15));
#2481=CARTESIAN_POINT('',(-56.5169398736852,-7.12852495967277,-0.375519053494527));
#2482=CARTESIAN_POINT('',(-55.2739850970299,-6.63446559101969,0.587687547134512));
#2483=CARTESIAN_POINT('',(-55.2009880397583,-4.99999999999997,-7.06633303105452E-15));
#2484=CARTESIAN_POINT('',(-56.4919875323368,-7.12910394107357,-0.356977370576675));
#2485=CARTESIAN_POINT('',(-55.2655374567291,-6.6163820775864,0.598667268837825));
#2486=CARTESIAN_POINT('',(-55.1765415194994,-4.99999999999997,-7.06333919577598E-15));
#2487=CARTESIAN_POINT('',(-56.4670611922672,-7.12968297476015,-0.338401068173523));
#2488=CARTESIAN_POINT('',(-55.2570898162236,-6.59829856371498,0.609646990807148));
#2489=CARTESIAN_POINT('',(-55.1520949992414,-4.99999999999997,-7.06034536049756E-15));
#2490=CARTESIAN_POINT('',(-56.4421609013249,-7.13026207187959,-0.31979018286612));
#2491=CARTESIAN_POINT('',(-55.2486421755113,-6.58021504940106,0.620626713045144));
#2492=CARTESIAN_POINT('',(-55.1276484789833,-4.99999999999997,-7.05735152521912E-15));
#2493=CARTESIAN_POINT('',(-56.4172867073057,-7.13084124356946,-0.301144751302056));
#2494=CARTESIAN_POINT('',(-55.2401945345904,-6.5621315346402,0.631606435554509));
#2495=CARTESIAN_POINT('',(-55.103201958725,-4.99999999999997,-7.05435768994066E-15));
#2496=CARTESIAN_POINT('',(-56.3924386579487,-7.13142050100046,-0.282464810196963));
#2497=CARTESIAN_POINT('',(-55.2317468934584,-6.5440480194279,0.642586158337976));
#2498=CARTESIAN_POINT('',(-55.0787554384671,-4.99999999999997,-7.05136385466225E-15));
#2499=CARTESIAN_POINT('',(-56.3676168009458,-7.13199985531405,-0.263750396335978));
#2500=CARTESIAN_POINT('',(-55.2232992521136,-6.52596450375959,0.653565881398314));
#2501=CARTESIAN_POINT('',(-55.0543089182081,-4.99999999999997,-7.0483700193837E-15));
#2502=CARTESIAN_POINT('',(-56.3428211839256,-7.13257931769446,-0.245001546568117));
#2503=CARTESIAN_POINT('',(-55.2148516105534,-6.50788098763065,0.664545604738331));
#2504=CARTESIAN_POINT('',(-55.0298623979504,-4.99999999999997,-7.04537618410531E-15));
#2505=CARTESIAN_POINT('',(-56.3180518544752,-7.13315889929525,-0.226218297815615));
#2506=CARTESIAN_POINT('',(-55.206403968776,-6.4897974710364,0.675525328360871));
#2507=CARTESIAN_POINT('',(-55.0054158776914,-4.99999999999997,-7.04238234882676E-15));
#2508=CARTESIAN_POINT('',(-56.2933088601177,-7.13373861131054,-0.20740068706446));
#2509=CARTESIAN_POINT('',(-55.1979563267789,-6.47171395397209,0.686505052268818));
#2510=CARTESIAN_POINT('',(-54.9809693574334,-4.99999999999997,-7.03938851354834E-15));
#2511=CARTESIAN_POINT('',(-56.2685922483284,-7.13431846491342,-0.188548751369673));
#2512=CARTESIAN_POINT('',(-55.18950868456,-6.45363043643289,0.697484776465096));
#2513=CARTESIAN_POINT('',(-54.9565228371755,-4.99999999999997,-7.03639467826992E-15));
#2514=CARTESIAN_POINT('',(-56.2439020665273,-7.13489847129836,-0.169662527854729));
#2515=CARTESIAN_POINT('',(-55.181061042117,-6.43554691841394,0.708464500952668));
#2516=CARTESIAN_POINT('',(-54.9320763169163,-4.99999999999997,-7.03340084299135E-15));
#2517=CARTESIAN_POINT('',(-56.2192383620792,-7.13547864164976,-0.150742053708037));
#2518=CARTESIAN_POINT('',(-55.1726133994476,-6.41746339991028,0.719444225734538));
#2519=CARTESIAN_POINT('',(-54.9076297966593,-4.99999999999997,-7.03040700771304E-15));
#2520=CARTESIAN_POINT('',(-56.1946011822951,-7.13605898718529,-0.131787366188106));
#2521=CARTESIAN_POINT('',(-55.1641657565494,-6.3993798809169,0.730423950813751));
#2522=CARTESIAN_POINT('',(-54.8831832764005,-4.99999999999997,-7.02741317243453E-15));
#2523=CARTESIAN_POINT('',(-56.1699905744344,-7.13663951909285,-0.112798502619604));
#2524=CARTESIAN_POINT('',(-55.15571811342,-6.38129636142872,0.741403676193395));
#2525=CARTESIAN_POINT('',(-54.8587367561422,-4.99999999999997,-7.02441933715607E-15));
#2526=CARTESIAN_POINT('',(-56.1454065856975,-7.13722024860335,-0.093775500394402));
#2527=CARTESIAN_POINT('',(-55.1472704700571,-6.36321284144057,0.752383401876601));
#2528=CARTESIAN_POINT('',(-54.8342902358837,-4.99999999999997,-7.02142550187758E-15));
#2529=CARTESIAN_POINT('',(-56.1208492632375,-7.13780118691629,-0.0747183969732335));
#2530=CARTESIAN_POINT('',(-55.1388228264582,-6.34512932094723,0.763363127866543));
#2531=CARTESIAN_POINT('',(-54.8098437156258,-4.99999999999997,-7.01843166659916E-15));
#2532=CARTESIAN_POINT('',(-56.0963186541431,-7.13838234527143,-0.0556272298798311));
#2533=CARTESIAN_POINT('',(-55.1303751826208,-6.32704579994339,0.774342854166438));
#2534=CARTESIAN_POINT('',(-54.7853971953673,-4.99999999999997,-7.01543783132068E-15));
#2535=CARTESIAN_POINT('',(-56.0718148054591,-7.13896373488797,-0.0365020367106527));
#2536=CARTESIAN_POINT('',(-55.1219275385425,-6.30896227842369,0.785322580779552));
#2537=CARTESIAN_POINT('',(-54.7609506751089,-4.99999999999997,-7.0124439960422E-15));
#2538=CARTESIAN_POINT('',(-56.047337764168,-7.13954536700539,-0.0173428551246685));
#2539=CARTESIAN_POINT('',(-55.1134798942206,-6.29087875638267,0.796302307709194));
#2540=CARTESIAN_POINT('',(-54.7365041548508,-4.99999999999997,-7.00945016076376E-15));
#2541=CARTESIAN_POINT('',(-56.0228875772036,-7.14012725285383,0.00185027714915206));
#2542=CARTESIAN_POINT('',(-55.1050322496526,-6.2727952338148,0.807282034958721));
#2543=CARTESIAN_POINT('',(-54.7120576345927,-4.99999999999999,-7.00645632548533E-15));
#2544=CARTESIAN_POINT('',(-55.9984642914372,-7.14070940369538,0.0210773223182095));
#2545=CARTESIAN_POINT('',(-55.0965846048358,-6.25471171071448,0.818261762531536));
#2546=CARTESIAN_POINT('',(-54.6876111143342,-4.99999999999992,-7.00346249020685E-15));
#2547=CARTESIAN_POINT('',(-55.9740679536935,-7.14129183076298,0.0403382425202003));
#2548=CARTESIAN_POINT('',(-55.0881369597677,-6.23662818707601,0.829241490431092));
#2549=CARTESIAN_POINT('',(-54.6631645940758,-4.99999999999999,-7.00046865492837E-15));
#2550=CARTESIAN_POINT('',(-55.9496986107354,-7.14187454533191,0.0596329998276785));
#2551=CARTESIAN_POINT('',(-55.0796893144454,-6.21854466289364,0.840221218660892));
#2552=CARTESIAN_POINT('',(-54.6387180738178,-4.99999999999997,-6.99747481964994E-15));
#2553=CARTESIAN_POINT('',(-55.9253563092769,-7.14245755864593,0.0789615562455183));
#2554=CARTESIAN_POINT('',(-55.0712416688664,-6.20046113816151,0.851200947224487));
#2555=CARTESIAN_POINT('',(-54.6142715535592,-4.99999999999997,-6.99448098437145E-15));
#2556=CARTESIAN_POINT('',(-55.9010410959703,-7.14304088198902,0.0983238737135179));
#2557=CARTESIAN_POINT('',(-55.0627940230278,-6.18237761287369,0.862180676125482));
#2558=CARTESIAN_POINT('',(-54.5898250333012,-4.99999999999997,-6.99148714909303E-15));
#2559=CARTESIAN_POINT('',(-55.876753017418,-7.14362452662391,0.117719914103594));
#2560=CARTESIAN_POINT('',(-55.0543463769267,-6.16429408702415,0.87316040536753));
#2561=CARTESIAN_POINT('',(-54.5653785130428,-4.99999999999997,-6.98849331381455E-15));
#2562=CARTESIAN_POINT('',(-55.8524921201641,-7.1442085038338,0.137149639221943));
#2563=CARTESIAN_POINT('',(-55.0458987305604,-6.1462105606068,0.884140134954341));
#2564=CARTESIAN_POINT('',(-54.5409319927844,-4.99999999999997,-6.98549947853607E-15));
#2565=CARTESIAN_POINT('',(-55.8282584506996,-7.14479282489201,0.156613010808234));
#2566=CARTESIAN_POINT('',(-55.037451083926,-6.12812703361542,0.895119864889678));
#2567=CARTESIAN_POINT('',(-54.5164854725262,-4.99999999999997,-6.98250564325763E-15));
#2568=CARTESIAN_POINT('',(-55.8040520554563,-7.14537750110393,0.176109990535917));
#2569=CARTESIAN_POINT('',(-55.0290034370205,-6.11004350604374,0.906099595177357));
#2570=CARTESIAN_POINT('',(-54.4920389522682,-4.99999999999997,-6.97951180797919E-15));
#2571=CARTESIAN_POINT('',(-55.7798729808147,-7.14596254374524,0.195640540012414));
#2572=CARTESIAN_POINT('',(-55.0205557898409,-6.09195997788538,0.917079325821252));
#2573=CARTESIAN_POINT('',(-54.4675924320097,-4.99999999999997,-6.97651797270072E-15));
#2574=CARTESIAN_POINT('',(-55.7557212730959,-7.1465479641339,0.215204620778306));
#2575=CARTESIAN_POINT('',(-55.0121081423842,-6.07387644913385,0.928059056825293));
#2576=CARTESIAN_POINT('',(-54.4431459117513,-4.99999999999997,-6.97352413742223E-15));
#2577=CARTESIAN_POINT('',(-55.7315969785677,-7.14713377355597,0.234802194309808));
#2578=CARTESIAN_POINT('',(-55.0036604946474,-6.0557929197826,0.939038788193468));
#2579=CARTESIAN_POINT('',(-54.4186993914933,-4.99999999999997,-6.97053030214381E-15));
#2580=CARTESIAN_POINT('',(-55.7075001434405,-7.14771998333744,0.254433222014859));
#2581=CARTESIAN_POINT('',(-54.9952128466272,-6.03770938982496,0.950018519929824));
#2582=CARTESIAN_POINT('',(-54.3942528712347,-4.99999999999997,-6.96753646686532E-15));
#2583=CARTESIAN_POINT('',(-55.6834308138683,-7.14830660478425,0.274097665238314));
#2584=CARTESIAN_POINT('',(-54.9867651983207,-6.01962585925416,0.960998252038471));
#2585=CARTESIAN_POINT('',(-54.3698063509767,-4.99999999999997,-6.96454263158689E-15));
#2586=CARTESIAN_POINT('',(-55.6593890359517,-7.14889364921551,0.293795485256396));
#2587=CARTESIAN_POINT('',(-54.9783175497245,-6.00154232806334,0.971977984523575));
#2588=CARTESIAN_POINT('',(-54.3453598307183,-4.99999999999997,-6.96154879630841E-15));
#2589=CARTESIAN_POINT('',(-55.6353748557328,-7.14948112795893,0.313526643280988));
#2590=CARTESIAN_POINT('',(-54.9698699008354,-5.98345879624552,0.982957717389369));
#2591=CARTESIAN_POINT('',(-54.3209133104598,-4.99999999999997,-6.95855496102993E-15));
#2592=CARTESIAN_POINT('',(-55.611388319197,-7.15006905234353,0.33329110045913));
#2593=CARTESIAN_POINT('',(-54.9614222516501,-5.96537526379364,0.993937450640147));
#2594=CARTESIAN_POINT('',(-54.2964667902017,-4.99999999999998,-6.9555611257515E-15));
#2595=CARTESIAN_POINT('',(-55.5874294722758,-7.15065743370498,0.353088817870142));
#2596=CARTESIAN_POINT('',(-54.9529746021653,-5.94729173070051,1.00491718428027));
#2597=CARTESIAN_POINT('',(-54.2720202699437,-4.99999999999995,-6.95256729047306E-15));
#2598=CARTESIAN_POINT('',(-55.5634983608406,-7.15124628338178,0.372919756530833));
#2599=CARTESIAN_POINT('',(-54.9445269523775,-5.92920819695885,1.01589691831416));
#2600=CARTESIAN_POINT('',(-54.2475737496852,-4.99999999999998,-6.94957345519458E-15));
#2601=CARTESIAN_POINT('',(-55.5395950307104,-7.15183561272358,0.392783877388828));
#2602=CARTESIAN_POINT('',(-54.9360793022832,-5.91112466256124,1.02687665274632));
#2603=CARTESIAN_POINT('',(-54.2231272294268,-4.99999999999997,-6.9465796199161E-15));
#2604=CARTESIAN_POINT('',(-55.5157195276446,-7.15242543307301,0.412681141330011));
#2605=CARTESIAN_POINT('',(-54.9276316518791,-5.89304112750019,1.0378563875813));
#2606=CARTESIAN_POINT('',(-54.1986807091688,-4.99999999999997,-6.94358578463768E-15));
#2607=CARTESIAN_POINT('',(-55.4918718973467,-7.15301575578961,0.432611509172876));
#2608=CARTESIAN_POINT('',(-54.9191840011615,-5.87495759176805,1.04883612282375));
#2609=CARTESIAN_POINT('',(-54.1742341889102,-4.99999999999997,-6.94059194935918E-15));
#2610=CARTESIAN_POINT('',(-55.4680521854646,-7.15360659223074,0.452574941670753));
#2611=CARTESIAN_POINT('',(-54.9107363501267,-5.85687405535709,1.05981585847835));
#2612=CARTESIAN_POINT('',(-54.1497876686522,-4.99999999999997,-6.93759811408076E-15));
#2613=CARTESIAN_POINT('',(-55.4442604375856,-7.15419795376537,0.47257139951393));
#2614=CARTESIAN_POINT('',(-54.9022886987711,-5.83879051825944,1.07079559454989));
#2615=CARTESIAN_POINT('',(-54.1253411483938,-4.99999999999997,-6.93460427880228E-15));
#2616=CARTESIAN_POINT('',(-55.4204966992458,-7.15478985175598,0.49260084332416));
#2617=CARTESIAN_POINT('',(-54.8938410470911,-5.82070698046711,1.08177533104321));
#2618=CARTESIAN_POINT('',(-54.1008946281353,-4.99999999999997,-6.9316104435238E-15));
#2619=CARTESIAN_POINT('',(-55.3967610159187,-7.15538229758114,0.512663233661764));
#2620=CARTESIAN_POINT('',(-54.8853933950827,-5.80262344197199,1.09275506796325));
#2621=CARTESIAN_POINT('',(-54.0764481078773,-4.99999999999997,-6.92861660824538E-15));
#2622=CARTESIAN_POINT('',(-55.3730534330237,-7.15597530261737,0.532758531020078));
#2623=CARTESIAN_POINT('',(-54.8769457427422,-5.78453990276583,1.103734805315));
#2624=CARTESIAN_POINT('',(-54.0520015876188,-4.99999999999997,-6.92562277296688E-15));
#2625=CARTESIAN_POINT('',(-55.3493739959222,-7.15656887825301,0.552886695827641));
#2626=CARTESIAN_POINT('',(-54.8684980900656,-5.76645636284028,1.11471454310355));
#2627=CARTESIAN_POINT('',(-54.0275550673608,-4.99999999999997,-6.92262893768846E-15));
#2628=CARTESIAN_POINT('',(-55.3257227499173,-7.15716303586898,0.573047688450407));
#2629=CARTESIAN_POINT('',(-54.860050437049,-5.74837282218684,1.12569428133405));
#2630=CARTESIAN_POINT('',(-54.0031085471023,-4.99999999999997,-6.91963510240998E-15));
#2631=CARTESIAN_POINT('',(-55.3020997402572,-7.15775778686317,0.593241469186037));
#2632=CARTESIAN_POINT('',(-54.8516027836883,-5.73028928079685,1.13667402001176));
#2633=CARTESIAN_POINT('',(-53.9786620268438,-4.99999999999997,-6.91664126713149E-15));
#2634=CARTESIAN_POINT('',(-55.2785050121293,-7.1583531426305,0.613467998271469));
#2635=CARTESIAN_POINT('',(-54.8431551299794,-5.71220573866156,1.14765375914198));
#2636=CARTESIAN_POINT('',(-53.9542155065861,-4.99999999999997,-6.91364743185309E-15));
#2637=CARTESIAN_POINT('',(-55.2549386106656,-7.15894911457797,0.63372723587609));
#2638=CARTESIAN_POINT('',(-54.8347074759183,-5.69412219577206,1.15863349873015));
#2639=CARTESIAN_POINT('',(-53.9297689863275,-4.99999999999997,-6.9106535965746E-15));
#2640=CARTESIAN_POINT('',(-55.2314005809397,-7.15954571410508,0.654019142107091));
#2641=CARTESIAN_POINT('',(-54.8262598215005,-5.67603865211928,1.16961323878174));
#2642=CARTESIAN_POINT('',(-53.9053224660693,-4.99999999999997,-6.90765976129615E-15));
#2643=CARTESIAN_POINT('',(-55.2078909679667,-7.16014295262774,0.674343677006486));
#2644=CARTESIAN_POINT('',(-54.8178121667219,-5.65795510769404,1.18059297930236));
#2645=CARTESIAN_POINT('',(-53.8808759458111,-4.99999999999997,-6.9046659260177E-15));
#2646=CARTESIAN_POINT('',(-55.1844098167062,-7.16074084155954,0.694700800550756));
#2647=CARTESIAN_POINT('',(-54.8093645115781,-5.63987156248697,1.19157272029767));
#2648=CARTESIAN_POINT('',(-53.8564294255525,-4.99999999999997,-6.90167209073921E-15));
#2649=CARTESIAN_POINT('',(-55.1609571720562,-7.16133939232522,0.715090472654539));
#2650=CARTESIAN_POINT('',(-54.8009168560646,-5.62178801648859,1.20255246177344));
#2651=CARTESIAN_POINT('',(-53.8319829052946,-4.99999999999997,-6.89867825546079E-15));
#2652=CARTESIAN_POINT('',(-55.1375330788599,-7.16193861634245,0.735512653166995));
#2653=CARTESIAN_POINT('',(-54.7924692001769,-5.60370446968924,1.21353220373554));
#2654=CARTESIAN_POINT('',(-53.807536385036,-4.99999999999997,-6.8956844201823E-15));
#2655=CARTESIAN_POINT('',(-55.1141375819002,-7.16253852504501,0.75596730187352));
#2656=CARTESIAN_POINT('',(-54.7840215439105,-5.58562092207911,1.22451194618991));
#2657=CARTESIAN_POINT('',(-53.7830898647778,-4.99999999999997,-6.89269058490385E-15));
#2658=CARTESIAN_POINT('',(-55.0907707259033,-7.16313912986412,0.776454378495299));
#2659=CARTESIAN_POINT('',(-54.7755738872607,-5.56753737364822,1.23549168914263));
#2660=CARTESIAN_POINT('',(-53.7586433445196,-4.99999999999997,-6.88969674962539E-15));
#2661=CARTESIAN_POINT('',(-55.0674325555351,-7.16374044224215,0.796973842690487));
#2662=CARTESIAN_POINT('',(-54.7671262302227,-5.54945382438643,1.24647143259983));
#2663=CARTESIAN_POINT('',(-53.7341968242613,-4.99999999999997,-6.88670291434693E-15));
#2664=CARTESIAN_POINT('',(-55.0441231154057,-7.16434247361458,0.817525654052351));
#2665=CARTESIAN_POINT('',(-54.7586785727918,-5.53137027428345,1.25745117656778));
#2666=CARTESIAN_POINT('',(-53.709750304003,-4.99999999999997,-6.88370907906847E-15));
#2667=CARTESIAN_POINT('',(-55.0208424500644,-7.16494523543158,0.838109772111538));
#2668=CARTESIAN_POINT('',(-54.750230914963,-5.5132867233288,1.26843092105284));
#2669=CARTESIAN_POINT('',(-53.6853037837448,-4.99999999999997,-6.88071524379002E-15));
#2670=CARTESIAN_POINT('',(-54.9975906040026,-7.16554873914509,0.858726156334368));
#2671=CARTESIAN_POINT('',(-54.7417832567314,-5.49520317151182,1.27941066606148));
#2672=CARTESIAN_POINT('',(-53.6608572634865,-4.99999999999996,-6.87772140851156E-15));
#2673=CARTESIAN_POINT('',(-54.9743676216539,-7.16615299620638,0.879374766123597));
#2674=CARTESIAN_POINT('',(-54.7333355980919,-5.47711961882169,1.29039041160026));
#2675=CARTESIAN_POINT('',(-53.636410743228,-4.99999999999996,-6.87472757323308E-15));
#2676=CARTESIAN_POINT('',(-54.9511735473915,-7.16675801807903,0.900055560819279));
#2677=CARTESIAN_POINT('',(-54.7248879390394,-5.4590360652474,1.30137015767588));
#2678=CARTESIAN_POINT('',(-53.6119642229701,-4.99999999999997,-6.87173373795465E-15));
#2679=CARTESIAN_POINT('',(-54.9280084255315,-7.16736381622186,0.920768499696976));
#2680=CARTESIAN_POINT('',(-54.7164402795685,-5.44095251077775,1.31234990429513));
#2681=CARTESIAN_POINT('',(-53.5875177027115,-4.99999999999997,-6.86873990267616E-15));
#2682=CARTESIAN_POINT('',(-54.9048723003292,-7.16797040210701,0.941513541970135));
#2683=CARTESIAN_POINT('',(-54.7079926196742,-5.42286895540136,1.32332965146493));
#2684=CARTESIAN_POINT('',(-53.5630711824533,-4.99999999999997,-6.86574606739772E-15));
#2685=CARTESIAN_POINT('',(-54.8817652159828,-7.16857778720151,0.962290646787913));
#2686=CARTESIAN_POINT('',(-54.6995449593508,-5.40478539910664,1.3343093991923));
#2687=CARTESIAN_POINT('',(-53.5386246621951,-4.99999999999997,-6.86275223211926E-15));
#2688=CARTESIAN_POINT('',(-54.8586872166296,-7.16918598298576,0.983099773236951));
#2689=CARTESIAN_POINT('',(-54.6910972985929,-5.38670184188182,1.3452891474844));
#2690=CARTESIAN_POINT('',(-53.5141781419368,-4.99999999999997,-6.8597583968408E-15));
#2691=CARTESIAN_POINT('',(-54.8356383463485,-7.1697950009348,1.00394088034124));
#2692=CARTESIAN_POINT('',(-54.682649637395,-5.36861828371491,1.35626889634851));
#2693=CARTESIAN_POINT('',(-53.4897316216785,-4.99999999999997,-6.85676456156234E-15));
#2694=CARTESIAN_POINT('',(-54.8126186491596,-7.17040485253729,1.02481392706025));
#2695=CARTESIAN_POINT('',(-54.6742019757512,-5.35053472459374,1.36724864579202));
#2696=CARTESIAN_POINT('',(-53.4652851014202,-4.99999999999997,-6.85377072628387E-15));
#2697=CARTESIAN_POINT('',(-54.7896281690225,-7.17101554927624,1.04571887229246));
#2698=CARTESIAN_POINT('',(-54.6657543136559,-5.33245116450589,1.37822839582246));
#2699=CARTESIAN_POINT('',(-53.4408385811619,-4.99999999999997,-6.85077689100542E-15));
#2700=CARTESIAN_POINT('',(-54.7666669498381,-7.17162710264819,1.06665567487204));
#2701=CARTESIAN_POINT('',(-54.6573066511031,-5.31436760343876,1.38920814644748));
#2702=CARTESIAN_POINT('',(-53.4163920609037,-4.99999999999997,-6.84778305572696E-15));
#2703=CARTESIAN_POINT('',(-54.7437350354479,-7.17223952414427,1.08762429357124));
#2704=CARTESIAN_POINT('',(-54.6488589880868,-5.29628404137951,1.4001878976749));
#2705=CARTESIAN_POINT('',(-53.3919455406454,-4.99999999999997,-6.8447892204485E-15));
#2706=CARTESIAN_POINT('',(-54.7208324696323,-7.17285282526836,1.10862468709977));
#2707=CARTESIAN_POINT('',(-54.640411324601,-5.27820047831507,1.4111676495126));
#2708=CARTESIAN_POINT('',(-53.3674990203871,-4.99999999999997,-6.84179538517004E-15));
#2709=CARTESIAN_POINT('',(-54.697959296114,-7.17346701752085,1.12965681410393));
#2710=CARTESIAN_POINT('',(-54.6319636606394,-5.26011691423225,1.42214740196878));
#2711=CARTESIAN_POINT('',(-53.3430525001288,-4.99999999999997,-6.83880154989158E-15));
#2712=CARTESIAN_POINT('',(-54.6751155585547,-7.17408211241056,1.15072063316818));
#2713=CARTESIAN_POINT('',(-54.623515996196,-5.24203334911708,1.43312715505117));
#2714=CARTESIAN_POINT('',(-53.3186059798706,-4.99999999999997,-6.83580771461312E-15));
#2715=CARTESIAN_POINT('',(-54.652301300556,-7.17469812144825,1.17181610281474));
#2716=CARTESIAN_POINT('',(-54.6150683312626,-5.22394978295749,1.44410690876995));
#2717=CARTESIAN_POINT('',(-53.2941594596122,-4.99999999999997,-6.83281387933466E-15));
#2718=CARTESIAN_POINT('',(-54.6295165656603,-7.17531505614903,1.19294318150284));
#2719=CARTESIAN_POINT('',(-54.60662066584,-5.20586621573318,1.45508666312673));
#2720=CARTESIAN_POINT('',(-53.269712939354,-4.99999999999997,-6.8298200440562E-15));
#2721=CARTESIAN_POINT('',(-54.6067613973493,-7.17593292803156,1.21410182763));
#2722=CARTESIAN_POINT('',(-54.598172999893,-5.18778264745305,1.46606641815635));
#2723=CARTESIAN_POINT('',(-53.2452664190957,-4.99999999999997,-6.82682620877774E-15));
#2724=CARTESIAN_POINT('',(-54.5840358390446,-7.1765517486184,1.23529199953146));
#2725=CARTESIAN_POINT('',(-54.5897253335236,-5.16969907801749,1.47704617376832));
#2726=CARTESIAN_POINT('',(-53.2208198988374,-4.99999999999997,-6.82383237349928E-15));
#2727=CARTESIAN_POINT('',(-54.561339934108,-7.17717152943524,1.25651365548011));
#2728=CARTESIAN_POINT('',(-54.5812776663133,-5.15161550772383,1.48802593034816));
#2729=CARTESIAN_POINT('',(-53.1963733785791,-4.99999999999997,-6.82083853822082E-15));
#2730=CARTESIAN_POINT('',(-54.5386737258403,-7.17779228201252,1.27776675368742));
#2731=CARTESIAN_POINT('',(-54.5728299998106,-5.13353193541307,1.49900568647743));
#2732=CARTESIAN_POINT('',(-53.1719268583209,-4.99999999999997,-6.81784470294237E-15));
#2733=CARTESIAN_POINT('',(-54.5160372574825,-7.17841401788376,1.29905125230217));
#2734=CARTESIAN_POINT('',(-54.5643823281302,-5.11544836526041,1.50998544757716));
#2735=CARTESIAN_POINT('',(-53.1474803380625,-4.99999999999997,-6.8148508676639E-15));
#2736=CARTESIAN_POINT('',(-54.4934305722145,-7.17903674858523,1.32036710941209));
#2737=CARTESIAN_POINT('',(-54.5559346734752,-5.09736478190757,1.52096519314402));
#2738=CARTESIAN_POINT('',(-53.1230338178043,-4.99999999999997,-6.81185703238545E-15));
#2739=CARTESIAN_POINT('',(-54.4708537131561,-7.17966048565809,1.34171428304254));
#2740=CARTESIAN_POINT('',(-54.5474869519217,-5.07928124148104,1.53194500093259));
#2741=CARTESIAN_POINT('',(-53.098587297546,-4.99999999999997,-6.80886319710699E-15));
#2742=CARTESIAN_POINT('',(-54.4483067233661,-7.18028524064633,1.36309273115764));
#2743=CARTESIAN_POINT('',(-54.5390394805069,-5.0611975386467,1.5429245763221));
#2744=CARTESIAN_POINT('',(-53.0741407772877,-4.99999999999997,-6.80586936182853E-15));
#2745=CARTESIAN_POINT('',(-54.4257896458427,-7.18091102509768,1.38450241165971));
#2746=CARTESIAN_POINT('',(-54.5305910614405,-5.04311442379378,1.55390503578393));
#2747=CARTESIAN_POINT('',(-53.0496942570295,-4.99999999999997,-6.80287552655007E-15));
#2748=CARTESIAN_POINT('',(-54.4005425064097,-7.18161478566361,1.40857488501484));
#2749=CARTESIAN_POINT('',(-54.5211042789008,-5.02279776092917,1.56623652639824));
#2750=CARTESIAN_POINT('',(-53.0222472277103,-4.99999999999997,-6.79951423488989E-15));
#2751=CARTESIAN_POINT('',(-54.3828191147877,-7.1821105882846,1.4255295167126));
#2752=CARTESIAN_POINT('',(-54.5147535993082,-5.0083674494839,1.57460177185166));
#2753=CARTESIAN_POINT('',(-53.0029490384774,-4.99999999999997,-6.79715088832254E-15));
#2754=CARTESIAN_POINT('',(-54.3725889680088,-7.18239736696922,1.43533459747694));
#2755=CARTESIAN_POINT('',(-54.511164142618,-4.99999093580529,1.5793591568054));
#2756=CARTESIAN_POINT('',(-52.9917996893304,-4.99999999999997,-6.79578548684801E-15));
#2757=FACE_BOUND('',#2758,.T.);
#2758=EDGE_LOOP('',(#5467,#5468,#5469,#5470));
#2759=TOROIDAL_SURFACE('',#2760,53.5005484466332,2.);
#2760=AXIS2_PLACEMENT_3D('',#2761,#2762,#2763);
#2761=CARTESIAN_POINT('',(5.73559211886222E-18,2.86779605943111E-18,-0.0468346638627217));
#2762=DIRECTION('',(-1.22464679914735E-16,-6.12323399573677E-17,1.));
#2763=DIRECTION('',(-0.99983546871665,-0.0181393356040688,-1.23555244608093E-16));
#2764=FACE_BOUND('',#2765,.T.);
#2765=EDGE_LOOP('',(#5471,#5472,#5473,#5474));
#2766=(BOUNDED_SURFACE()B_SPLINE_SURFACE(3,2,(
(#2767,#2768,#2769),
(#2770,#2771,#2772),
(#2773,#2774,#2775),
(#2776,#2777,#2778),
(#2779,#2780,#2781),
(#2782,#2783,#2784),
(#2785,#2786,#2787),
(#2788,#2789,#2790),
(#2791,#2792,#2793),
(#2794,#2795,#2796),
(#2797,#2798,#2799),
(#2800,#2801,#2802),
(#2803,#2804,#2805),
(#2806,#2807,#2808),
(#2809,#2810,#2811),
(#2812,#2813,#2814),
(#2815,#2816,#2817),
(#2818,#2819,#2820),
(#2821,#2822,#2823),
(#2824,#2825,#2826),
(#2827,#2828,#2829),
(#2830,#2831,#2832),
(#2833,#2834,#2835),
(#2836,#2837,#2838),
(#2839,#2840,#2841),
(#2842,#2843,#2844),
(#2845,#2846,#2847),
(#2848,#2849,#2850),
(#2851,#2852,#2853),
(#2854,#2855,#2856),
(#2857,#2858,#2859),
(#2860,#2861,#2862),
(#2863,#2864,#2865),
(#2866,#2867,#2868),
(#2869,#2870,#2871),
(#2872,#2873,#2874),
(#2875,#2876,#2877),
(#2878,#2879,#2880),
(#2881,#2882,#2883),
(#2884,#2885,#2886),
(#2887,#2888,#2889),
(#2890,#2891,#2892),
(#2893,#2894,#2895),
(#2896,#2897,#2898),
(#2899,#2900,#2901),
(#2902,#2903,#2904),
(#2905,#2906,#2907),
(#2908,#2909,#2910),
(#2911,#2912,#2913),
(#2914,#2915,#2916),
(#2917,#2918,#2919),
(#2920,#2921,#2922),
(#2923,#2924,#2925),
(#2926,#2927,#2928),
(#2929,#2930,#2931),
(#2932,#2933,#2934),
(#2935,#2936,#2937),
(#2938,#2939,#2940),
(#2941,#2942,#2943),
(#2944,#2945,#2946),
(#2947,#2948,#2949),
(#2950,#2951,#2952),
(#2953,#2954,#2955),
(#2956,#2957,#2958),
(#2959,#2960,#2961),
(#2962,#2963,#2964),
(#2965,#2966,#2967),
(#2968,#2969,#2970),
(#2971,#2972,#2973),
(#2974,#2975,#2976),
(#2977,#2978,#2979),
(#2980,#2981,#2982),
(#2983,#2984,#2985),
(#2986,#2987,#2988),
(#2989,#2990,#2991),
(#2992,#2993,#2994),
(#2995,#2996,#2997),
(#2998,#2999,#3000),
(#3001,#3002,#3003),
(#3004,#3005,#3006),
(#3007,#3008,#3009),
(#3010,#3011,#3012),
(#3013,#3014,#3015),
(#3016,#3017,#3018),
(#3019,#3020,#3021),
(#3022,#3023,#3024),
(#3025,#3026,#3027),
(#3028,#3029,#3030),
(#3031,#3032,#3033),
(#3034,#3035,#3036),
(#3037,#3038,#3039),
(#3040,#3041,#3042),
(#3043,#3044,#3045),
(#3046,#3047,#3048),
(#3049,#3050,#3051)),
.UNSPECIFIED.,.F.,.F.,.F.)B_SPLINE_SURFACE_WITH_KNOTS((4,1,1,1,1,1,1,1,1,1,1,1,1,
1,1,1,1,1,1,1,1,1,1,1,1,1,1,1,1,1,1,1,1,1,1,1,1,1,1,1,1,1,1,1,1,1,1,1,1,1,1,1,1,
1,1,1,1,1,1,1,1,1,1,1,1,1,1,1,1,1,1,1,1,1,1,1,1,1,1,1,1,1,1,1,1,1,1,1,1,1,1,1,4),
(3,3),
(-45.6838603455795,-44.6838603455795,-44.1838603455795,-43.6838603455795,-43.1838603455795,
-42.6838603455795,-42.1838603455795,-41.6838603455795,-41.1838603455795,-40.6838603455795,
-40.1838603455795,-39.6838603455795,-39.1838603455795,-38.6838603455795,-38.1838603455795,
-37.6838603455795,-37.1838603455795,-36.6838603455795,-36.1838603455795,-35.6838603455795,
-35.1838603455795,-34.6838603455795,-34.1838603455795,-33.6838603455795,-33.1838603455795,
-32.6838603455795,-32.1838603455795,-31.6838603455795,-31.1838603455795,-30.6838603455795,
-30.1838603455795,-29.6838603455795,-29.1838603455795,-28.6838603455795,-28.1838603455795,
-27.6838603455795,-27.1838603455795,-26.6838603455795,-26.1838603455795,-25.6838603455795,
-25.1838603455795,-24.6838603455795,-24.1838603455795,-23.6838603455795,-23.1838603455795,
-22.6838603455795,-22.1838603455795,-21.6838603455795,-21.1838603455795,-20.6838603455795,
-20.1838603455795,-19.6838603455795,-19.1838603455795,-18.6838603455795,-18.1838603455795,
-17.6838603455795,-17.1838603455795,-16.6838603455795,-16.1838603455795,-15.6838603455795,
-15.1838603455795,-14.6838603455795,-14.1838603455795,-13.6838603455795,-13.1838603455795,
-12.6838603455795,-12.1838603455795,-11.6838603455795,-11.1838603455795,-10.6838603455795,
-10.1838603455795,-9.68386034557953,-9.18386034557953,-8.68386034557953,-8.18386034557953,
-7.68386034557953,-7.18386034557953,-6.68386034557953,-6.18386034557953,-5.68386034557953,
-5.18386034557953,-4.68386034557953,-4.18386034557953,-3.68386034557953,-3.18386034557953,
-2.68386034557953,-2.18386034557953,-1.68386034557953,-1.18386034557953,-0.683860345579532,
-0.183860345579532,0.316139654420468,1.00024616708771),
(0.,1.),
.UNSPECIFIED.)GEOMETRIC_REPRESENTATION_ITEM()RATIONAL_B_SPLINE_SURFACE((
(1.,0.970247976067844,1.),
(1.,0.968133476932351,1.),
(1.,0.964961728229111,1.),
(1.,0.960732729958126,1.),
(1.,0.957560981254886,1.),
(1.,0.954389232551647,1.),
(1.,0.951217483848407,1.),
(1.,0.948045735145168,1.),
(1.,0.944873986441929,1.),
(1.,0.941702237738689,1.),
(1.,0.93853048903545,1.),
(1.,0.93535874033221,1.),
(1.,0.932186991628971,1.),
(1.,0.929015242925732,1.),
(1.,0.925843494222492,1.),
(1.,0.922671745519253,1.),
(1.,0.919499996816014,1.),
(1.,0.916328248112774,1.),
(1.,0.913156499409535,1.),
(1.,0.909984750706295,1.),
(1.,0.906813002003056,1.),
(1.,0.903641253299817,1.),
(1.,0.900469504596577,1.),
(1.,0.897297755893338,1.),
(1.,0.894126007190098,1.),
(1.,0.890954258486859,1.),
(1.,0.88778250978362,1.),
(1.,0.88461076108038,1.),
(1.,0.881439012377141,1.),
(1.,0.878267263673902,1.),
(1.,0.875095514970662,1.),
(1.,0.871923766267423,1.),
(1.,0.868752017564183,1.),
(1.,0.865580268860944,1.),
(1.,0.862408520157705,1.),
(1.,0.859236771454465,1.),
(1.,0.856065022751226,1.),
(1.,0.852893274047987,1.),
(1.,0.849721525344747,1.),
(1.,0.846549776641508,1.),
(1.,0.843378027938268,1.),
(1.,0.840206279235029,1.),
(1.,0.83703453053179,1.),
(1.,0.83386278182855,1.),
(1.,0.830691033125311,1.),
(1.,0.827519284422072,1.),
(1.,0.824347535718832,1.),
(1.,0.821175787015593,1.),
(1.,0.818004038312353,1.),
(1.,0.814832289609114,1.),
(1.,0.811660540905875,1.),
(1.,0.808488792202635,1.),
(1.,0.805317043499396,1.),
(1.,0.802145294796157,1.),
(1.,0.798973546092917,1.),
(1.,0.795801797389677,1.),
(1.,0.792630048686438,1.),
(1.,0.789458299983199,1.),
(1.,0.78628655127996,1.),
(1.,0.78311480257672,1.),
(1.,0.779943053873481,1.),
(1.,0.776771305170241,1.),
(1.,0.773599556467002,1.),
(1.,0.770427807763762,1.),
(1.,0.767256059060523,1.),
(1.,0.764084310357284,1.),
(1.,0.760912561654044,1.),
(1.,0.757740812950805,1.),
(1.,0.754569064247566,1.),
(1.,0.751397315544326,1.),
(1.,0.748225566841087,1.),
(1.,0.745053818137847,1.),
(1.,0.741882069434608,1.),
(1.,0.738710320731369,1.),
(1.,0.735538572028129,1.),
(1.,0.73236682332489,1.),
(1.,0.729195074621651,1.),
(1.,0.726023325918407,1.),
(1.,0.722851577215185,1.),
(1.,0.719679828511883,1.),
(1.,0.716508079808877,1.),
(1.,0.713336331104767,1.),
(1.,0.710164582404777,1.),
(1.,0.706992833689412,1.),
(1.,0.703821085031425,1.),
(1.,0.700649336159301,1.),
(1.,0.697477588086346,1.),
(1.,0.694305837030853,1.),
(1.,0.691134097106343,1.),
(1.,0.687962315640441,1.),
(1.,0.684790689209124,1.),
(1.,0.681618484180857,1.),
(1.,0.678059354469651,1.),
(1.,0.675545474804146,1.),
(1.,0.674090957555196,1.)))REPRESENTATION_ITEM('')SURFACE());
#2767=CARTESIAN_POINT('',(-7.12678821918001,-56.5919567276919,-0.430930226383843));
#2768=CARTESIAN_POINT('',(-6.68873583371367,-55.2993372218254,0.554736419371186));
#2769=CARTESIAN_POINT('',(-5.00000000000003,-55.2743276005331,-3.99689981812598E-15));
#2770=CARTESIAN_POINT('',(-7.1271741441397,-56.5752614195204,-0.418650077652878));
#2771=CARTESIAN_POINT('',(-6.67665387134492,-55.2936931818773,0.562072194298332));
#2772=CARTESIAN_POINT('',(-5.00000000000001,-55.2580299203614,-3.99590187303319E-15));
#2773=CARTESIAN_POINT('',(-7.12775303934488,-56.5502442666539,-0.400195089392266));
#2774=CARTESIAN_POINT('',(-6.65855052435268,-55.2852362764095,0.573063958294115));
#2775=CARTESIAN_POINT('',(-5.00000000000006,-55.2335834001022,-3.99440495539391E-15));
#2776=CARTESIAN_POINT('',(-7.12852495967477,-56.5169398736858,-0.375519053495165));
#2777=CARTESIAN_POINT('',(-6.63446559101944,-55.2739850970289,0.587687547134703));
#2778=CARTESIAN_POINT('',(-4.99999999999998,-55.2009880397581,-3.99240906520828E-15));
#2779=CARTESIAN_POINT('',(-7.12910394107506,-56.4919875323364,-0.356977370576502));
#2780=CARTESIAN_POINT('',(-6.61638207758615,-55.2655374567281,0.598667268838009));
#2781=CARTESIAN_POINT('',(-5.00000000000004,-55.1765415195002,-3.99091214756908E-15));
#2782=CARTESIAN_POINT('',(-7.12968297475666,-56.4670611922677,-0.338401068173552));
#2783=CARTESIAN_POINT('',(-6.59829856371474,-55.2570898162226,0.609646990807327));
#2784=CARTESIAN_POINT('',(-5.00000000000004,-55.152094999241,-3.98941522992979E-15));
#2785=CARTESIAN_POINT('',(-7.1302620718773,-56.4421609013253,-0.319790182866154));
#2786=CARTESIAN_POINT('',(-6.58021504940084,-55.2486421755104,0.620626713045317));
#2787=CARTESIAN_POINT('',(-4.99999999999998,-55.1276484789841,-3.98791831229064E-15));
#2788=CARTESIAN_POINT('',(-7.13084124356732,-56.4172867073058,-0.301144751301867));
#2789=CARTESIAN_POINT('',(-6.56213153463998,-55.2401945345894,0.631606435554676));
#2790=CARTESIAN_POINT('',(-5.00000000000004,-55.1032019587249,-3.98642139465136E-15));
#2791=CARTESIAN_POINT('',(-7.13142050099656,-56.3924386579501,-0.282464810197663));
#2792=CARTESIAN_POINT('',(-6.54404801942769,-55.2317468934575,0.642586158338137));
#2793=CARTESIAN_POINT('',(-5.00000000000003,-55.0787554384669,-3.98492447701215E-15));
#2794=CARTESIAN_POINT('',(-7.13199985531737,-56.3676168009449,-0.263750396335624));
#2795=CARTESIAN_POINT('',(-6.52596450375939,-55.2232992521127,0.653565881398469));
#2796=CARTESIAN_POINT('',(-5.00000000000003,-55.054308918209,-3.98342755937294E-15));
#2797=CARTESIAN_POINT('',(-7.13257931768955,-56.3428211839272,-0.245001546568813));
#2798=CARTESIAN_POINT('',(-6.50788098763047,-55.2148516105525,0.66454560473848));
#2799=CARTESIAN_POINT('',(-5.00000000000004,-55.02986239795,-3.98193064173367E-15));
#2800=CARTESIAN_POINT('',(-7.13315889929723,-56.3180518544747,-0.226218297815468));
#2801=CARTESIAN_POINT('',(-6.48979747103622,-55.2064039687751,0.675525328361014));
#2802=CARTESIAN_POINT('',(-4.99999999999998,-55.0054158776922,-3.98043372409446E-15));
#2803=CARTESIAN_POINT('',(-7.133738611312,-56.2933088601174,-0.20740068706433));
#2804=CARTESIAN_POINT('',(-6.47171395397192,-55.1979563267781,0.686505052268955));
#2805=CARTESIAN_POINT('',(-5.00000000000004,-54.9809693574333,-3.9789368064552E-15));
#2806=CARTESIAN_POINT('',(-7.13431846491004,-56.2685922483297,-0.18854875137032));
#2807=CARTESIAN_POINT('',(-6.45363043643274,-55.1895086845592,0.697484776465227));
#2808=CARTESIAN_POINT('',(-5.00000000000004,-54.9565228371751,-3.97743988881598E-15));
#2809=CARTESIAN_POINT('',(-7.13489847129605,-56.2439020665273,-0.169662527854555));
#2810=CARTESIAN_POINT('',(-6.4355469184138,-55.1810610421162,0.708464500952793));
#2811=CARTESIAN_POINT('',(-4.99999999999998,-54.9320763169178,-3.9759429711768E-15));
#2812=CARTESIAN_POINT('',(-7.13547864164766,-56.2192383620795,-0.150742053708067));
#2813=CARTESIAN_POINT('',(-6.41746339991014,-55.1726133994468,0.719444225734657));
#2814=CARTESIAN_POINT('',(-5.00000000000004,-54.9076297966591,-3.97444605353755E-15));
#2815=CARTESIAN_POINT('',(-7.13605898718128,-56.1946011822957,-0.131787366188141));
#2816=CARTESIAN_POINT('',(-6.39937988091678,-55.1641657565486,0.730423950813864));
#2817=CARTESIAN_POINT('',(-5.00000000000003,-54.8831832764008,-3.97294913589832E-15));
#2818=CARTESIAN_POINT('',(-7.1366395190963,-56.1699905744337,-0.112798502619414));
#2819=CARTESIAN_POINT('',(-6.3812963614286,-55.1557181134192,0.741403676193502));
#2820=CARTESIAN_POINT('',(-5.00000000000003,-54.8587367561425,-3.97145221825908E-15));
#2821=CARTESIAN_POINT('',(-7.13722024859805,-56.1454065856991,-0.0937755003951068));
#2822=CARTESIAN_POINT('',(-6.36321284144046,-55.1472704700563,0.752383401876702));
#2823=CARTESIAN_POINT('',(-5.00000000000004,-54.834290235884,-3.96995530061984E-15));
#2824=CARTESIAN_POINT('',(-7.13780118691972,-56.1208492632367,-0.0747183969729065));
#2825=CARTESIAN_POINT('',(-6.34512932094713,-55.1388228264575,0.763363127866637));
#2826=CARTESIAN_POINT('',(-4.99999999999998,-54.809843715626,-3.96845838298063E-15));
#2827=CARTESIAN_POINT('',(-7.13838234526749,-56.0963186541444,-0.0556272298804132));
#2828=CARTESIAN_POINT('',(-6.3270457999433,-55.1303751826201,0.774342854166527));
#2829=CARTESIAN_POINT('',(-5.00000000000004,-54.7853971953674,-3.96696146534138E-15));
#2830=CARTESIAN_POINT('',(-7.138963734886,-56.0718148054597,-0.0365020367109537));
#2831=CARTESIAN_POINT('',(-6.30896227842361,-55.1219275385418,0.785322580779635));
#2832=CARTESIAN_POINT('',(-5.00000000000004,-54.7609506751095,-3.96546454770218E-15));
#2833=CARTESIAN_POINT('',(-7.13954536700291,-56.0473377641691,-0.017342855125206));
#2834=CARTESIAN_POINT('',(-6.2908787563826,-55.1134798942199,0.796302307709271));
#2835=CARTESIAN_POINT('',(-4.99999999999998,-54.7365041548509,-3.96396763006292E-15));
#2836=CARTESIAN_POINT('',(-7.14012725285142,-56.0228875772038,0.00185027714930093));
#2837=CARTESIAN_POINT('',(-6.27279523381474,-55.1050322496518,0.807282034958792));
#2838=CARTESIAN_POINT('',(-5.00000000000004,-54.712057634593,-3.96247071242372E-15));
#2839=CARTESIAN_POINT('',(-7.14070940369283,-55.9984642914376,0.0210773223181728));
#2840=CARTESIAN_POINT('',(-6.25471171071443,-55.0965846048351,0.8182617625316));
#2841=CARTESIAN_POINT('',(-5.00000000000003,-54.6876111143344,-3.96097379478447E-15));
#2842=CARTESIAN_POINT('',(-7.14129183076094,-55.9740679536938,0.0403382425202193));
#2843=CARTESIAN_POINT('',(-6.23662818707597,-55.088136959767,0.829241490431151));
#2844=CARTESIAN_POINT('',(-5.00000000000003,-54.6631645940764,-3.95947687714526E-15));
#2845=CARTESIAN_POINT('',(-7.14187454532796,-55.949698610736,0.0596329998276601));
#2846=CARTESIAN_POINT('',(-6.21854466289362,-55.0796893144448,0.840221218660944));
#2847=CARTESIAN_POINT('',(-5.00000000000004,-54.6387180738179,-3.95797995950602E-15));
#2848=CARTESIAN_POINT('',(-7.14245755864911,-55.9253563092764,0.0789615562455941));
#2849=CARTESIAN_POINT('',(-6.20046113816149,-55.0712416688658,0.851200947224534));
#2850=CARTESIAN_POINT('',(-4.99999999999998,-54.6142715535595,-3.95648304186677E-15));
#2851=CARTESIAN_POINT('',(-7.14304088198468,-55.9010410959712,0.0983238737132545));
#2852=CARTESIAN_POINT('',(-6.18237761287368,-55.0627940230271,0.862180676125522));
#2853=CARTESIAN_POINT('',(-5.00000000000004,-54.5898250333014,-3.95498612422756E-15));
#2854=CARTESIAN_POINT('',(-7.14362452662368,-55.8767530174182,0.117719914103422));
#2855=CARTESIAN_POINT('',(-6.16429408702415,-55.0543463769261,0.873160405367565));
#2856=CARTESIAN_POINT('',(-5.00000000000004,-54.5653785130433,-3.95348920658834E-15));
#2857=CARTESIAN_POINT('',(-7.14420850382462,-55.8524921201655,0.137149639221746));
#2858=CARTESIAN_POINT('',(-6.14621056060681,-55.0458987305598,0.88414013495437));
#2859=CARTESIAN_POINT('',(-4.99999999999998,-54.5409319927849,-3.95199228894909E-15));
#2860=CARTESIAN_POINT('',(-7.14479282489547,-55.8282584506994,0.156613010808021));
#2861=CARTESIAN_POINT('',(-6.12812703361544,-55.0374510839254,0.895119864889701));
#2862=CARTESIAN_POINT('',(-5.00000000000004,-54.5164854725264,-3.95049537130986E-15));
#2863=CARTESIAN_POINT('',(-7.14537750110387,-55.8040520554564,0.176109990535817));
#2864=CARTESIAN_POINT('',(-6.11004350604377,-55.0290034370199,0.906099595177374));
#2865=CARTESIAN_POINT('',(-5.00000000000003,-54.4920389522683,-3.94899845367064E-15));
#2866=CARTESIAN_POINT('',(-7.14596254374665,-55.7798729808153,0.195640540011855));
#2867=CARTESIAN_POINT('',(-6.09195997788541,-55.0205557898404,0.917079325821263));
#2868=CARTESIAN_POINT('',(-5.00000000000003,-54.4675924320102,-3.94750153603143E-15));
#2869=CARTESIAN_POINT('',(-7.1465479641331,-55.7557212730961,0.215204620778298));
#2870=CARTESIAN_POINT('',(-6.0738764491339,-55.0121081423837,0.928059056825298));
#2871=CARTESIAN_POINT('',(-5.00000000000004,-54.4431459117518,-3.94600461839219E-15));
#2872=CARTESIAN_POINT('',(-7.14713377356234,-55.7315969785676,0.23480219430925));
#2873=CARTESIAN_POINT('',(-6.05579291978266,-55.0036604946468,0.939038788193467));
#2874=CARTESIAN_POINT('',(-4.99999999999998,-54.4186993914933,-3.94450770075294E-15));
#2875=CARTESIAN_POINT('',(-7.14771998333655,-55.7075001434407,0.254433222014736));
#2876=CARTESIAN_POINT('',(-6.03770938982503,-54.9952128466267,0.950018519929817));
#2877=CARTESIAN_POINT('',(-5.00000000000004,-54.3942528712354,-3.94301078311374E-15));
#2878=CARTESIAN_POINT('',(-7.14830660478608,-55.6834308138682,0.274097665238193));
#2879=CARTESIAN_POINT('',(-6.01962585925424,-54.9867651983202,0.960998252038458));
#2880=CARTESIAN_POINT('',(-5.00000000000004,-54.3698063509768,-3.94151386547449E-15));
#2881=CARTESIAN_POINT('',(-7.1488936492137,-55.6593890359526,0.293795485255832));
#2882=CARTESIAN_POINT('',(-6.00154232806343,-54.978317549724,0.971977984523556));
#2883=CARTESIAN_POINT('',(-4.99999999999998,-54.3453598307189,-3.94001694783527E-15));
#2884=CARTESIAN_POINT('',(-7.14948112795964,-55.6353748557327,0.31352664328098));
#2885=CARTESIAN_POINT('',(-5.98345879624562,-54.9698699008349,0.982957717389344));
#2886=CARTESIAN_POINT('',(-5.00000000000004,-54.3209133104602,-3.93852003019603E-15));
#2887=CARTESIAN_POINT('',(-7.15006905234714,-55.6113883191973,0.333291100458536));
#2888=CARTESIAN_POINT('',(-5.96537526379375,-54.9614222516497,0.993937450640116));
#2889=CARTESIAN_POINT('',(-5.00000000000003,-54.2964667902023,-3.93702311255682E-15));
#2890=CARTESIAN_POINT('',(-7.15065743370412,-55.5874294722759,0.353088817870139));
#2891=CARTESIAN_POINT('',(-5.94729173070063,-54.9529746021648,1.00491718428023));
#2892=CARTESIAN_POINT('',(-5.00000000000001,-54.2720202699437,-3.93552619491757E-15));
#2893=CARTESIAN_POINT('',(-7.15124628338623,-55.5634983608408,0.372919756530267));
#2894=CARTESIAN_POINT('',(-5.92920819695897,-54.944526952377,1.01589691831412));
#2895=CARTESIAN_POINT('',(-5.00000000000003,-54.2475737496858,-3.93402927727836E-15));
#2896=CARTESIAN_POINT('',(-7.15183561272087,-55.5395950307109,0.392783877388707));
#2897=CARTESIAN_POINT('',(-5.91112466256138,-54.9360793022828,1.02687665274627));
#2898=CARTESIAN_POINT('',(-5.00000000000003,-54.2231272294273,-3.93253235963912E-15));
#2899=CARTESIAN_POINT('',(-7.1524254330745,-55.5157195276446,0.412681141329891));
#2900=CARTESIAN_POINT('',(-5.89304112750033,-54.9276316518787,1.03785638758125));
#2901=CARTESIAN_POINT('',(-5.00000000000001,-54.1986807091689,-3.93103544199988E-15));
#2902=CARTESIAN_POINT('',(-7.15301575579091,-55.4918718973473,0.432611509172285));
#2903=CARTESIAN_POINT('',(-5.87495759176821,-54.919184001161,1.04883612282368));
#2904=CARTESIAN_POINT('',(-5.00000000000001,-54.1742341889108,-3.92953852436066E-15));
#2905=CARTESIAN_POINT('',(-7.1536065922288,-55.4680521854647,0.452574941670832));
#2906=CARTESIAN_POINT('',(-5.85687405535726,-54.9107363501263,1.05981585847828));
#2907=CARTESIAN_POINT('',(-5.00000000000003,-54.1497876686527,-3.92804160672144E-15));
#2908=CARTESIAN_POINT('',(-7.15419795376695,-55.4442604375864,0.472571399513013));
#2909=CARTESIAN_POINT('',(-5.83879051825962,-54.9022886987708,1.07079559454981));
#2910=CARTESIAN_POINT('',(-5.00000000000003,-54.1253411483942,-3.92654468908221E-15));
#2911=CARTESIAN_POINT('',(-7.15478985175653,-55.4204966992458,0.492600843324127));
#2912=CARTESIAN_POINT('',(-5.8207069804673,-54.8938410470907,1.08177533104313));
#2913=CARTESIAN_POINT('',(-5.00000000000001,-54.1008946281358,-3.92504777144296E-15));
#2914=CARTESIAN_POINT('',(-7.15538229758194,-55.3967610159187,0.51266323366162));
#2915=CARTESIAN_POINT('',(-5.80262344197218,-54.8853933950824,1.09275506796316));
#2916=CARTESIAN_POINT('',(-5.00000000000001,-54.0764481078777,-3.92355085380374E-15));
#2917=CARTESIAN_POINT('',(-7.15597530261818,-55.3730534330243,0.532758531019496));
#2918=CARTESIAN_POINT('',(-5.78453990276604,-54.8769457427419,1.10373480531491));
#2919=CARTESIAN_POINT('',(-5.00000000000003,-54.0520015876196,-3.92205393616453E-15));
#2920=CARTESIAN_POINT('',(-7.15656887825372,-55.3493739959221,0.552886695827704));
#2921=CARTESIAN_POINT('',(-5.7664563628405,-54.8684980900653,1.11471454310345));
#2922=CARTESIAN_POINT('',(-5.00000000000003,-54.0275550673612,-3.92055701852529E-15));
#2923=CARTESIAN_POINT('',(-7.15716303586989,-55.3257227499182,0.573047688449541));
#2924=CARTESIAN_POINT('',(-5.74837282218706,-54.8600504370487,1.12569428133395));
#2925=CARTESIAN_POINT('',(-5.00000000000001,-54.0031085471028,-3.91906010088605E-15));
#2926=CARTESIAN_POINT('',(-7.15775778686375,-55.3020997402575,0.59324146918577));
#2927=CARTESIAN_POINT('',(-5.73028928079709,-54.851602783688,1.13667402001165));
#2928=CARTESIAN_POINT('',(-5.00000000000001,-53.9786620268445,-3.91756318324682E-15));
#2929=CARTESIAN_POINT('',(-7.15835314263204,-55.2785050121297,0.61346799827097));
#2930=CARTESIAN_POINT('',(-5.71220573866181,-54.8431551299792,1.14765375914187));
#2931=CARTESIAN_POINT('',(-5.00000000000003,-53.9542155065863,-3.9160662656076E-15));
#2932=CARTESIAN_POINT('',(-7.15894911457599,-55.254938610666,0.633727235875924));
#2933=CARTESIAN_POINT('',(-5.69412219577231,-54.834707475918,1.15863349873003));
#2934=CARTESIAN_POINT('',(-5.00000000000003,-53.9297689863279,-3.91456934796836E-15));
#2935=CARTESIAN_POINT('',(-7.1595457141066,-55.2314005809396,0.654019142107036));
#2936=CARTESIAN_POINT('',(-5.67603865211955,-54.8262598215002,1.16961323878162));
#2937=CARTESIAN_POINT('',(-5.00000000000001,-53.9053224660699,-3.91307243032915E-15));
#2938=CARTESIAN_POINT('',(-7.16014295262821,-55.2078909679676,0.674343677005655));
#2939=CARTESIAN_POINT('',(-5.65795510769431,-54.8178121667217,1.18059297930223));
#2940=CARTESIAN_POINT('',(-5.00000000000001,-53.8808759458114,-3.9115755126899E-15));
#2941=CARTESIAN_POINT('',(-7.16074084156109,-55.1844098167063,0.694700800550469));
#2942=CARTESIAN_POINT('',(-5.63987156248726,-54.8093645115779,1.19157272029753));
#2943=CARTESIAN_POINT('',(-5.00000000000003,-53.8564294255532,-3.91007859505068E-15));
#2944=CARTESIAN_POINT('',(-7.16133939232328,-55.160957172057,0.715090472654047));
#2945=CARTESIAN_POINT('',(-5.62178801648889,-54.8009168560644,1.20255246177329));
#2946=CARTESIAN_POINT('',(-5.00000000000003,-53.8319829052949,-3.90858167741145E-15));
#2947=CARTESIAN_POINT('',(-7.16193861634398,-55.1375330788599,0.735512653166778));
#2948=CARTESIAN_POINT('',(-5.60370446968955,-54.7924692001768,1.21353220373539));
#2949=CARTESIAN_POINT('',(-5.00000000000001,-53.8075363850367,-3.90708475977222E-15));
#2950=CARTESIAN_POINT('',(-7.16253852504547,-55.1141375819007,0.755967301873048));
#2951=CARTESIAN_POINT('',(-5.58562092207942,-54.7840215439103,1.22451194618976));
#2952=CARTESIAN_POINT('',(-5.00000000000001,-53.7830898647784,-3.90558784213299E-15));
#2953=CARTESIAN_POINT('',(-7.16313912986547,-55.0907707259035,0.776454378494953));
#2954=CARTESIAN_POINT('',(-5.56753737364854,-54.7755738872606,1.23549168914246));
#2955=CARTESIAN_POINT('',(-5.00000000000003,-53.7586433445201,-3.90409092449376E-15));
#2956=CARTESIAN_POINT('',(-7.16374044224099,-55.0674325555359,0.796973842689891));
#2957=CARTESIAN_POINT('',(-5.54945382438676,-54.7671262302226,1.24647143259966));
#2958=CARTESIAN_POINT('',(-5.00000000000003,-53.7341968242619,-3.90259400685454E-15));
#2959=CARTESIAN_POINT('',(-7.1643424736133,-55.0441231154063,0.817525654051969));
#2960=CARTESIAN_POINT('',(-5.53137027428379,-54.7586785727917,1.25745117656761));
#2961=CARTESIAN_POINT('',(-5.00000000000001,-53.7097503040036,-3.90109708921531E-15));
#2962=CARTESIAN_POINT('',(-7.16494523543321,-55.0208424500646,0.838109772111166));
#2963=CARTESIAN_POINT('',(-5.51328672332915,-54.7502309149629,1.26843092105266));
#2964=CARTESIAN_POINT('',(-5.00000000000001,-53.6853037837453,-3.89960017157608E-15));
#2965=CARTESIAN_POINT('',(-7.16554873914456,-54.9975906040033,0.858726156333764));
#2966=CARTESIAN_POINT('',(-5.49520317151218,-54.7417832567313,1.27941066606129));
#2967=CARTESIAN_POINT('',(-5.00000000000004,-53.6608572634871,-3.89810325393685E-15));
#2968=CARTESIAN_POINT('',(-7.16615299620698,-54.9743676216542,0.879374766123272));
#2969=CARTESIAN_POINT('',(-5.47711961882206,-54.7333355980918,1.29039041160007));
#2970=CARTESIAN_POINT('',(-5.00000000000002,-53.6364107432289,-3.89660633629762E-15));
#2971=CARTESIAN_POINT('',(-7.16675801807718,-54.9511735473923,0.900055560818707));
#2972=CARTESIAN_POINT('',(-5.45903606524778,-54.7248879390393,1.30137015767568));
#2973=CARTESIAN_POINT('',(-5.00000000000002,-53.6119642229703,-3.89510941865838E-15));
#2974=CARTESIAN_POINT('',(-7.16736381622407,-54.9280084255318,0.920768499696476));
#2975=CARTESIAN_POINT('',(-5.44095251077814,-54.7164402795685,1.31234990429493));
#2976=CARTESIAN_POINT('',(-5.00000000000002,-53.5875177027124,-3.89361250101917E-15));
#2977=CARTESIAN_POINT('',(-7.16797040210484,-54.9048723003301,0.941513541969575));
#2978=CARTESIAN_POINT('',(-5.42286895540176,-54.7079926196741,1.32332965146472));
#2979=CARTESIAN_POINT('',(-5.00000000000002,-53.5630711824538,-3.89211558337992E-15));
#2980=CARTESIAN_POINT('',(-7.16857778720346,-54.881765215983,0.962290646787521));
#2981=CARTESIAN_POINT('',(-5.40478539910705,-54.6995449593508,1.33430939919209));
#2982=CARTESIAN_POINT('',(-5.00000000000002,-53.5386246621959,-3.89061866574071E-15));
#2983=CARTESIAN_POINT('',(-7.16918598298488,-54.8586872166301,0.983099773236564));
#2984=CARTESIAN_POINT('',(-5.38670184188224,-54.6910972985929,1.34528914748418));
#2985=CARTESIAN_POINT('',(-5.00000000000002,-53.5141781419373,-3.88912174810146E-15));
#2986=CARTESIAN_POINT('',(-7.16979500093642,-54.8356383463489,1.00394088034066));
#2987=CARTESIAN_POINT('',(-5.36861828371534,-54.682649637395,1.35626889634828));
#2988=CARTESIAN_POINT('',(-5.00000000000002,-53.4897316216792,-3.88762483046225E-15));
#2989=CARTESIAN_POINT('',(-7.17040485253651,-54.8126186491601,1.02481392705979));
#2990=CARTESIAN_POINT('',(-5.35053472459418,-54.6742019757512,1.36724864579178));
#2991=CARTESIAN_POINT('',(-5.00000000000002,-53.4652851014208,-3.88612791282301E-15));
#2992=CARTESIAN_POINT('',(-7.17101554927784,-54.7896281690231,1.04571887229173));
#2993=CARTESIAN_POINT('',(-5.33245116450634,-54.6657543136559,1.37822839582221));
#2994=CARTESIAN_POINT('',(-5.00000000000002,-53.4408385811626,-3.88463099518378E-15));
#2995=CARTESIAN_POINT('',(-7.17162710264746,-54.7666669498387,1.06665567487162));
#2996=CARTESIAN_POINT('',(-5.31436760343922,-54.6573066511031,1.38920814644724));
#2997=CARTESIAN_POINT('',(-5.00000000000002,-53.4163920609043,-3.88313407754455E-15));
#2998=CARTESIAN_POINT('',(-7.17223952414569,-54.7437350354482,1.08762429357078));
#2999=CARTESIAN_POINT('',(-5.29628404137998,-54.6488589880869,1.40018789767464));
#3000=CARTESIAN_POINT('',(-5.00000000000002,-53.391945540646,-3.88163715990533E-15));
#3001=CARTESIAN_POINT('',(-7.17285282526819,-54.7208324696329,1.10862468709916));
#3002=CARTESIAN_POINT('',(-5.27820047831555,-54.6404113246011,1.41116764951234));
#3003=CARTESIAN_POINT('',(-5.00000000000002,-53.3674990203878,-3.88014024226609E-15));
#3004=CARTESIAN_POINT('',(-7.17346701752027,-54.6979592961148,1.12965681410333));
#3005=CARTESIAN_POINT('',(-5.26011691423274,-54.6319636606395,1.42214740196851));
#3006=CARTESIAN_POINT('',(-5.00000000000003,-53.3430525001295,-3.87864332462687E-15));
#3007=CARTESIAN_POINT('',(-7.17408211241086,-54.6751155585552,1.15072063316768));
#3008=CARTESIAN_POINT('',(-5.24203334911758,-54.6235159961961,1.4331271550509));
#3009=CARTESIAN_POINT('',(-5.00000000000002,-53.3186059798712,-3.87714640698764E-15));
#3010=CARTESIAN_POINT('',(-7.17469812144775,-54.6523013005567,1.17181610281413));
#3011=CARTESIAN_POINT('',(-5.223949782958,-54.6150683312627,1.44410690876967));
#3012=CARTESIAN_POINT('',(-5.00000000000002,-53.294159459613,-3.87564948934841E-15));
#3013=CARTESIAN_POINT('',(-7.17531505614857,-54.629516565661,1.19294318150226));
#3014=CARTESIAN_POINT('',(-5.20586621573369,-54.6066206658402,1.45508666312645));
#3015=CARTESIAN_POINT('',(-5.00000000000002,-53.2697129393547,-3.87415257170918E-15));
#3016=CARTESIAN_POINT('',(-7.17593292803173,-54.6067613973498,1.21410182762943));
#3017=CARTESIAN_POINT('',(-5.18778264745358,-54.5981729998932,1.46606641815606));
#3018=CARTESIAN_POINT('',(-5.00000000000002,-53.2452664190964,-3.87265565406995E-15));
#3019=CARTESIAN_POINT('',(-7.17655174861834,-54.5840358390453,1.23529199953081));
#3020=CARTESIAN_POINT('',(-5.16969907801803,-54.5897253335238,1.47704617376802));
#3021=CARTESIAN_POINT('',(-5.00000000000002,-53.2208198988381,-3.87115873643072E-15));
#3022=CARTESIAN_POINT('',(-7.17717152943551,-54.5613399341086,1.2565136554796));
#3023=CARTESIAN_POINT('',(-5.15161550772438,-54.5812776663134,1.48802593034786));
#3024=CARTESIAN_POINT('',(-5.00000000000002,-53.1963733785799,-3.86966181879149E-15));
#3025=CARTESIAN_POINT('',(-7.17779228201279,-54.538673725841,1.27776675368673));
#3026=CARTESIAN_POINT('',(-5.13353193541362,-54.5728299998108,1.49900568647713));
#3027=CARTESIAN_POINT('',(-5.00000000000002,-53.1719268583216,-3.86816490115226E-15));
#3028=CARTESIAN_POINT('',(-7.17841401788379,-54.5160372574831,1.29905125230158));
#3029=CARTESIAN_POINT('',(-5.11544836526098,-54.5643823281304,1.50998544757685));
#3030=CARTESIAN_POINT('',(-5.00000000000002,-53.1474803380633,-3.86666798351303E-15));
#3031=CARTESIAN_POINT('',(-7.179036748585,-54.4934305722152,1.32036710941142));
#3032=CARTESIAN_POINT('',(-5.09736478190814,-54.5559346734754,1.52096519314371));
#3033=CARTESIAN_POINT('',(-5.00000000000002,-53.123033817805,-3.8651710658738E-15));
#3034=CARTESIAN_POINT('',(-7.17966048565802,-54.4708537131567,1.34171428304195));
#3035=CARTESIAN_POINT('',(-5.07928124148163,-54.547486951922,1.53194500093226));
#3036=CARTESIAN_POINT('',(-5.00000000000002,-53.0985872975468,-3.86367414823457E-15));
#3037=CARTESIAN_POINT('',(-7.18028524064644,-54.4483067233667,1.36309273115697));
#3038=CARTESIAN_POINT('',(-5.0611975386473,-54.5390394805071,1.54292457632177));
#3039=CARTESIAN_POINT('',(-5.00000000000002,-53.0741407772885,-3.86217723059534E-15));
#3040=CARTESIAN_POINT('',(-7.18091102509754,-54.4257896458434,1.38450241165907));
#3041=CARTESIAN_POINT('',(-5.04311442379438,-54.5305910614408,1.55390503578359));
#3042=CARTESIAN_POINT('',(-5.00000000000002,-53.0496942570302,-3.86068031295612E-15));
#3043=CARTESIAN_POINT('',(-7.18161478566372,-54.4005425064102,1.4085748850144));
#3044=CARTESIAN_POINT('',(-5.0227977609296,-54.521104278901,1.56623652639802));
#3045=CARTESIAN_POINT('',(-5.00000000000002,-53.0222472277108,-3.85899966712601E-15));
#3046=CARTESIAN_POINT('',(-7.18211058828465,-54.3828191147879,1.42552951671237));
#3047=CARTESIAN_POINT('',(-5.00836744948414,-54.5147535993083,1.57460177185154));
#3048=CARTESIAN_POINT('',(-5.00000000000002,-53.0029490384776,-3.85781799384232E-15));
#3049=CARTESIAN_POINT('',(-7.18239736696926,-54.3725889680088,1.43533459747694));
#3050=CARTESIAN_POINT('',(-4.99999093580534,-54.511164142618,1.5793591568054));
#3051=CARTESIAN_POINT('',(-5.00000000000002,-52.9917996893305,-3.85713529310504E-15));
#3052=FACE_BOUND('',#3053,.T.);
#3053=EDGE_LOOP('',(#5475,#5476,#5477));
#3054=CYLINDRICAL_SURFACE('',#3055,2.);
#3055=AXIS2_PLACEMENT_3D('',#3056,#3057,#3058);
#3056=CARTESIAN_POINT('',(-3.00000000000002,-48.99999995491,-8.0000000112725));
#3057=DIRECTION('',(0.,5.63625036718975E-9,-1.));
#3058=DIRECTION('',(-1.,0.,0.));
#3059=FACE_BOUND('',#3060,.T.);
#3060=EDGE_LOOP('',(#5478,#5479,#5480,#5481));
#3061=(BOUNDED_SURFACE()B_SPLINE_SURFACE(3,2,(
(#3062,#3063,#3064),
(#3065,#3066,#3067),
(#3068,#3069,#3070),
(#3071,#3072,#3073)),
.UNSPECIFIED.,.F.,.F.,.F.)B_SPLINE_SURFACE_WITH_KNOTS((4,4),
(3,3),
(-5.72033806112307E-6,0.233871054752287),
(0.,1.),
.UNSPECIFIED.)GEOMETRIC_REPRESENTATION_ITEM()RATIONAL_B_SPLINE_SURFACE((
(1.,0.924942676348534,1.),
(1.,0.924886940063905,1.),
(1.,0.92473354613797,1.),
(1.,0.924525089826941,1.)))REPRESENTATION_ITEM('')SURFACE());
#3062=CARTESIAN_POINT('',(-2.99998991499202,-46.3893022411863,1.3923883550667));
#3063=CARTESIAN_POINT('',(-2.99999082522264,-46.9807531854016,0.8216777560624));
#3064=CARTESIAN_POINT('',(-2.9999885593239,-46.9999999549427,-3.24531261390433E-15));
#3065=CARTESIAN_POINT('',(-3.13274359051364,-46.3888785380048,1.39305260144485));
#3066=CARTESIAN_POINT('',(-3.12388106044236,-46.9807145971254,0.822025038267124));
#3067=CARTESIAN_POINT('',(-3.15590813327791,-46.9999806878706,-3.26440607485315E-15));
#3068=CARTESIAN_POINT('',(-3.28696017492759,-46.406497733579,1.39331581373711));
#3069=CARTESIAN_POINT('',(-3.25299281936198,-46.9980289279453,0.821059698006971));
#3070=CARTESIAN_POINT('',(-3.31181919085229,-47.0182953334371,-3.28462112121768E-15));
#3071=CARTESIAN_POINT('',(-3.46349127978566,-46.4571755721695,1.40261218909609));
#3072=CARTESIAN_POINT('',(-3.38472598524582,-47.0356838236437,0.820483661418991));
#3073=CARTESIAN_POINT('',(-3.46348984384093,-47.0544467778788,-3.3054090567244E-15));
#3074=FACE_BOUND('',#3075,.T.);
#3075=EDGE_LOOP('',(#5482,#5483,#5484,#5485));
#3076=CYLINDRICAL_SURFACE('',#3077,2.);
#3077=AXIS2_PLACEMENT_3D('',#3078,#3079,#3080);
#3078=CARTESIAN_POINT('',(6.99999999999998,-45.0005484466332,-0.0468346638627049));
#3079=DIRECTION('',(1.,0.,3.96508223080413E-17));
#3080=DIRECTION('',(-2.8533185723854E-17,-0.694376959169552,0.719611449724396));
#3081=FACE_OUTER_BOUND('',#3082,.T.);
#3082=EDGE_LOOP('',(#5486));
#3083=FACE_OUTER_BOUND('',#3084,.T.);
#3084=EDGE_LOOP('',(#5487));
#3085=CYLINDRICAL_SURFACE('',#3086,1.85);
#3086=AXIS2_PLACEMENT_3D('',#3087,#3088,#3089);
#3087=CARTESIAN_POINT('',(6.12323399573676E-16,50.,5.00000000000001));
#3088=DIRECTION('',(-1.22464679914735E-16,-6.12323399573677E-17,1.));
#3089=DIRECTION('',(6.12323399573677E-17,-1.,-6.12323399573676E-17));
#3090=FACE_BOUND('',#3091,.T.);
#3091=EDGE_LOOP('',(#5488));
#3092=PLANE('',#3093);
#3093=AXIS2_PLACEMENT_3D('',#3094,#3095,#3096);
#3094=CARTESIAN_POINT('',(1.10855294548299E-14,-3.67394039744206E-15,5.00000000000001));
#3095=DIRECTION('',(-6.12323399573676E-17,1.22464679914735E-16,1.));
#3096=DIRECTION('',(-1.,1.22464679914735E-16,-6.12323399573676E-17));
#3097=FACE_BOUND('',#3098,.T.);
#3098=EDGE_LOOP('',(#5489));
#3099=PLANE('',#3100);
#3100=AXIS2_PLACEMENT_3D('',#3101,#3102,#3103);
#3101=CARTESIAN_POINT('',(-3.67394039744206E-15,-1.10855294548299E-14,5.00000000000001));
#3102=DIRECTION('',(1.22464679914735E-16,6.12323399573676E-17,1.));
#3103=DIRECTION('',(6.12323399573676E-17,1.,-6.12323399573676E-17));
#3104=FACE_BOUND('',#3105,.T.);
#3105=EDGE_LOOP('',(#5490));
#3106=PLANE('',#3107);
#3107=AXIS2_PLACEMENT_3D('',#3108,#3109,#3110);
#3108=CARTESIAN_POINT('',(-9.24855925610887E-15,2.36658271566304E-30,5.00000000000001));
#3109=DIRECTION('',(0.,0.,1.));
#3110=DIRECTION('',(1.,1.71531043748473E-32,0.));
#3111=FACE_BOUND('',#3112,.T.);
#3112=EDGE_LOOP('',(#5491));
#3113=PLANE('',#3114);
#3114=AXIS2_PLACEMENT_3D('',#3115,#3116,#3117);
#3115=CARTESIAN_POINT('',(3.06161699786839E-16,-6.12323399573677E-16,30.));
#3116=DIRECTION('',(-6.12323399573676E-17,1.22464679914735E-16,1.));
#3117=DIRECTION('',(-1.,1.22464679914735E-16,-6.12323399573676E-17));
#3118=FACE_BOUND('',#3119,.T.);
#3119=EDGE_LOOP('',(#5492));
#3120=PLANE('',#3121);
#3121=AXIS2_PLACEMENT_3D('',#3122,#3123,#3124);
#3122=CARTESIAN_POINT('',(-6.12323399573677E-16,-3.06161699786838E-16,30.));
#3123=DIRECTION('',(1.22464679914735E-16,6.12323399573676E-17,1.));
#3124=DIRECTION('',(6.12323399573676E-17,1.,-6.12323399573676E-17));
#3125=FACE_BOUND('',#3126,.T.);
#3126=EDGE_LOOP('',(#5493));
#3127=PLANE('',#3128);
#3128=AXIS2_PLACEMENT_3D('',#3129,#3130,#3131);
#3129=CARTESIAN_POINT('',(-2.14313189850787E-15,4.28626379701574E-15,30.));
#3130=DIRECTION('',(0.,0.,1.));
#3131=DIRECTION('',(1.,4.82715273076902E-33,0.));
#3132=FACE_OUTER_BOUND('',#3133,.T.);
#3133=EDGE_LOOP('',(#5494));
#3134=FACE_OUTER_BOUND('',#3135,.T.);
#3135=EDGE_LOOP('',(#5495));
#3136=TOROIDAL_SURFACE('',#3137,70.1655954667024,20.);
#3137=AXIS2_PLACEMENT_3D('',#3138,#3139,#3140);
#3138=CARTESIAN_POINT('',(-2.10931206836458E-15,-1.05465603418229E-15,17.2238401295228));
#3139=DIRECTION('',(-1.22464679914735E-16,-6.12323399573677E-17,1.));
#3140=DIRECTION('',(1.,-9.73014512182329E-33,1.22464679914735E-16));
#3141=FACE_BOUND('',#3142,.T.);
#3142=EDGE_LOOP('',(#5496,#5497,#5498));
#3143=(BOUNDED_SURFACE()B_SPLINE_SURFACE(3,2,(
(#3144,#3145,#3146),
(#3147,#3148,#3149),
(#3150,#3151,#3152),
(#3153,#3154,#3155),
(#3156,#3157,#3158),
(#3159,#3160,#3161),
(#3162,#3163,#3164),
(#3165,#3166,#3167),
(#3168,#3169,#3170),
(#3171,#3172,#3173),
(#3174,#3175,#3176),
(#3177,#3178,#3179),
(#3180,#3181,#3182),
(#3183,#3184,#3185),
(#3186,#3187,#3188),
(#3189,#3190,#3191),
(#3192,#3193,#3194)),
.UNSPECIFIED.,.F.,.F.,.F.)B_SPLINE_SURFACE_WITH_KNOTS((4,1,1,1,1,1,1,1,1,1,1,1,1,
1,4),
(3,3),
(0.,2.70821244150003,3.80896907862473,4.88511622938317,5.9025793738948,6.8192281341352,
7.68035245821801,8.4994084935093,9.26683734775828,10.0019786655074,10.7136272902548,
11.3433002514857,11.8433112977898,12.3042559185142,13.0000386088007),
(0.,1.),
.UNSPECIFIED.)GEOMETRIC_REPRESENTATION_ITEM()RATIONAL_B_SPLINE_SURFACE((
(1.,1.,1.),
(1.,1.00001428650902,1.),
(1.,0.996620774099974,1.),
(1.,0.987192679025553,1.),
(1.,0.979385906281882,1.),
(1.,0.970834824465923,1.),
(1.,0.96218667409565,1.),
(1.,0.953851374284586,1.),
(1.,0.946047435286549,1.),
(1.,0.939004120620529,1.),
(1.,0.932907329407668,1.),
(1.,0.928025327753318,1.),
(1.,0.924588577211996,1.),
(1.,0.922392728201265,1.),
(1.,0.920836270691756,1.),
(1.,0.920469625102648,1.),
(1.,0.920434612784,1.)))REPRESENTATION_ITEM('')SURFACE());
#3144=CARTESIAN_POINT('',(4.99999999999998,-49.0000000077574,32.7022990860969));
#3145=CARTESIAN_POINT('',(4.99999999999998,-49.0000000077574,32.702299084405));
#3146=CARTESIAN_POINT('',(4.99999999999998,-49.0000000077574,32.7022990827132));
#3147=CARTESIAN_POINT('',(4.9999342205171,-48.7510748841663,32.7339326723857));
#3148=CARTESIAN_POINT('',(5.00028124496825,-48.7801273806237,32.8065076524136));
#3149=CARTESIAN_POINT('',(4.9999342205171,-48.8178949183122,32.8749197444272));
#3150=CARTESIAN_POINT('',(4.96457704569761,-48.3957348431847,32.7799564127462));
#3151=CARTESIAN_POINT('',(4.94926425085267,-48.4685019645204,32.9532996377202));
#3152=CARTESIAN_POINT('',(4.96457704569761,-48.553983909281,33.1207672669556));
#3153=CARTESIAN_POINT('',(4.84796200248794,-47.9573349384891,32.8380854254472));
#3154=CARTESIAN_POINT('',(4.79670473219039,-48.0991243040327,33.1263642960572));
#3155=CARTESIAN_POINT('',(4.84796200248794,-48.222406073972,33.4228843521477));
#3156=CARTESIAN_POINT('',(4.74222696480896,-47.6774624565263,32.8756948367315));
#3157=CARTESIAN_POINT('',(4.66505642623597,-47.871926519676,33.2326133150024));
#3158=CARTESIAN_POINT('',(4.74222696480896,-48.0086112453183,33.6152604947688));
#3159=CARTESIAN_POINT('',(4.6172091972962,-47.427616510984,32.9096632831881));
#3160=CARTESIAN_POINT('',(4.51430483687469,-47.6756882604979,33.3243658525535));
#3161=CARTESIAN_POINT('',(4.61720919729619,-47.8161061200091,33.7865719424002));
#3162=CARTESIAN_POINT('',(4.47667986438334,-47.2076716042728,32.9398884705322));
#3163=CARTESIAN_POINT('',(4.3536936822238,-47.512022078125,33.4010134791135));
#3164=CARTESIAN_POINT('',(4.47667986438334,-47.6453750973104,33.9370094652704));
#3165=CARTESIAN_POINT('',(4.32445300028945,-47.0171092760777,32.9662695651617));
#3166=CARTESIAN_POINT('',(4.18905571329582,-47.3780268497832,33.4639722151824));
#3167=CARTESIAN_POINT('',(4.32445300028945,-47.4965571466775,34.0671048889625));
#3168=CARTESIAN_POINT('',(4.16279106417528,-46.8540573712846,32.9890444508022));
#3169=CARTESIAN_POINT('',(4.02246741440464,-47.2694212221838,33.5152516433855));
#3170=CARTESIAN_POINT('',(4.16279106417528,-47.3685334014448,34.178166736344));
#3171=CARTESIAN_POINT('',(3.99321647932082,-46.7167290340216,33.0083128360005));
#3172=CARTESIAN_POINT('',(3.85636671239907,-47.1831552813825,33.556236224102));
#3173=CARTESIAN_POINT('',(3.99321647932082,-47.260263324718,34.2715816595921));
#3174=CARTESIAN_POINT('',(3.81870327977609,-46.605022804759,33.0241014539027));
#3175=CARTESIAN_POINT('',(3.69243201470853,-47.1163725511378,33.5881892356205));
#3176=CARTESIAN_POINT('',(3.81870327977609,-47.1718567597495,34.3474187220752));
#3177=CARTESIAN_POINT('',(3.64589572630836,-46.5199076827537,33.0361533585275));
#3178=CARTESIAN_POINT('',(3.5353462260564,-47.0677978581136,33.6116031147541));
#3179=CARTESIAN_POINT('',(3.64589572630836,-47.1043282141229,34.4051657062077));
#3180=CARTESIAN_POINT('',(3.48310193861805,-46.4604038345514,33.0445916965223));
#3181=CARTESIAN_POINT('',(3.39432935352972,-47.0360435498301,33.6270113540716));
#3182=CARTESIAN_POINT('',(3.48310193861805,-47.0570341715222,34.4455063531603));
#3183=CARTESIAN_POINT('',(3.33777375009369,-46.4228812429407,33.0499740891566));
#3184=CARTESIAN_POINT('',(3.27164811706177,-47.0166699854078,33.6364551674927));
#3185=CARTESIAN_POINT('',(3.33777375009369,-47.0271359997941,34.4708912628553));
#3186=CARTESIAN_POINT('',(3.17916784296533,-46.3958737145337,33.0537031407659));
#3187=CARTESIAN_POINT('',(3.14341726355387,-47.0033441373527,33.6429714741933));
#3188=CARTESIAN_POINT('',(3.17916784296533,-47.0057075023119,34.4892688492995));
#3189=CARTESIAN_POINT('',(3.06866147745209,-46.3890596553567,33.0550625188405));
#3190=CARTESIAN_POINT('',(3.05386844095393,-47.0002909527192,33.6444693640653));
#3191=CARTESIAN_POINT('',(3.06866147745209,-46.9999963545137,34.4935862845758));
#3192=CARTESIAN_POINT('',(2.9999890531759,-46.3887995124434,33.0548067889096));
#3193=CARTESIAN_POINT('',(2.99999102975049,-46.9999998785532,33.6446119634222));
#3194=CARTESIAN_POINT('',(2.9999890531759,-47.0000000017383,34.4939858675631));
#3195=FACE_BOUND('',#3196,.T.);
#3196=EDGE_LOOP('',(#5499,#5500,#5501,#5502));
#3197=CYLINDRICAL_SURFACE('',#3198,2.);
#3198=AXIS2_PLACEMENT_3D('',#3199,#3200,#3201);
#3199=CARTESIAN_POINT('',(6.99999999999998,-45.0000000017084,34.4939856933902));
#3200=DIRECTION('',(1.,0.,0.));
#3201=DIRECTION('',(0.,-1.,3.37612604539571E-9));
#3202=FACE_BOUND('',#3203,.T.);
#3203=EDGE_LOOP('',(#5503,#5504,#5505));
#3204=(BOUNDED_SURFACE()B_SPLINE_SURFACE(3,2,(
(#3205,#3206,#3207),
(#3208,#3209,#3210),
(#3211,#3212,#3213),
(#3214,#3215,#3216),
(#3217,#3218,#3219),
(#3220,#3221,#3222),
(#3223,#3224,#3225),
(#3226,#3227,#3228),
(#3229,#3230,#3231),
(#3232,#3233,#3234),
(#3235,#3236,#3237),
(#3238,#3239,#3240),
(#3241,#3242,#3243),
(#3244,#3245,#3246),
(#3247,#3248,#3249),
(#3250,#3251,#3252)),
.UNSPECIFIED.,.F.,.F.,.F.)B_SPLINE_SURFACE_WITH_KNOTS((4,1,1,1,1,1,1,1,1,1,1,1,1,
4),
(3,3),
(-3.85021904442027E-5,1.63511553779419,2.27637676363086,2.91763798946753,3.59879424388203,
4.33574597659184,5.11585988293315,5.93414948187643,6.77779414231525,7.6933088065117,
8.64615543746448,9.68830437209615,10.7604025183765,13.),
(0.,1.),
.UNSPECIFIED.)GEOMETRIC_REPRESENTATION_ITEM()RATIONAL_B_SPLINE_SURFACE((
(1.,0.920434605257142,1.),
(1.,0.920416746830161,1.),
(1.,0.922394049138529,1.),
(1.,0.927806969037818,1.),
(1.,0.932361630240151,1.),
(1.,0.93792212153995,1.),
(1.,0.944488112206027,1.),
(1.,0.951879199641186,1.),
(1.,0.959730285859209,1.),
(1.,0.967829540899851,1.),
(1.,0.97583138605403,1.),
(1.,0.983507836226524,1.),
(1.,0.990289675749369,1.),
(1.,0.997581364593373,1.),
(1.,1.00000501183079,1.),
(1.,1.,1.)))REPRESENTATION_ITEM('')SURFACE());
#3205=CARTESIAN_POINT('',(-2.99998905509823,-46.3887995087545,33.0548067853499));
#3206=CARTESIAN_POINT('',(-2.99999102711947,-46.9999999393997,33.6446119368183));
#3207=CARTESIAN_POINT('',(-2.99998905509823,-47.0000000017383,34.4939858736994));
#3208=CARTESIAN_POINT('',(-3.15127122356387,-46.3886822203671,33.0548336052691));
#3209=CARTESIAN_POINT('',(-3.12689297684314,-47.0000890866472,33.644579122422));
#3210=CARTESIAN_POINT('',(-3.15127122356387,-46.9998927580158,34.494052966977));
#3211=CARTESIAN_POINT('',(-3.36606227906715,-46.4198675991818,33.0503677124319));
#3212=CARTESIAN_POINT('',(-3.30274658917139,-47.0157136089018,33.636878605229));
#3213=CARTESIAN_POINT('',(-3.36606227906716,-47.0247873407304,34.4729656146583));
#3214=CARTESIAN_POINT('',(-3.62735133846871,-46.5119102565199,33.0372818302714));
#3215=CARTESIAN_POINT('',(-3.52696120964876,-47.0657550562746,33.6125934030451));
#3216=CARTESIAN_POINT('',(-3.62735133846871,-47.097981186324,34.4105928311489));
#3217=CARTESIAN_POINT('',(-3.79896640475612,-46.5945335975404,33.025580235156));
#3218=CARTESIAN_POINT('',(-3.67564102693626,-47.1108964174366,33.5908259130088));
#3219=CARTESIAN_POINT('',(-3.79896640475612,-47.1635436491401,34.3545433822276));
#3220=CARTESIAN_POINT('',(-3.9647388765744,-46.6970964862966,33.0111008209653));
#3221=CARTESIAN_POINT('',(-3.82862429918148,-47.17092176389,33.5620762539787));
#3222=CARTESIAN_POINT('',(-3.9647388765744,-47.2447278782995,34.2848974509509));
#3223=CARTESIAN_POINT('',(-4.12763370107324,-46.8233841834063,32.9933255199401));
#3224=CARTESIAN_POINT('',(-3.98711755964893,-47.2495761455535,33.5246596095239));
#3225=CARTESIAN_POINT('',(-4.12763370107324,-47.3443920801496,34.1990577867411));
#3226=CARTESIAN_POINT('',(-4.28456811900355,-46.9740268014425,32.972295700307));
#3227=CARTESIAN_POINT('',(-4.14813277445706,-47.3493579032278,33.4774849226026));
#3228=CARTESIAN_POINT('',(-4.28456811900355,-47.462765227118,34.0964451023744));
#3229=CARTESIAN_POINT('',(-4.43248249907738,-47.1486613303021,32.948025577122));
#3230=CARTESIAN_POINT('',(-4.30619981722956,-47.4707604841309,33.4203779586243));
#3231=CARTESIAN_POINT('',(-4.43248249907738,-47.5993771410123,33.9773330002143));
#3232=CARTESIAN_POINT('',(-4.56853334279505,-47.3466521474853,32.9207609101977));
#3233=CARTESIAN_POINT('',(-4.45939329364923,-47.6161722192544,33.3522202726324));
#3234=CARTESIAN_POINT('',(-4.56853334279505,-47.7533685949109,33.8419835909738));
#3235=CARTESIAN_POINT('',(-4.69145592882468,-47.5695426579939,32.8903362915493));
#3236=CARTESIAN_POINT('',(-4.60313389133482,-47.7864097208126,33.2725916377758));
#3237=CARTESIAN_POINT('',(-4.69145592882468,-47.9256083343067,33.689293289641));
#3238=CARTESIAN_POINT('',(-4.7983400186517,-47.8171058405353,32.856881612601));
#3239=CARTESIAN_POINT('',(-4.73517445460393,-47.9858050686201,33.1793697015013));
#3240=CARTESIAN_POINT('',(-4.7983400186517,-48.1154883647202,33.5193234384156));
#3241=CARTESIAN_POINT('',(-4.88804408596836,-48.0946014070668,32.8198231315466));
#3242=CARTESIAN_POINT('',(-4.84740794264116,-48.2112848950985,33.0738467900781));
#3243=CARTESIAN_POINT('',(-4.88804408596836,-48.326490857674,33.32834728578));
#3244=CARTESIAN_POINT('',(-4.97489200970403,-48.4884882917868,32.7679171168477));
#3245=CARTESIAN_POINT('',(-4.96375142453738,-48.547802896291,32.9159773445116));
#3246=CARTESIAN_POINT('',(-4.97489200970403,-48.6230014422185,33.0566116478973));
#3247=CARTESIAN_POINT('',(-4.99998095449851,-48.7972745737894,32.7280659842019));
#3248=CARTESIAN_POINT('',(-5.00010901755394,-48.8182607685274,32.7884241673861));
#3249=CARTESIAN_POINT('',(-4.99998095449851,-48.8516824218332,32.8428773431178));
#3250=CARTESIAN_POINT('',(-5.00000000000002,-49.0000000077574,32.7022990860969));
#3251=CARTESIAN_POINT('',(-5.00000000000002,-49.0000000077574,32.702299084969));
#3252=CARTESIAN_POINT('',(-5.00000000000002,-49.0000000077573,32.7022990838411));
#3253=FACE_BOUND('',#3254,.T.);
#3254=EDGE_LOOP('',(#5506,#5507,#5508,#5509));
#3255=(BOUNDED_SURFACE()B_SPLINE_SURFACE(3,2,(
(#3256,#3257,#3258),
(#3259,#3260,#3261),
(#3262,#3263,#3264),
(#3265,#3266,#3267),
(#3268,#3269,#3270),
(#3271,#3272,#3273),
(#3274,#3275,#3276),
(#3277,#3278,#3279),
(#3280,#3281,#3282),
(#3283,#3284,#3285),
(#3286,#3287,#3288),
(#3289,#3290,#3291),
(#3292,#3293,#3294),
(#3295,#3296,#3297),
(#3298,#3299,#3300),
(#3301,#3302,#3303),
(#3304,#3305,#3306),
(#3307,#3308,#3309),
(#3310,#3311,#3312),
(#3313,#3314,#3315),
(#3316,#3317,#3318),
(#3319,#3320,#3321),
(#3322,#3323,#3324)),
.UNSPECIFIED.,.F.,.F.,.F.)B_SPLINE_SURFACE_WITH_KNOTS((4,1,1,1,1,1,1,1,1,1,1,1,1,
1,1,1,1,1,1,1,4),
(3,3),
(2.31400432090918,5.09907106902593,6.18992163584224,7.16567170619815,8.0311193949166,
8.78713453451235,9.42358443058741,9.85248393140988,10.2209558004238,10.5894276694378,
11.0993587899198,11.6378790625885,12.2063681611984,12.7174066709322,13.3899710315558,
14.3993615782571,15.4754243303563,16.559440015784,17.483778721339,18.5626358506727,
20.3070867300833),
(0.,1.),
.UNSPECIFIED.)GEOMETRIC_REPRESENTATION_ITEM()RATIONAL_B_SPLINE_SURFACE((
(1.,0.674092563092801,1.),
(1.,0.670320881821407,1.),
(1.,0.665218519810679,1.),
(1.,0.659850210692478,1.),
(1.,0.65703787885399,1.),
(1.,0.654947916559238,1.),
(1.,0.653497640584582,1.),
(1.,0.652555736552577,1.),
(1.,0.652077108068074,1.),
(1.,0.651654051489443,1.),
(1.,0.651418573240557,1.),
(1.,0.651293870218563,1.),
(1.,0.651318259240766,1.),
(1.,0.651519557874712,1.),
(1.,0.652025164450842,1.),
(1.,0.65290945946594,1.),
(1.,0.654537697602302,1.),
(1.,0.657054183129403,1.),
(1.,0.660068963312628,1.),
(1.,0.663510339527221,1.),
(1.,0.66809680905451,1.),
(1.,0.671854791405404,1.),
(1.,0.67421953752772,1.)))REPRESENTATION_ITEM('')SURFACE());
#3256=CARTESIAN_POINT('',(-7.18239694570759,-54.3726073949906,1.43531692405265));
#3257=CARTESIAN_POINT('',(-5.00000000000002,-54.5111737478992,1.5793487207377));
#3258=CARTESIAN_POINT('',(-5.00000000000002,-52.9918197117547,-7.79050677382804E-6));
#3259=CARTESIAN_POINT('',(-7.20220385865145,-53.0895465421924,2.66630323110637));
#3260=CARTESIAN_POINT('',(-5.00000000000002,-53.2152715233718,2.85687344354313));
#3261=CARTESIAN_POINT('',(-5.00000000000002,-51.5949972211535,1.34285134789699));
#3262=CARTESIAN_POINT('',(-7.22924617750117,-51.4862667490441,4.62721755319066));
#3263=CARTESIAN_POINT('',(-5.00000000000002,-51.6466850100262,4.84730163499343));
#3264=CARTESIAN_POINT('',(-5.00000000000002,-49.8499686037183,3.48210498124366));
#3265=CARTESIAN_POINT('',(-7.25760915899556,-49.9318669925978,7.37655759570214));
#3266=CARTESIAN_POINT('',(-5.00000000000002,-50.1514024113428,7.59824810882343));
#3267=CARTESIAN_POINT('',(-5.00000000000002,-48.1587444519186,6.48135828648959));
#3268=CARTESIAN_POINT('',(-7.27268494376781,-49.137818523271,9.15243759988171));
#3269=CARTESIAN_POINT('',(-5.00000000000002,-49.4018307703374,9.33804610652501));
#3270=CARTESIAN_POINT('',(-5.00000000000002,-47.2949452427569,8.41860747419162));
#3271=CARTESIAN_POINT('',(-7.28375556725099,-48.5740980696366,10.7580406861796));
#3272=CARTESIAN_POINT('',(-5.00000000000002,-48.8653063401704,10.9267874605765));
#3273=CARTESIAN_POINT('',(-5.00000000000002,-46.6817060081246,10.170407629523));
#3274=CARTESIAN_POINT('',(-7.29135099591449,-48.1923810874802,12.1665526316274));
#3275=CARTESIAN_POINT('',(-5.00000000000002,-48.4988298716558,12.3373049620978));
#3276=CARTESIAN_POINT('',(-5.00000000000002,-46.2665935985076,11.7067993716167));
#3277=CARTESIAN_POINT('',(-7.2962953696234,-47.9494245231486,13.3455037271172));
#3278=CARTESIAN_POINT('',(-5.00000000000002,-48.2738541936072,13.4893207992527));
#3279=CARTESIAN_POINT('',(-5.00000000000002,-46.0023234510115,12.9931062666636));
#3280=CARTESIAN_POINT('',(-7.2992790857682,-47.8012141936817,14.2992155095036));
#3281=CARTESIAN_POINT('',(-5.00000000000002,-48.1394663226552,14.4033882262745));
#3282=CARTESIAN_POINT('',(-5.00000000000002,-45.8412070252874,14.0332935999329));
#3283=CARTESIAN_POINT('',(-7.30129976793963,-47.7048915682126,15.133332496866));
#3284=CARTESIAN_POINT('',(-5.00000000000002,-48.0563569018679,15.1500479910951));
#3285=CARTESIAN_POINT('',(-5.00000000000002,-45.7363853043364,14.9436368631584));
#3286=CARTESIAN_POINT('',(-7.30256220068993,-47.6392891351059,15.9670288027812));
#3287=CARTESIAN_POINT('',(-5.00000000000002,-47.9934415135693,15.950649472529));
#3288=CARTESIAN_POINT('',(-5.00000000000002,-45.6652031250638,15.8519483123308));
#3289=CARTESIAN_POINT('',(-7.30331904148293,-47.6034803750846,16.9014909617991));
#3290=CARTESIAN_POINT('',(-5.00000000000002,-47.9571446778372,16.8640040083884));
#3291=CARTESIAN_POINT('',(-5.00000000000002,-45.6262350659655,16.8727106071909));
#3292=CARTESIAN_POINT('',(-7.3032177325723,-47.6111567925985,17.9177382655483));
#3293=CARTESIAN_POINT('',(-5.00000000000002,-47.9639223072795,17.9061486519971));
#3294=CARTESIAN_POINT('',(-5.00000000000002,-45.634474916729,17.9808354815832));
#3295=CARTESIAN_POINT('',(-7.3019233550154,-47.6725904037005,19.0051118871758));
#3296=CARTESIAN_POINT('',(-5.00000000000002,-48.0214911508361,18.9473577753743));
#3297=CARTESIAN_POINT('',(-5.00000000000002,-45.7013223232109,19.1671174670438));
#3298=CARTESIAN_POINT('',(-7.29925981350766,-47.8028074005595,20.2136427669267));
#3299=CARTESIAN_POINT('',(-5.00000000000002,-48.1374202898987,20.0711069992759));
#3300=CARTESIAN_POINT('',(-5.00000000000002,-45.8429287352714,20.4853865311603));
#3301=CARTESIAN_POINT('',(-7.29430898680975,-48.0460689266425,21.6576345783035));
#3302=CARTESIAN_POINT('',(-5.00000000000002,-48.3555892260431,21.4678492823199));
#3303=CARTESIAN_POINT('',(-5.00000000000002,-46.1074392830391,22.0606445881147));
#3304=CARTESIAN_POINT('',(-7.28574413206944,-48.470241158851,23.3798882039771));
#3305=CARTESIAN_POINT('',(-5.00000000000002,-48.7592284970174,23.1997539958224));
#3306=CARTESIAN_POINT('',(-5.00000000000002,-46.5688425214279,23.9396914526788));
#3307=CARTESIAN_POINT('',(-7.27323183003073,-49.1094674382005,25.2428639051692));
#3308=CARTESIAN_POINT('',(-5.00000000000002,-49.404543800144,25.141963956727));
#3309=CARTESIAN_POINT('',(-5.00000000000002,-47.2640681505207,25.9718232406032));
#3310=CARTESIAN_POINT('',(-7.25726038522247,-49.9503308667213,27.1044627763858));
#3311=CARTESIAN_POINT('',(-5.00000000000002,-50.2110872817025,26.9674714873446));
#3312=CARTESIAN_POINT('',(-5.00000000000002,-48.1788441873502,28.0027304405487));
#3313=CARTESIAN_POINT('',(-7.23907592824664,-50.9484098829011,28.8622248827942));
#3314=CARTESIAN_POINT('',(-5.00000000000002,-51.1774784176132,28.7168051456521));
#3315=CARTESIAN_POINT('',(-5.00000000000002,-49.2647834404112,29.9202445375171));
#3316=CARTESIAN_POINT('',(-7.21427320511231,-52.372687073052,30.9086092836529));
#3317=CARTESIAN_POINT('',(-5.00000000000002,-52.5333899608679,30.7285224915112));
#3318=CARTESIAN_POINT('',(-5.00000000000002,-50.8147651081483,32.152701549588));
#3319=CARTESIAN_POINT('',(-7.19449830632808,-53.5889888345707,32.2644190568037));
#3320=CARTESIAN_POINT('',(-5.00000000000002,-53.7430435520549,32.1151237203708));
#3321=CARTESIAN_POINT('',(-5.00000000000002,-52.1386729494875,33.6317127476156));
#3322=CARTESIAN_POINT('',(-7.18171194473652,-54.4169496259595,33.0548162926006));
#3323=CARTESIAN_POINT('',(-5.00000000000002,-54.5545444718759,32.910988152258));
#3324=CARTESIAN_POINT('',(-5.00000000000002,-53.0400869419797,34.4939929898957));
#3325=FACE_BOUND('',#3326,.T.);
#3326=EDGE_LOOP('',(#5510,#5511,#5512,#5513,#5514));
#3327=TOROIDAL_SURFACE('',#3328,20.,2.);
#3328=AXIS2_PLACEMENT_3D('',#3329,#3330,#3331);
#3329=CARTESIAN_POINT('',(-3.00000000000002,-61.6655954667024,17.2238401295228));
#3330=DIRECTION('',(1.,-1.81626410929287E-16,-1.02369188828123E-24));
#3331=DIRECTION('',(9.17652848106058E-17,0.505241970176662,-0.86297772368237));
#3332=FACE_BOUND('',#3333,.T.);
#3333=EDGE_LOOP('',(#5515,#5516,#5517));
#3334=(BOUNDED_SURFACE()B_SPLINE_SURFACE(3,2,(
(#3335,#3336,#3337),
(#3338,#3339,#3340),
(#3341,#3342,#3343),
(#3344,#3345,#3346),
(#3347,#3348,#3349),
(#3350,#3351,#3352),
(#3353,#3354,#3355),
(#3356,#3357,#3358),
(#3359,#3360,#3361),
(#3362,#3363,#3364),
(#3365,#3366,#3367),
(#3368,#3369,#3370),
(#3371,#3372,#3373),
(#3374,#3375,#3376),
(#3377,#3378,#3379),
(#3380,#3381,#3382),
(#3383,#3384,#3385)),
.UNSPECIFIED.,.F.,.F.,.F.)B_SPLINE_SURFACE_WITH_KNOTS((4,1,1,1,1,1,1,1,1,1,1,1,1,
1,4),
(3,3),
(-2.89897875752149E-6,0.148480279009382,0.209218056285196,0.26995583356101,0.331564102362463,
0.394000496215941,0.455008001838294,0.51541957469992,0.575790409367693,0.636161244035466,
0.696700596508282,0.75762702566127,0.819079902143786,0.881670256762337,1.),
(0.,1.),
.UNSPECIFIED.)GEOMETRIC_REPRESENTATION_ITEM()RATIONAL_B_SPLINE_SURFACE((
(1.,0.920434670018594,1.),
(1.,0.919068190953303,1.),
(1.,0.919204965673386,1.),
(1.,0.923614157029603,1.),
(1.,0.928186030471853,1.),
(1.,0.934246187345884,1.),
(1.,0.941513354384588,1.),
(1.,0.949571999263012,1.),
(1.,0.957974676191084,1.),
(1.,0.966387111947733,1.),
(1.,0.974463092980134,1.),
(1.,0.981867962800288,1.),
(1.,0.988310399674053,1.),
(1.,0.993558044260939,1.),
(1.,0.998522689874767,1.),
(1.,1.00001132162579,1.),
(1.,1.,1.)))REPRESENTATION_ITEM('')SURFACE());
#3335=CARTESIAN_POINT('',(-7.26169202635698,-55.0228845927923,34.4939856917419));
#3336=CARTESIAN_POINT('',(-7.26169281100629,-55.0228844889272,33.6446121777698));
#3337=CARTESIAN_POINT('',(-7.18172062862668,-54.4169392445065,33.0548074571198));
#3338=CARTESIAN_POINT('',(-7.09778311310334,-55.044579609526,34.4939856917419));
#3339=CARTESIAN_POINT('',(-7.07779828980805,-55.0474229753114,33.6363131027467));
#3340=CARTESIAN_POINT('',(-7.03896949511961,-54.4260034775826,33.0453328815387));
#3341=CARTESIAN_POINT('',(-6.85856881228503,-55.0462127204312,34.4939856917419));
#3342=CARTESIAN_POINT('',(-6.80637520491669,-55.0458576864659,33.6379089241632));
#3343=CARTESIAN_POINT('',(-6.82151371252005,-54.4241047796221,33.0473173555312));
#3344=CARTESIAN_POINT('',(-6.55594558051435,-54.9940035200369,34.493985691742));
#3345=CARTESIAN_POINT('',(-6.46190833580004,-54.9733735105603,33.6689193500148));
#3346=CARTESIAN_POINT('',(-6.53186088666397,-54.3867747144114,33.0863367793048));
#3347=CARTESIAN_POINT('',(-6.35250796334796,-54.9362068881886,34.493985691742));
#3348=CARTESIAN_POINT('',(-6.23693046808139,-54.8978094040161,33.7011747283345));
#3349=CARTESIAN_POINT('',(-6.33204431357524,-54.3459170052792,33.129043582508));
#3350=CARTESIAN_POINT('',(-6.15812184872766,-54.8583044223568,34.493985691742));
#3351=CARTESIAN_POINT('',(-6.023224882578,-54.7968660375956,33.7445256230242));
#3352=CARTESIAN_POINT('',(-6.13725347664861,-54.2903045639634,33.1871729398022));
#3353=CARTESIAN_POINT('',(-5.97270315456599,-54.7603377408969,34.493985691742));
#3354=CARTESIAN_POINT('',(-5.82692475272927,-54.6740386034622,33.797672553899));
#3355=CARTESIAN_POINT('',(-5.94890282241667,-54.219466622575,33.26121693485));
#3356=CARTESIAN_POINT('',(-5.79947654307701,-54.6441719861713,34.493985691742));
#3357=CARTESIAN_POINT('',(-5.65237714678664,-54.5344573745774,33.8584556834668));
#3358=CARTESIAN_POINT('',(-5.77182967452567,-54.1346378243593,33.3498850542428));
#3359=CARTESIAN_POINT('',(-5.64034780292388,-54.5116443563356,34.4939856917421));
#3360=CARTESIAN_POINT('',(-5.50131603180419,-54.3833286446351,33.9245359935216));
#3361=CARTESIAN_POINT('',(-5.60941484960807,-54.0374333590829,33.451489012155));
#3362=CARTESIAN_POINT('',(-5.49636450100589,-54.3641632791938,34.4939856917421));
#3363=CARTESIAN_POINT('',(-5.37257524354465,-54.2233977675933,33.9945511067917));
#3364=CARTESIAN_POINT('',(-5.46383635920507,-53.9294728432133,33.5643358939303));
#3365=CARTESIAN_POINT('',(-5.36826626659778,-54.2026697663375,34.4939856917421));
#3366=CARTESIAN_POINT('',(-5.265121829822,-54.0572564629923,34.0671372630193));
#3367=CARTESIAN_POINT('',(-5.33655091867006,-53.8122723735116,33.6868409889169));
#3368=CARTESIAN_POINT('',(-5.25709196561842,-54.0282955769802,34.4939856917421));
#3369=CARTESIAN_POINT('',(-5.17777315924732,-53.8871643445553,34.1410347307275));
#3370=CARTESIAN_POINT('',(-5.22884324708107,-53.6876475389491,33.817106537855));
#3371=CARTESIAN_POINT('',(-5.16389549028955,-53.8421191705193,34.4939856917421));
#3372=CARTESIAN_POINT('',(-5.10913885271521,-53.7146821149927,34.215273640281));
#3373=CARTESIAN_POINT('',(-5.14149463945454,-53.557444505132,33.953202819664));
#3374=CARTESIAN_POINT('',(-5.09008072542618,-53.6458652048059,34.4939856917421));
#3375=CARTESIAN_POINT('',(-5.05774413558399,-53.5404262505558,34.2892963525061));
#3376=CARTESIAN_POINT('',(-5.07508382296579,-53.4239373520201,34.0927528293414));
#3377=CARTESIAN_POINT('',(-5.02076709123794,-53.3795394788672,34.4939856917422));
#3378=CARTESIAN_POINT('',(-5.01230284197873,-53.3139745938281,34.383882206903));
#3379=CARTESIAN_POINT('',(-5.01567555701401,-53.2486064343003,34.2760197257816));
#3380=CARTESIAN_POINT('',(-4.99997638991549,-53.1746933186571,34.4939856917422));
#3381=CARTESIAN_POINT('',(-5.00001086600543,-53.147219687034,34.4515129912419));
#3382=CARTESIAN_POINT('',(-4.99997049095442,-53.1208016929142,34.4096093609585));
#3383=CARTESIAN_POINT('',(-5.00000000000003,-53.0400791854613,34.4939856917422));
#3384=CARTESIAN_POINT('',(-5.00000000000002,-53.0400791854613,34.4939856917422));
#3385=CARTESIAN_POINT('',(-5.00000000000002,-53.0400791854613,34.4939856917422));
#3386=FACE_BOUND('',#3387,.T.);
#3387=EDGE_LOOP('',(#5518,#5519,#5520,#5521));
#3388=TOROIDAL_SURFACE('',#3389,53.5,2.);
#3389=AXIS2_PLACEMENT_3D('',#3390,#3391,#3392);
#3390=CARTESIAN_POINT('',(-4.2242949167226E-15,-2.1121474583613E-15,34.4939856917416));
#3391=DIRECTION('',(-1.22464679914735E-16,-6.12323399573677E-17,1.));
#3392=DIRECTION('',(-0.998251428028795,-0.0591107979854084,-1.25870034085368E-16));
#3393=FACE_BOUND('',#3394,.T.);
#3394=EDGE_LOOP('',(#5522,#5523,#5524));
#3395=(BOUNDED_SURFACE()B_SPLINE_SURFACE(3,2,(
(#3396,#3397,#3398),
(#3399,#3400,#3401),
(#3402,#3403,#3404),
(#3405,#3406,#3407),
(#3408,#3409,#3410),
(#3411,#3412,#3413),
(#3414,#3415,#3416),
(#3417,#3418,#3419),
(#3420,#3421,#3422),
(#3423,#3424,#3425),
(#3426,#3427,#3428),
(#3429,#3430,#3431),
(#3432,#3433,#3434),
(#3435,#3436,#3437),
(#3438,#3439,#3440),
(#3441,#3442,#3443),
(#3444,#3445,#3446)),
.UNSPECIFIED.,.F.,.F.,.F.)B_SPLINE_SURFACE_WITH_KNOTS((4,1,1,1,1,1,1,1,1,1,1,1,1,
1,4),
(3,3),
(-2.89897875752163E-6,0.148480279065774,0.20921805635106,0.269955833636347,0.331564102440133,
0.394000496286266,0.455008001899726,0.515419574763092,0.575790409429666,0.636161244096239,
0.696700596569056,0.757627025722912,0.819079902204361,0.881670256824186,1.),
(0.,1.),
.UNSPECIFIED.)GEOMETRIC_REPRESENTATION_ITEM()RATIONAL_B_SPLINE_SURFACE((
(1.,0.920434670018594,1.),
(1.,0.919068190952996,1.),
(1.,0.919204965673708,1.),
(1.,0.923614157033657,1.),
(1.,0.928186030478177,1.),
(1.,0.93424618735404,1.),
(1.,0.941513354393411,1.),
(1.,0.949571999271879,1.),
(1.,0.957974676199805,1.),
(1.,0.966387111956264,1.),
(1.,0.97446309298802,1.),
(1.,0.981867962807297,1.),
(1.,0.9883103996799,1.),
(1.,0.993558044265471,1.),
(1.,0.998522689875992,1.),
(1.,1.00001132162603,1.),
(1.,1.,1.)))REPRESENTATION_ITEM('')SURFACE());
#3396=CARTESIAN_POINT('',(-55.0228845927923,-7.26169202635687,34.4939856917419));
#3397=CARTESIAN_POINT('',(-55.0228844889272,-7.26169281100621,33.6446121777698));
#3398=CARTESIAN_POINT('',(-54.4169392445065,-7.18172062862663,33.0548074571198));
#3399=CARTESIAN_POINT('',(-55.0445796095336,-7.09778311304588,34.4939856917419));
#3400=CARTESIAN_POINT('',(-55.047422975321,-7.0777982897381,33.6363131027433));
#3401=CARTESIAN_POINT('',(-54.4260034775857,-7.0389694950701,33.0453328815353));
#3402=CARTESIAN_POINT('',(-55.0462127204289,-6.85856881215091,34.4939856917419));
#3403=CARTESIAN_POINT('',(-55.0458576864606,-6.80637520475668,33.6379089241659));
#3404=CARTESIAN_POINT('',(-54.4241047796194,-6.82151371239657,33.047317355534));
#3405=CARTESIAN_POINT('',(-54.9940035199904,-6.55594558030352,34.493985691742));
#3406=CARTESIAN_POINT('',(-54.9733735104942,-6.46190833555144,33.6689193500431));
#3407=CARTESIAN_POINT('',(-54.3867747143785,-6.53186088645994,33.0863367793391));
#3408=CARTESIAN_POINT('',(-54.9362068881107,-6.35250796311826,34.4939856917419));
#3409=CARTESIAN_POINT('',(-54.8978094039113,-6.23693046781899,33.7011747283794));
#3410=CARTESIAN_POINT('',(-54.345917005224,-6.33204431334719,33.1290435825657));
#3411=CARTESIAN_POINT('',(-54.8583044222528,-6.15812184850356,34.493985691742));
#3412=CARTESIAN_POINT('',(-54.7968660374594,-6.02322488232984,33.7445256230831));
#3413=CARTESIAN_POINT('',(-54.2903045638888,-6.13725347642236,33.1871729398802));
#3414=CARTESIAN_POINT('',(-54.7603377407745,-5.97270315436197,34.493985691742));
#3415=CARTESIAN_POINT('',(-54.6740386033116,-5.82692475251903,33.7976725539645));
#3416=CARTESIAN_POINT('',(-54.2194666224859,-5.94890282220852,33.261216934943));
#3417=CARTESIAN_POINT('',(-54.6441719860368,-5.79947654289792,34.493985691742));
#3418=CARTESIAN_POINT('',(-54.5344573744215,-5.65237714661327,33.8584556835351));
#3419=CARTESIAN_POINT('',(-54.1346378242608,-5.77182967434252,33.3498850543458));
#3420=CARTESIAN_POINT('',(-54.5116443561895,-5.64034780276598,34.493985691742));
#3421=CARTESIAN_POINT('',(-54.3833286444747,-5.50131603166029,33.924535993592));
#3422=CARTESIAN_POINT('',(-54.0374333589757,-5.60941484944756,33.4514890122669));
#3423=CARTESIAN_POINT('',(-54.3641632790357,-5.49636450086661,34.4939856917421));
#3424=CARTESIAN_POINT('',(-54.2233977674255,-5.3725752434237,33.9945511068653));
#3425=CARTESIAN_POINT('',(-53.9294728430979,-5.46383635906535,33.5643358940509));
#3426=CARTESIAN_POINT('',(-54.2026697661669,-5.36826626647622,34.4939856917421));
#3427=CARTESIAN_POINT('',(-54.0572564628219,-5.26512182972375,34.0671372630937));
#3428=CARTESIAN_POINT('',(-53.8122723733886,-5.33655091855077,33.6868409890454));
#3429=CARTESIAN_POINT('',(-54.028295576799,-5.2570919655156,34.4939856917421));
#3430=CARTESIAN_POINT('',(-53.8871643443831,-5.17777315916912,34.1410347308022));
#3431=CARTESIAN_POINT('',(-53.6876475388209,-5.22884324698306,33.817106537989));
#3432=CARTESIAN_POINT('',(-53.8421191703283,-5.16389549020598,34.4939856917421));
#3433=CARTESIAN_POINT('',(-53.7146821148201,-5.10913885265568,34.2152736403551));
#3434=CARTESIAN_POINT('',(-53.5574445050001,-5.14149463937783,33.9532028198019));
#3435=CARTESIAN_POINT('',(-53.6458652046138,-5.09008072536552,34.4939856917421));
#3436=CARTESIAN_POINT('',(-53.5404262503829,-5.05774413554134,34.2892963525792));
#3437=CARTESIAN_POINT('',(-53.4239373518914,-5.07508382291261,34.0927528294758));
#3438=CARTESIAN_POINT('',(-53.3795394787353,-5.0207670912211,34.4939856917421));
#3439=CARTESIAN_POINT('',(-53.3139745937146,-5.01230284196814,34.3838822069494));
#3440=CARTESIAN_POINT('',(-53.2486064342171,-5.01567555700127,34.2760197258684));
#3441=CARTESIAN_POINT('',(-53.1746933185948,-4.99997638991544,34.4939856917421));
#3442=CARTESIAN_POINT('',(-53.1472196869786,-5.00001086600535,34.451512991265));
#3443=CARTESIAN_POINT('',(-53.1208016928769,-4.99997049095444,34.4096093609975));
#3444=CARTESIAN_POINT('',(-53.0400791854613,-4.99999999999994,34.4939856917422));
#3445=CARTESIAN_POINT('',(-53.0400791854613,-4.99999999999995,34.4939856917422));
#3446=CARTESIAN_POINT('',(-53.0400791854613,-4.99999999999997,34.4939856917422));
#3447=FACE_BOUND('',#3448,.T.);
#3448=EDGE_LOOP('',(#5525,#5526,#5527,#5528,#5529));
#3449=TOROIDAL_SURFACE('',#3450,20.,2.);
#3450=AXIS2_PLACEMENT_3D('',#3451,#3452,#3453);
#3451=CARTESIAN_POINT('',(-61.6655954667024,-2.99999999999997,17.2238401295228));
#3452=DIRECTION('',(-3.6532343080139E-16,-1.,-1.02369188828123E-24));
#3453=DIRECTION('',(0.505241970176662,-1.84576729046368E-16,-0.86297772368237));
#3454=FACE_BOUND('',#3455,.T.);
#3455=EDGE_LOOP('',(#5530,#5531,#5532,#5533));
#3456=(BOUNDED_SURFACE()B_SPLINE_SURFACE(3,2,(
(#3457,#3458,#3459),
(#3460,#3461,#3462),
(#3463,#3464,#3465),
(#3466,#3467,#3468),
(#3469,#3470,#3471),
(#3472,#3473,#3474),
(#3475,#3476,#3477),
(#3478,#3479,#3480),
(#3481,#3482,#3483),
(#3484,#3485,#3486),
(#3487,#3488,#3489),
(#3490,#3491,#3492),
(#3493,#3494,#3495),
(#3496,#3497,#3498),
(#3499,#3500,#3501),
(#3502,#3503,#3504),
(#3505,#3506,#3507),
(#3508,#3509,#3510),
(#3511,#3512,#3513),
(#3514,#3515,#3516),
(#3517,#3518,#3519),
(#3520,#3521,#3522),
(#3523,#3524,#3525)),
.UNSPECIFIED.,.F.,.F.,.F.)B_SPLINE_SURFACE_WITH_KNOTS((4,1,1,1,1,1,1,1,1,1,1,1,1,
1,1,1,1,1,1,1,4),
(3,3),
(2.31400432090916,5.09907106906383,6.18992163593428,7.15946376500364,8.02400225974691,
8.78012883987045,9.41706853888105,9.84654956805819,10.2155210841306,10.5844926002029,
11.1037675802226,11.6620639328828,12.2506467343665,12.7732461877907,13.4461020460315,
14.4561856439906,15.5329689391407,16.6201932034343,17.5480269297224,18.6268840590036,
20.3070867300833),
(0.,1.),
.UNSPECIFIED.)GEOMETRIC_REPRESENTATION_ITEM()RATIONAL_B_SPLINE_SURFACE((
(1.,0.674092563092801,1.),
(1.,0.670320881771261,1.),
(1.,0.665218519891704,1.),
(1.,0.659857079611206,1.),
(1.,0.657050280307947,1.),
(1.,0.654962815427896,1.),
(1.,0.653509615433973,1.),
(1.,0.65256413997399,1.),
(1.,0.652083731903151,1.),
(1.,0.651658610838877,1.),
(1.,0.651417071234157,1.),
(1.,0.651294479110995,1.),
(1.,0.65131010013779,1.),
(1.,0.651562058438533,1.),
(1.,0.652075138247732,1.),
(1.,0.652997529425101,1.),
(1.,0.654656727493946,1.),
(1.,0.657211023621356,1.),
(1.,0.660260617717933,1.),
(1.,0.663733553343241,1.),
(1.,0.66826683103598,1.),
(1.,0.671941887395746,1.),
(1.,0.67421953752772,1.)))REPRESENTATION_ITEM('')SURFACE());
#3457=CARTESIAN_POINT('',(-54.3726073949906,-7.18239694570754,1.43531692405264));
#3458=CARTESIAN_POINT('',(-54.5111737478992,-4.99999999999997,1.5793487207377));
#3459=CARTESIAN_POINT('',(-52.9918197117547,-4.99999999999997,-7.7905067791417E-6));
#3460=CARTESIAN_POINT('',(-53.0895468251805,-7.20220396779974,2.66630208022103));
#3461=CARTESIAN_POINT('',(-53.215271887426,-4.99999999999997,2.85687248168371));
#3462=CARTESIAN_POINT('',(-51.5949973285174,-4.99999999999997,1.34285078843986));
#3463=CARTESIAN_POINT('',(-51.4871308412244,-7.22923142554925,4.62616196618384));
#3464=CARTESIAN_POINT('',(-51.6466844155496,-4.99999999999997,4.84730320579177));
#3465=CARTESIAN_POINT('',(-49.8509094043028,-4.99999999999997,3.48095230767097));
#3466=CARTESIAN_POINT('',(-49.9339195956131,-7.257571589974,7.37280639342689));
#3467=CARTESIAN_POINT('',(-50.1533319085177,-4.99999999999997,7.59469778153431));
#3468=CARTESIAN_POINT('',(-48.160977319917,-4.99999999999997,6.47726725432493));
#3469=CARTESIAN_POINT('',(-49.1411681093238,-7.27262015626599,9.14439926537779));
#3470=CARTESIAN_POINT('',(-49.4051038787182,-4.99999999999997,9.3300624903025));
#3471=CARTESIAN_POINT('',(-47.2985898038392,-4.99999999999997,8.40983569713676));
#3472=CARTESIAN_POINT('',(-48.5776900138624,-7.28368507325049,10.7467234942381));
#3473=CARTESIAN_POINT('',(-48.8690939775377,-4.99999999999997,10.9142091966256));
#3474=CARTESIAN_POINT('',(-46.6856120524151,-4.99999999999997,10.1580655316447));
#3475=CARTESIAN_POINT('',(-48.1954543719555,-7.29128978711579,12.1537112939612));
#3476=CARTESIAN_POINT('',(-48.5017854798891,-4.99999999999997,12.3243198627742));
#3477=CARTESIAN_POINT('',(-46.2699353593001,-4.99999999999997,11.692793017777));
#3478=CARTESIAN_POINT('',(-47.9516759964043,-7.29624998510666,13.3330471654068));
#3479=CARTESIAN_POINT('',(-48.2759747112882,-4.99999999999997,13.4769645170233));
#3480=CARTESIAN_POINT('',(-46.0047711263266,-4.99999999999997,12.9795281596081));
#3481=CARTESIAN_POINT('',(-47.8027831896707,-7.29924598324331,14.2876097393193));
#3482=CARTESIAN_POINT('',(-48.1409389537526,-4.99999999999997,14.3919500735565));
#3483=CARTESIAN_POINT('',(-45.8429150315715,-4.99999999999997,14.0206138014748));
#3484=CARTESIAN_POINT('',(-47.7056906038334,-7.30128433753529,15.1246025201613));
#3485=CARTESIAN_POINT('',(-48.0573409634,-4.99999999999997,15.139596496215));
#3486=CARTESIAN_POINT('',(-45.7372524442399,-4.99999999999997,14.9341357783498));
#3487=CARTESIAN_POINT('',(-47.6390933333651,-7.30256537948498,15.9673184074452));
#3488=CARTESIAN_POINT('',(-47.9935355376062,-4.99999999999997,15.9468008005382));
#3489=CARTESIAN_POINT('',(-45.6649916385942,-4.99999999999997,15.8522416370837));
#3490=CARTESIAN_POINT('',(-47.6027926983877,-7.30333425210106,16.9212707591482));
#3491=CARTESIAN_POINT('',(-47.9564585821233,-4.99999999999997,16.8792733704509));
#3492=CARTESIAN_POINT('',(-45.6254854710775,-4.99999999999997,16.8943382991759));
#3493=CARTESIAN_POINT('',(-47.6122092710384,-7.30319702401522,17.9659727339572));
#3494=CARTESIAN_POINT('',(-47.9647941431975,-4.99999999999997,17.9530776934188));
#3495=CARTESIAN_POINT('',(-45.6356174389735,-4.99999999999997,18.033338414224));
#3496=CARTESIAN_POINT('',(-47.678599214385,-7.30180148073277,19.0820698133599));
#3497=CARTESIAN_POINT('',(-48.0274334634194,-4.99999999999997,19.0272622574023));
#3498=CARTESIAN_POINT('',(-45.7078538879568,-4.99999999999997,19.2511248293915));
#3499=CARTESIAN_POINT('',(-47.8162828802404,-7.29897847872964,20.3109620375302));
#3500=CARTESIAN_POINT('',(-48.150529641495,-4.99999999999997,20.1710294584912));
#3501=CARTESIAN_POINT('',(-45.8575916224072,-4.99999999999997,20.591586265013));
#3502=CARTESIAN_POINT('',(-48.0683190333681,-7.29385135163835,21.7635188047426));
#3503=CARTESIAN_POINT('',(-48.376857763981,-4.99999999999997,21.5745695075569));
#3504=CARTESIAN_POINT('',(-46.131649047699,-4.99999999999997,22.1762069991281));
#3505=CARTESIAN_POINT('',(-48.502289916758,-7.28511955301768,23.4876643312256));
#3506=CARTESIAN_POINT('',(-48.7893758861153,-4.99999999999997,23.3056180516089));
#3507=CARTESIAN_POINT('',(-46.6036782121377,-4.99999999999997,24.0571942448895));
#3508=CARTESIAN_POINT('',(-49.152205153271,-7.27240063497295,25.3502307694662));
#3509=CARTESIAN_POINT('',(-49.4455005906151,-4.99999999999997,25.2475727780828));
#3510=CARTESIAN_POINT('',(-47.3105664491674,-4.99999999999997,26.0889784560255));
#3511=CARTESIAN_POINT('',(-50.0047001210907,-7.256254208026,27.2109882852405));
#3512=CARTESIAN_POINT('',(-50.2635391574822,-4.99999999999997,27.0732767728736));
#3513=CARTESIAN_POINT('',(-48.2379832875827,-4.99999999999997,28.1189157071189));
#3514=CARTESIAN_POINT('',(-51.0121270398246,-7.23793455720603,28.9625377111976));
#3515=CARTESIAN_POINT('',(-51.2418194722205,-4.99999999999997,28.8212839088587));
#3516=CARTESIAN_POINT('',(-49.3341316839937,-4.99999999999997,30.0297010694263));
#3517=CARTESIAN_POINT('',(-52.4242945355275,-7.21342787644036,30.9685361413196));
#3518=CARTESIAN_POINT('',(-52.5871559569037,-4.99999999999997,30.7930658486962));
#3519=CARTESIAN_POINT('',(-50.8709198626507,-4.99999999999997,32.2180501788956));
#3520=CARTESIAN_POINT('',(-53.616059251892,-7.19408005125081,32.2902530501909));
#3521=CARTESIAN_POINT('',(-53.7730579611248,-4.99999999999997,32.1445551364081));
#3522=CARTESIAN_POINT('',(-52.168145888124,-4.99999999999997,33.6598983971043));
#3523=CARTESIAN_POINT('',(-54.4169496259595,-7.18171194473657,33.0548162926005));
#3524=CARTESIAN_POINT('',(-54.5545444718759,-4.99999999999997,32.910988152258));
#3525=CARTESIAN_POINT('',(-53.0400869419797,-4.99999999999997,34.4939929898957));
#3526=FACE_BOUND('',#3527,.T.);
#3527=EDGE_LOOP('',(#5534,#5535,#5536));
#3528=(BOUNDED_SURFACE()B_SPLINE_SURFACE(3,2,(
(#3529,#3530,#3531),
(#3532,#3533,#3534),
(#3535,#3536,#3537),
(#3538,#3539,#3540),
(#3541,#3542,#3543),
(#3544,#3545,#3546),
(#3547,#3548,#3549),
(#3550,#3551,#3552),
(#3553,#3554,#3555),
(#3556,#3557,#3558),
(#3559,#3560,#3561),
(#3562,#3563,#3564),
(#3565,#3566,#3567),
(#3568,#3569,#3570),
(#3571,#3572,#3573),
(#3574,#3575,#3576),
(#3577,#3578,#3579)),
.UNSPECIFIED.,.F.,.F.,.F.)B_SPLINE_SURFACE_WITH_KNOTS((4,1,1,1,1,1,1,1,1,1,1,1,1,
1,4),
(3,3),
(0.,2.70821244147963,3.80896907861742,4.88511622938556,5.90257937391809,6.81922813415725,
7.68035245824491,8.4994084935345,9.26683734779346,10.0019786655616,10.7136272903396,
11.3433002515172,11.8433112978706,12.3042559186632,13.0000386088007),
(0.,1.),
.UNSPECIFIED.)GEOMETRIC_REPRESENTATION_ITEM()RATIONAL_B_SPLINE_SURFACE((
(1.,1.,1.),
(1.,1.00001428650902,1.),
(1.,0.996620774100006,1.),
(1.,0.987192679025615,1.),
(1.,0.97938590628184,1.),
(1.,0.970834824465781,1.),
(1.,0.962186674095422,1.),
(1.,0.953851374284347,1.),
(1.,0.946047435286277,1.),
(1.,0.93900412062019,1.),
(1.,0.93290732940721,1.),
(1.,0.928025327752958,1.),
(1.,0.924588577211673,1.),
(1.,0.922392728200938,1.),
(1.,0.920836270691624,1.),
(1.,0.92046962510268,1.),
(1.,0.920434612784,1.)))REPRESENTATION_ITEM('')SURFACE());
#3529=CARTESIAN_POINT('',(-49.0000000077574,-4.99999999999997,32.7022990860969));
#3530=CARTESIAN_POINT('',(-49.0000000077574,-4.99999999999997,32.7022990844051));
#3531=CARTESIAN_POINT('',(-49.0000000077573,-4.99999999999997,32.7022990827132));
#3532=CARTESIAN_POINT('',(-48.7510748841675,-4.99993422051709,32.7339326723855));
#3533=CARTESIAN_POINT('',(-48.7801273806253,-5.00028124496822,32.8065076524128));
#3534=CARTESIAN_POINT('',(-48.8178949183131,-4.99993422051709,32.8749197444263));
#3535=CARTESIAN_POINT('',(-48.3957348431868,-4.96457704569785,32.7799564127459));
#3536=CARTESIAN_POINT('',(-48.4685019645228,-4.94926425085316,32.9532996377192));
#3537=CARTESIAN_POINT('',(-48.5539839092825,-4.96457704569785,33.1207672669542));
#3538=CARTESIAN_POINT('',(-47.9573349384904,-4.84796200248844,32.838085425447));
#3539=CARTESIAN_POINT('',(-48.0991243040344,-4.79670473219141,33.1263642960564));
#3540=CARTESIAN_POINT('',(-48.222406073973,-4.84796200248844,33.4228843521468));
#3541=CARTESIAN_POINT('',(-47.6774624565251,-4.74222696480856,32.8756948367316));
#3542=CARTESIAN_POINT('',(-47.8719265196747,-4.66505642623525,33.2326133150031));
#3543=CARTESIAN_POINT('',(-48.0086112453174,-4.74222696480856,33.6152604947696));
#3544=CARTESIAN_POINT('',(-47.4276165109802,-4.61720919729415,32.9096632831886));
#3545=CARTESIAN_POINT('',(-47.6756882604949,-4.51430483687217,33.324365852555));
#3546=CARTESIAN_POINT('',(-47.8161061200062,-4.61720919729415,33.7865719424028));
#3547=CARTESIAN_POINT('',(-47.2076716042679,-4.47667986437986,32.9398884705329));
#3548=CARTESIAN_POINT('',(-47.512022078121,-4.35369368221944,33.4010134791154));
#3549=CARTESIAN_POINT('',(-47.6453750973066,-4.47667986437986,33.9370094652737));
#3550=CARTESIAN_POINT('',(-47.0171092760723,-4.32445300028464,32.9662695651625));
#3551=CARTESIAN_POINT('',(-47.3780268497797,-4.18905571329093,33.4639722151841));
#3552=CARTESIAN_POINT('',(-47.4965571466733,-4.32445300028464,34.0671048889663));
#3553=CARTESIAN_POINT('',(-46.8540573712787,-4.16279106416894,32.989044450803));
#3554=CARTESIAN_POINT('',(-47.2694212221802,-4.02246741439854,33.5152516433872));
#3555=CARTESIAN_POINT('',(-47.3685334014402,-4.16279106416894,34.178166736348));
#3556=CARTESIAN_POINT('',(-46.7167290340146,-3.99321647931137,33.0083128360014));
#3557=CARTESIAN_POINT('',(-47.1831552813786,-3.85636671239073,33.5562362241039));
#3558=CARTESIAN_POINT('',(-47.2602633247124,-3.99321647931137,34.2715816595968));
#3559=CARTESIAN_POINT('',(-46.6050228047519,-3.8187032797636,33.0241014539037));
#3560=CARTESIAN_POINT('',(-47.1163725511329,-3.69243201469549,33.5881892356228));
#3561=CARTESIAN_POINT('',(-47.1718567597438,-3.8187032797636,34.3474187220801));
#3562=CARTESIAN_POINT('',(-46.5199076827469,-3.64589572629268,33.0361533585285));
#3563=CARTESIAN_POINT('',(-47.0677978581102,-3.53534622604337,33.6116031147557));
#3564=CARTESIAN_POINT('',(-47.1043282141174,-3.64589572629268,34.4051657062123));
#3565=CARTESIAN_POINT('',(-46.4604038345454,-3.48310193859919,33.0445916965232));
#3566=CARTESIAN_POINT('',(-47.0360435498272,-3.39432935351456,33.627011354073));
#3567=CARTESIAN_POINT('',(-47.0570341715175,-3.48310193859918,34.4455063531644));
#3568=CARTESIAN_POINT('',(-46.4228812429352,-3.33777375006867,33.0499740891574));
#3569=CARTESIAN_POINT('',(-47.016669985405,-3.27164811704155,33.6364551674941));
#3570=CARTESIAN_POINT('',(-47.0271359997896,-3.33777375006867,34.470891262859));
#3571=CARTESIAN_POINT('',(-46.3958737145319,-3.17916784294589,33.053703140766));
#3572=CARTESIAN_POINT('',(-47.0033441373517,-3.14341726353606,33.6429714741938));
#3573=CARTESIAN_POINT('',(-47.0057075023105,-3.17916784294589,34.4892688493009));
#3574=CARTESIAN_POINT('',(-46.3890596553569,-3.06866147744095,33.0550625188407));
#3575=CARTESIAN_POINT('',(-47.0002909527195,-3.0538684409424,33.6444693640652));
#3576=CARTESIAN_POINT('',(-46.9999963545137,-3.06866147744095,34.4935862845754));
#3577=CARTESIAN_POINT('',(-46.3887995124434,-2.99998905317589,33.0548067889096));
#3578=CARTESIAN_POINT('',(-46.9999998785532,-2.99999102975048,33.6446119634222));
#3579=CARTESIAN_POINT('',(-47.0000000017383,-2.99998905317588,34.4939858675631));
#3580=FACE_BOUND('',#3581,.T.);
#3581=EDGE_LOOP('',(#5537,#5538,#5539,#5540));
#3582=CYLINDRICAL_SURFACE('',#3583,2.);
#3583=AXIS2_PLACEMENT_3D('',#3584,#3585,#3586);
#3584=CARTESIAN_POINT('',(-45.0000000017084,-6.99999999999997,34.4939856933902));
#3585=DIRECTION('',(5.07530525542929E-16,-1.,-5.07530525542929E-16));
#3586=DIRECTION('',(-1.,-5.07530527256416E-16,3.37612604539571E-9));
#3587=FACE_BOUND('',#3588,.T.);
#3588=EDGE_LOOP('',(#5541,#5542,#5543));
#3589=(BOUNDED_SURFACE()B_SPLINE_SURFACE(3,2,(
(#3590,#3591,#3592),
(#3593,#3594,#3595),
(#3596,#3597,#3598),
(#3599,#3600,#3601),
(#3602,#3603,#3604),
(#3605,#3606,#3607),
(#3608,#3609,#3610),
(#3611,#3612,#3613),
(#3614,#3615,#3616),
(#3617,#3618,#3619),
(#3620,#3621,#3622),
(#3623,#3624,#3625),
(#3626,#3627,#3628),
(#3629,#3630,#3631),
(#3632,#3633,#3634),
(#3635,#3636,#3637)),
.UNSPECIFIED.,.F.,.F.,.F.)B_SPLINE_SURFACE_WITH_KNOTS((4,1,1,1,1,1,1,1,1,1,1,1,1,
4),
(3,3),
(-3.85021904442029E-5,1.63511553782802,2.27637676364246,2.9176379894569,3.59879424387501,
4.33574597661708,5.11585988302226,5.93414948199739,6.777794142472,7.69330880666723,
8.64615543762824,9.68830437224181,10.7604025185222,13.),
(0.,1.),
.UNSPECIFIED.)GEOMETRIC_REPRESENTATION_ITEM()RATIONAL_B_SPLINE_SURFACE((
(1.,0.920434605257142,1.),
(1.,0.920416746830158,1.),
(1.,0.922394049138582,1.),
(1.,0.927806969037901,1.),
(1.,0.932361630240139,1.),
(1.,0.937922121539966,1.),
(1.,0.94448811220635,1.),
(1.,0.95187919964194,1.),
(1.,0.959730285860388,1.),
(1.,0.967829540901177,1.),
(1.,0.975831386055371,1.),
(1.,0.983507836227654,1.),
(1.,0.990289675750254,1.),
(1.,0.99758136459364,1.),
(1.,1.00000501183078,1.),
(1.,1.,1.)))REPRESENTATION_ITEM('')SURFACE());
#3590=CARTESIAN_POINT('',(-46.3887995087545,2.99998905509824,33.0548067853499));
#3591=CARTESIAN_POINT('',(-46.9999999393997,2.99999102711948,33.6446119368183));
#3592=CARTESIAN_POINT('',(-47.0000000017383,2.99998905509824,34.4939858736994));
#3593=CARTESIAN_POINT('',(-46.3886822203671,3.15127122356626,33.0548336052691));
#3594=CARTESIAN_POINT('',(-47.0000890866472,3.12689297684575,33.644579122422));
#3595=CARTESIAN_POINT('',(-46.9998927580158,3.15127122356625,34.494052966977));
#3596=CARTESIAN_POINT('',(-46.4198675991825,3.36606227907064,33.0503677124319));
#3597=CARTESIAN_POINT('',(-47.0157136089022,3.30274658917492,33.6368786052288));
#3598=CARTESIAN_POINT('',(-47.0247873407309,3.36606227907064,34.4729656146579));
#3599=CARTESIAN_POINT('',(-46.5119102565213,3.62735133847169,33.0372818302712));
#3600=CARTESIAN_POINT('',(-47.0657550562754,3.52696120965142,33.6125934030447));
#3601=CARTESIAN_POINT('',(-47.0979811863251,3.62735133847169,34.410592831148));
#3602=CARTESIAN_POINT('',(-46.594533597541,3.7989664047571,33.0255802351559));
#3603=CARTESIAN_POINT('',(-47.1108964174365,3.6756410269358,33.5908259130088));
#3604=CARTESIAN_POINT('',(-47.1635436491406,3.7989664047571,34.3545433822272));
#3605=CARTESIAN_POINT('',(-46.6970964862984,3.96473887657731,33.011100820965));
#3606=CARTESIAN_POINT('',(-47.1709217638901,3.82862429918207,33.5620762539787));
#3607=CARTESIAN_POINT('',(-47.244727878301,3.96473887657731,34.2848974509496));
#3608=CARTESIAN_POINT('',(-46.8233841834132,4.12763370108177,32.9933255199392));
#3609=CARTESIAN_POINT('',(-47.2495761455573,3.98711755965662,33.524659609522));
#3610=CARTESIAN_POINT('',(-47.344392080155,4.12763370108177,34.1990577867364));
#3611=CARTESIAN_POINT('',(-46.9740268014584,4.28456811901899,32.9722957003048));
#3612=CARTESIAN_POINT('',(-47.3493579032384,4.14813277447299,33.4774849225976));
#3613=CARTESIAN_POINT('',(-47.4627652271304,4.28456811901899,34.0964451023636));
#3614=CARTESIAN_POINT('',(-47.1486613303276,4.43248249909714,32.9480255771185));
#3615=CARTESIAN_POINT('',(-47.4707604841502,4.30619981725256,33.4203779586153));
#3616=CARTESIAN_POINT('',(-47.5993771410322,4.43248249909714,33.9773330001969));
#3617=CARTESIAN_POINT('',(-47.346652147519,4.56853334281598,32.9207609101931));
#3618=CARTESIAN_POINT('',(-47.6161722192801,4.45939329367371,33.3522202726204));
#3619=CARTESIAN_POINT('',(-47.7533685949371,4.56853334281598,33.8419835909508));
#3620=CARTESIAN_POINT('',(-47.5695426580322,4.69145592884344,32.8903362915441));
#3621=CARTESIAN_POINT('',(-47.7864097208439,4.60313389135833,33.2725916377612));
#3622=CARTESIAN_POINT('',(-47.9256083343362,4.69145592884344,33.6892932896147));
#3623=CARTESIAN_POINT('',(-47.8171058405759,4.79834001866688,32.8568816125955));
#3624=CARTESIAN_POINT('',(-47.9858050686533,4.73517445462297,33.1793697014858));
#3625=CARTESIAN_POINT('',(-48.1154883647512,4.79834001866688,33.5193234383877));
#3626=CARTESIAN_POINT('',(-48.0946014071077,4.88804408597933,32.8198231315412));
#3627=CARTESIAN_POINT('',(-48.211284895133,4.84740794265553,33.073846790062));
#3628=CARTESIAN_POINT('',(-48.3264908577049,4.88804408597933,33.3283472857518));
#3629=CARTESIAN_POINT('',(-48.4884882918147,4.97489200970689,32.7679171168441));
#3630=CARTESIAN_POINT('',(-48.5478028963149,4.96375142454141,32.9159773445003));
#3631=CARTESIAN_POINT('',(-48.6230014422393,4.97489200970689,33.056611647878));
#3632=CARTESIAN_POINT('',(-48.7972745738032,4.99998095449853,32.7280659842002));
#3633=CARTESIAN_POINT('',(-48.8182607685393,5.00010901755391,32.7884241673805));
#3634=CARTESIAN_POINT('',(-48.8516824218433,4.99998095449853,32.8428773431083));
#3635=CARTESIAN_POINT('',(-49.0000000077574,5.00000000000003,32.7022990860969));
#3636=CARTESIAN_POINT('',(-49.0000000077574,5.00000000000003,32.702299084969));
#3637=CARTESIAN_POINT('',(-49.0000000077573,5.00000000000003,32.7022990838411));
#3638=FACE_BOUND('',#3639,.T.);
#3639=EDGE_LOOP('',(#5544,#5545,#5546,#5547));
#3640=(BOUNDED_SURFACE()B_SPLINE_SURFACE(3,2,(
(#3641,#3642,#3643),
(#3644,#3645,#3646),
(#3647,#3648,#3649),
(#3650,#3651,#3652),
(#3653,#3654,#3655),
(#3656,#3657,#3658),
(#3659,#3660,#3661),
(#3662,#3663,#3664),
(#3665,#3666,#3667),
(#3668,#3669,#3670),
(#3671,#3672,#3673),
(#3674,#3675,#3676),
(#3677,#3678,#3679),
(#3680,#3681,#3682),
(#3683,#3684,#3685),
(#3686,#3687,#3688),
(#3689,#3690,#3691),
(#3692,#3693,#3694),
(#3695,#3696,#3697),
(#3698,#3699,#3700),
(#3701,#3702,#3703),
(#3704,#3705,#3706),
(#3707,#3708,#3709),
(#3710,#3711,#3712)),
.UNSPECIFIED.,.F.,.F.,.F.)B_SPLINE_SURFACE_WITH_KNOTS((4,1,1,1,1,1,1,1,1,1,1,1,1,
1,1,1,1,1,1,1,1,4),
(3,3),
(2.31400432090916,5.09907106908486,6.18992163595618,7.27126895513898,8.23446654077035,
8.98677833172148,9.59994106254983,10.0156127449894,10.3765915200726,10.7375702951557,
11.1508421763404,11.6171332041007,12.1285270768508,12.6869980011178,13.4167426995475,
14.261850970552,15.1303968075326,15.9202092859363,16.7609817905965,17.7342949274718,
18.8131520567892,20.3070867300832),
(0.,1.),
.UNSPECIFIED.)GEOMETRIC_REPRESENTATION_ITEM()RATIONAL_B_SPLINE_SURFACE((
(1.,0.674092563092801,1.),
(1.,0.670321020608096,1.),
(1.,0.665218294864102,1.),
(1.,0.659733629562225,1.),
(1.,0.656748663714665,1.),
(1.,0.654579317840645,1.),
(1.,0.653169639508284,1.),
(1.,0.652347126588148,1.),
(1.,0.651844288991369,1.),
(1.,0.651618948109611,1.),
(1.,0.651395765607585,1.),
(1.,0.651288920718216,1.),
(1.,0.651318674984965,1.),
(1.,0.651533078515194,1.),
(1.,0.65196861366136,1.),
(1.,0.65285764377031,1.),
(1.,0.654259909472797,1.),
(1.,0.656134212149316,1.),
(1.,0.658373841946149,1.),
(1.,0.661038485329882,1.),
(1.,0.664343074507922,1.),
(1.,0.668761120752339,1.),
(1.,0.672194456297233,1.),
(1.,0.67421953752772,1.)))REPRESENTATION_ITEM('')SURFACE());
#3641=CARTESIAN_POINT('',(-54.3726073949906,7.18239694570768,1.43531692405266));
#3642=CARTESIAN_POINT('',(-54.5111737478992,5.00000000000003,1.57934872073771));
#3643=CARTESIAN_POINT('',(-52.9918197117547,5.00000000000003,-7.79050677714932E-6));
#3644=CARTESIAN_POINT('',(-53.0895432882375,7.20219879211938,2.66632053684633));
#3645=CARTESIAN_POINT('',(-53.2152660896428,5.00000000000003,2.85688801896472));
#3646=CARTESIAN_POINT('',(-51.5950027121954,5.00000000000003,1.34283939679791));
#3647=CARTESIAN_POINT('',(-51.4715661681037,7.22950223350317,4.64517622489418));
#3648=CARTESIAN_POINT('',(-51.646693354062,5.00000000000003,4.84727850306417));
#3649=CARTESIAN_POINT('',(-49.8339540266191,5.00000000000003,3.50174572127662));
#3650=CARTESIAN_POINT('',(-49.8881932505179,7.2584028287394,7.45608464506762));
#3651=CARTESIAN_POINT('',(-50.118577627464,5.00000000000003,7.65864661152737));
#3652=CARTESIAN_POINT('',(-48.1112437566164,5.00000000000003,6.56806019893611));
#3653=CARTESIAN_POINT('',(-49.0603582968052,7.27420047148547,9.33869137050612));
#3654=CARTESIAN_POINT('',(-49.3255986921706,5.00000000000003,9.52317383898305));
#3655=CARTESIAN_POINT('',(-47.210635144261,5.00000000000003,8.62195247658577));
#3656=CARTESIAN_POINT('',(-48.4831292195534,7.28550742674392,11.0496654714909));
#3657=CARTESIAN_POINT('',(-48.7712121302632,5.00000000000003,11.2417972689883));
#3658=CARTESIAN_POINT('',(-46.5828481014776,5.00000000000003,10.4882225121586));
#3659=CARTESIAN_POINT('',(-48.1121983454435,7.2929580714177,12.5128579399746));
#3660=CARTESIAN_POINT('',(-48.4192946764635,5.00000000000003,12.702406040885));
#3661=CARTESIAN_POINT('',(-46.1793959959011,5.00000000000003,12.0846246070837));
#3662=CARTESIAN_POINT('',(-47.8897152097798,7.29747046387625,13.6927181486672));
#3663=CARTESIAN_POINT('',(-48.2180072303829,5.00000000000003,13.8322073118644));
#3664=CARTESIAN_POINT('',(-45.9374570337643,5.00000000000003,13.371350263912));
#3665=CARTESIAN_POINT('',(-47.7597794747935,7.30016531466334,14.6242918058988));
#3666=CARTESIAN_POINT('',(-48.1009823767274,5.00000000000003,14.7202734927678));
#3667=CARTESIAN_POINT('',(-45.7960842337479,5.00000000000003,14.3884937502841));
#3668=CARTESIAN_POINT('',(-47.6796072018262,7.30178034583656,15.4198425886498));
#3669=CARTESIAN_POINT('',(-48.0301541197821,5.00000000000003,15.4495413294101));
#3670=CARTESIAN_POINT('',(-45.7089587319973,5.00000000000003,15.2554650602303));
#3671=CARTESIAN_POINT('',(-47.628913398198,7.30278205265208,16.1854766389604));
#3672=CARTESIAN_POINT('',(-47.9826037054086,5.00000000000003,16.179528561581));
#3673=CARTESIAN_POINT('',(-45.6539123534009,5.00000000000003,16.0906534044317));
#3674=CARTESIAN_POINT('',(-47.6040460938316,7.30331145582807,17.0079163692671));
#3675=CARTESIAN_POINT('',(-47.9578680495929,5.00000000000003,16.9793843734082));
#3676=CARTESIAN_POINT('',(-45.6268416059116,5.00000000000003,16.9887625665983));
#3677=CARTESIAN_POINT('',(-47.6127338664245,7.30318374439142,17.9182744865598));
#3678=CARTESIAN_POINT('',(-47.964907862094,5.00000000000003,17.8757335307698));
#3679=CARTESIAN_POINT('',(-45.6361924003887,5.00000000000003,17.9815134083302));
#3680=CARTESIAN_POINT('',(-47.6682186866506,7.30201236473986,18.9490190291547));
#3681=CARTESIAN_POINT('',(-48.0152704134501,5.00000000000003,18.8644249388701));
#3682=CARTESIAN_POINT('',(-45.6965706031392,5.00000000000003,19.1057831900559));
#3683=CARTESIAN_POINT('',(-47.7924534983861,7.29947591884013,20.1374938304518));
#3684=CARTESIAN_POINT('',(-48.1288319511876,5.00000000000003,20.0191786533077));
#3685=CARTESIAN_POINT('',(-45.8316616965207,5.00000000000003,20.4023413622949));
#3686=CARTESIAN_POINT('',(-48.0192405735651,7.29484963766954,21.5118739654312));
#3687=CARTESIAN_POINT('',(-48.3408692381184,5.00000000000003,21.3781441880016));
#3688=CARTESIAN_POINT('',(-46.0782733493708,5.00000000000003,21.9016456133573));
#3689=CARTESIAN_POINT('',(-48.3755331712883,7.28765105438836,23.0165791892505));
#3690=CARTESIAN_POINT('',(-48.6910605655622,5.00000000000003,22.9143443075087));
#3691=CARTESIAN_POINT('',(-46.4658252401902,5.00000000000003,23.5432970591885));
#3692=CARTESIAN_POINT('',(-48.8667047613218,7.27796505430532,24.5667861228993));
#3693=CARTESIAN_POINT('',(-49.1678380664447,5.00000000000003,24.4579811964156));
#3694=CARTESIAN_POINT('',(-47.0000285085751,5.00000000000003,25.234352565449));
#3695=CARTESIAN_POINT('',(-49.4864470269832,7.26603110853655,26.1099354976456));
#3696=CARTESIAN_POINT('',(-49.756075581004,5.00000000000002,25.9625021471989));
#3697=CARTESIAN_POINT('',(-47.6741728418969,5.00000000000003,26.9177532049086));
#3698=CARTESIAN_POINT('',(-50.2595024884792,7.25157419380173,27.6771167411699));
#3699=CARTESIAN_POINT('',(-50.4801566293088,5.00000000000003,27.4822392581244));
#3700=CARTESIAN_POINT('',(-48.5152099836832,5.00000000000003,28.6274113354989));
#3701=CARTESIAN_POINT('',(-51.2198806935958,7.23427483200233,29.2784662775619));
#3702=CARTESIAN_POINT('',(-51.4183059580323,5.00000000000003,29.1032869569247));
#3703=CARTESIAN_POINT('',(-49.5601863829823,5.00000000000003,30.374323102913));
#3704=CARTESIAN_POINT('',(-52.5701594265708,7.21101795416151,31.1364678601249));
#3705=CARTESIAN_POINT('',(-52.7440976536395,5.00000000000003,30.9793372737882));
#3706=CARTESIAN_POINT('',(-51.0297056450178,5.00000000000003,32.4012732192878));
#3707=CARTESIAN_POINT('',(-53.6952069633803,7.1928553877163,32.3657895153684));
#3708=CARTESIAN_POINT('',(-53.8600337252731,5.00000000000003,32.2298394211236));
#3709=CARTESIAN_POINT('',(-52.2543277579424,5.00000000000003,33.7423138372581));
#3710=CARTESIAN_POINT('',(-54.4169496259595,7.18171194473642,33.0548162926006));
#3711=CARTESIAN_POINT('',(-54.5545444718759,5.00000000000003,32.910988152258));
#3712=CARTESIAN_POINT('',(-53.0400869419797,5.00000000000003,34.4939929898957));
#3713=FACE_BOUND('',#3714,.T.);
#3714=EDGE_LOOP('',(#5548,#5549,#5550,#5551,#5552));
#3715=TOROIDAL_SURFACE('',#3716,20.,2.);
#3716=AXIS2_PLACEMENT_3D('',#3717,#3718,#3719);
#3717=CARTESIAN_POINT('',(-61.6655954667024,3.00000000000003,17.2238401295228));
#3718=DIRECTION('',(-3.6532343080139E-16,-1.,-1.02369188828123E-24));
#3719=DIRECTION('',(0.505241970176662,-1.84576729046368E-16,-0.86297772368237));
#3720=FACE_BOUND('',#3721,.T.);
#3721=EDGE_LOOP('',(#5553,#5554,#5555));
#3722=(BOUNDED_SURFACE()B_SPLINE_SURFACE(3,2,(
(#3723,#3724,#3725),
(#3726,#3727,#3728),
(#3729,#3730,#3731),
(#3732,#3733,#3734),
(#3735,#3736,#3737),
(#3738,#3739,#3740),
(#3741,#3742,#3743),
(#3744,#3745,#3746),
(#3747,#3748,#3749),
(#3750,#3751,#3752),
(#3753,#3754,#3755),
(#3756,#3757,#3758),
(#3759,#3760,#3761),
(#3762,#3763,#3764),
(#3765,#3766,#3767),
(#3768,#3769,#3770),
(#3771,#3772,#3773)),
.UNSPECIFIED.,.F.,.F.,.F.)B_SPLINE_SURFACE_WITH_KNOTS((4,1,1,1,1,1,1,1,1,1,1,1,1,
1,4),
(3,3),
(-2.89897875752173E-6,0.148480279023024,0.209218056300204,0.269955833577384,0.331564102379885,
0.394000496231444,0.455008001852224,0.515419574713965,0.575790409382278,0.636161244050591,
0.696700596522922,0.757627025676565,0.819079902158339,0.881670256778018,1.),
(0.,1.),
.UNSPECIFIED.)GEOMETRIC_REPRESENTATION_ITEM()RATIONAL_B_SPLINE_SURFACE((
(1.,0.920434670018594,1.),
(1.,0.919068190953214,1.),
(1.,0.919204965673471,1.),
(1.,0.923614157030517,1.),
(1.,0.928186030473242,1.),
(1.,0.934246187347664,1.),
(1.,0.941513354386551,1.),
(1.,0.949571999264978,1.),
(1.,0.957974676193072,1.),
(1.,0.96638711194974,1.),
(1.,0.97446309298204,1.),
(1.,0.981867962802011,1.),
(1.,0.988310399675474,1.),
(1.,0.993558044262061,1.),
(1.,0.998522689875071,1.),
(1.,1.00001132162585,1.),
(1.,1.,1.)))REPRESENTATION_ITEM('')SURFACE());
#3723=CARTESIAN_POINT('',(-55.0228845927923,7.26169202635704,34.4939856917419));
#3724=CARTESIAN_POINT('',(-55.0228844889272,7.26169281100632,33.6446121777698));
#3725=CARTESIAN_POINT('',(-54.4169392445065,7.18172062862667,33.0548074571198));
#3726=CARTESIAN_POINT('',(-55.0445796095278,7.09778311308975,34.4939856917419));
#3727=CARTESIAN_POINT('',(-55.0474229753138,7.07779828979117,33.6363131027458));
#3728=CARTESIAN_POINT('',(-54.4260034775833,7.03896949510795,33.0453328815379));
#3729=CARTESIAN_POINT('',(-55.0462127204306,6.85856881225395,34.493985691742));
#3730=CARTESIAN_POINT('',(-55.0458576864646,6.80637520487923,33.6379089241639));
#3731=CARTESIAN_POINT('',(-54.4241047796214,6.82151371249142,33.0473173555318));
#3732=CARTESIAN_POINT('',(-54.9940035200262,6.55594558046622,34.493985691742));
#3733=CARTESIAN_POINT('',(-54.9733735105451,6.46190833574345,33.6689193500212));
#3734=CARTESIAN_POINT('',(-54.3867747144039,6.53186088661728,33.0863367793127));
#3735=CARTESIAN_POINT('',(-54.9362068881712,6.35250796329667,34.493985691742));
#3736=CARTESIAN_POINT('',(-54.8978094039927,6.23693046802291,33.7011747283444));
#3737=CARTESIAN_POINT('',(-54.3459170052668,6.33204431352423,33.1290435825209));
#3738=CARTESIAN_POINT('',(-54.8583044223337,6.15812184867789,34.493985691742));
#3739=CARTESIAN_POINT('',(-54.7968660375656,6.02322488252323,33.7445256230371));
#3740=CARTESIAN_POINT('',(-54.2903045639468,6.13725347659836,33.1871729398195));
#3741=CARTESIAN_POINT('',(-54.7603377408697,5.97270315452068,34.493985691742));
#3742=CARTESIAN_POINT('',(-54.6740386034285,5.82692475268226,33.7976725539135));
#3743=CARTESIAN_POINT('',(-54.2194666225552,5.94890282237037,33.2612169348707));
#3744=CARTESIAN_POINT('',(-54.6441719861411,5.79947654303681,34.493985691742));
#3745=CARTESIAN_POINT('',(-54.5344573745426,5.65237714674799,33.8584556834819));
#3746=CARTESIAN_POINT('',(-54.1346378243372,5.77182967448445,33.3498850542659));
#3747=CARTESIAN_POINT('',(-54.5116443563022,5.64034780288781,34.493985691742));
#3748=CARTESIAN_POINT('',(-54.3833286445985,5.50131603177138,33.9245359935376));
#3749=CARTESIAN_POINT('',(-54.0374333590584,5.60941484957135,33.4514890121806));
#3750=CARTESIAN_POINT('',(-54.3641632791567,5.4963645009732,34.4939856917421));
#3751=CARTESIAN_POINT('',(-54.2233977675538,5.37257524351614,33.9945511068089));
#3752=CARTESIAN_POINT('',(-53.9294728431862,5.46383635917221,33.5643358939587));
#3753=CARTESIAN_POINT('',(-54.2026697662964,5.36826626656854,34.4939856917421));
#3754=CARTESIAN_POINT('',(-54.0572564629511,5.26512182979828,34.0671372630372));
#3755=CARTESIAN_POINT('',(-53.812272373482,5.33655091864129,33.6868409889478));
#3756=CARTESIAN_POINT('',(-54.0282955769361,5.25709196559344,34.4939856917421));
#3757=CARTESIAN_POINT('',(-53.8871643445129,5.17777315922813,34.1410347307458));
#3758=CARTESIAN_POINT('',(-53.687647538918,5.22884324705721,33.8171065378877));
#3759=CARTESIAN_POINT('',(-53.8421191704725,5.16389549026911,34.4939856917421));
#3760=CARTESIAN_POINT('',(-53.7146821149507,5.10913885270078,34.2152736402989));
#3761=CARTESIAN_POINT('',(-53.5574445050996,5.14149463943572,33.9532028196979));
#3762=CARTESIAN_POINT('',(-53.6458652047588,5.09008072541137,34.4939856917421));
#3763=CARTESIAN_POINT('',(-53.5404262505129,5.05774413557346,34.2892963525239));
#3764=CARTESIAN_POINT('',(-53.4239373519885,5.07508382295277,34.0927528293743));
#3765=CARTESIAN_POINT('',(-53.3795394788348,5.02076709123387,34.4939856917422));
#3766=CARTESIAN_POINT('',(-53.3139745938,5.01230284197613,34.3838822069143));
#3767=CARTESIAN_POINT('',(-53.2486064342798,5.0156755570109,34.2760197258029));
#3768=CARTESIAN_POINT('',(-53.1746933186419,4.99997638991555,34.4939856917422));
#3769=CARTESIAN_POINT('',(-53.1472196870194,5.00001086600544,34.4515129912468));
#3770=CARTESIAN_POINT('',(-53.1208016929051,4.99997049095445,34.409609360968));
#3771=CARTESIAN_POINT('',(-53.0400791854613,5.00000000000008,34.4939856917422));
#3772=CARTESIAN_POINT('',(-53.0400791854613,5.00000000000005,34.4939856917422));
#3773=CARTESIAN_POINT('',(-53.0400791854613,5.00000000000003,34.4939856917422));
#3774=FACE_BOUND('',#3775,.T.);
#3775=EDGE_LOOP('',(#5556,#5557,#5558,#5559));
#3776=TOROIDAL_SURFACE('',#3777,53.5,2.);
#3777=AXIS2_PLACEMENT_3D('',#3778,#3779,#3780);
#3778=CARTESIAN_POINT('',(-4.2242949167226E-15,-2.1121474583613E-15,34.4939856917416));
#3779=DIRECTION('',(-1.22464679914735E-16,-6.12323399573677E-17,1.));
#3780=DIRECTION('',(-0.0591107979854111,0.998251428028795,5.38862858491989E-17));
#3781=FACE_BOUND('',#3782,.T.);
#3782=EDGE_LOOP('',(#5560,#5561,#5562));
#3783=(BOUNDED_SURFACE()B_SPLINE_SURFACE(3,2,(
(#3784,#3785,#3786),
(#3787,#3788,#3789),
(#3790,#3791,#3792),
(#3793,#3794,#3795),
(#3796,#3797,#3798),
(#3799,#3800,#3801),
(#3802,#3803,#3804),
(#3805,#3806,#3807),
(#3808,#3809,#3810),
(#3811,#3812,#3813),
(#3814,#3815,#3816),
(#3817,#3818,#3819),
(#3820,#3821,#3822),
(#3823,#3824,#3825),
(#3826,#3827,#3828),
(#3829,#3830,#3831),
(#3832,#3833,#3834)),
.UNSPECIFIED.,.F.,.F.,.F.)B_SPLINE_SURFACE_WITH_KNOTS((4,1,1,1,1,1,1,1,1,1,1,1,1,
1,4),
(3,3),
(-2.8989787575217E-6,0.148480279042283,0.209218056324626,0.269955833606969,0.331564102410057,
0.3940004962582,0.455008001874548,0.515419574737883,0.575790409404141,0.636161244070399,
0.696700596543214,0.757627025696795,0.819079902178765,0.881670256798044,1.),
(0.,1.),
.UNSPECIFIED.)GEOMETRIC_REPRESENTATION_ITEM()RATIONAL_B_SPLINE_SURFACE((
(1.,0.920434670018594,1.),
(1.,0.919068190953139,1.),
(1.,0.919204965673549,1.),
(1.,0.923614157032031,1.),
(1.,0.928186030475685,1.),
(1.,0.934246187350852,1.),
(1.,0.941513354389904,1.),
(1.,0.949571999268311,1.),
(1.,0.95797467619626,1.),
(1.,0.966387111952751,1.),
(1.,0.974463092984703,1.),
(1.,0.981867962804322,1.),
(1.,0.988310399677423,1.),
(1.,0.993558044263555,1.),
(1.,0.998522689875473,1.),
(1.,1.00001132162594,1.),
(1.,1.,1.)))REPRESENTATION_ITEM('')SURFACE());
#3784=CARTESIAN_POINT('',(-7.26169202635694,55.0228845927923,34.4939856917419));
#3785=CARTESIAN_POINT('',(-7.26169281100623,55.0228844889272,33.6446121777698));
#3786=CARTESIAN_POINT('',(-7.18172062862663,54.4169392445065,33.0548074571198));
#3787=CARTESIAN_POINT('',(-7.09778311306952,55.0445796095305,34.4939856917419));
#3788=CARTESIAN_POINT('',(-7.07779828976723,55.047422975317,33.6363131027448));
#3789=CARTESIAN_POINT('',(-7.03896949509046,54.4260034775845,33.0453328815367));
#3790=CARTESIAN_POINT('',(-6.85856881220532,55.0462127204298,34.493985691742));
#3791=CARTESIAN_POINT('',(-6.80637520482201,55.0458576864629,33.6379089241646));
#3792=CARTESIAN_POINT('',(-6.82151371244658,54.4241047796205,33.0473173555329));
#3793=CARTESIAN_POINT('',(-6.55594558038796,54.994003520009,34.493985691742));
#3794=CARTESIAN_POINT('',(-6.46190833565118,54.9733735105208,33.6689193500317));
#3795=CARTESIAN_POINT('',(-6.53186088654174,54.3867747143917,33.0863367793253));
#3796=CARTESIAN_POINT('',(-6.352507963209,54.9362068881416,34.493985691742));
#3797=CARTESIAN_POINT('',(-6.23693046792191,54.8978094039525,33.7011747283617));
#3798=CARTESIAN_POINT('',(-6.33204431343721,54.3459170052458,33.1290435825429));
#3799=CARTESIAN_POINT('',(-6.15812184859188,54.8583044222937,34.493985691742));
#3800=CARTESIAN_POINT('',(-6.02322488242712,54.7968660375128,33.7445256230601));
#3801=CARTESIAN_POINT('',(-6.13725347651156,54.2903045639182,33.1871729398495));
#3802=CARTESIAN_POINT('',(-5.97270315444305,54.7603377408231,34.493985691742));
#3803=CARTESIAN_POINT('',(-5.82692475260275,54.6740386033714,33.7976725539384));
#3804=CARTESIAN_POINT('',(-5.94890282229127,54.2194666225212,33.2612169349061));
#3805=CARTESIAN_POINT('',(-5.79947654297,54.6441719860909,34.493985691742));
#3806=CARTESIAN_POINT('',(-5.65237714668305,54.5344573744842,33.8584556835076));
#3807=CARTESIAN_POINT('',(-5.77182967441613,54.1346378243004,33.3498850543044));
#3808=CARTESIAN_POINT('',(-5.6403478028303,54.511644356249,34.4939856917421));
#3809=CARTESIAN_POINT('',(-5.50131603171885,54.3833286445399,33.9245359935633));
#3810=CARTESIAN_POINT('',(-5.60941484951293,54.0374333590193,33.4514890122214));
#3811=CARTESIAN_POINT('',(-5.49636450092421,54.364163279101,34.4939856917421));
#3812=CARTESIAN_POINT('',(-5.37257524347361,54.2233977674945,33.9945511068349));
#3813=CARTESIAN_POINT('',(-5.46383635912308,53.9294728431456,33.5643358940012));
#3814=CARTESIAN_POINT('',(-5.36826626652722,54.2026697662384,34.4939856917421));
#3815=CARTESIAN_POINT('',(-5.26512182976513,54.0572564628935,34.0671372630624));
#3816=CARTESIAN_POINT('',(-5.33655091860082,53.8122723734401,33.6868409889915));
#3817=CARTESIAN_POINT('',(-5.25709196555913,54.0282955768757,34.4939856917421));
#3818=CARTESIAN_POINT('',(-5.17777315920233,53.8871643444562,34.1410347307705));
#3819=CARTESIAN_POINT('',(-5.22884324702453,53.6876475388752,33.8171065379323));
#3820=CARTESIAN_POINT('',(-5.16389549024142,53.8421191704093,34.4939856917421));
#3821=CARTESIAN_POINT('',(-5.1091388526809,53.7146821148932,34.2152736403236));
#3822=CARTESIAN_POINT('',(-5.14149463941034,53.557444505056,33.9532028197435));
#3823=CARTESIAN_POINT('',(-5.09008072539109,53.6458652046948,34.4939856917421));
#3824=CARTESIAN_POINT('',(-5.05774413555938,53.540426250456,34.2892963525481));
#3825=CARTESIAN_POINT('',(-5.075083822935,53.4239373519456,34.0927528294191));
#3826=CARTESIAN_POINT('',(-5.02076709122819,53.3795394787908,34.4939856917422));
#3827=CARTESIAN_POINT('',(-5.01230284197261,53.3139745937625,34.3838822069298));
#3828=CARTESIAN_POINT('',(-5.01567555700661,53.2486064342521,34.2760197258319));
#3829=CARTESIAN_POINT('',(-4.99997638991548,53.1746933186208,34.4939856917422));
#3830=CARTESIAN_POINT('',(-5.00001086600538,53.1472196870017,34.4515129912548));
#3831=CARTESIAN_POINT('',(-4.99997049095443,53.1208016928925,34.4096093609812));
#3832=CARTESIAN_POINT('',(-4.99999999999999,53.0400791854613,34.4939856917422));
#3833=CARTESIAN_POINT('',(-4.99999999999999,53.0400791854613,34.4939856917422));
#3834=CARTESIAN_POINT('',(-4.99999999999999,53.0400791854613,34.4939856917422));
#3835=FACE_BOUND('',#3836,.T.);
#3836=EDGE_LOOP('',(#5563,#5564,#5565,#5566,#5567));
#3837=TOROIDAL_SURFACE('',#3838,20.,2.);
#3838=AXIS2_PLACEMENT_3D('',#3839,#3840,#3841);
#3839=CARTESIAN_POINT('',(-2.99999999999999,61.6655954667024,17.2238401295228));
#3840=DIRECTION('',(-1.,5.9161731014552E-17,-1.02369188828123E-24));
#3841=DIRECTION('',(-2.98909886534307E-17,-0.505241970176662,-0.86297772368237));
#3842=FACE_BOUND('',#3843,.T.);
#3843=EDGE_LOOP('',(#5568,#5569,#5570,#5571));
#3844=(BOUNDED_SURFACE()B_SPLINE_SURFACE(3,2,(
(#3845,#3846,#3847),
(#3848,#3849,#3850),
(#3851,#3852,#3853),
(#3854,#3855,#3856),
(#3857,#3858,#3859),
(#3860,#3861,#3862),
(#3863,#3864,#3865),
(#3866,#3867,#3868),
(#3869,#3870,#3871),
(#3872,#3873,#3874),
(#3875,#3876,#3877),
(#3878,#3879,#3880),
(#3881,#3882,#3883),
(#3884,#3885,#3886),
(#3887,#3888,#3889),
(#3890,#3891,#3892),
(#3893,#3894,#3895),
(#3896,#3897,#3898),
(#3899,#3900,#3901),
(#3902,#3903,#3904),
(#3905,#3906,#3907),
(#3908,#3909,#3910),
(#3911,#3912,#3913)),
.UNSPECIFIED.,.F.,.F.,.F.)B_SPLINE_SURFACE_WITH_KNOTS((4,1,1,1,1,1,1,1,1,1,1,1,1,
1,1,1,1,1,1,1,4),
(3,3),
(2.31400432090917,5.09907106902842,6.18992163584167,7.16567170643005,8.0311193951834,
8.78713453478193,9.42358443084877,9.85248393165046,10.220955800644,10.5894276696376,
11.0993587900305,11.6378790626036,12.2063681611152,12.717406670813,13.3899710314538,
14.3993615780516,15.4754243300313,16.5594400152271,17.4837787206369,18.5626358499397,
20.3070867300833),
(0.,1.),
.UNSPECIFIED.)GEOMETRIC_REPRESENTATION_ITEM()RATIONAL_B_SPLINE_SURFACE((
(1.,0.674092563092801,1.),
(1.,0.670320997003817,1.),
(1.,0.665218333122395,1.),
(1.,0.659850418631489,1.),
(1.,0.657037218760394,1.),
(1.,0.654949966975622,1.),
(1.,0.653491466699657,1.),
(1.,0.652572256419615,1.),
(1.,0.652039417521013,1.),
(1.,0.651648042998524,1.),
(1.,0.651420880013419,1.),
(1.,0.651293127900996,1.),
(1.,0.651318475916461,1.),
(1.,0.6515195056967,1.),
(1.,0.652025182389808,1.),
(1.,0.652909451118318,1.),
(1.,0.654537700395371,1.),
(1.,0.657054182349699,1.),
(1.,0.660068963485256,1.),
(1.,0.663510339473244,1.),
(1.,0.668096809081146,1.),
(1.,0.671854791395453,1.),
(1.,0.67421953752772,1.)))REPRESENTATION_ITEM('')SURFACE());
#3845=CARTESIAN_POINT('',(-7.18239694570755,54.3726073949906,1.43531692405266));
#3846=CARTESIAN_POINT('',(-4.99999999999999,54.5111737478992,1.57934872073771));
#3847=CARTESIAN_POINT('',(-4.99999999999999,52.9918197117547,-7.79050677116826E-6));
#3848=CARTESIAN_POINT('',(-7.202203858651,53.0895465421927,2.66630323110618));
#3849=CARTESIAN_POINT('',(-4.99999999999998,53.2152706784136,2.85687519983271));
#3850=CARTESIAN_POINT('',(-4.99999999999999,51.5949972211538,1.34285134789682));
#3851=CARTESIAN_POINT('',(-7.22924617750188,51.4862667490116,4.62721755323026));
#3852=CARTESIAN_POINT('',(-4.99999999999999,51.64668594983,4.84729932515531));
#3853=CARTESIAN_POINT('',(-4.99999999999998,49.8499686036829,3.48210498128687));
#3854=CARTESIAN_POINT('',(-7.25760915899698,49.9318669925211,7.37655759584248));
#3855=CARTESIAN_POINT('',(-4.99999999999999,50.1514018271806,7.59824983574989));
#3856=CARTESIAN_POINT('',(-4.99999999999999,48.1587444518351,6.48135828664265));
#3857=CARTESIAN_POINT('',(-7.27268494377016,49.1378185231449,9.15243760018424));
#3858=CARTESIAN_POINT('',(-4.99999999999999,49.4018318792602,9.3380423496233));
#3859=CARTESIAN_POINT('',(-4.99999999999999,47.2949452426197,8.41860747452179));
#3860=CARTESIAN_POINT('',(-7.28375556725336,48.5740980695001,10.7580406866099));
#3861=CARTESIAN_POINT('',(-4.99999999999999,48.8653045637409,10.9267941952759));
#3862=CARTESIAN_POINT('',(-4.99999999999999,46.6817060079761,10.1704076299922));
#3863=CARTESIAN_POINT('',(-7.29135099591697,48.1923810873612,12.1665526321242));
#3864=CARTESIAN_POINT('',(-4.99999999999999,48.498831769645,12.3372979662518));
#3865=CARTESIAN_POINT('',(-4.99999999999999,46.2665935983782,11.7067993721585));
#3866=CARTESIAN_POINT('',(-7.29629536962508,47.9494245230596,13.3455037276095));
#3867=CARTESIAN_POINT('',(-4.99999999999999,48.2738548027479,13.489310383417));
#3868=CARTESIAN_POINT('',(-4.99999999999999,46.0023234509147,12.9931062672002));
#3869=CARTESIAN_POINT('',(-7.2992790857697,47.8012141936187,14.2992155099697));
#3870=CARTESIAN_POINT('',(-4.99999999999999,48.13945625658,14.4034684210942));
#3871=CARTESIAN_POINT('',(-4.99999999999999,45.8412070252189,14.0332936004421));
#3872=CARTESIAN_POINT('',(-7.30129976794055,47.7048915681731,15.1333324972819));
#3873=CARTESIAN_POINT('',(-4.99999999999999,48.0563619689249,15.150005310074));
#3874=CARTESIAN_POINT('',(-4.99999999999999,45.7363853042935,14.9436368636112));
#3875=CARTESIAN_POINT('',(-7.30256220069037,47.6392891350881,15.9670288031122));
#3876=CARTESIAN_POINT('',(-4.99999999999999,47.9934397535895,15.9506632977741));
#3877=CARTESIAN_POINT('',(-4.99999999999999,45.6652031250445,15.8519483126923));
#3878=CARTESIAN_POINT('',(-7.30331904148325,47.603480375084,16.9014909619956));
#3879=CARTESIAN_POINT('',(-4.99999999999999,47.957145202932,16.8640005998883));
#3880=CARTESIAN_POINT('',(-4.99999999999999,45.626235065965,16.8727106074052));
#3881=CARTESIAN_POINT('',(-7.30321773257177,47.6111567926026,17.9177382655877));
#3882=CARTESIAN_POINT('',(-4.99999999999999,47.9639221517641,17.9061493002642));
#3883=CARTESIAN_POINT('',(-4.99999999999999,45.6344749167333,17.9808354816261));
#3884=CARTESIAN_POINT('',(-7.3019233550157,47.6725904036943,19.0051118870779));
#3885=CARTESIAN_POINT('',(-4.99999999999999,48.0214911928785,18.9473577025854));
#3886=CARTESIAN_POINT('',(-4.99999999999999,45.7013223232043,19.167117466937));
#3887=CARTESIAN_POINT('',(-7.29925981350822,47.8028074005334,20.2136427667277));
#3888=CARTESIAN_POINT('',(-4.99999999999999,48.1374202722383,20.0711069931282));
#3889=CARTESIAN_POINT('',(-4.99999999999999,45.842928735243,20.4853865309431));
#3890=CARTESIAN_POINT('',(-7.29430898681078,48.0460689265844,21.6576345780116));
#3891=CARTESIAN_POINT('',(-4.99999999999998,48.3555892369764,21.4678493026734));
#3892=CARTESIAN_POINT('',(-4.99999999999999,46.1074392829758,22.0606445877961));
#3893=CARTESIAN_POINT('',(-7.28574413207193,48.4702411587244,23.3798882035256));
#3894=CARTESIAN_POINT('',(-4.99999999999999,48.7592284915235,23.1997539811522));
#3895=CARTESIAN_POINT('',(-4.99999999999999,46.5688425212903,23.9396914521864));
#3896=CARTESIAN_POINT('',(-7.27323183003565,49.1094674379433,25.2428639044937));
#3897=CARTESIAN_POINT('',(-4.99999999999999,49.4045438021627,25.1419639623347));
#3898=CARTESIAN_POINT('',(-4.99999999999999,47.2640681502409,25.9718232398661));
#3899=CARTESIAN_POINT('',(-7.2572603852312,49.9503308662673,27.1044627754727));
#3900=CARTESIAN_POINT('',(-4.99999999999999,50.2110872805419,26.9674714845443));
#3901=CARTESIAN_POINT('',(-4.99999999999999,48.1788441868563,28.0027304395527));
#3902=CARTESIAN_POINT('',(-7.23907592825799,50.9484098822615,28.8622248817726));
#3903=CARTESIAN_POINT('',(-4.99999999999999,51.1774784172293,28.7168051452388));
#3904=CARTESIAN_POINT('',(-4.99999999999999,49.2647834397151,29.9202445364025));
#3905=CARTESIAN_POINT('',(-7.21427320512152,52.3726870724917,30.9086092829995));
#3906=CARTESIAN_POINT('',(-4.99999999999998,52.5333899600536,30.7285224903247));
#3907=CARTESIAN_POINT('',(-4.99999999999999,50.8147651075386,32.1527015488753));
#3908=CARTESIAN_POINT('',(-7.19449830633291,53.5889888342654,32.2644190565123));
#3909=CARTESIAN_POINT('',(-4.99999999999999,53.7430435517958,32.1151237201985));
#3910=CARTESIAN_POINT('',(-4.99999999999998,52.1386729491552,33.6317127472978));
#3911=CARTESIAN_POINT('',(-7.18171194473653,54.4169496259595,33.0548162926006));
#3912=CARTESIAN_POINT('',(-4.99999999999999,54.5545444718759,32.910988152258));
#3913=CARTESIAN_POINT('',(-4.99999999999999,53.0400869419797,34.4939929898957));
#3914=FACE_BOUND('',#3915,.T.);
#3915=EDGE_LOOP('',(#5572,#5573,#5574));
#3916=(BOUNDED_SURFACE()B_SPLINE_SURFACE(3,2,(
(#3917,#3918,#3919),
(#3920,#3921,#3922),
(#3923,#3924,#3925),
(#3926,#3927,#3928),
(#3929,#3930,#3931),
(#3932,#3933,#3934),
(#3935,#3936,#3937),
(#3938,#3939,#3940),
(#3941,#3942,#3943),
(#3944,#3945,#3946),
(#3947,#3948,#3949),
(#3950,#3951,#3952),
(#3953,#3954,#3955),
(#3956,#3957,#3958),
(#3959,#3960,#3961),
(#3962,#3963,#3964),
(#3965,#3966,#3967)),
.UNSPECIFIED.,.F.,.F.,.F.)B_SPLINE_SURFACE_WITH_KNOTS((4,1,1,1,1,1,1,1,1,1,1,1,1,
1,4),
(3,3),
(0.,2.70821244139488,3.80896907852334,4.88511622929447,5.90257937383225,6.81922813407385,
7.68035245816819,8.49940849347692,9.26683734773368,10.0019786654729,10.713627290184,
11.3433002514442,11.8433112977588,12.3042559185065,13.0000386088007),
(0.,1.),
.UNSPECIFIED.)GEOMETRIC_REPRESENTATION_ITEM()RATIONAL_B_SPLINE_SURFACE((
(1.,1.,1.),
(1.,1.00001428650902,1.),
(1.,0.996620774100199,1.),
(1.,0.987192679026207,1.),
(1.,0.979385906282562,1.),
(1.,0.97083482446656,1.),
(1.,0.962186674096201,1.),
(1.,0.953851374285049,1.),
(1.,0.946047435286883,1.),
(1.,0.939004120620795,1.),
(1.,0.932907329408011,1.),
(1.,0.928025327753635,1.),
(1.,0.924588577212221,1.),
(1.,0.922392728201352,1.),
(1.,0.92083627069177,1.),
(1.,0.920469625102649,1.),
(1.,0.920434612784,1.)))REPRESENTATION_ITEM('')SURFACE());
#3917=CARTESIAN_POINT('',(-4.99999999999999,49.0000000077574,32.7022990860969));
#3918=CARTESIAN_POINT('',(-4.99999999999999,49.0000000077574,32.7022990844051));
#3919=CARTESIAN_POINT('',(-4.99999999999999,49.0000000077573,32.7022990827132));
#3920=CARTESIAN_POINT('',(-4.99993422051711,48.7510748841746,32.7339326723846));
#3921=CARTESIAN_POINT('',(-5.00028124496819,48.7801273806322,32.8065076524096));
#3922=CARTESIAN_POINT('',(-4.99993422051711,48.8178949183183,32.8749197444214));
#3923=CARTESIAN_POINT('',(-4.96457704569971,48.3957348432022,32.7799564127439));
#3924=CARTESIAN_POINT('',(-4.94926425085608,48.4685019645375,32.9532996377122));
#3925=CARTESIAN_POINT('',(-4.9645770456997,48.553983909294,33.1207672669434));
#3926=CARTESIAN_POINT('',(-4.84796200249564,47.9573349385132,32.838085425444));
#3927=CARTESIAN_POINT('',(-4.7967047322012,48.0991243040544,33.1263642960471));
#3928=CARTESIAN_POINT('',(-4.84796200249565,48.2224060739904,33.4228843521312));
#3929=CARTESIAN_POINT('',(-4.74222696481852,47.6774624565479,32.8756948367286));
#3930=CARTESIAN_POINT('',(-4.66505642624769,47.8719265196932,33.2326133149944));
#3931=CARTESIAN_POINT('',(-4.74222696481851,48.0086112453349,33.6152604947539));
#3932=CARTESIAN_POINT('',(-4.61720919730607,47.4276165110011,32.9096632831857));
#3933=CARTESIAN_POINT('',(-4.51430483688624,47.675688260511,33.3243658525474));
#3934=CARTESIAN_POINT('',(-4.61720919730607,47.8161061200225,33.7865719423884));
#3935=CARTESIAN_POINT('',(-4.476679864393,47.2076716042861,32.9398884705303));
#3936=CARTESIAN_POINT('',(-4.35369368223437,47.5120220781345,33.4010134791091));
#3937=CARTESIAN_POINT('',(-4.476679864393,47.6453750973208,33.9370094652612));
#3938=CARTESIAN_POINT('',(-4.32445300029832,47.0171092760875,32.9662695651603));
#3939=CARTESIAN_POINT('',(-4.18905571330534,47.37802684979,33.4639722151791));
#3940=CARTESIAN_POINT('',(-4.32445300029832,47.4965571466852,34.0671048889559));
#3941=CARTESIAN_POINT('',(-4.16279106418325,46.8540573712917,32.9890444508012));
#3942=CARTESIAN_POINT('',(-4.02246741441215,47.2694212221881,33.5152516433835));
#3943=CARTESIAN_POINT('',(-4.16279106418325,47.3685334014504,34.1781667363392));
#3944=CARTESIAN_POINT('',(-3.99321647932911,46.7167290340276,33.0083128359996));
#3945=CARTESIAN_POINT('',(-3.85636671240574,47.1831552813856,33.5562362241005));
#3946=CARTESIAN_POINT('',(-3.99321647932912,47.2602633247227,34.2715816595879));
#3947=CARTESIAN_POINT('',(-3.81870327978609,46.6050228047648,33.0241014539019));
#3948=CARTESIAN_POINT('',(-3.69243201471825,47.1163725511414,33.5881892356188));
#3949=CARTESIAN_POINT('',(-3.81870327978609,47.1718567597541,34.3474187220713));
#3950=CARTESIAN_POINT('',(-3.6458957263205,46.5199076827589,33.0361533585267));
#3951=CARTESIAN_POINT('',(-3.5353462260676,47.0677978581167,33.6116031147526));
#3952=CARTESIAN_POINT('',(-3.6458957263205,47.104328214127,34.4051657062041));
#3953=CARTESIAN_POINT('',(-3.48310193862922,46.4604038345548,33.0445916965219));
#3954=CARTESIAN_POINT('',(-3.39432935354074,47.0360435498321,33.6270113540707));
#3955=CARTESIAN_POINT('',(-3.48310193862922,47.0570341715249,34.445506353158));
#3956=CARTESIAN_POINT('',(-3.3377737501017,46.4228812429423,33.0499740891564));
#3957=CARTESIAN_POINT('',(-3.27164811706798,47.0166699854086,33.6364551674924));
#3958=CARTESIAN_POINT('',(-3.3377737501017,47.0271359997954,34.4708912628542));
#3959=CARTESIAN_POINT('',(-3.17916784296896,46.395873714534,33.0537031407658));
#3960=CARTESIAN_POINT('',(-3.14341726355687,47.0033441373529,33.6429714741933));
#3961=CARTESIAN_POINT('',(-3.17916784296896,47.0057075023121,34.4892688492993));
#3962=CARTESIAN_POINT('',(-3.0686614774532,46.3890596553567,33.0550625188405));
#3963=CARTESIAN_POINT('',(-3.05386844095454,47.0002909527192,33.6444693640653));
#3964=CARTESIAN_POINT('',(-3.06866147745319,46.9999963545137,34.4935862845758));
#3965=CARTESIAN_POINT('',(-2.9999890531759,46.3887995124434,33.0548067889096));
#3966=CARTESIAN_POINT('',(-2.9999910297505,46.9999998785532,33.6446119634222));
#3967=CARTESIAN_POINT('',(-2.9999890531759,47.0000000017383,34.4939858675631));
#3968=FACE_BOUND('',#3969,.T.);
#3969=EDGE_LOOP('',(#5575,#5576,#5577,#5578));
#3970=CYLINDRICAL_SURFACE('',#3971,2.);
#3971=AXIS2_PLACEMENT_3D('',#3972,#3973,#3974);
#3972=CARTESIAN_POINT('',(-6.99999999999999,45.0000000017084,34.4939856933902));
#3973=DIRECTION('',(-1.,0.,1.01506105108586E-15));
#3974=DIRECTION('',(3.42697765845899E-24,1.,3.37612959810939E-9));
#3975=FACE_BOUND('',#3976,.T.);
#3976=EDGE_LOOP('',(#5579,#5580,#5581));
#3977=(BOUNDED_SURFACE()B_SPLINE_SURFACE(3,2,(
(#3978,#3979,#3980),
(#3981,#3982,#3983),
(#3984,#3985,#3986),
(#3987,#3988,#3989),
(#3990,#3991,#3992),
(#3993,#3994,#3995),
(#3996,#3997,#3998),
(#3999,#4000,#4001),
(#4002,#4003,#4004),
(#4005,#4006,#4007),
(#4008,#4009,#4010),
(#4011,#4012,#4013),
(#4014,#4015,#4016),
(#4017,#4018,#4019),
(#4020,#4021,#4022),
(#4023,#4024,#4025)),
.UNSPECIFIED.,.F.,.F.,.F.)B_SPLINE_SURFACE_WITH_KNOTS((4,1,1,1,1,1,1,1,1,1,1,1,1,
4),
(3,3),
(-3.85021904442033E-5,1.63511553779957,2.27637676360287,2.91763798940617,3.59879424382413,
4.33574597656351,5.11585988297167,5.93414948194809,6.77779414243993,7.69330880663032,
8.64615543760384,9.6883043722051,10.7604025184922,13.),
(0.,1.),
.UNSPECIFIED.)GEOMETRIC_REPRESENTATION_ITEM()RATIONAL_B_SPLINE_SURFACE((
(1.,0.920434605257142,1.),
(1.,0.920416746830161,1.),
(1.,0.92239404913851,1.),
(1.,0.927806969037657,1.),
(1.,0.932361630239782,1.),
(1.,0.937922121539522,1.),
(1.,0.944488112205869,1.),
(1.,0.951879199641447,1.),
(1.,0.959730285859965,1.),
(1.,0.967829540900818,1.),
(1.,0.975831386055108,1.),
(1.,0.983507836227415,1.),
(1.,0.990289675750074,1.),
(1.,0.99758136459358,1.),
(1.,1.00000501183078,1.),
(1.,1.,1.)))REPRESENTATION_ITEM('')SURFACE());
#3978=CARTESIAN_POINT('',(2.99998905509823,46.3887995087545,33.0548067853499));
#3979=CARTESIAN_POINT('',(2.99999102711946,46.9999999393997,33.6446119368183));
#3980=CARTESIAN_POINT('',(2.99998905509823,47.0000000017383,34.4939858736994));
#3981=CARTESIAN_POINT('',(3.15127122356362,46.388682220367,33.054833605269));
#3982=CARTESIAN_POINT('',(3.12689297684355,47.0000890866473,33.644579122422));
#3983=CARTESIAN_POINT('',(3.15127122356362,46.9998927580158,34.494052966977));
#3984=CARTESIAN_POINT('',(3.36606227906426,46.4198675991815,33.0503677124321));
#3985=CARTESIAN_POINT('',(3.30274658916964,47.0157136089017,33.6368786052291));
#3986=CARTESIAN_POINT('',(3.36606227906425,47.02478734073,34.4729656146587));
#3987=CARTESIAN_POINT('',(3.62735133846167,46.5119102565172,33.0372818302718));
#3988=CARTESIAN_POINT('',(3.52696120964235,47.0657550562731,33.6125934030458));
#3989=CARTESIAN_POINT('',(3.62735133846167,47.0979811863219,34.4105928311507));
#3990=CARTESIAN_POINT('',(3.79896640474562,46.5945335975347,33.0255802351568));
#3991=CARTESIAN_POINT('',(3.67564102692517,47.1108964174329,33.5908259130105));
#3992=CARTESIAN_POINT('',(3.79896640474562,47.1635436491356,34.3545433822315));
#3993=CARTESIAN_POINT('',(3.96473887656569,46.6970964862904,33.0111008209662));
#3994=CARTESIAN_POINT('',(3.82862429917068,47.1709217638851,33.562076253981));
#3995=CARTESIAN_POINT('',(3.96473887656569,47.2447278782946,34.2848974509551));
#3996=CARTESIAN_POINT('',(4.12763370107081,46.8233841834037,32.9933255199405));
#3997=CARTESIAN_POINT('',(3.98711755964565,47.2495761455513,33.5246596095249));
#3998=CARTESIAN_POINT('',(4.12763370107081,47.3443920801476,34.1990577867429));
#3999=CARTESIAN_POINT('',(4.28456811900962,46.9740268014483,32.9722957003062));
#4000=CARTESIAN_POINT('',(4.1481327744627,47.3493579032312,33.477484922601));
#4001=CARTESIAN_POINT('',(4.28456811900962,47.4627652271226,34.0964451023705));
#4002=CARTESIAN_POINT('',(4.43248249908957,47.1486613303176,32.9480255771199));
#4003=CARTESIAN_POINT('',(4.30619981724436,47.4707604841431,33.4203779586186));
#4004=CARTESIAN_POINT('',(4.43248249908956,47.5993771410244,33.9773330002037));
#4005=CARTESIAN_POINT('',(4.56853334281042,47.3466521475098,32.9207609101943));
#4006=CARTESIAN_POINT('',(4.45939329366707,47.616172219273,33.3522202726237));
#4007=CARTESIAN_POINT('',(4.56853334281042,47.75336859493,33.841983590957));
#4008=CARTESIAN_POINT('',(4.69145592883923,47.5695426580236,32.8903362915453));
#4009=CARTESIAN_POINT('',(4.60313389135373,47.7864097208377,33.2725916377641));
#4010=CARTESIAN_POINT('',(4.69145592883923,47.9256083343295,33.6892932896206));
#4011=CARTESIAN_POINT('',(4.79834001866379,47.8171058405677,32.8568816125966));
#4012=CARTESIAN_POINT('',(4.73517445461894,47.9858050686463,33.179369701489));
#4013=CARTESIAN_POINT('',(4.79834001866379,48.1154883647449,33.5193234383934));
#4014=CARTESIAN_POINT('',(4.88804408597684,48.0946014070986,32.8198231315424));
#4015=CARTESIAN_POINT('',(4.84740794265259,48.2112848951262,33.0738467900652));
#4016=CARTESIAN_POINT('',(4.88804408597684,48.326490857698,33.3283472857581));
#4017=CARTESIAN_POINT('',(4.97489200970621,48.4884882918083,32.767917116845));
#4018=CARTESIAN_POINT('',(4.96375142454049,48.5478028963094,32.9159773445029));
#4019=CARTESIAN_POINT('',(4.97489200970621,48.6230014422346,33.0566116478824));
#4020=CARTESIAN_POINT('',(4.99998095449851,48.7972745737997,32.7280659842006));
#4021=CARTESIAN_POINT('',(5.00010901755391,48.8182607685368,32.7884241673817));
#4022=CARTESIAN_POINT('',(4.99998095449851,48.8516824218406,32.8428773431108));
#4023=CARTESIAN_POINT('',(5.00000000000001,49.0000000077574,32.7022990860969));
#4024=CARTESIAN_POINT('',(5.00000000000001,49.0000000077574,32.702299084969));
#4025=CARTESIAN_POINT('',(5.00000000000001,49.0000000077573,32.7022990838411));
#4026=FACE_BOUND('',#4027,.T.);
#4027=EDGE_LOOP('',(#5582,#5583,#5584,#5585));
#4028=(BOUNDED_SURFACE()B_SPLINE_SURFACE(3,2,(
(#4029,#4030,#4031),
(#4032,#4033,#4034),
(#4035,#4036,#4037),
(#4038,#4039,#4040),
(#4041,#4042,#4043),
(#4044,#4045,#4046),
(#4047,#4048,#4049),
(#4050,#4051,#4052),
(#4053,#4054,#4055),
(#4056,#4057,#4058),
(#4059,#4060,#4061),
(#4062,#4063,#4064),
(#4065,#4066,#4067),
(#4068,#4069,#4070),
(#4071,#4072,#4073),
(#4074,#4075,#4076),
(#4077,#4078,#4079),
(#4080,#4081,#4082),
(#4083,#4084,#4085),
(#4086,#4087,#4088),
(#4089,#4090,#4091),
(#4092,#4093,#4094),
(#4095,#4096,#4097)),
.UNSPECIFIED.,.F.,.F.,.F.)B_SPLINE_SURFACE_WITH_KNOTS((4,1,1,1,1,1,1,1,1,1,1,1,1,
1,1,1,1,1,1,1,4),
(3,3),
(2.31400432096043,5.09907106914207,6.18992163598924,7.16567170623288,8.03111939494612,
8.78713453456147,9.42358443066525,9.85248393151432,10.2209558005488,10.5894276695833,
11.0993587905145,11.6378790636535,12.2063681627496,12.7174066725537,13.3899710332156,
14.3993615798741,15.4754243319114,16.5594400172887,17.483778722848,18.5626358519969,
20.3070867305339),
(0.,1.),
.UNSPECIFIED.)GEOMETRIC_REPRESENTATION_ITEM()RATIONAL_B_SPLINE_SURFACE((
(1.,0.674092563092801,1.),
(1.,0.670320881821404,1.),
(1.,0.665218519810661,1.),
(1.,0.659850210692603,1.),
(1.,0.657037878854235,1.),
(1.,0.654947916559546,1.),
(1.,0.653497640584829,1.),
(1.,0.652555736552742,1.),
(1.,0.65207710806821,1.),
(1.,0.65165405148952,1.),
(1.,0.651418573240481,1.),
(1.,0.651293870218522,1.),
(1.,0.651318259240685,1.),
(1.,0.651519557875532,1.),
(1.,0.652025164452376,1.),
(1.,0.652909459467887,1.),
(1.,0.654537697605046,1.),
(1.,0.657054183132663,1.),
(1.,0.660068963316277,1.),
(1.,0.663510339530967,1.),
(1.,0.668096809057204,1.),
(1.,0.671854791406639,1.),
(1.,0.67421953752772,1.)))REPRESENTATION_ITEM('')SURFACE());
#4029=CARTESIAN_POINT('',(7.18239694570753,54.3726073949906,1.43531692405264));
#4030=CARTESIAN_POINT('',(5.00000000000001,54.5111737478992,1.57934872073771));
#4031=CARTESIAN_POINT('',(5.00000000000001,52.9918197117547,-7.79050677232737E-6));
#4032=CARTESIAN_POINT('',(7.20220385865079,53.0895465421906,2.6663032311081));
#4033=CARTESIAN_POINT('',(5.00000000000001,53.2152715233703,2.8568734435446));
#4034=CARTESIAN_POINT('',(5.00000000000001,51.5949972211516,1.34285134789893));
#4035=CARTESIAN_POINT('',(7.22924617750137,51.486266749058,4.62721755317388));
#4036=CARTESIAN_POINT('',(5.00000000000001,51.6466850100209,4.84730163500028));
#4037=CARTESIAN_POINT('',(5.00000000000002,49.8499686037334,3.48210498122533));
#4038=CARTESIAN_POINT('',(7.25760915899493,49.9318669926361,7.37655759563276));
#4039=CARTESIAN_POINT('',(5.00000000000002,50.1514024113778,7.59824810876011));
#4040=CARTESIAN_POINT('',(5.00000000000001,48.1587444519603,6.48135828641391));
#4041=CARTESIAN_POINT('',(7.27268494376627,49.1378185233377,9.15243759972215));
#4042=CARTESIAN_POINT('',(5.00000000000001,49.4018307704023,9.33804610636781));
#4043=CARTESIAN_POINT('',(5.00000000000001,47.2949452428295,8.41860747401753));
#4044=CARTESIAN_POINT('',(7.2837555672494,48.5740980697099,10.7580406859492));
#4045=CARTESIAN_POINT('',(5.00000000000002,48.8653063402483,10.9267874603179));
#4046=CARTESIAN_POINT('',(5.00000000000002,46.6817060082042,10.1704076292717));
#4047=CARTESIAN_POINT('',(7.29135099591336,48.1923810875427,12.1665526313653));
#4048=CARTESIAN_POINT('',(5.00000000000001,48.4988298717164,12.3373049618304));
#4049=CARTESIAN_POINT('',(5.00000000000001,46.2665935985757,11.7067993713308));
#4050=CARTESIAN_POINT('',(7.29629536962241,47.9494245231935,13.3455037268676));
#4051=CARTESIAN_POINT('',(5.00000000000002,48.2738541936495,13.4893207990047));
#4052=CARTESIAN_POINT('',(5.00000000000002,46.0023234510603,12.9931062663916));
#4053=CARTESIAN_POINT('',(7.29927908576754,47.8012141937119,14.2992155092784));
#4054=CARTESIAN_POINT('',(5.00000000000001,48.1394663226836,14.4033882260531));
#4055=CARTESIAN_POINT('',(5.00000000000001,45.8412070253204,14.0332935996868));
#4056=CARTESIAN_POINT('',(7.30129976793978,47.704891568221,15.1333324967587));
#4057=CARTESIAN_POINT('',(5.00000000000001,48.0563569018862,15.1500479909));
#4058=CARTESIAN_POINT('',(5.00000000000002,45.7363853043454,14.9436368630419));
#4059=CARTESIAN_POINT('',(7.30256220069032,47.6392891350882,15.9670288029815));
#4060=CARTESIAN_POINT('',(5.00000000000002,47.9934415135575,15.9506494726302));
#4061=CARTESIAN_POINT('',(5.00000000000001,45.6652031250446,15.8519483125487));
#4062=CARTESIAN_POINT('',(7.30331904148379,47.6034803750611,16.9014909625989));
#4063=CARTESIAN_POINT('',(5.00000000000001,47.9571446778126,16.8640040090769));
#4064=CARTESIAN_POINT('',(5.00000000000001,45.62623506594,16.8727106080651));
#4065=CARTESIAN_POINT('',(7.30321773257123,47.6111567926345,17.9177382670621));
#4066=CARTESIAN_POINT('',(5.00000000000002,47.9639223073138,17.9061486535664));
#4067=CARTESIAN_POINT('',(5.00000000000002,45.6344749167679,17.9808354832308));
#4068=CARTESIAN_POINT('',(7.30192335501235,47.6725904038685,19.0051118893201));
#4069=CARTESIAN_POINT('',(5.00000000000001,48.0214911510013,18.9473577775776));
#4070=CARTESIAN_POINT('',(5.00000000000001,45.7013223233936,19.1671174693851));
#4071=CARTESIAN_POINT('',(7.29925981350038,47.8028074008998,20.2136427693986));
#4072=CARTESIAN_POINT('',(5.00000000000001,48.1374202902306,20.0711070018238));
#4073=CARTESIAN_POINT('',(5.00000000000002,45.8429287356417,20.4853865338573));
#4074=CARTESIAN_POINT('',(7.29430898679902,48.0460689271722,21.6576345808378));
#4075=CARTESIAN_POINT('',(5.00000000000002,48.3555892265428,21.4678492848509));
#4076=CARTESIAN_POINT('',(5.00000000000001,46.1074392836153,22.0606445908806));
#4077=CARTESIAN_POINT('',(7.28574413205524,48.4702411595673,23.3798882063918));
#4078=CARTESIAN_POINT('',(5.00000000000001,48.7592284977016,23.199753998228));
#4079=CARTESIAN_POINT('',(5.00000000000002,46.5688425222066,23.9396914553118));
#4080=CARTESIAN_POINT('',(7.27323183001347,49.1094674390903,25.2428639074038));
#4081=CARTESIAN_POINT('',(5.00000000000001,49.4045438009988,25.1419639589274));
#4082=CARTESIAN_POINT('',(5.00000000000001,47.2640681514889,25.9718232430415));
#4083=CARTESIAN_POINT('',(7.25726038520355,49.9503308677457,27.1044627783899));
#4084=CARTESIAN_POINT('',(5.00000000000001,50.2110872827007,26.9674714893574));
#4085=CARTESIAN_POINT('',(5.00000000000002,48.1788441884646,28.0027304427347));
#4086=CARTESIAN_POINT('',(7.23907592822728,50.9484098839839,28.8622248844959));
#4087=CARTESIAN_POINT('',(5.00000000000001,51.1774784186945,28.7168051474031));
#4088=CARTESIAN_POINT('',(5.00000000000001,49.2647834415897,29.9202445393739));
#4089=CARTESIAN_POINT('',(7.21427320509887,52.3726870738743,30.908609284608));
#4090=CARTESIAN_POINT('',(5.00000000000002,52.5333899617206,30.7285224925327));
#4091=CARTESIAN_POINT('',(5.00000000000001,50.8147651090432,32.1527015506296));
#4092=CARTESIAN_POINT('',(7.19449830632187,53.5889888349772,32.2644190571916));
#4093=CARTESIAN_POINT('',(5.00000000000001,53.743043552481,32.1151237207886));
#4094=CARTESIAN_POINT('',(5.00000000000002,52.1386729499299,33.6317127480386));
#4095=CARTESIAN_POINT('',(7.18171194473646,54.4169496259595,33.0548162926005));
#4096=CARTESIAN_POINT('',(5.00000000000002,54.5545444718759,32.910988152258));
#4097=CARTESIAN_POINT('',(5.00000000000002,53.0400869419797,34.4939929898957));
#4098=FACE_BOUND('',#4099,.T.);
#4099=EDGE_LOOP('',(#5586,#5587,#5588,#5589,#5590));
#4100=TOROIDAL_SURFACE('',#4101,20.,2.);
#4101=AXIS2_PLACEMENT_3D('',#4102,#4103,#4104);
#4102=CARTESIAN_POINT('',(3.00000000000002,61.6655954667024,17.2238401295228));
#4103=DIRECTION('',(-1.,5.9161731014552E-17,-1.02369188828123E-24));
#4104=DIRECTION('',(-2.98909886534307E-17,-0.505241970176662,-0.86297772368237));
#4105=FACE_BOUND('',#4106,.T.);
#4106=EDGE_LOOP('',(#5591,#5592,#5593));
#4107=(BOUNDED_SURFACE()B_SPLINE_SURFACE(3,2,(
(#4108,#4109,#4110),
(#4111,#4112,#4113),
(#4114,#4115,#4116),
(#4117,#4118,#4119),
(#4120,#4121,#4122),
(#4123,#4124,#4125),
(#4126,#4127,#4128),
(#4129,#4130,#4131),
(#4132,#4133,#4134),
(#4135,#4136,#4137),
(#4138,#4139,#4140),
(#4141,#4142,#4143),
(#4144,#4145,#4146),
(#4147,#4148,#4149),
(#4150,#4151,#4152),
(#4153,#4154,#4155),
(#4156,#4157,#4158)),
.UNSPECIFIED.,.F.,.F.,.F.)B_SPLINE_SURFACE_WITH_KNOTS((4,1,1,1,1,1,1,1,1,1,1,1,1,
1,4),
(3,3),
(-2.89897875759046E-6,0.148480279017438,0.209218056295706,0.269955833573975,0.331564102376673,
0.394000496228897,0.455008001847747,0.515419574708211,0.575790409378802,0.636161244049392,
0.696700596518485,0.757627025674385,0.819079902155064,0.881670256775317,1.),
(0.,1.),
.UNSPECIFIED.)GEOMETRIC_REPRESENTATION_ITEM()RATIONAL_B_SPLINE_SURFACE((
(1.,0.920434670018594,1.),
(1.,0.919068190953257,1.),
(1.,0.919204965673588,1.),
(1.,0.923614157030731,1.),
(1.,0.928186030473666,1.),
(1.,0.934246187348388,1.),
(1.,0.941513354387408,1.),
(1.,0.949571999265869,1.),
(1.,0.95797467619397,1.),
(1.,0.966387111950772,1.),
(1.,0.974463092983007,1.),
(1.,0.98186796280283,1.),
(1.,0.988310399675988,1.),
(1.,0.993558044262369,1.),
(1.,0.998522689875162,1.),
(1.,1.00001132162583,1.),
(1.,1.,1.)))REPRESENTATION_ITEM('')SURFACE());
#4108=CARTESIAN_POINT('',(7.26169202635697,55.0228845927923,34.4939856928096));
#4109=CARTESIAN_POINT('',(7.2616928110063,55.0228844889272,33.6446121777698));
#4110=CARTESIAN_POINT('',(7.18172062862661,54.4169392445064,33.0548074571198));
#4111=CARTESIAN_POINT('',(7.09778311309453,55.0445796095272,34.4939856927059));
#4112=CARTESIAN_POINT('',(7.07779828980856,55.0474229753113,33.6363131027462));
#4113=CARTESIAN_POINT('',(7.03896949511192,54.4260034775831,33.0453328815381));
#4114=CARTESIAN_POINT('',(6.85856881226398,55.0462127204308,34.4939856925569));
#4115=CARTESIAN_POINT('',(6.80637520492305,55.0458576864652,33.6379089241636));
#4116=CARTESIAN_POINT('',(6.82151371250078,54.4241047796216,33.0473173555316));
#4117=CARTESIAN_POINT('',(6.55594558048002,54.9940035200294,34.4939856923646));
#4118=CARTESIAN_POINT('',(6.46190833581915,54.9733735105626,33.6689193500158));
#4119=CARTESIAN_POINT('',(6.53186088663077,54.3867747144061,33.0863367793103));
#4120=CARTESIAN_POINT('',(6.35250796330868,54.9362068881754,34.4939856922321));
#4121=CARTESIAN_POINT('',(6.23693046811348,54.8978094040237,33.7011747283346));
#4122=CARTESIAN_POINT('',(6.33204431353624,54.3459170052698,33.1290435825178));
#4123=CARTESIAN_POINT('',(6.1581218486883,54.8583044223385,34.4939856921009));
#4124=CARTESIAN_POINT('',(6.02322488262746,54.7968660376139,33.7445256230215));
#4125=CARTESIAN_POINT('',(6.13725347660889,54.2903045639503,33.1871729398159));
#4126=CARTESIAN_POINT('',(5.97270315453112,54.7603377408759,34.4939856919696));
#4127=CARTESIAN_POINT('',(5.82692475280012,54.6740386034991,33.7976725538893));
#4128=CARTESIAN_POINT('',(5.94890282238112,54.2194666225596,33.261216934866));
#4129=CARTESIAN_POINT('',(5.79947654304792,54.6441719861494,34.4939856918389));
#4130=CARTESIAN_POINT('',(5.65237714687614,54.5344573746391,33.858455683447));
#4131=CARTESIAN_POINT('',(5.77182967449583,54.1346378243432,33.3498850542596));
#4132=CARTESIAN_POINT('',(5.64034780289798,54.5116443563117,34.4939856917092));
#4133=CARTESIAN_POINT('',(5.50131603190265,54.3833286447212,33.9245359934907));
#4134=CARTESIAN_POINT('',(5.60941484958174,54.0374333590653,33.4514890121733));
#4135=CARTESIAN_POINT('',(5.4963645009814,54.3641632791662,34.4939856915801));
#4136=CARTESIAN_POINT('',(5.37257524364254,54.2233977676986,33.9945511067506));
#4137=CARTESIAN_POINT('',(5.46383635918047,53.9294728431932,33.5643358939514));
#4138=CARTESIAN_POINT('',(5.36826626657444,54.2026697663049,34.4939856914509));
#4139=CARTESIAN_POINT('',(5.26512182991711,54.0572564631184,34.0671372629657));
#4140=CARTESIAN_POINT('',(5.33655091864714,53.8122723734881,33.6868409889414));
#4141=CARTESIAN_POINT('',(5.25709196559841,54.0282955769449,34.4939856913214));
#4142=CARTESIAN_POINT('',(5.17777315933469,53.8871643447016,34.141034730661));
#4143=CARTESIAN_POINT('',(5.22884324706198,53.6876475389242,33.8171065378811));
#4144=CARTESIAN_POINT('',(5.16389549027298,53.8421191704815,34.493985691191));
#4145=CARTESIAN_POINT('',(5.10913885279206,53.7146821151598,34.2152736401967));
#4146=CARTESIAN_POINT('',(5.14149463943933,53.5574445051058,33.9532028196914));
#4147=CARTESIAN_POINT('',(5.0900807254144,53.6458652047686,34.4939856910596));
#4148=CARTESIAN_POINT('',(5.05774413564458,53.5404262507412,34.2892963524139));
#4149=CARTESIAN_POINT('',(5.07508382295546,53.4239373519951,34.0927528293675));
#4150=CARTESIAN_POINT('',(5.02076709123465,53.3795394788413,34.4939856908872));
#4151=CARTESIAN_POINT('',(5.01230284201729,53.3139745940222,34.3838822067532));
#4152=CARTESIAN_POINT('',(5.01567555701152,53.2486064342839,34.2760197257987));
#4153=CARTESIAN_POINT('',(4.99997638991548,53.1746933186453,34.4939856907587));
#4154=CARTESIAN_POINT('',(5.00001086602166,53.1472196873349,34.4515129912123));
#4155=CARTESIAN_POINT('',(4.99997049095443,53.1208016929071,34.4096093609659));
#4156=CARTESIAN_POINT('',(5.00000000000002,53.0400791854613,34.4939856906743));
#4157=CARTESIAN_POINT('',(5.00000000000002,53.0400791854613,34.4939856912082));
#4158=CARTESIAN_POINT('',(5.00000000000001,53.0400791854613,34.4939856917422));
#4159=FACE_BOUND('',#4160,.T.);
#4160=EDGE_LOOP('',(#5594,#5595,#5596,#5597));
#4161=TOROIDAL_SURFACE('',#4162,53.5,2.);
#4162=AXIS2_PLACEMENT_3D('',#4163,#4164,#4165);
#4163=CARTESIAN_POINT('',(-4.2242949167226E-15,-2.1121474583613E-15,34.4939856917416));
#4164=DIRECTION('',(-1.22464679914735E-16,-6.12323399573677E-17,1.));
#4165=DIRECTION('',(0.998251428028795,0.0591107979854094,1.25870034085368E-16));
#4166=FACE_BOUND('',#4167,.T.);
#4167=EDGE_LOOP('',(#5598,#5599,#5600));
#4168=(BOUNDED_SURFACE()B_SPLINE_SURFACE(3,2,(
(#4169,#4170,#4171),
(#4172,#4173,#4174),
(#4175,#4176,#4177),
(#4178,#4179,#4180),
(#4181,#4182,#4183),
(#4184,#4185,#4186),
(#4187,#4188,#4189),
(#4190,#4191,#4192),
(#4193,#4194,#4195),
(#4196,#4197,#4198),
(#4199,#4200,#4201),
(#4202,#4203,#4204),
(#4205,#4206,#4207),
(#4208,#4209,#4210),
(#4211,#4212,#4213),
(#4214,#4215,#4216),
(#4217,#4218,#4219)),
.UNSPECIFIED.,.F.,.F.,.F.)B_SPLINE_SURFACE_WITH_KNOTS((4,1,1,1,1,1,1,1,1,1,1,1,1,
1,4),
(3,3),
(-2.89897875759049E-6,0.148480279045082,0.209218056327499,0.269955833609917,0.331564102412963,
0.394000496261295,0.45500800187765,0.515419574740676,0.575790409407312,0.636161244073947,
0.696700596546487,0.757627025700106,0.819079902182008,0.881670256800862,1.),
(0.,1.),
.UNSPECIFIED.)GEOMETRIC_REPRESENTATION_ITEM()RATIONAL_B_SPLINE_SURFACE((
(1.,0.920434670018595,1.),
(1.,0.919068190953108,1.),
(1.,0.91920496567373,1.),
(1.,0.923614157032681,1.),
(1.,0.928186030476683,1.),
(1.,0.934246187352202,1.),
(1.,0.941513354391561,1.),
(1.,0.949571999270176,1.),
(1.,0.957974676198218,1.),
(1.,0.966387111954688,1.),
(1.,0.974463092986489,1.),
(1.,0.981867962805829,1.),
(1.,0.988310399678561,1.),
(1.,0.993558044264295,1.),
(1.,0.998522689875681,1.),
(1.,1.00001132162594,1.),
(1.,1.,1.)))REPRESENTATION_ITEM('')SURFACE());
#4169=CARTESIAN_POINT('',(55.0228845927923,7.26169202635688,34.4939856928096));
#4170=CARTESIAN_POINT('',(55.0228844889272,7.26169281100619,33.6446121777698));
#4171=CARTESIAN_POINT('',(54.4169392445064,7.18172062862663,33.0548074571198));
#4172=CARTESIAN_POINT('',(55.0445796095308,7.09778311306672,34.4939856927058));
#4173=CARTESIAN_POINT('',(55.047422975316,7.0777982897742,33.6363131027446));
#4174=CARTESIAN_POINT('',(54.4260034775847,7.03896949508796,33.0453328815365));
#4175=CARTESIAN_POINT('',(55.0462127204297,6.85856881219919,34.4939856925569));
#4176=CARTESIAN_POINT('',(55.0458576864627,6.80637520484518,33.6379089241648));
#4177=CARTESIAN_POINT('',(54.4241047796203,6.82151371244106,33.0473173555329));
#4178=CARTESIAN_POINT('',(54.994003520007,6.5559455803788,34.4939856923646));
#4179=CARTESIAN_POINT('',(54.9733735105306,6.4619083356991,33.6689193500294));
#4180=CARTESIAN_POINT('',(54.3867747143903,6.53186088653285,33.0863367793268));
#4181=CARTESIAN_POINT('',(54.9362068881383,6.35250796319951,34.4939856922321));
#4182=CARTESIAN_POINT('',(54.8978094039738,6.23693046798875,33.7011747283559));
#4183=CARTESIAN_POINT('',(54.3459170052435,6.33204431342786,33.1290435825453));
#4184=CARTESIAN_POINT('',(54.8583044222895,6.15812184858261,34.4939856921009));
#4185=CARTESIAN_POINT('',(54.79686603755,6.02322488251117,33.7445256230491));
#4186=CARTESIAN_POINT('',(54.2903045639151,6.1372534765022,33.1871729398527));
#4187=CARTESIAN_POINT('',(54.7603377408178,5.97270315443419,34.4939856919695));
#4188=CARTESIAN_POINT('',(54.6740386034283,5.82692475270104,33.7976725539201));
#4189=CARTESIAN_POINT('',(54.2194666225174,5.94890282228229,33.2612169349101));
#4190=CARTESIAN_POINT('',(54.6441719860847,5.7994765429617,34.4939856918389));
#4191=CARTESIAN_POINT('',(54.5344573745634,5.65237714679162,33.85845568348));
#4192=CARTESIAN_POINT('',(54.1346378242958,5.77182967440772,33.3498850543091));
#4193=CARTESIAN_POINT('',(54.5116443562419,5.64034780282255,34.4939856917092));
#4194=CARTESIAN_POINT('',(54.3833286446429,5.50131603183261,33.924535993525));
#4195=CARTESIAN_POINT('',(54.0374333590141,5.60941484950511,33.4514890122268));
#4196=CARTESIAN_POINT('',(54.3641632790929,5.49636450091699,34.4939856915801));
#4197=CARTESIAN_POINT('',(54.2233977676212,5.37257524358722,33.9945511067845));
#4198=CARTESIAN_POINT('',(53.9294728431396,5.46383635911588,33.5643358940073));
#4199=CARTESIAN_POINT('',(54.2026697662292,5.36826626652064,34.4939856914509));
#4200=CARTESIAN_POINT('',(54.0572564630432,5.26512182987368,34.0671372629986));
#4201=CARTESIAN_POINT('',(53.8122723734336,5.3365509185944,33.6868409889984));
#4202=CARTESIAN_POINT('',(54.0282955768658,5.25709196555348,34.4939856913214));
#4203=CARTESIAN_POINT('',(53.8871643446279,5.1777731593012,34.1410347306929));
#4204=CARTESIAN_POINT('',(53.6876475388682,5.22884324701919,33.8171065379397));
#4205=CARTESIAN_POINT('',(53.8421191703991,5.16389549023692,34.493985691191));
#4206=CARTESIAN_POINT('',(53.7146821150837,5.10913885276583,34.2152736402294));
#4207=CARTESIAN_POINT('',(53.5574445050489,5.14149463940625,33.9532028197509));
#4208=CARTESIAN_POINT('',(53.6458652046851,5.09008072538801,34.4939856910596));
#4209=CARTESIAN_POINT('',(53.5404262506677,5.05774413562645,34.289296352445));
#4210=CARTESIAN_POINT('',(53.4239373519392,5.07508382293235,34.0927528294259));
#4211=CARTESIAN_POINT('',(53.3795394787843,5.02076709122733,34.4939856908872));
#4212=CARTESIAN_POINT('',(53.3139745939735,5.01230284201276,34.3838822067732));
#4213=CARTESIAN_POINT('',(53.248606434248,5.01567555700599,34.2760197258361));
#4214=CARTESIAN_POINT('',(53.174693318618,4.99997638991543,34.4939856907587));
#4215=CARTESIAN_POINT('',(53.1472196873124,5.00001086602161,34.4515129912223));
#4216=CARTESIAN_POINT('',(53.1208016928908,4.99997049095442,34.409609360983));
#4217=CARTESIAN_POINT('',(53.0400791854612,4.99999999999994,34.4939856906743));
#4218=CARTESIAN_POINT('',(53.0400791854612,4.99999999999996,34.4939856912082));
#4219=CARTESIAN_POINT('',(53.0400791854612,4.99999999999998,34.4939856917422));
#4220=FACE_BOUND('',#4221,.T.);
#4221=EDGE_LOOP('',(#5601,#5602,#5603,#5604,#5605));
#4222=TOROIDAL_SURFACE('',#4223,20.,2.);
#4223=AXIS2_PLACEMENT_3D('',#4224,#4225,#4226);
#4224=CARTESIAN_POINT('',(61.6655954667024,2.99999999999998,17.2238401295228));
#4225=DIRECTION('',(2.42858750886655E-16,1.,-1.02369188828123E-24));
#4226=DIRECTION('',(-0.505241970176662,1.22702432889193E-16,-0.86297772368237));
#4227=FACE_BOUND('',#4228,.T.);
#4228=EDGE_LOOP('',(#5606,#5607,#5608,#5609));
#4229=(BOUNDED_SURFACE()B_SPLINE_SURFACE(3,2,(
(#4230,#4231,#4232),
(#4233,#4234,#4235),
(#4236,#4237,#4238),
(#4239,#4240,#4241),
(#4242,#4243,#4244),
(#4245,#4246,#4247),
(#4248,#4249,#4250),
(#4251,#4252,#4253),
(#4254,#4255,#4256),
(#4257,#4258,#4259),
(#4260,#4261,#4262),
(#4263,#4264,#4265),
(#4266,#4267,#4268),
(#4269,#4270,#4271),
(#4272,#4273,#4274),
(#4275,#4276,#4277),
(#4278,#4279,#4280),
(#4281,#4282,#4283),
(#4284,#4285,#4286),
(#4287,#4288,#4289),
(#4290,#4291,#4292),
(#4293,#4294,#4295),
(#4296,#4297,#4298)),
.UNSPECIFIED.,.F.,.F.,.F.)B_SPLINE_SURFACE_WITH_KNOTS((4,1,1,1,1,1,1,1,1,1,1,1,1,
1,1,1,1,1,1,1,4),
(3,3),
(2.31400432096046,5.09907106913793,6.18992163599184,7.16567170596384,8.03111939462357,
8.78713453422809,9.4235844303393,9.85248393122074,10.2209558002953,10.5894276693699,
11.0993587894627,11.6378790617304,12.2063681599239,12.7174066696928,13.3899710302533,
14.3993615771984,15.4754243295789,16.5594400154913,17.4837787212688,18.5626358504273,
20.3070867305339),
(0.,1.),
.UNSPECIFIED.)GEOMETRIC_REPRESENTATION_ITEM()RATIONAL_B_SPLINE_SURFACE((
(1.,0.674092563092801,1.),
(1.,0.67032088191564,1.),
(1.,0.665218519657934,1.),
(1.,0.659850210863017,1.),
(1.,0.657037878314763,1.),
(1.,0.654947918237669,1.),
(1.,0.653497635534551,1.),
(1.,0.652555750068044,1.),
(1.,0.652077077255852,1.),
(1.,0.651654149785929,1.),
(1.,0.651418144368787,1.),
(1.,0.651296225527393,1.),
(1.,0.651308802386089,1.),
(1.,0.651555338296815,1.),
(1.,0.652012862935913,1.),
(1.,0.652915183608737,1.),
(1.,0.654535781998131,1.),
(1.,0.657054717156814,1.),
(1.,0.660068843811615,1.),
(1.,0.663510374937892,1.),
(1.,0.668096789486458,1.),
(1.,0.671854797547458,1.),
(1.,0.67421953752772,1.)))REPRESENTATION_ITEM('')SURFACE());
#4230=CARTESIAN_POINT('',(54.3726073949906,7.18239694570755,1.43531692405266));
#4231=CARTESIAN_POINT('',(54.5111737478992,4.99999999999998,1.57934872073771));
#4232=CARTESIAN_POINT('',(52.9918197117547,4.99999999999998,-7.79050677897266E-6));
#4233=CARTESIAN_POINT('',(53.0895465421921,7.20220385865103,2.66630323110661));
#4234=CARTESIAN_POINT('',(53.2152715226354,4.99999999999998,2.85687344564685));
#4235=CARTESIAN_POINT('',(51.5949972211532,4.99999999999998,1.34285134789738));
#4236=CARTESIAN_POINT('',(51.4862667490969,7.22924617750053,4.62721755312623));
#4237=CARTESIAN_POINT('',(51.6466850108648,4.99999999999998,4.84730163201972));
#4238=CARTESIAN_POINT('',(49.8499686037758,4.99999999999998,3.48210498117326));
#4239=CARTESIAN_POINT('',(49.9318669927273,7.25760915899315,7.37655759546578));
#4240=CARTESIAN_POINT('',(50.1514024109003,4.99999999999998,7.59824811124195));
#4241=CARTESIAN_POINT('',(48.1587444520595,4.99999999999998,6.48135828623183));
#4242=CARTESIAN_POINT('',(49.1378185234878,7.27268494376322,9.15243759936233));
#4243=CARTESIAN_POINT('',(49.4018307717211,4.99999999999998,9.33804609903896));
#4244=CARTESIAN_POINT('',(47.2949452429928,4.99999999999998,8.41860747362481));
#4245=CARTESIAN_POINT('',(48.5740980698753,7.28375556724616,10.758040685429));
#4246=CARTESIAN_POINT('',(48.8653063381372,4.99999999999998,10.9267874774148));
#4247=CARTESIAN_POINT('',(46.6817060083841,4.99999999999998,10.1704076287045));
#4248=CARTESIAN_POINT('',(48.1923810876885,7.29135099591029,12.1665526307576));
#4249=CARTESIAN_POINT('',(48.498829875917,4.99999999999998,12.337304918794));
#4250=CARTESIAN_POINT('',(46.2665935987341,4.99999999999998,11.7067993706679));
#4251=CARTESIAN_POINT('',(47.9494245233026,7.29629536962028,13.3455037262643));
#4252=CARTESIAN_POINT('',(48.2738541875348,4.99999999999998,13.4893208882066));
#4253=CARTESIAN_POINT('',(46.0023234511788,4.99999999999998,12.993106265734));
#4254=CARTESIAN_POINT('',(47.8012141937872,7.29927908576595,14.2992155087187));
#4255=CARTESIAN_POINT('',(48.139466330593,4.99999999999998,14.4033880637849));
#4256=CARTESIAN_POINT('',(45.8412070254024,4.99999999999998,14.0332935990753));
#4257=CARTESIAN_POINT('',(47.7048915682899,7.3012997679383,15.133332496074));
#4258=CARTESIAN_POINT('',(48.0563568894478,4.99999999999998,15.1500483939934));
#4259=CARTESIAN_POINT('',(45.7363853044203,4.99999999999998,14.9436368622959));
#4260=CARTESIAN_POINT('',(47.6392891351681,7.30256220068859,15.96702880179));
#4261=CARTESIAN_POINT('',(47.993441526691,4.99999999999997,15.9506482372585));
#4262=CARTESIAN_POINT('',(45.6652031251314,4.99999999999998,15.8519483112494));
#4263=CARTESIAN_POINT('',(47.6034803751168,7.30331904148251,16.9014909603036));
#4264=CARTESIAN_POINT('',(47.9571447373625,4.99999999999998,16.8640074844271));
#4265=CARTESIAN_POINT('',(45.6262350660008,4.99999999999998,16.8727106055568));
#4266=CARTESIAN_POINT('',(47.611156792542,7.30321773257292,17.9177382634371));
#4267=CARTESIAN_POINT('',(47.9639221667771,4.99999999999998,17.9061498195807));
#4268=CARTESIAN_POINT('',(45.6344749166675,4.99999999999998,17.9808354792853));
#4269=CARTESIAN_POINT('',(47.6725904034886,7.30192335502001,19.005111884517));
#4270=CARTESIAN_POINT('',(48.021487130433,4.99999999999998,18.9472821349222));
#4271=CARTESIAN_POINT('',(45.7013223229806,4.99999999999998,19.1671174641406));
#4272=CARTESIAN_POINT('',(47.8028074001593,7.29925981351596,20.2136427640363));
#4273=CARTESIAN_POINT('',(48.1374238612667,4.99999999999998,20.0711542280602));
#4274=CARTESIAN_POINT('',(45.8429287348359,4.99999999999998,20.4853865280069));
#4275=CARTESIAN_POINT('',(48.0460689260466,7.29430898682192,21.6576345754703));
#4276=CARTESIAN_POINT('',(48.3555856530646,4.99999999999998,21.4678150866227));
#4277=CARTESIAN_POINT('',(46.1074392823907,4.99999999999998,22.0606445850222));
#4278=CARTESIAN_POINT('',(48.4702411581109,7.28574413208385,23.3798882015164));
#4279=CARTESIAN_POINT('',(48.7592308701561,4.99999999999998,23.1997704763716));
#4280=CARTESIAN_POINT('',(46.5688425206234,4.99999999999998,23.9396914499958));
#4281=CARTESIAN_POINT('',(49.1094674374176,7.27323183004588,25.2428639032453));
#4282=CARTESIAN_POINT('',(49.4045426156481,4.99999999999998,25.1419577987376));
#4283=CARTESIAN_POINT('',(47.2640681496689,4.99999999999998,25.9718232385037));
#4284=CARTESIAN_POINT('',(49.9503308659984,7.25726038523595,27.1044627749947));
#4285=CARTESIAN_POINT('',(50.2110876907316,4.99999999999998,26.9674731877849));
#4286=CARTESIAN_POINT('',(48.1788441865637,4.99999999999998,28.0027304390313));
#4287=CARTESIAN_POINT('',(50.948409882239,7.23907592825829,28.862224881755));
#4288=CARTESIAN_POINT('',(51.1774782446549,4.99999999999997,28.7168045496236));
#4289=CARTESIAN_POINT('',(49.2647834396907,4.99999999999998,29.9202445363833));
#4290=CARTESIAN_POINT('',(52.372687072567,7.21427320512043,30.9086092830881));
#4291=CARTESIAN_POINT('',(52.5333900946943,4.99999999999998,30.7285228763906));
#4292=CARTESIAN_POINT('',(50.8147651076205,4.99999999999998,32.152701548972));
#4293=CARTESIAN_POINT('',(53.5889888343145,7.19449830633206,32.2644190565591));
#4294=CARTESIAN_POINT('',(53.7430434987631,4.99999999999997,32.1151235870587));
#4295=CARTESIAN_POINT('',(52.1386729492085,4.99999999999998,33.6317127473486));
#4296=CARTESIAN_POINT('',(54.4169496259594,7.18171194473657,33.0548162926005));
#4297=CARTESIAN_POINT('',(54.5545444718759,4.99999999999998,32.910988152258));
#4298=CARTESIAN_POINT('',(53.0400869419797,4.99999999999998,34.4939929898957));
#4299=FACE_BOUND('',#4300,.T.);
#4300=EDGE_LOOP('',(#5610,#5611,#5612));
#4301=(BOUNDED_SURFACE()B_SPLINE_SURFACE(3,2,(
(#4302,#4303,#4304),
(#4305,#4306,#4307),
(#4308,#4309,#4310),
(#4311,#4312,#4313),
(#4314,#4315,#4316),
(#4317,#4318,#4319),
(#4320,#4321,#4322),
(#4323,#4324,#4325),
(#4326,#4327,#4328),
(#4329,#4330,#4331),
(#4332,#4333,#4334),
(#4335,#4336,#4337),
(#4338,#4339,#4340),
(#4341,#4342,#4343),
(#4344,#4345,#4346),
(#4347,#4348,#4349),
(#4350,#4351,#4352)),
.UNSPECIFIED.,.F.,.F.,.F.)B_SPLINE_SURFACE_WITH_KNOTS((4,1,1,1,1,1,1,1,1,1,1,1,1,
1,4),
(3,3),
(0.,2.70821259807659,3.8089692514622,4.88511640200586,5.90257952408018,6.8192282686445,
7.68035258911422,8.49940863300421,9.26683747985678,10.0019787518023,10.7136272877733,
11.3433002653834,11.8433115017758,12.3042563464252,13.0000386088007),
(0.,1.),
.UNSPECIFIED.)GEOMETRIC_REPRESENTATION_ITEM()RATIONAL_B_SPLINE_SURFACE((
(1.,1.,1.),
(1.,1.00001428651037,1.),
(1.,0.99662077374074,1.),
(1.,0.987192677917878,1.),
(1.,0.979385904951892,1.),
(1.,0.970834823088223,1.),
(1.,0.962186672770577,1.),
(1.,0.953851372974639,1.),
(1.,0.946047434019013,1.),
(1.,0.939004119579984,1.),
(1.,0.932907328874742,1.),
(1.,0.928025327564622,1.),
(1.,0.924588576807394,1.),
(1.,0.922392727364418,1.),
(1.,0.92083627032266,1.),
(1.,0.920469625193008,1.),
(1.,0.920434612784,1.)))REPRESENTATION_ITEM('')SURFACE());
#4302=CARTESIAN_POINT('',(49.0000000077574,4.99999999999998,32.7022990860969));
#4303=CARTESIAN_POINT('',(49.0000000077574,4.99999999999998,32.702299084969));
#4304=CARTESIAN_POINT('',(49.0000000077573,4.99999999999998,32.7022990838411));
#4305=CARTESIAN_POINT('',(48.7510748706596,4.99993422047382,32.7339326741004));
#4306=CARTESIAN_POINT('',(48.7801273674784,5.00028124499554,32.8065076585099));
#4307=CARTESIAN_POINT('',(48.8178949084326,4.99993422047382,32.8749197535279));
#4308=CARTESIAN_POINT('',(48.3957348142317,4.96457704224398,32.7799564165112));
#4309=CARTESIAN_POINT('',(48.468501937187,4.94926424542551,32.9532996506009));
#4310=CARTESIAN_POINT('',(48.553983887709,4.96457704224398,33.1207672870231));
#4311=CARTESIAN_POINT('',(47.9573348963108,4.84796198917548,32.8380854310695));
#4312=CARTESIAN_POINT('',(48.0991242667399,4.79670471391124,33.1263643135052));
#4313=CARTESIAN_POINT('',(48.2224060419221,4.84796198917548,33.4228843811788));
#4314=CARTESIAN_POINT('',(47.6774624149059,4.74222694661277,32.8756948423525));
#4315=CARTESIAN_POINT('',(47.8719264856511,4.66505640334386,33.2326133309083));
#4316=CARTESIAN_POINT('',(48.0086112133845,4.74222694661277,33.6152605233491));
#4317=CARTESIAN_POINT('',(47.427616473847,4.61720917617663,32.9096632882567));
#4318=CARTESIAN_POINT('',(47.6756882320867,4.51430481198508,33.3243658658443));
#4319=CARTESIAN_POINT('',(47.8161060912867,4.61720917617663,33.7865719678401));
#4320=CARTESIAN_POINT('',(47.2076715718187,4.47667984114418,32.9398884750105));
#4321=CARTESIAN_POINT('',(47.5120220551349,4.35369365688955,33.4010134898958));
#4322=CARTESIAN_POINT('',(47.6453750720358,4.47667984114418,33.9370094874457));
#4323=CARTESIAN_POINT('',(47.0171092474814,4.32445297488622,32.9662695691462));
#4324=CARTESIAN_POINT('',(47.3780268301988,4.18905568651476,33.463972224404));
#4325=CARTESIAN_POINT('',(47.4965571242766,4.32445297488622,34.0671049084546));
#4326=CARTESIAN_POINT('',(46.8540573467818,4.16279103706808,32.9890444542274));
#4327=CARTESIAN_POINT('',(47.2694212056653,4.02246738613305,33.5152516512076));
#4328=CARTESIAN_POINT('',(47.3685333821665,4.16279103706808,34.1781667530277));
#4329=CARTESIAN_POINT('',(46.7167290163023,3.99321645428632,33.0083128385115));
#4330=CARTESIAN_POINT('',(47.1831552694853,3.85636668617815,33.556236229777));
#4331=CARTESIAN_POINT('',(47.2602633107042,3.99321645428632,34.271581671617));
#4332=CARTESIAN_POINT('',(46.6050227947177,3.81870326112637,33.0241014553142));
#4333=CARTESIAN_POINT('',(47.1163725458072,3.69243199840313,33.5881892381878));
#4334=CARTESIAN_POINT('',(47.1718567517949,3.81870326112637,34.347418728897));
#4335=CARTESIAN_POINT('',(46.5199076761896,3.6458957109654,33.0361533594727));
#4336=CARTESIAN_POINT('',(47.0677978563491,3.5353462185479,33.6116031156092));
#4337=CARTESIAN_POINT('',(47.1043282088995,3.6458957109654,34.4051657106498));
#4338=CARTESIAN_POINT('',(46.4604038246968,3.48310191000455,33.0445916978816));
#4339=CARTESIAN_POINT('',(47.036043546088,3.39432933693397,33.6270113558877));
#4340=CARTESIAN_POINT('',(47.057034163715,3.48310191000455,34.4455063598642));
#4341=CARTESIAN_POINT('',(46.4228812297059,3.33777369310176,33.0499740911564));
#4342=CARTESIAN_POINT('',(47.0166699780841,3.27164806710024,33.6364551710665));
#4343=CARTESIAN_POINT('',(47.0271359891731,3.33777369310176,34.4708912717448));
#4344=CARTESIAN_POINT('',(46.3958737095523,3.1791677911767,33.0537031410768));
#4345=CARTESIAN_POINT('',(47.00334413433,3.14341721460687,33.6429714756787));
#4346=CARTESIAN_POINT('',(47.0057074986275,3.1791677911767,34.4892688529314));
#4347=CARTESIAN_POINT('',(46.3890596560746,3.0686614462205,33.0550625195114));
#4348=CARTESIAN_POINT('',(47.000290953446,3.0538684078479,33.6444693637071));
#4349=CARTESIAN_POINT('',(46.9999963545301,3.0686614462205,34.4935862836479));
#4350=CARTESIAN_POINT('',(46.3887995124434,2.99998905317589,33.0548067889096));
#4351=CARTESIAN_POINT('',(46.9999998785532,2.99999102975049,33.6446119634222));
#4352=CARTESIAN_POINT('',(47.0000000017383,2.99998905317589,34.493985868097));
#4353=FACE_BOUND('',#4354,.T.);
#4354=EDGE_LOOP('',(#5613,#5614,#5615,#5616));
#4355=CYLINDRICAL_SURFACE('',#4356,2.);
#4356=AXIS2_PLACEMENT_3D('',#4357,#4358,#4359);
#4357=CARTESIAN_POINT('',(45.0000000017084,6.99999999999998,34.4939856933902));
#4358=DIRECTION('',(0.,1.,0.));
#4359=DIRECTION('',(1.,0.,3.37612959810939E-9));
#4360=FACE_BOUND('',#4361,.T.);
#4361=EDGE_LOOP('',(#5617,#5618,#5619));
#4362=(BOUNDED_SURFACE()B_SPLINE_SURFACE(3,2,(
(#4363,#4364,#4365),
(#4366,#4367,#4368),
(#4369,#4370,#4371),
(#4372,#4373,#4374),
(#4375,#4376,#4377),
(#4378,#4379,#4380),
(#4381,#4382,#4383),
(#4384,#4385,#4386),
(#4387,#4388,#4389),
(#4390,#4391,#4392),
(#4393,#4394,#4395),
(#4396,#4397,#4398),
(#4399,#4400,#4401),
(#4402,#4403,#4404),
(#4405,#4406,#4407),
(#4408,#4409,#4410)),
.UNSPECIFIED.,.F.,.F.,.F.)B_SPLINE_SURFACE_WITH_KNOTS((4,1,1,1,1,1,1,1,1,1,1,1,1,
4),
(3,3),
(-3.85021904401609E-5,1.63511573932188,2.27637703693812,2.91763833455436,3.59879458797208,
4.33574629162247,5.11586012710602,5.93414971161786,6.77779436125428,7.69330903533365,
8.64615568221696,9.68830461949092,10.7604027647677,13.),
(0.,1.),
.UNSPECIFIED.)GEOMETRIC_REPRESENTATION_ITEM()RATIONAL_B_SPLINE_SURFACE((
(1.,0.920434605257142,1.),
(1.,0.920416746820799,1.),
(1.,0.92239404962915,1.),
(1.,0.9278069707309,1.),
(1.,0.932361632666211,1.),
(1.,0.937922124421948,1.),
(1.,0.94448811502058,1.),
(1.,0.95187920218194,1.),
(1.,0.959730288082709,1.),
(1.,0.967829542974247,1.),
(1.,0.975831388012094,1.),
(1.,0.983507837994095,1.),
(1.,0.990289677199711,1.),
(1.,0.99758136504883,1.),
(1.,1.0000050118307,1.),
(1.,1.,1.)))REPRESENTATION_ITEM('')SURFACE());
#4363=CARTESIAN_POINT('',(46.3887995087545,-2.99998905509824,33.0548067853499));
#4364=CARTESIAN_POINT('',(46.9999999393997,-2.99999102711947,33.6446119368183));
#4365=CARTESIAN_POINT('',(47.0000000017383,-2.99998905509824,34.4939858731654));
#4366=CARTESIAN_POINT('',(46.3886822202845,-3.15127124198873,33.0548336052953));
#4367=CARTESIAN_POINT('',(47.0000890866584,-3.12689299234318,33.6445791224208));
#4368=CARTESIAN_POINT('',(46.9998927579366,-3.15127124198872,34.4940529671359));
#4369=CARTESIAN_POINT('',(46.4198676068407,-3.36606232337385,33.0503677113216));
#4370=CARTESIAN_POINT('',(47.0157136127026,-3.30274662595784,33.6368786033525));
#4371=CARTESIAN_POINT('',(47.0247873468566,-3.36606232337386,34.472965609475));
#4372=CARTESIAN_POINT('',(46.5119102845486,-3.62735140754326,33.0372818263));
#4373=CARTESIAN_POINT('',(47.0657550722589,-3.52696127221308,33.6125933953053));
#4374=CARTESIAN_POINT('',(47.0979812085906,-3.62735140754326,34.4105928121428));
#4375=CARTESIAN_POINT('',(46.5945336395341,-3.79896648171735,33.0255802292417));
#4376=CARTESIAN_POINT('',(47.1108964423691,-3.67564109937529,33.590825901023));
#4377=CARTESIAN_POINT('',(47.16354368241,-3.79896648171735,34.3545433537001));
#4378=CARTESIAN_POINT('',(46.6970965377597,-3.96473895030149,33.0111008136805));
#4379=CARTESIAN_POINT('',(47.17092179668,-3.82862437282559,33.5620762383297));
#4380=CARTESIAN_POINT('',(47.2447279189993,-3.96473895030149,34.2848974160204));
#4381=CARTESIAN_POINT('',(46.8233842389143,-4.12763376457558,32.9933255121829));
#4382=CARTESIAN_POINT('',(47.2495761815122,-3.98711762348236,33.5246595924789));
#4383=CARTESIAN_POINT('',(47.3443921238425,-4.12763376457559,34.1990577489457));
#4384=CARTESIAN_POINT('',(46.9740268560307,-4.28456816967544,32.9722956926916));
#4385=CARTESIAN_POINT('',(47.3493579401929,-4.14813282728881,33.477484905179));
#4386=CARTESIAN_POINT('',(47.462765269922,-4.28456816967544,34.0964450651774));
#4387=CARTESIAN_POINT('',(47.1486613839988,-4.43248253972006,32.9480255697213));
#4388=CARTESIAN_POINT('',(47.4707605212061,-4.30619986042656,33.4203779412215));
#4389=CARTESIAN_POINT('',(47.5993771828748,-4.43248253972006,33.9773329635189));
#4390=CARTESIAN_POINT('',(47.3466522022176,-4.56853337647741,32.9207609026532));
#4391=CARTESIAN_POINT('',(47.6161722598405,-4.45939333187398,33.3522202536314));
#4392=CARTESIAN_POINT('',(47.753368637376,-4.56853337647741,33.8419835535592));
#4393=CARTESIAN_POINT('',(47.5695427165177,-4.69145595744909,32.8903362836092));
#4394=CARTESIAN_POINT('',(47.7864097664998,-4.60313392569183,33.2725916164169));
#4395=CARTESIAN_POINT('',(47.9256083793624,-4.6914559574491,33.689293249496));
#4396=CARTESIAN_POINT('',(47.8171059033088,-4.79834004224419,32.8568816041728));
#4397=CARTESIAN_POINT('',(47.9858051201539,-4.73517448437165,33.1793696774007));
#4398=CARTESIAN_POINT('',(48.1154884126631,-4.79834004224418,33.5193233952559));
#4399=CARTESIAN_POINT('',(48.0946014722496,-4.88804410347283,32.819823122906));
#4400=CARTESIAN_POINT('',(48.2112849512782,-4.84740796618726,33.0738467637694));
#4401=CARTESIAN_POINT('',(48.3264909069849,-4.88804410347283,33.3283472408743));
#4402=CARTESIAN_POINT('',(48.4884883369687,-4.97489201432094,32.7679171109888));
#4403=CARTESIAN_POINT('',(48.5478029369891,-4.96375143140377,32.9159773252951));
#4404=CARTESIAN_POINT('',(48.6230014757922,-4.97489201432094,33.0566116165446));
#4405=CARTESIAN_POINT('',(48.7972745963149,-4.99998095453655,32.7280659813506));
#4406=CARTESIAN_POINT('',(48.818260789067,-5.00010901753282,32.7884241578799));
#4407=CARTESIAN_POINT('',(48.8516824383042,-4.99998095453655,32.8428773279752));
#4408=CARTESIAN_POINT('',(49.0000000077574,-5.00000000000002,32.7022990860969));
#4409=CARTESIAN_POINT('',(49.0000000077574,-5.00000000000002,32.7022990844051));
#4410=CARTESIAN_POINT('',(49.0000000077573,-5.00000000000002,32.7022990827132));
#4411=FACE_BOUND('',#4412,.T.);
#4412=EDGE_LOOP('',(#5620,#5621,#5622,#5623));
#4413=(BOUNDED_SURFACE()B_SPLINE_SURFACE(3,2,(
(#4414,#4415,#4416),
(#4417,#4418,#4419),
(#4420,#4421,#4422),
(#4423,#4424,#4425),
(#4426,#4427,#4428),
(#4429,#4430,#4431),
(#4432,#4433,#4434),
(#4435,#4436,#4437),
(#4438,#4439,#4440),
(#4441,#4442,#4443),
(#4444,#4445,#4446),
(#4447,#4448,#4449),
(#4450,#4451,#4452),
(#4453,#4454,#4455),
(#4456,#4457,#4458),
(#4459,#4460,#4461),
(#4462,#4463,#4464),
(#4465,#4466,#4467),
(#4468,#4469,#4470),
(#4471,#4472,#4473),
(#4474,#4475,#4476),
(#4477,#4478,#4479),
(#4480,#4481,#4482)),
.UNSPECIFIED.,.F.,.F.,.F.)B_SPLINE_SURFACE_WITH_KNOTS((4,1,1,1,1,1,1,1,1,1,1,1,1,
1,1,1,1,1,1,1,4),
(3,3),
(2.31400432090917,5.09907106903421,6.18992163588572,7.16567170637442,8.03111939512085,
8.78713453471481,9.42358443078032,9.85248393158758,10.2209558005852,10.5894276695827,
11.0993587902248,11.6378790630588,12.2063681618404,12.7174066715681,13.3899710322335,
14.3993615787721,15.475424330685,16.5594400158159,17.4837787212381,18.5626358505466,
20.3070867300833),
(0.,1.),
.UNSPECIFIED.)GEOMETRIC_REPRESENTATION_ITEM()RATIONAL_B_SPLINE_SURFACE((
(1.,0.674092563092801,1.),
(1.,0.670320881915628,1.),
(1.,0.66521851965788,1.),
(1.,0.659850210862345,1.),
(1.,0.657037878313578,1.),
(1.,0.654947918236258,1.),
(1.,0.653497635533378,1.),
(1.,0.652555750067238,1.),
(1.,0.652077077255154,1.),
(1.,0.651654149785548,1.),
(1.,0.651418144368596,1.),
(1.,0.651296225527308,1.),
(1.,0.651308802385736,1.),
(1.,0.651555338299234,1.),
(1.,0.652012862938121,1.),
(1.,0.652915183611991,1.),
(1.,0.654535782002125,1.),
(1.,0.657054717160525,1.),
(1.,0.660068843814308,1.),
(1.,0.663510374939755,1.),
(1.,0.668096789487632,1.),
(1.,0.671854797548177,1.),
(1.,0.67421953752772,1.)))REPRESENTATION_ITEM('')SURFACE());
#4414=CARTESIAN_POINT('',(54.3726073949906,-7.18239694570753,1.43531692405266));
#4415=CARTESIAN_POINT('',(54.5111737478992,-5.00000000000002,1.5793487207377));
#4416=CARTESIAN_POINT('',(52.9918197117547,-5.00000000000002,-7.79050677449209E-6));
#4417=CARTESIAN_POINT('',(53.089546542186,-7.2022038586509,2.66630323111255));
#4418=CARTESIAN_POINT('',(53.2152715226311,-5.00000000000002,2.85687344565121));
#4419=CARTESIAN_POINT('',(51.5949972211465,-5.00000000000002,1.34285134790375));
#4420=CARTESIAN_POINT('',(51.4862667490069,-7.22924617750222,4.62721755323675));
#4421=CARTESIAN_POINT('',(51.6466850108486,-5.00000000000003,4.8473016320406));
#4422=CARTESIAN_POINT('',(49.8499686036779,-5.00000000000003,3.48210498129397));
#4423=CARTESIAN_POINT('',(49.9318669925259,-7.25760915899682,7.3765575958356));
#4424=CARTESIAN_POINT('',(50.1514024107121,-5.00000000000002,7.59824811159115));
#4425=CARTESIAN_POINT('',(48.1587444518403,-5.00000000000002,6.48135828663511));
#4426=CARTESIAN_POINT('',(49.137818523168,-7.27268494376964,9.15243760013108));
#4427=CARTESIAN_POINT('',(49.4018307714089,-5.00000000000002,9.33804609980359));
#4428=CARTESIAN_POINT('',(47.2949452426448,-5.00000000000002,8.41860747446375));
#4429=CARTESIAN_POINT('',(48.5740980695308,-7.28375556725288,10.7580406865146));
#4430=CARTESIAN_POINT('',(48.8653063377779,-5.00000000000002,10.9267874786064));
#4431=CARTESIAN_POINT('',(46.6817060080095,-5.00000000000002,10.1704076298884));
#4432=CARTESIAN_POINT('',(48.1923810873909,-7.29135099591632,12.1665526320006));
#4433=CARTESIAN_POINT('',(48.4988298756294,-5.00000000000002,12.3373049200563));
#4434=CARTESIAN_POINT('',(46.2665935984105,-5.00000000000002,11.7067993720236));
#4435=CARTESIAN_POINT('',(47.9494245230824,-7.29629536962484,13.3455037274835));
#4436=CARTESIAN_POINT('',(48.2738541873261,-5.00000000000002,13.4893208894238));
#4437=CARTESIAN_POINT('',(46.0023234509396,-5.00000000000002,12.9931062670628));
#4438=CARTESIAN_POINT('',(47.8012141936352,-7.29927908576913,14.2992155098473));
#4439=CARTESIAN_POINT('',(48.1394663304494,-5.00000000000002,14.403388064905));
#4440=CARTESIAN_POINT('',(45.8412070252369,-5.00000000000002,14.0332936003085));
#4441=CARTESIAN_POINT('',(47.704891568178,-7.3012997679404,15.1333324972195));
#4442=CARTESIAN_POINT('',(48.056356889355,-5.00000000000002,15.1500483949865));
#4443=CARTESIAN_POINT('',(45.7363853042988,-5.00000000000002,14.9436368635434));
#4444=CARTESIAN_POINT('',(47.6392891350784,-7.30256220069065,15.9670288032207));
#4445=CARTESIAN_POINT('',(47.9934415266107,-5.00000000000002,15.9506482385265));
#4446=CARTESIAN_POINT('',(45.665203125034,-5.00000000000002,15.8519483128102));
#4447=CARTESIAN_POINT('',(47.6034803750708,-7.30331904148356,16.9014909624433));
#4448=CARTESIAN_POINT('',(47.9571447373134,-5.00000000000002,16.8640074863906));
#4449=CARTESIAN_POINT('',(45.6262350659506,-5.00000000000002,16.8727106078947));
#4450=CARTESIAN_POINT('',(47.6111567926228,-7.30321773257146,17.9177382664405));
#4451=CARTESIAN_POINT('',(47.9639221668543,-5.00000000000002,17.9061498226587));
#4452=CARTESIAN_POINT('',(45.6344749167552,-5.00000000000002,17.9808354825543));
#4453=CARTESIAN_POINT('',(47.6725904037893,-7.30192335501388,19.0051118882908));
#4454=CARTESIAN_POINT('',(48.0214871307243,-5.00000000000002,18.9472821387353));
#4455=CARTESIAN_POINT('',(45.7013223233075,-5.00000000000002,19.1671174682613));
#4456=CARTESIAN_POINT('',(47.8028074007257,-7.2992598135041,20.2136427681249));
#4457=CARTESIAN_POINT('',(48.1374238618189,-5.00000000000002,20.071154232295));
#4458=CARTESIAN_POINT('',(45.8429287354523,-5.00000000000002,20.4853865324675));
#4459=CARTESIAN_POINT('',(48.0460689268826,-7.29430898680495,21.6576345794367));
#4460=CARTESIAN_POINT('',(48.3555856538599,-5.00000000000003,21.4678150906239));
#4461=CARTESIAN_POINT('',(46.1074392833003,-5.00000000000002,22.0606445893516));
#4462=CARTESIAN_POINT('',(48.4702411591215,-7.2857441320641,23.3798882048606));
#4463=CARTESIAN_POINT('',(48.7592308711665,-5.00000000000002,23.1997704798583));
#4464=CARTESIAN_POINT('',(46.5688425217219,-5.00000000000002,23.9396914536421));
#4465=CARTESIAN_POINT('',(49.1094674384266,-7.2732318300263,25.2428639057048));
#4466=CARTESIAN_POINT('',(49.4045426166239,-5.00000000000002,25.1419578011623));
#4467=CARTESIAN_POINT('',(47.2640681507668,-5.00000000000002,25.9718232411877));
#4468=CARTESIAN_POINT('',(49.9503308668241,-7.25726038522077,27.1044627765641));
#4469=CARTESIAN_POINT('',(50.2110876914778,-5.00000000000002,26.9674731892225));
#4470=CARTESIAN_POINT('',(48.1788441874621,-5.00000000000002,28.0027304407432));
#4471=CARTESIAN_POINT('',(50.9484098828763,-7.23907592824708,28.8622248827441));
#4472=CARTESIAN_POINT('',(51.1774782451938,-5.00000000000002,28.7168045504943));
#4473=CARTESIAN_POINT('',(49.2647834403842,-5.00000000000002,29.9202445374624));
#4474=CARTESIAN_POINT('',(52.3726870729791,-7.21427320511365,30.908609283567));
#4475=CARTESIAN_POINT('',(52.5333900950627,-5.00000000000002,30.7285228768384));
#4476=CARTESIAN_POINT('',(50.814765108069,-5.00000000000002,32.1527015494942));
#4477=CARTESIAN_POINT('',(53.5889888345204,-7.19449830632876,32.2644190567557));
#4478=CARTESIAN_POINT('',(53.7430434990113,-5.00000000000002,32.1151235873021));
#4479=CARTESIAN_POINT('',(52.1386729494328,-5.00000000000002,33.6317127475632));
#4480=CARTESIAN_POINT('',(54.4169496259595,-7.18171194473651,33.0548162926006));
#4481=CARTESIAN_POINT('',(54.5545444718759,-5.00000000000002,32.910988152258));
#4482=CARTESIAN_POINT('',(53.0400869419797,-5.00000000000002,34.4939929898957));
#4483=FACE_BOUND('',#4484,.T.);
#4484=EDGE_LOOP('',(#5624,#5625,#5626,#5627,#5628));
#4485=TOROIDAL_SURFACE('',#4486,20.,2.);
#4486=AXIS2_PLACEMENT_3D('',#4487,#4488,#4489);
#4487=CARTESIAN_POINT('',(61.6655954667024,-3.00000000000003,17.2238401295228));
#4488=DIRECTION('',(2.42858750886655E-16,1.,-1.02369188828123E-24));
#4489=DIRECTION('',(-0.505241970176662,1.22702432889193E-16,-0.86297772368237));
#4490=FACE_BOUND('',#4491,.T.);
#4491=EDGE_LOOP('',(#5629,#5630,#5631));
#4492=(BOUNDED_SURFACE()B_SPLINE_SURFACE(3,2,(
(#4493,#4494,#4495),
(#4496,#4497,#4498),
(#4499,#4500,#4501),
(#4502,#4503,#4504),
(#4505,#4506,#4507),
(#4508,#4509,#4510),
(#4511,#4512,#4513),
(#4514,#4515,#4516),
(#4517,#4518,#4519),
(#4520,#4521,#4522),
(#4523,#4524,#4525),
(#4526,#4527,#4528),
(#4529,#4530,#4531),
(#4532,#4533,#4534),
(#4535,#4536,#4537),
(#4538,#4539,#4540),
(#4541,#4542,#4543)),
.UNSPECIFIED.,.F.,.F.,.F.)B_SPLINE_SURFACE_WITH_KNOTS((4,1,1,1,1,1,1,1,1,1,1,1,1,
1,4),
(3,3),
(-2.89897875752165E-6,0.148480279033429,0.209218056313112,0.269955833592794,0.331564102395553,
0.394000496245132,0.455008001863706,0.515419574725119,0.575790409393925,0.63616124406273,
0.696700596533521,0.757627025688618,0.819079902169683,0.881670256789945,1.),
(0.,1.),
.UNSPECIFIED.)GEOMETRIC_REPRESENTATION_ITEM()RATIONAL_B_SPLINE_SURFACE((
(1.,0.920434670018594,1.),
(1.,0.919068190953171,1.),
(1.,0.919204965673531,1.),
(1.,0.92361415703134,1.),
(1.,0.92818603047454,1.),
(1.,0.934246187349325,1.),
(1.,0.941513354388298,1.),
(1.,0.949571999266649,1.),
(1.,0.957974676194685,1.),
(1.,0.966387111951354,1.),
(1.,0.974463092983522,1.),
(1.,0.981867962803344,1.),
(1.,0.988310399676564,1.),
(1.,0.993558044262931,1.),
(1.,0.998522689875304,1.),
(1.,1.0000113216259,1.),
(1.,1.,1.)))REPRESENTATION_ITEM('')SURFACE());
#4493=CARTESIAN_POINT('',(55.0228845927923,-7.26169202635702,34.4939856917419));
#4494=CARTESIAN_POINT('',(55.0228844889272,-7.26169281100633,33.6446121777698));
#4495=CARTESIAN_POINT('',(54.4169392445064,-7.18172062862666,33.0548074571198));
#4496=CARTESIAN_POINT('',(55.0445796095292,-7.09778311307897,34.4939856917419));
#4497=CARTESIAN_POINT('',(55.0474229753155,-7.07779828977829,33.6363131027452));
#4498=CARTESIAN_POINT('',(54.4260034775839,-7.0389694950985,33.0453328815372));
#4499=CARTESIAN_POINT('',(55.0462127204302,-6.85856881222817,34.493985691742));
#4500=CARTESIAN_POINT('',(55.0458576864637,-6.80637520484875,33.6379089241644));
#4501=CARTESIAN_POINT('',(54.4241047796209,-6.8215137124679,33.0473173555324));
#4502=CARTESIAN_POINT('',(54.9940035200171,-6.55594558042497,34.493985691742));
#4503=CARTESIAN_POINT('',(54.9733735105322,-6.46190833569476,33.6689193500269));
#4504=CARTESIAN_POINT('',(54.3867747143974,-6.5318608865774,33.0863367793193));
#4505=CARTESIAN_POINT('',(54.9362068881557,-6.3525079632509,34.493985691742));
#4506=CARTESIAN_POINT('',(54.8978094039716,-6.23693046797021,33.7011747283535));
#4507=CARTESIAN_POINT('',(54.3459170052558,-6.33204431347884,33.1290435825324));
#4508=CARTESIAN_POINT('',(54.8583044223129,-6.15812184863334,34.493985691742));
#4509=CARTESIAN_POINT('',(54.7968660375382,-6.02322488247356,33.744525623049));
#4510=CARTESIAN_POINT('',(54.290304563932,-6.13725347655333,33.1871729398351));
#4511=CARTESIAN_POINT('',(54.7603377408458,-5.97270315448108,34.493985691742));
#4512=CARTESIAN_POINT('',(54.6740386033991,-5.82692475264137,33.7976725539265));
#4513=CARTESIAN_POINT('',(54.2194666225378,-5.94890282233004,33.2612169348888));
#4514=CARTESIAN_POINT('',(54.6441719861157,-5.79947654300307,34.4939856917421));
#4515=CARTESIAN_POINT('',(54.5344573745135,-5.65237714671578,33.8584556834948));
#4516=CARTESIAN_POINT('',(54.1346378243185,-5.77182967444993,33.3498850542854));
#4517=CARTESIAN_POINT('',(54.511644356275,-5.64034780285844,34.493985691742));
#4518=CARTESIAN_POINT('',(54.3833286445691,-5.50131603174497,33.9245359935506));
#4519=CARTESIAN_POINT('',(54.0374333590384,-5.6094148495415,33.4514890122014));
#4520=CARTESIAN_POINT('',(54.3641632791272,-5.49636450094725,34.4939856917421));
#4521=CARTESIAN_POINT('',(54.2233977675223,-5.37257524349336,33.9945511068228));
#4522=CARTESIAN_POINT('',(53.9294728431647,-5.46383635914617,33.5643358939811));
#4523=CARTESIAN_POINT('',(54.2026697662643,-5.36826626654564,34.4939856917421));
#4524=CARTESIAN_POINT('',(54.0572564629191,-5.26512182977994,34.0671372630512));
#4525=CARTESIAN_POINT('',(53.8122723734588,-5.33655091861883,33.686840988972));
#4526=CARTESIAN_POINT('',(54.028295576902,-5.25709196557416,34.4939856917421));
#4527=CARTESIAN_POINT('',(53.8871643444802,-5.1777731592133,34.14103473076));
#4528=CARTESIAN_POINT('',(53.6876475388938,-5.22884324703882,33.8171065379128));
#4529=CARTESIAN_POINT('',(53.8421191704363,-5.1638954902533,34.4939856917421));
#4530=CARTESIAN_POINT('',(53.7146821149186,-5.1091388526897,34.2152736403127));
#4531=CARTESIAN_POINT('',(53.5574445050746,-5.14149463942121,33.953202819724));
#4532=CARTESIAN_POINT('',(53.6458652047223,-5.09008072539985,34.4939856917421));
#4533=CARTESIAN_POINT('',(53.5404262504797,-5.05774413556529,34.289296352538));
#4534=CARTESIAN_POINT('',(53.4239373519641,-5.07508382294266,34.0927528293998));
#4535=CARTESIAN_POINT('',(53.3795394788094,-5.02076709123065,34.4939856917422));
#4536=CARTESIAN_POINT('',(53.3139745937784,-5.01230284197413,34.3838822069231));
#4537=CARTESIAN_POINT('',(53.2486064342638,-5.01567555700845,34.2760197258196));
#4538=CARTESIAN_POINT('',(53.1746933186299,-4.99997638991555,34.4939856917422));
#4539=CARTESIAN_POINT('',(53.1472196870085,-5.00001086600543,34.4515129912511));
#4540=CARTESIAN_POINT('',(53.1208016928979,-4.99997049095445,34.4096093609755));
#4541=CARTESIAN_POINT('',(53.0400791854613,-5.00000000000007,34.4939856917422));
#4542=CARTESIAN_POINT('',(53.0400791854612,-5.00000000000005,34.4939856917422));
#4543=CARTESIAN_POINT('',(53.0400791854613,-5.00000000000002,34.4939856917422));
#4544=FACE_BOUND('',#4545,.T.);
#4545=EDGE_LOOP('',(#5632,#5633,#5634,#5635));
#4546=TOROIDAL_SURFACE('',#4547,53.5,2.);
#4547=AXIS2_PLACEMENT_3D('',#4548,#4549,#4550);
#4548=CARTESIAN_POINT('',(-4.2242949167226E-15,-2.1121474583613E-15,34.4939856917417));
#4549=DIRECTION('',(-1.22464679914735E-16,-6.12323399573677E-17,1.));
#4550=DIRECTION('',(0.0591107979854122,-0.998251428028795,-5.38862858491988E-17));
#4551=FACE_BOUND('',#4552,.T.);
#4552=EDGE_LOOP('',(#5636,#5637,#5638));
#4553=(BOUNDED_SURFACE()B_SPLINE_SURFACE(3,2,(
(#4554,#4555,#4556),
(#4557,#4558,#4559),
(#4560,#4561,#4562),
(#4563,#4564,#4565),
(#4566,#4567,#4568),
(#4569,#4570,#4571),
(#4572,#4573,#4574),
(#4575,#4576,#4577),
(#4578,#4579,#4580),
(#4581,#4582,#4583),
(#4584,#4585,#4586),
(#4587,#4588,#4589),
(#4590,#4591,#4592),
(#4593,#4594,#4595),
(#4596,#4597,#4598),
(#4599,#4600,#4601),
(#4602,#4603,#4604)),
.UNSPECIFIED.,.F.,.F.,.F.)B_SPLINE_SURFACE_WITH_KNOTS((4,1,1,1,1,1,1,1,1,1,1,1,1,
1,4),
(3,3),
(-2.8989787575215E-6,0.148480279044729,0.209218056326039,0.26995583360735,0.331564102410133,
0.394000496258625,0.455008001876221,0.515419574738422,0.57579040940602,0.636161244073618,
0.696700596545642,0.757627025699817,0.81907990218116,0.881670256801036,1.),
(0.,1.),
.UNSPECIFIED.)GEOMETRIC_REPRESENTATION_ITEM()RATIONAL_B_SPLINE_SURFACE((
(1.,0.920434670018594,1.),
(1.,0.919068190953103,1.),
(1.,0.91920496567358,1.),
(1.,0.923614157032113,1.),
(1.,0.928186030475733,1.),
(1.,0.934246187350873,1.),
(1.,0.941513354389979,1.),
(1.,0.949571999268422,1.),
(1.,0.957974676196442,1.),
(1.,0.966387111953006,1.),
(1.,0.974463092985023,1.),
(1.,0.98186796280465,1.),
(1.,0.988310399677672,1.),
(1.,0.993558044263761,1.),
(1.,0.998522689875529,1.),
(1.,1.00001132162594,1.),
(1.,1.,1.)))REPRESENTATION_ITEM('')SURFACE());
#4554=CARTESIAN_POINT('',(7.26169202635694,-55.0228845927923,34.4939856917419));
#4555=CARTESIAN_POINT('',(7.26169281100625,-55.0228844889272,33.6446121777698));
#4556=CARTESIAN_POINT('',(7.18172062862659,-54.4169392445065,33.0548074571198));
#4557=CARTESIAN_POINT('',(7.09778311306756,-55.0445796095308,34.4939856917419));
#4558=CARTESIAN_POINT('',(7.07779828976422,-55.0474229753174,33.6363131027445));
#4559=CARTESIAN_POINT('',(7.03896949508882,-54.4260034775845,33.0453328815366));
#4560=CARTESIAN_POINT('',(6.8585688122017,-55.0462127204298,34.493985691742));
#4561=CARTESIAN_POINT('',(6.80637520481697,-55.0458576864626,33.6379089241648));
#4562=CARTESIAN_POINT('',(6.82151371244321,-54.4241047796204,33.047317355533));
#4563=CARTESIAN_POINT('',(6.55594558038379,-54.994003520008,34.493985691742));
#4564=CARTESIAN_POINT('',(6.4619083356459,-54.9733735105192,33.6689193500324));
#4565=CARTESIAN_POINT('',(6.53186088653763,-54.386774714391,33.0863367793261));
#4566=CARTESIAN_POINT('',(6.35250796320651,-54.9362068881406,34.493985691742));
#4567=CARTESIAN_POINT('',(6.23693046791972,-54.8978094039515,33.701174728362));
#4568=CARTESIAN_POINT('',(6.33204431343475,-54.3459170052452,33.1290435825436));
#4569=CARTESIAN_POINT('',(6.15812184859018,-54.858304422293,34.493985691742));
#4570=CARTESIAN_POINT('',(6.02322488242613,-54.7968660375122,33.7445256230603));
#4571=CARTESIAN_POINT('',(6.1372534765098,-54.2903045639176,33.18717293985));
#4572=CARTESIAN_POINT('',(5.97270315444118,-54.7603377408221,34.493985691742));
#4573=CARTESIAN_POINT('',(5.82692475260047,-54.67403860337,33.797672553939));
#4574=CARTESIAN_POINT('',(5.94890282228937,-54.2194666225205,33.261216934907));
#4575=CARTESIAN_POINT('',(5.79947654296727,-54.6441719860888,34.493985691742));
#4576=CARTESIAN_POINT('',(5.65237714668068,-54.5344573744821,33.8584556835085));
#4577=CARTESIAN_POINT('',(5.77182967441333,-54.1346378242988,33.3498850543059));
#4578=CARTESIAN_POINT('',(5.64034780282681,-54.5116443562458,34.4939856917421));
#4579=CARTESIAN_POINT('',(5.50131603171567,-54.3833286445364,33.9245359935648));
#4580=CARTESIAN_POINT('',(5.60941484950939,-54.037433359017,33.4514890122238));
#4581=CARTESIAN_POINT('',(5.49636450091983,-54.3641632790961,34.4939856917421));
#4582=CARTESIAN_POINT('',(5.37257524346979,-54.2233977674895,33.9945511068371));
#4583=CARTESIAN_POINT('',(5.46383635911868,-53.929472843142,33.5643358940048));
#4584=CARTESIAN_POINT('',(5.36826626652237,-54.2026697662316,34.4939856917421));
#4585=CARTESIAN_POINT('',(5.26512182976106,-54.0572564628865,34.0671372630654));
#4586=CARTESIAN_POINT('',(5.33655091859603,-53.8122723734353,33.6868409889966));
#4587=CARTESIAN_POINT('',(5.25709196555463,-54.0282955768678,34.4939856917421));
#4588=CARTESIAN_POINT('',(5.17777315919864,-53.8871643444481,34.141034730774));
#4589=CARTESIAN_POINT('',(5.22884324702023,-53.6876475388695,33.8171065379382));
#4590=CARTESIAN_POINT('',(5.16389549023764,-53.8421191704006,34.4939856917421));
#4591=CARTESIAN_POINT('',(5.10913885267835,-53.7146821148858,34.2152736403268));
#4592=CARTESIAN_POINT('',(5.14149463940687,-53.55744450505,33.9532028197497));
#4593=CARTESIAN_POINT('',(5.09008072538853,-53.6458652046866,34.4939856917421));
#4594=CARTESIAN_POINT('',(5.05774413555743,-53.5404262504481,34.2892963525515));
#4595=CARTESIAN_POINT('',(5.07508382293275,-53.4239373519402,34.0927528294248));
#4596=CARTESIAN_POINT('',(5.02076709122749,-53.3795394787852,34.4939856917421));
#4597=CARTESIAN_POINT('',(5.01230284197214,-53.3139745937575,34.3838822069318));
#4598=CARTESIAN_POINT('',(5.01567555700608,-53.2486064342486,34.2760197258356));
#4599=CARTESIAN_POINT('',(4.99997638991548,-53.1746933186185,34.4939856917422));
#4600=CARTESIAN_POINT('',(5.00001086600538,-53.147219686999,34.4515129912559));
#4601=CARTESIAN_POINT('',(4.99997049095442,-53.1208016928911,34.4096093609827));
#4602=CARTESIAN_POINT('',(4.99999999999999,-53.0400791854613,34.4939856917422));
#4603=CARTESIAN_POINT('',(4.99999999999999,-53.0400791854613,34.4939856917422));
#4604=CARTESIAN_POINT('',(4.99999999999998,-53.0400791854613,34.4939856917422));
#4605=FACE_BOUND('',#4606,.T.);
#4606=EDGE_LOOP('',(#5639,#5640,#5641,#5642,#5643));
#4607=TOROIDAL_SURFACE('',#4608,20.,2.);
#4608=AXIS2_PLACEMENT_3D('',#4609,#4610,#4611);
#4609=CARTESIAN_POINT('',(2.99999999999998,-61.6655954667024,17.2238401295228));
#4610=DIRECTION('',(1.,-1.81626410929287E-16,-1.02369188828123E-24));
#4611=DIRECTION('',(9.17652848106057E-17,0.505241970176661,-0.86297772368237));
#4612=FACE_BOUND('',#4613,.T.);
#4613=EDGE_LOOP('',(#5644,#5645,#5646,#5647));
#4614=(BOUNDED_SURFACE()B_SPLINE_SURFACE(3,2,(
(#4615,#4616,#4617),
(#4618,#4619,#4620),
(#4621,#4622,#4623),
(#4624,#4625,#4626),
(#4627,#4628,#4629),
(#4630,#4631,#4632),
(#4633,#4634,#4635),
(#4636,#4637,#4638),
(#4639,#4640,#4641),
(#4642,#4643,#4644),
(#4645,#4646,#4647),
(#4648,#4649,#4650),
(#4651,#4652,#4653),
(#4654,#4655,#4656),
(#4657,#4658,#4659),
(#4660,#4661,#4662),
(#4663,#4664,#4665),
(#4666,#4667,#4668),
(#4669,#4670,#4671),
(#4672,#4673,#4674),
(#4675,#4676,#4677),
(#4678,#4679,#4680),
(#4681,#4682,#4683)),
.UNSPECIFIED.,.F.,.F.,.F.)B_SPLINE_SURFACE_WITH_KNOTS((4,1,1,1,1,1,1,1,1,1,1,1,1,
1,1,1,1,1,1,1,4),
(3,3),
(2.31400432090918,5.09907106902929,6.18992163586807,7.1656717060238,8.03111939469546,
8.7871345342868,9.42358443037868,9.85248393123841,10.2209558002898,10.5894276693411,
11.0993587897488,11.637879062343,12.2063681608741,12.71740667064,13.3899710312516,
14.3993615779859,15.4754243301326,16.5594400157199,17.4837787214278,18.5626358507674,
20.3070867300833),
(0.,1.),
.UNSPECIFIED.)GEOMETRIC_REPRESENTATION_ITEM()RATIONAL_B_SPLINE_SURFACE((
(1.,0.674092563092801,1.),
(1.,0.670320881915635,1.),
(1.,0.66521851965791,1.),
(1.,0.659850210862757,1.),
(1.,0.657037878314316,1.),
(1.,0.654947918237141,1.),
(1.,0.65349763553411,1.),
(1.,0.652555750067734,1.),
(1.,0.652077077255569,1.),
(1.,0.651654149785764,1.),
(1.,0.651418144368686,1.),
(1.,0.651296225527352,1.),
(1.,0.651308802385889,1.),
(1.,0.651555338298163,1.),
(1.,0.652012862937166,1.),
(1.,0.652915183610599,1.),
(1.,0.654535782000468,1.),
(1.,0.65705471715918,1.),
(1.,0.660068843813777,1.),
(1.,0.663510374940109,1.),
(1.,0.668096789488175,1.),
(1.,0.671854797548477,1.),
(1.,0.67421953752772,1.)))REPRESENTATION_ITEM('')SURFACE());
#4615=CARTESIAN_POINT('',(7.18239694570751,-54.3726073949906,1.43531692405265));
#4616=CARTESIAN_POINT('',(4.99999999999998,-54.5111737478992,1.5793487207377));
#4617=CARTESIAN_POINT('',(4.99999999999998,-52.9918197117547,-7.79050677980729E-6));
#4618=CARTESIAN_POINT('',(7.20220385865093,-53.0895465421892,2.66630323110945));
#4619=CARTESIAN_POINT('',(4.99999999999998,-53.2152715226334,2.85687344564888));
#4620=CARTESIAN_POINT('',(4.99999999999998,-51.59499722115,1.34285134790043));
#4621=CARTESIAN_POINT('',(7.22924617750117,-51.4862667490615,4.62721755316973));
#4622=CARTESIAN_POINT('',(4.99999999999998,-51.6466850108577,4.84730163202894));
#4623=CARTESIAN_POINT('',(4.99999999999998,-49.8499686037372,3.4821049812208));
#4624=CARTESIAN_POINT('',(7.25760915899458,-49.9318669926502,7.37655759560752));
#4625=CARTESIAN_POINT('',(4.99999999999998,-50.1514024108274,7.59824811137744));
#4626=CARTESIAN_POINT('',(4.99999999999998,-48.1587444519756,6.4813582863864));
#4627=CARTESIAN_POINT('',(7.2726849437656,-49.137818523367,9.1524375996529));
#4628=CARTESIAN_POINT('',(4.99999999999998,-49.4018307716033,9.33804609932792));
#4629=CARTESIAN_POINT('',(4.99999999999998,-47.2949452428613,8.41860747394193));
#4630=CARTESIAN_POINT('',(7.28375556724881,-48.574098069746,10.7580406858366));
#4631=CARTESIAN_POINT('',(4.99999999999998,-48.8653063380027,10.9267874778615));
#4632=CARTESIAN_POINT('',(4.99999999999998,-46.6817060082435,10.170407629149));
#4633=CARTESIAN_POINT('',(7.29135099591253,-48.1923810875759,12.1665526312275));
#4634=CARTESIAN_POINT('',(4.99999999999998,-48.4988298758092,12.3373049192667));
#4635=CARTESIAN_POINT('',(4.99999999999998,-46.2665935986117,11.7067993711804));
#4636=CARTESIAN_POINT('',(7.29629536962199,-47.9494245232172,13.3455037267357));
#4637=CARTESIAN_POINT('',(4.99999999999998,-48.2738541874542,13.4893208886751));
#4638=CARTESIAN_POINT('',(4.99999999999998,-46.002323451086,12.9931062662477));
#4639=CARTESIAN_POINT('',(7.29927908576726,-47.8012141937256,14.2992155091742));
#4640=CARTESIAN_POINT('',(4.99999999999998,-48.1394663305349,14.4033880642359));
#4641=CARTESIAN_POINT('',(4.99999999999998,-45.8412070253352,14.033293599573));
#4642=CARTESIAN_POINT('',(7.30129976793922,-47.7048915682399,15.1333324965794));
#4643=CARTESIAN_POINT('',(4.99999999999998,-48.0563568894078,15.1500483944183));
#4644=CARTESIAN_POINT('',(4.99999999999998,-45.736385304366,14.9436368628464));
#4645=CARTESIAN_POINT('',(7.3025622006897,-47.639289135123,15.967028802494));
#4646=CARTESIAN_POINT('',(4.99999999999998,-47.993441526651,15.9506482378749));
#4647=CARTESIAN_POINT('',(4.99999999999998,-45.6652031250824,15.8519483120174));
#4648=CARTESIAN_POINT('',(7.30331904148298,-47.6034803750916,16.9014909614374));
#4649=CARTESIAN_POINT('',(4.99999999999998,-47.9571447373356,16.8640074854653));
#4650=CARTESIAN_POINT('',(4.99999999999998,-45.6262350659732,16.8727106067957));
#4651=CARTESIAN_POINT('',(7.30321773257215,-47.6111567925857,17.9177382650863));
#4652=CARTESIAN_POINT('',(4.99999999999998,-47.9639221668188,17.9061498212695));
#4653=CARTESIAN_POINT('',(4.99999999999998,-45.6344749167149,17.9808354810803));
#4654=CARTESIAN_POINT('',(7.30192335501652,-47.6725904036562,19.0051118866264));
#4655=CARTESIAN_POINT('',(4.99999999999998,-48.0214871305955,18.947282137057));
#4656=CARTESIAN_POINT('',(4.99999999999998,-45.7013223231628,19.1671174664439));
#4657=CARTESIAN_POINT('',(7.29925981350926,-47.8028074004797,20.2136427663528));
#4658=CARTESIAN_POINT('',(4.99999999999998,-48.1374238615786,20.0711542304554));
#4659=CARTESIAN_POINT('',(4.99999999999998,-45.8429287351845,20.4853865305342));
#4660=CARTESIAN_POINT('',(7.29430898681213,-48.0460689265262,21.6576345777508));
#4661=CARTESIAN_POINT('',(4.99999999999998,-48.3555856535202,21.4678150889189));
#4662=CARTESIAN_POINT('',(4.99999999999998,-46.1074392829125,22.0606445875113));
#4663=CARTESIAN_POINT('',(7.28574413207227,-48.4702411587103,23.3798882035113));
#4664=CARTESIAN_POINT('',(4.99999999999998,-48.7592308707467,23.1997704784188));
#4665=CARTESIAN_POINT('',(4.99999999999998,-46.568842521275,23.9396914521709));
#4666=CARTESIAN_POINT('',(7.27323183003307,-49.1094674380693,25.2428639048548));
#4667=CARTESIAN_POINT('',(4.99999999999998,-49.404542616269,25.141957800302));
#4668=CARTESIAN_POINT('',(4.99999999999998,-47.2640681503779,25.9718232402599));
#4669=CARTESIAN_POINT('',(7.25726038522393,-49.950330866652,27.1044627762645));
#4670=CARTESIAN_POINT('',(4.99999999999998,-50.211087691326,26.9674731889638));
#4671=CARTESIAN_POINT('',(4.99999999999998,-48.1788441872748,28.0027304404164));
#4672=CARTESIAN_POINT('',(7.23907592824618,-50.9484098829173,28.8622248828284));
#4673=CARTESIAN_POINT('',(4.99999999999998,-51.1774782452923,28.716804550672));
#4674=CARTESIAN_POINT('',(4.99999999999998,-49.2647834404289,29.9202445375545));
#4675=CARTESIAN_POINT('',(7.21427320511151,-52.3726870731044,30.908609283715));
#4676=CARTESIAN_POINT('',(4.99999999999998,-52.5333900952338,30.7285228770453));
#4677=CARTESIAN_POINT('',(4.99999999999998,-50.8147651082053,32.1527015496558));
#4678=CARTESIAN_POINT('',(7.19449830632748,-53.5889888346104,32.2644190568415));
#4679=CARTESIAN_POINT('',(4.99999999999998,-53.7430434991145,32.1151235874032));
#4680=CARTESIAN_POINT('',(4.99999999999998,-52.1386729495307,33.6317127476568));
#4681=CARTESIAN_POINT('',(7.18171194473653,-54.4169496259595,33.0548162926006));
#4682=CARTESIAN_POINT('',(4.99999999999998,-54.5545444718759,32.910988152258));
#4683=CARTESIAN_POINT('',(4.99999999999998,-53.0400869419797,34.4939929898957));
#4684=FACE_BOUND('',#4685,.T.);
#4685=EDGE_LOOP('',(#5648));
#4686=PLANE('',#4687);
#4687=AXIS2_PLACEMENT_3D('',#4688,#4689,#4690);
#4688=CARTESIAN_POINT('',(6.12323399573677E-16,3.06161699786838E-16,30.));
#4689=DIRECTION('',(-1.22464679914735E-16,-6.12323399573677E-17,1.));
#4690=DIRECTION('',(6.12323399573677E-17,-1.,-6.12323399573676E-17));
#4691=FACE_BOUND('',#4692,.T.);
#4692=EDGE_LOOP('',(#5649,#5650,#5651));
#4693=(BOUNDED_SURFACE()B_SPLINE_SURFACE(3,2,(
(#4694,#4695,#4696),
(#4697,#4698,#4699),
(#4700,#4701,#4702),
(#4703,#4704,#4705),
(#4706,#4707,#4708),
(#4709,#4710,#4711),
(#4712,#4713,#4714),
(#4715,#4716,#4717),
(#4718,#4719,#4720),
(#4721,#4722,#4723),
(#4724,#4725,#4726),
(#4727,#4728,#4729),
(#4730,#4731,#4732),
(#4733,#4734,#4735)),
.UNSPECIFIED.,.F.,.F.,.F.)B_SPLINE_SURFACE_WITH_KNOTS((4,1,1,1,1,1,1,1,1,1,1,4),
(3,3),
(1.65793780521436,3.42441549629703,4.17208223403279,4.91974897176855,5.71172053464553,
6.56851756001561,7.47111902767849,8.41829371654926,9.44123223798003,10.5171651314451,
11.6908740864808,13.),
(0.,1.),
.UNSPECIFIED.)GEOMETRIC_REPRESENTATION_ITEM()RATIONAL_B_SPLINE_SURFACE((
(1.,0.924524944829688,1.),
(1.,0.927340841307174,1.),
(1.,0.933286732720673,1.),
(1.,0.942849698687755,1.),
(1.,0.950014667843437,1.),
(1.,0.957716072912878,1.),
(1.,0.965813948779823,1.),
(1.,0.973950276530525,1.),
(1.,0.981769865442628,1.),
(1.,0.988839484611246,1.),
(1.,0.994741604986211,1.),
(1.,0.998969862268921,1.),
(1.,0.999944990804806,1.),
(1.,1.,1.)))REPRESENTATION_ITEM('')SURFACE());
#4694=CARTESIAN_POINT('',(3.46346630791294,-46.4571682278172,1.40261099727447));
#4695=CARTESIAN_POINT('',(3.38471194222937,-47.0356806534827,0.820483412301398));
#4696=CARTESIAN_POINT('',(3.46346630340797,-47.0544412150733,-2.68190820840175E-6));
#4697=CARTESIAN_POINT('',(3.62102110145394,-46.5042298022651,1.40929964500597));
#4698=CARTESIAN_POINT('',(3.52004032506294,-47.061097165716,0.832846408915764));
#4699=CARTESIAN_POINT('',(3.62102110250512,-47.0918739973814,0.0318884749618988));
#4700=CARTESIAN_POINT('',(3.83697277847473,-46.6061883820708,1.42378458589188));
#4701=CARTESIAN_POINT('',(3.711210877806,-47.1171235213546,0.859951410472217));
#4702=CARTESIAN_POINT('',(3.83697277828098,-47.172904421537,0.100998539801629));
#4703=CARTESIAN_POINT('',(4.08534001440328,-46.7876120550929,1.44931914647296));
#4704=CARTESIAN_POINT('',(3.9491738781783,-47.229089118277,0.913298328647964));
#4705=CARTESIAN_POINT('',(4.08534001443677,-47.3161946257802,0.224304781809954));
#4706=CARTESIAN_POINT('',(4.24678803691688,-46.9348939921144,1.46994630711124));
#4707=CARTESIAN_POINT('',(4.10874005576697,-47.3230980143878,0.957803214654236));
#4708=CARTESIAN_POINT('',(4.24678803690694,-47.4320727149799,0.324549755541967));
#4709=CARTESIAN_POINT('',(4.39669571986933,-47.1030423622832,1.49332390328978));
#4710=CARTESIAN_POINT('',(4.26668458088096,-47.4379355931189,1.01188556235295));
#4711=CARTESIAN_POINT('',(4.39669571987246,-47.5637528099792,0.439218806083314));
#4712=CARTESIAN_POINT('',(4.53628731341084,-47.2956944216559,1.51992030108154));
#4713=CARTESIAN_POINT('',(4.42206465798599,-47.5776155620952,1.07740554016004));
#4714=CARTESIAN_POINT('',(4.53628731340987,-47.7138231576716,0.570838087012687));
#4715=CARTESIAN_POINT('',(4.66338351199693,-47.5137946760373,1.54977174842215));
#4716=CARTESIAN_POINT('',(4.56996493702539,-47.7434816949908,1.15501840500019));
#4717=CARTESIAN_POINT('',(4.66338351199723,-47.882651904894,0.720155650201474));
#4718=CARTESIAN_POINT('',(4.77500136611624,-47.7570838665238,1.58272715556832));
#4719=CARTESIAN_POINT('',(4.70576650360262,-47.9366070588559,1.24530654924832));
#4720=CARTESIAN_POINT('',(4.77500136611615,-48.069598742067,0.887104719615742));
#4721=CARTESIAN_POINT('',(4.86867453009172,-48.0266163151395,1.6188284798839));
#4722=CARTESIAN_POINT('',(4.82374575738644,-48.1572436186628,1.34852482348679));
#4723=CARTESIAN_POINT('',(4.86867453009175,-48.2749815499326,1.07249919196128));
#4724=CARTESIAN_POINT('',(4.93968747084376,-48.3171745890936,1.65723093847706));
#4725=CARTESIAN_POINT('',(4.91890645547026,-48.4080574401586,1.46611064251909));
#4726=CARTESIAN_POINT('',(4.93968747084375,-48.494246009268,1.272828222967));
#4727=CARTESIAN_POINT('',(4.98836445463278,-48.6443253928376,1.69994678107651));
#4728=CARTESIAN_POINT('',(4.98427892485509,-48.6917116233884,1.59954881581075));
#4729=CARTESIAN_POINT('',(4.98836445463278,-48.7385455877177,1.49894575405852));
#4730=CARTESIAN_POINT('',(4.99999728010521,-48.873702928723,1.72918802574055));
#4731=CARTESIAN_POINT('',(4.99997131657719,-48.8937581389348,1.69503916192485));
#4732=CARTESIAN_POINT('',(4.99999728010521,-48.907487062887,1.65775756482685));
#4733=CARTESIAN_POINT('',(4.99999999999998,-49.0000000098374,1.74538117124662));
#4734=CARTESIAN_POINT('',(4.99999999999998,-49.0000000098374,1.74538117124662));
#4735=CARTESIAN_POINT('',(4.99999999999998,-49.0000000098374,1.74538117124662));
#4736=FACE_BOUND('',#4737,.T.);
#4737=EDGE_LOOP('',(#5652,#5653,#5654,#5655,#5656,#5657));
#4738=TOROIDAL_SURFACE('',#4739,70.1655954667024,22.);
#4739=AXIS2_PLACEMENT_3D('',#4740,#4741,#4742);
#4740=CARTESIAN_POINT('',(-2.10931206836458E-15,-1.05465603418229E-15,17.2238401295228));
#4741=DIRECTION('',(-1.22464679914735E-16,-6.12323399573677E-17,1.));
#4742=DIRECTION('',(1.,-9.73014512182329E-33,1.22464679914735E-16));
#4743=FACE_BOUND('',#4744,.T.);
#4744=EDGE_LOOP('',(#5658,#5659,#5660));
#4745=(BOUNDED_SURFACE()B_SPLINE_SURFACE(3,2,(
(#4746,#4747,#4748),
(#4749,#4750,#4751),
(#4752,#4753,#4754),
(#4755,#4756,#4757),
(#4758,#4759,#4760),
(#4761,#4762,#4763),
(#4764,#4765,#4766),
(#4767,#4768,#4769),
(#4770,#4771,#4772),
(#4773,#4774,#4775),
(#4776,#4777,#4778),
(#4779,#4780,#4781),
(#4782,#4783,#4784),
(#4785,#4786,#4787)),
.UNSPECIFIED.,.F.,.F.,.F.)B_SPLINE_SURFACE_WITH_KNOTS((4,1,1,1,1,1,1,1,1,1,1,4),
(3,3),
(1.65793780521466,3.42441549630152,4.17208223403383,4.91974897176614,5.71172053463751,
6.56851755999934,7.47111902766227,8.41829371653327,9.44123223796519,10.5171651314194,
11.6908740864599,13.),
(0.,1.),
.UNSPECIFIED.)GEOMETRIC_REPRESENTATION_ITEM()RATIONAL_B_SPLINE_SURFACE((
(1.,0.924524944829689,1.),
(1.,0.927340841307183,1.),
(1.,0.933286732720689,1.),
(1.,0.942849698687765,1.),
(1.,0.950014667843407,1.),
(1.,0.957716072912792,1.),
(1.,0.965813948779696,1.),
(1.,0.973950276530386,1.),
(1.,0.981769865442509,1.),
(1.,0.988839484611127,1.),
(1.,0.994741604986119,1.),
(1.,0.998969862268883,1.),
(1.,0.999944990804829,1.),
(1.,1.,1.)))REPRESENTATION_ITEM('')SURFACE());
#4746=CARTESIAN_POINT('',(46.4571682278172,-3.46346630791307,1.40261099727447));
#4747=CARTESIAN_POINT('',(47.0356806534828,-3.38471194222947,0.820483412301406));
#4748=CARTESIAN_POINT('',(47.0544412150733,-3.46346630340809,-2.68190818797365E-6));
#4749=CARTESIAN_POINT('',(46.5042298022652,-3.62102110145429,1.40929964500598));
#4750=CARTESIAN_POINT('',(47.061097165716,-3.52004032506337,0.832846408915823));
#4751=CARTESIAN_POINT('',(47.0918739973815,-3.62102110250547,0.0318884749619534));
#4752=CARTESIAN_POINT('',(46.606188382071,-3.83697277847511,1.42378458589193));
#4753=CARTESIAN_POINT('',(47.1171235213547,-3.71121087780648,0.85995141047228));
#4754=CARTESIAN_POINT('',(47.1729044215372,-3.83697277828137,0.100998539801783));
#4755=CARTESIAN_POINT('',(46.787612055093,-4.08534001440336,1.44931914647296));
#4756=CARTESIAN_POINT('',(47.2290891182772,-3.94917387817856,0.913298328648033));
#4757=CARTESIAN_POINT('',(47.3161946257803,-4.08534001443685,0.224304781809986));
#4758=CARTESIAN_POINT('',(46.9348939921137,-4.24678803691615,1.46994630711115));
#4759=CARTESIAN_POINT('',(47.3230980143874,-4.10874005576636,0.95780321465406));
#4760=CARTESIAN_POINT('',(47.4320727149793,-4.24678803690622,0.324549755541503));
#4761=CARTESIAN_POINT('',(47.1030423622814,-4.39669571986784,1.49332390328952));
#4762=CARTESIAN_POINT('',(47.4379355931175,-4.26668458087928,1.01188556235232));
#4763=CARTESIAN_POINT('',(47.5637528099778,-4.39669571987098,0.439218806082058));
#4764=CARTESIAN_POINT('',(47.2956944216529,-4.53628731340889,1.51992030108115));
#4765=CARTESIAN_POINT('',(47.5776155620929,-4.42206465798366,1.07740554015896));
#4766=CARTESIAN_POINT('',(47.7138231576692,-4.53628731340792,0.570838087010651));
#4767=CARTESIAN_POINT('',(47.5137946760335,-4.66338351199503,1.54977174842164));
#4768=CARTESIAN_POINT('',(47.7434816949877,-4.56996493702296,1.15501840499873));
#4769=CARTESIAN_POINT('',(47.8826519048911,-4.66338351199533,0.720155650198909));
#4770=CARTESIAN_POINT('',(47.7570838665194,-4.77500136611452,1.58272715556774));
#4771=CARTESIAN_POINT('',(47.9366070588526,-4.70576650360063,1.24530654924679));
#4772=CARTESIAN_POINT('',(48.0695987420637,-4.77500136611442,0.887104719612732));
#4773=CARTESIAN_POINT('',(48.0266163151346,-4.86867453009029,1.61882847988323));
#4774=CARTESIAN_POINT('',(48.1572436186586,-4.82374575738451,1.34852482348481));
#4775=CARTESIAN_POINT('',(48.2749815499288,-4.86867453009032,1.07249919195789));
#4776=CARTESIAN_POINT('',(48.3171745890878,-4.93968747084267,1.65723093847634));
#4777=CARTESIAN_POINT('',(48.4080574401538,-4.91890645546882,1.46611064251687));
#4778=CARTESIAN_POINT('',(48.4942460092638,-4.93968747084266,1.27282822296307));
#4779=CARTESIAN_POINT('',(48.6443253928334,-4.98836445463252,1.69994678107597));
#4780=CARTESIAN_POINT('',(48.6917116233847,-4.9842789248547,1.59954881580886));
#4781=CARTESIAN_POINT('',(48.7385455877146,-4.98836445463252,1.49894575405567));
#4782=CARTESIAN_POINT('',(48.8737029287209,-4.99999728010525,1.72918802574031));
#4783=CARTESIAN_POINT('',(48.8937581389331,-4.99997131657728,1.69503916192429));
#4784=CARTESIAN_POINT('',(48.9074870628854,-4.99999728010525,1.65775756482537));
#4785=CARTESIAN_POINT('',(49.0000000098374,-5.00000000000002,1.74538117124662));
#4786=CARTESIAN_POINT('',(49.0000000098374,-5.00000000000002,1.74538117124661));
#4787=CARTESIAN_POINT('',(49.0000000098374,-5.00000000000002,1.74538117124661));
#4788=FACE_BOUND('',#4789,.T.);
#4789=EDGE_LOOP('',(#5661,#5662,#5663,#5664));
#4790=CYLINDRICAL_SURFACE('',#4791,22.);
#4791=AXIS2_PLACEMENT_3D('',#4792,#4793,#4794);
#4792=CARTESIAN_POINT('',(61.6655954667024,-5.00000000000002,17.2238401295228));
#4793=DIRECTION('',(6.12323399573676E-17,1.,-6.12323399573677E-17));
#4794=DIRECTION('',(-0.666617975547829,-4.82397955515763E-18,-0.745399540298029));
#4795=FACE_BOUND('',#4796,.T.);
#4796=EDGE_LOOP('',(#5665,#5666,#5667));
#4797=(BOUNDED_SURFACE()B_SPLINE_SURFACE(3,2,(
(#4798,#4799,#4800),
(#4801,#4802,#4803),
(#4804,#4805,#4806),
(#4807,#4808,#4809),
(#4810,#4811,#4812),
(#4813,#4814,#4815),
(#4816,#4817,#4818),
(#4819,#4820,#4821),
(#4822,#4823,#4824),
(#4825,#4826,#4827),
(#4828,#4829,#4830),
(#4831,#4832,#4833),
(#4834,#4835,#4836),
(#4837,#4838,#4839)),
.UNSPECIFIED.,.F.,.F.,.F.)B_SPLINE_SURFACE_WITH_KNOTS((4,1,1,1,1,1,1,1,1,1,1,4),
(3,3),
(1.6579378052143,3.4244154962973,4.17208223403175,4.91974897176621,5.71172053464704,
6.56851756001669,7.47111902768539,8.41829371655449,9.44123223799392,10.5171651314506,
11.690874086505,13.),
(0.,1.),
.UNSPECIFIED.)GEOMETRIC_REPRESENTATION_ITEM()RATIONAL_B_SPLINE_SURFACE((
(1.,0.924524944829687,1.),
(1.,0.927340841307175,1.),
(1.,0.933286732720671,1.),
(1.,0.942849698687745,1.),
(1.,0.950014667843431,1.),
(1.,0.957716072912878,1.),
(1.,0.965813948779853,1.),
(1.,0.973950276530564,1.),
(1.,0.981769865442695,1.),
(1.,0.988839484611298,1.),
(1.,0.994741604986277,1.),
(1.,0.998969862268954,1.),
(1.,0.999944990804781,1.),
(1.,1.,1.)))REPRESENTATION_ITEM('')SURFACE());
#4798=CARTESIAN_POINT('',(46.4571682278172,3.46346630791292,1.40261099727447));
#4799=CARTESIAN_POINT('',(47.0356806534827,3.38471194222935,0.820483412301397));
#4800=CARTESIAN_POINT('',(47.0544412150733,3.46346630340795,-2.68190821284264E-6));
#4801=CARTESIAN_POINT('',(46.5042298022651,3.62102110145392,1.40929964500595));
#4802=CARTESIAN_POINT('',(47.061097165716,3.52004032506295,0.832846408915762));
#4803=CARTESIAN_POINT('',(47.0918739973814,3.62102110250509,0.0318884749618831));
#4804=CARTESIAN_POINT('',(46.6061883820707,3.83697277847461,1.42378458589187));
#4805=CARTESIAN_POINT('',(47.1171235213546,3.71121087780594,0.859951410472202));
#4806=CARTESIAN_POINT('',(47.172904421537,3.83697277828087,0.100998539801594));
#4807=CARTESIAN_POINT('',(46.7876120550929,4.08534001440315,1.44931914647295));
#4808=CARTESIAN_POINT('',(47.2290891182769,3.94917387817807,0.913298328647906));
#4809=CARTESIAN_POINT('',(47.3161946257802,4.08534001443664,0.224304781809882));
#4810=CARTESIAN_POINT('',(46.9348939921143,4.24678803691677,1.46994630711121));
#4811=CARTESIAN_POINT('',(47.3230980143878,4.10874005576684,0.957803214654186));
#4812=CARTESIAN_POINT('',(47.4320727149798,4.24678803690684,0.324549755541882));
#4813=CARTESIAN_POINT('',(47.1030423622834,4.39669571986949,1.49332390328981));
#4814=CARTESIAN_POINT('',(47.4379355931188,4.26668458088098,1.01188556235294));
#4815=CARTESIAN_POINT('',(47.5637528099793,4.39669571987263,0.439218806083443));
#4816=CARTESIAN_POINT('',(47.2956944216565,4.53628731341123,1.51992030108162));
#4817=CARTESIAN_POINT('',(47.5776155620957,4.42206465798655,1.0774055401603));
#4818=CARTESIAN_POINT('',(47.713823157672,4.53628731341027,0.570838087013074));
#4819=CARTESIAN_POINT('',(47.5137946760386,4.66338351199765,1.54977174842234));
#4820=CARTESIAN_POINT('',(47.7434816949916,4.56996493702608,1.15501840500057));
#4821=CARTESIAN_POINT('',(47.882651904895,4.66338351199794,0.720155650202402));
#4822=CARTESIAN_POINT('',(47.7570838665257,4.77500136611699,1.58272715556856));
#4823=CARTESIAN_POINT('',(47.9366070588577,4.70576650360375,1.24530654924916));
#4824=CARTESIAN_POINT('',(48.0695987420685,4.77500136611689,0.887104719616977));
#4825=CARTESIAN_POINT('',(48.0266163151423,4.86867453009256,1.61882847988427));
#4826=CARTESIAN_POINT('',(48.1572436186646,4.82374575738728,1.34852482348764));
#4827=CARTESIAN_POINT('',(48.2749815499347,4.86867453009259,1.07249919196322));
#4828=CARTESIAN_POINT('',(48.3171745890973,4.93968747084453,1.65723093847755));
#4829=CARTESIAN_POINT('',(48.408057440162,4.91890645547134,1.4661106425207));
#4830=CARTESIAN_POINT('',(48.4942460092709,4.93968747084453,1.27282822296957));
#4831=CARTESIAN_POINT('',(48.6443253928406,4.988364454633,1.6999467810769));
#4832=CARTESIAN_POINT('',(48.6917116233909,4.98427892485543,1.59954881581187));
#4833=CARTESIAN_POINT('',(48.7385455877199,4.988364454633,1.49894575406062));
#4834=CARTESIAN_POINT('',(48.8737029287248,4.9999972801052,1.72918802574078));
#4835=CARTESIAN_POINT('',(48.8937581389368,4.99997131657716,1.69503916192582));
#4836=CARTESIAN_POINT('',(48.9074870628882,4.9999972801052,1.65775756482805));
#4837=CARTESIAN_POINT('',(49.0000000098374,4.99999999999998,1.74538117124661));
#4838=CARTESIAN_POINT('',(49.0000000098374,4.99999999999998,1.74538117124661));
#4839=CARTESIAN_POINT('',(49.0000000098374,4.99999999999998,1.7453811712466));
#4840=FACE_BOUND('',#4841,.T.);
#4841=EDGE_LOOP('',(#5668,#5669,#5670,#5671,#5672,#5673));
#4842=TOROIDAL_SURFACE('',#4843,70.1655954667024,22.);
#4843=AXIS2_PLACEMENT_3D('',#4844,#4845,#4846);
#4844=CARTESIAN_POINT('',(-2.10931206836458E-15,-1.05465603418229E-15,17.2238401295228));
#4845=DIRECTION('',(-1.22464679914735E-16,-6.12323399573677E-17,1.));
#4846=DIRECTION('',(1.,-9.73014512182329E-33,1.22464679914735E-16));
#4847=FACE_BOUND('',#4848,.T.);
#4848=EDGE_LOOP('',(#5674,#5675,#5676));
#4849=(BOUNDED_SURFACE()B_SPLINE_SURFACE(3,2,(
(#4850,#4851,#4852),
(#4853,#4854,#4855),
(#4856,#4857,#4858),
(#4859,#4860,#4861),
(#4862,#4863,#4864),
(#4865,#4866,#4867),
(#4868,#4869,#4870),
(#4871,#4872,#4873),
(#4874,#4875,#4876),
(#4877,#4878,#4879),
(#4880,#4881,#4882),
(#4883,#4884,#4885),
(#4886,#4887,#4888),
(#4889,#4890,#4891)),
.UNSPECIFIED.,.F.,.F.,.F.)B_SPLINE_SURFACE_WITH_KNOTS((4,1,1,1,1,1,1,1,1,1,1,4),
(3,3),
(1.65793780521465,3.4244154962948,4.17208223402212,4.91974897174944,5.71172053462949,
6.56851756000145,7.47111902767125,8.41829371653915,9.44123223796656,10.5171651314246,
11.6908740864771,13.),
(0.,1.),
.UNSPECIFIED.)GEOMETRIC_REPRESENTATION_ITEM()RATIONAL_B_SPLINE_SURFACE((
(1.,0.924524944829689,1.),
(1.,0.927340841307174,1.),
(1.,0.933286732720642,1.),
(1.,0.942849698687659,1.),
(1.,0.950014667843291,1.),
(1.,0.957716072912719,1.),
(1.,0.965813948779708,1.),
(1.,0.973950276530435,1.),
(1.,0.981769865442549,1.),
(1.,0.988839484611152,1.),
(1.,0.994741604986158,1.),
(1.,0.998969862268905,1.),
(1.,0.999944990804817,1.),
(1.,1.,1.)))REPRESENTATION_ITEM('')SURFACE());
#4850=CARTESIAN_POINT('',(3.46346630791305,46.4571682278172,1.40261099727448));
#4851=CARTESIAN_POINT('',(3.38471194222946,47.0356806534828,0.820483412301407));
#4852=CARTESIAN_POINT('',(3.46346630340808,47.0544412150733,-2.68190818797365E-6));
#4853=CARTESIAN_POINT('',(3.62102110145361,46.504229802265,1.40929964500596));
#4854=CARTESIAN_POINT('',(3.52004032506284,47.0610971657159,0.832846408915774));
#4855=CARTESIAN_POINT('',(3.62102110250479,47.0918739973813,0.031888474961869));
#4856=CARTESIAN_POINT('',(3.83697277847349,46.6061883820702,1.42378458589179));
#4857=CARTESIAN_POINT('',(3.71121087780508,47.1171235213543,0.859951410472077));
#4858=CARTESIAN_POINT('',(3.83697277827974,47.1729044215366,0.100998539801179));
#4859=CARTESIAN_POINT('',(4.08534001440107,46.7876120550912,1.44931914647272));
#4860=CARTESIAN_POINT('',(3.94917387817603,47.2290891182759,0.913298328647421));
#4861=CARTESIAN_POINT('',(4.08534001443456,47.3161946257788,0.224304781808767));
#4862=CARTESIAN_POINT('',(4.2467880369141,46.9348939921116,1.46994630711085));
#4863=CARTESIAN_POINT('',(4.10874005576388,47.3230980143858,0.95780321465329));
#4864=CARTESIAN_POINT('',(4.24678803690417,47.4320727149777,0.324549755540049));
#4865=CARTESIAN_POINT('',(4.39669571986679,47.10304236228,1.49332390328934));
#4866=CARTESIAN_POINT('',(4.26668458087787,47.4379355931163,1.01188556235175));
#4867=CARTESIAN_POINT('',(4.39669571986993,47.5637528099766,0.439218806081129));
#4868=CARTESIAN_POINT('',(4.53628731340889,47.2956944216528,1.51992030108113));
#4869=CARTESIAN_POINT('',(4.42206465798387,47.577615562093,1.07740554015902));
#4870=CARTESIAN_POINT('',(4.53628731340792,47.7138231576692,0.570838087010555));
#4871=CARTESIAN_POINT('',(4.66338351199555,47.5137946760345,1.5497717484218));
#4872=CARTESIAN_POINT('',(4.56996493702383,47.7434816949888,1.15501840499924));
#4873=CARTESIAN_POINT('',(4.66338351199585,47.8826519048919,0.720155650199624));
#4874=CARTESIAN_POINT('',(4.77500136611503,47.7570838665208,1.5827271555679));
#4875=CARTESIAN_POINT('',(4.70576650360129,47.9366070588538,1.24530654924732));
#4876=CARTESIAN_POINT('',(4.77500136611494,48.0695987420647,0.887104719613614));
#4877=CARTESIAN_POINT('',(4.86867453009075,48.0266163151361,1.61882847988345));
#4878=CARTESIAN_POINT('',(4.82374575738493,48.1572436186595,1.34852482348526));
#4879=CARTESIAN_POINT('',(4.86867453009078,48.27498154993,1.07249919195899));
#4880=CARTESIAN_POINT('',(4.93968747084311,48.31717458909,1.65723093847661));
#4881=CARTESIAN_POINT('',(4.91890645546945,48.4080574401556,1.46611064251772));
#4882=CARTESIAN_POINT('',(4.9396874708431,48.4942460092653,1.27282822296453));
#4883=CARTESIAN_POINT('',(4.98836445463265,48.6443253928352,1.69994678107622));
#4884=CARTESIAN_POINT('',(4.98427892485494,48.6917116233865,1.59954881580975));
#4885=CARTESIAN_POINT('',(4.98836445463265,48.738545587716,1.49894575405694));
#4886=CARTESIAN_POINT('',(4.99999728010524,48.8737029287219,1.72918802574048));
#4887=CARTESIAN_POINT('',(4.99997131657725,48.8937581389344,1.69503916192496));
#4888=CARTESIAN_POINT('',(4.99999728010524,48.9074870628862,1.65775756482612));
#4889=CARTESIAN_POINT('',(5.00000000000002,49.0000000098374,1.74538117124661));
#4890=CARTESIAN_POINT('',(5.00000000000002,49.0000000098374,1.74538117124661));
#4891=CARTESIAN_POINT('',(5.00000000000002,49.0000000098374,1.7453811712466));
#4892=FACE_BOUND('',#4893,.T.);
#4893=EDGE_LOOP('',(#5677,#5678,#5679,#5680));
#4894=CYLINDRICAL_SURFACE('',#4895,22.);
#4895=AXIS2_PLACEMENT_3D('',#4896,#4897,#4898);
#4896=CARTESIAN_POINT('',(5.00000000000001,61.6655954667024,17.2238401295228));
#4897=DIRECTION('',(-1.,-1.22464679914735E-16,-6.12323399573677E-17));
#4898=DIRECTION('',(1.27279715056468E-16,-0.666617975547829,-0.745399540298029));
#4899=FACE_BOUND('',#4900,.T.);
#4900=EDGE_LOOP('',(#5681,#5682,#5683));
#4901=(BOUNDED_SURFACE()B_SPLINE_SURFACE(3,2,(
(#4902,#4903,#4904),
(#4905,#4906,#4907),
(#4908,#4909,#4910),
(#4911,#4912,#4913),
(#4914,#4915,#4916),
(#4917,#4918,#4919),
(#4920,#4921,#4922),
(#4923,#4924,#4925),
(#4926,#4927,#4928),
(#4929,#4930,#4931),
(#4932,#4933,#4934),
(#4935,#4936,#4937),
(#4938,#4939,#4940),
(#4941,#4942,#4943)),
.UNSPECIFIED.,.F.,.F.,.F.)B_SPLINE_SURFACE_WITH_KNOTS((4,1,1,1,1,1,1,1,1,1,1,4),
(3,3),
(1.65793780521445,3.42441549629619,4.17208223402797,4.91974897175975,5.71172053463874,
6.56851756000835,7.47111902767856,8.41829371654697,9.44123223798159,10.5171651314394,
11.6908740864824,13.),
(0.,1.),
.UNSPECIFIED.)GEOMETRIC_REPRESENTATION_ITEM()RATIONAL_B_SPLINE_SURFACE((
(1.,0.924524944829688,1.),
(1.,0.927340841307174,1.),
(1.,0.93328673272066,1.),
(1.,0.942849698687712,1.),
(1.,0.950014667843372,1.),
(1.,0.957716072912805,1.),
(1.,0.965813948779779,1.),
(1.,0.973950276530499,1.),
(1.,0.981769865442627,1.),
(1.,0.988839484611232,1.),
(1.,0.994741604986208,1.),
(1.,0.998969862268915,1.),
(1.,0.999944990804818,1.),
(1.,1.,1.)))REPRESENTATION_ITEM('')SURFACE());
#4902=CARTESIAN_POINT('',(-3.46346630791297,46.4571682278172,1.40261099727447));
#4903=CARTESIAN_POINT('',(-3.38471194222939,47.0356806534828,0.820483412301396));
#4904=CARTESIAN_POINT('',(-3.463466303408,47.0544412150733,-2.68190820840175E-6));
#4905=CARTESIAN_POINT('',(-3.62102110145379,46.504229802265,1.40929964500596));
#4906=CARTESIAN_POINT('',(-3.52004032506289,47.061097165716,0.832846408915758));
#4907=CARTESIAN_POINT('',(-3.62102110250496,47.0918739973813,0.0318884749618576));
#4908=CARTESIAN_POINT('',(-3.83697277847416,46.6061883820705,1.42378458589183));
#4909=CARTESIAN_POINT('',(-3.71121087780559,47.1171235213545,0.859951410472156));
#4910=CARTESIAN_POINT('',(-3.83697277828042,47.1729044215368,0.100998539801445));
#4911=CARTESIAN_POINT('',(-4.08534001440229,46.7876120550922,1.44931914647285));
#4912=CARTESIAN_POINT('',(-3.94917387817726,47.2290891182765,0.91329832864771));
#4913=CARTESIAN_POINT('',(-4.08534001443578,47.3161946257796,0.224304781809424));
#4914=CARTESIAN_POINT('',(-4.2467880369156,46.9348939921131,1.46994630711105));
#4915=CARTESIAN_POINT('',(-4.10874005576558,47.3230980143869,0.957803214653807));
#4916=CARTESIAN_POINT('',(-4.24678803690567,47.4320727149789,0.324549755541086));
#4917=CARTESIAN_POINT('',(-4.39669571986823,47.1030423622818,1.49332390328959));
#4918=CARTESIAN_POINT('',(-4.26668458087952,47.4379355931177,1.0118855623524));
#4919=CARTESIAN_POINT('',(-4.39669571987136,47.5637528099781,0.43921880608236));
#4920=CARTESIAN_POINT('',(-4.53628731341007,47.2956944216547,1.51992030108138));
#4921=CARTESIAN_POINT('',(-4.4220646579852,47.5776155620943,1.07740554015965));
#4922=CARTESIAN_POINT('',(-4.5362873134091,47.7138231576706,0.570838087011842));
#4923=CARTESIAN_POINT('',(-4.66338351199661,47.5137946760366,1.54977174842206));
#4924=CARTESIAN_POINT('',(-4.56996493702493,47.7434816949902,1.1550184049999));
#4925=CARTESIAN_POINT('',(-4.66338351199691,47.8826519048934,0.720155650201018));
#4926=CARTESIAN_POINT('',(-4.77500136611606,47.7570838665234,1.58272715556826));
#4927=CARTESIAN_POINT('',(-4.70576650360259,47.9366070588559,1.24530654924829));
#4928=CARTESIAN_POINT('',(-4.77500136611597,48.0695987420667,0.887104719615407));
#4929=CARTESIAN_POINT('',(-4.86867453009163,48.0266163151392,1.61882847988384));
#4930=CARTESIAN_POINT('',(-4.82374575738621,48.1572436186623,1.34852482348656));
#4931=CARTESIAN_POINT('',(-4.86867453009166,48.2749815499323,1.07249919196107));
#4932=CARTESIAN_POINT('',(-4.9396874708436,48.3171745890928,1.65723093847696));
#4933=CARTESIAN_POINT('',(-4.91890645547022,48.4080574401584,1.46611064251901));
#4934=CARTESIAN_POINT('',(-4.93968747084359,48.4942460092674,1.27282822296644));
#4935=CARTESIAN_POINT('',(-4.98836445463273,48.6443253928369,1.69994678107642));
#4936=CARTESIAN_POINT('',(-4.98427892485507,48.6917116233881,1.59954881581055));
#4937=CARTESIAN_POINT('',(-4.98836445463273,48.7385455877172,1.4989457540581));
#4938=CARTESIAN_POINT('',(-4.99999728010521,48.8737029287225,1.7291880257405));
#4939=CARTESIAN_POINT('',(-4.99997131657722,48.893758138935,1.69503916192501));
#4940=CARTESIAN_POINT('',(-4.99999728010521,48.9074870628866,1.65775756482646));
#4941=CARTESIAN_POINT('',(-4.99999999999999,49.0000000098374,1.74538117124661));
#4942=CARTESIAN_POINT('',(-4.99999999999999,49.0000000098374,1.74538117124661));
#4943=CARTESIAN_POINT('',(-4.99999999999999,49.0000000098374,1.74538117124661));
#4944=FACE_BOUND('',#4945,.T.);
#4945=EDGE_LOOP('',(#5684,#5685,#5686,#5687,#5688,#5689));
#4946=TOROIDAL_SURFACE('',#4947,70.1655954667024,22.);
#4947=AXIS2_PLACEMENT_3D('',#4948,#4949,#4950);
#4948=CARTESIAN_POINT('',(-2.10931206836458E-15,-1.05465603418229E-15,17.2238401295228));
#4949=DIRECTION('',(-1.22464679914735E-16,-6.12323399573677E-17,1.));
#4950=DIRECTION('',(1.,-9.73014512182329E-33,1.22464679914735E-16));
#4951=FACE_BOUND('',#4952,.T.);
#4952=EDGE_LOOP('',(#5690,#5691,#5692));
#4953=(BOUNDED_SURFACE()B_SPLINE_SURFACE(3,2,(
(#4954,#4955,#4956),
(#4957,#4958,#4959),
(#4960,#4961,#4962),
(#4963,#4964,#4965),
(#4966,#4967,#4968),
(#4969,#4970,#4971),
(#4972,#4973,#4974),
(#4975,#4976,#4977),
(#4978,#4979,#4980),
(#4981,#4982,#4983),
(#4984,#4985,#4986),
(#4987,#4988,#4989),
(#4990,#4991,#4992),
(#4993,#4994,#4995)),
.UNSPECIFIED.,.F.,.F.,.F.)B_SPLINE_SURFACE_WITH_KNOTS((4,1,1,1,1,1,1,1,1,1,1,4),
(3,3),
(1.65793780521485,3.42441549629309,4.17208223402144,4.91974897174979,5.7117205346212,
6.56851755999377,7.47111902765495,8.41829371652613,9.44123223794747,10.5171651314074,
11.6908740864398,13.),
(0.,1.),
.UNSPECIFIED.)GEOMETRIC_REPRESENTATION_ITEM()RATIONAL_B_SPLINE_SURFACE((
(1.,0.92452494482969,1.),
(1.,0.927340841307171,1.),
(1.,0.933286732720636,1.),
(1.,0.942849698687653,1.),
(1.,0.950014667843264,1.),
(1.,0.957716072912668,1.),
(1.,0.965813948779607,1.),
(1.,0.973950276530327,1.),
(1.,0.981769865442426,1.),
(1.,0.988839484611048,1.),
(1.,0.994741604986046,1.),
(1.,0.998969862268848,1.),
(1.,0.99994499080486,1.),
(1.,1.,1.)))REPRESENTATION_ITEM('')SURFACE());
#4954=CARTESIAN_POINT('',(-46.4571682278173,3.46346630791312,1.40261099727448));
#4955=CARTESIAN_POINT('',(-47.0356806534828,3.38471194222953,0.820483412301409));
#4956=CARTESIAN_POINT('',(-47.0544412150733,3.46346630340815,-2.68190818530911E-6));
#4957=CARTESIAN_POINT('',(-46.504229802265,3.62102110145356,1.40929964500597));
#4958=CARTESIAN_POINT('',(-47.0610971657159,3.52004032506276,0.832846408915763));
#4959=CARTESIAN_POINT('',(-47.0918739973813,3.62102110250474,0.0318884749618579));
#4960=CARTESIAN_POINT('',(-46.6061883820701,3.83697277847336,1.42378458589178));
#4961=CARTESIAN_POINT('',(-47.1171235213543,3.71121087780493,0.859951410472041));
#4962=CARTESIAN_POINT('',(-47.1729044215365,3.83697277827962,0.100998539801141));
#4963=CARTESIAN_POINT('',(-46.7876120550909,4.08534001440074,1.44931914647268));
#4964=CARTESIAN_POINT('',(-47.2290891182758,3.9491738781759,0.913298328647387));
#4965=CARTESIAN_POINT('',(-47.3161946257786,4.08534001443423,0.224304781808577));
#4966=CARTESIAN_POINT('',(-46.934893992111,4.24678803691353,1.46994630711077));
#4967=CARTESIAN_POINT('',(-47.3230980143854,4.1087400557633,0.957803214653114));
#4968=CARTESIAN_POINT('',(-47.4320727149772,4.2467880369036,0.324549755539672));
#4969=CARTESIAN_POINT('',(-47.1030423622787,4.39669571986568,1.49332390328915));
#4970=CARTESIAN_POINT('',(-47.4379355931155,4.26668458087688,1.0118855623514));
#4971=CARTESIAN_POINT('',(-47.5637528099756,4.39669571986881,0.439218806080196));
#4972=CARTESIAN_POINT('',(-47.2956944216506,4.53628731340744,1.51992030108083));
#4973=CARTESIAN_POINT('',(-47.5776155620911,4.422064657982,1.07740554015814));
#4974=CARTESIAN_POINT('',(-47.7138231576674,4.53628731340647,0.570838087009068));
#4975=CARTESIAN_POINT('',(-47.5137946760313,4.66338351199387,1.54977174842134));
#4976=CARTESIAN_POINT('',(-47.7434816949864,4.56996493702193,1.15501840499813));
#4977=CARTESIAN_POINT('',(-47.8826519048894,4.66338351199417,0.720155650197382));
#4978=CARTESIAN_POINT('',(-47.7570838665169,4.77500136611348,1.58272715556741));
#4979=CARTESIAN_POINT('',(-47.9366070588504,4.70576650359921,1.24530654924574));
#4980=CARTESIAN_POINT('',(-48.0695987420617,4.77500136611338,0.887104719610979));
#4981=CARTESIAN_POINT('',(-48.026616315131,4.86867453008923,1.61882847988277));
#4982=CARTESIAN_POINT('',(-48.1572436186558,4.82374575738325,1.34852482348353));
#4983=CARTESIAN_POINT('',(-48.2749815499261,4.86867453008926,1.07249919195547));
#4984=CARTESIAN_POINT('',(-48.3171745890833,4.93968747084175,1.65723093847573));
#4985=CARTESIAN_POINT('',(-48.4080574401499,4.91890645546764,1.46611064251503));
#4986=CARTESIAN_POINT('',(-48.4942460092603,4.93968747084174,1.27282822295991));
#4987=CARTESIAN_POINT('',(-48.6443253928299,4.98836445463227,1.69994678107552));
#4988=CARTESIAN_POINT('',(-48.691711623382,4.98427892485437,1.59954881580764));
#4989=CARTESIAN_POINT('',(-48.738545587712,4.98836445463227,1.49894575405327));
#4990=CARTESIAN_POINT('',(-48.8737029287189,4.99999728010525,1.72918802574009));
#4991=CARTESIAN_POINT('',(-48.8937581389314,4.99997131657732,1.69503916192347));
#4992=CARTESIAN_POINT('',(-48.907487062884,4.99999728010525,1.657757564824));
#4993=CARTESIAN_POINT('',(-49.0000000098374,5.00000000000003,1.74538117124661));
#4994=CARTESIAN_POINT('',(-49.0000000098374,5.00000000000003,1.74538117124661));
#4995=CARTESIAN_POINT('',(-49.0000000098374,5.00000000000003,1.7453811712466));
#4996=FACE_BOUND('',#4997,.T.);
#4997=EDGE_LOOP('',(#5693,#5694,#5695,#5696));
#4998=CYLINDRICAL_SURFACE('',#4999,22.);
#4999=AXIS2_PLACEMENT_3D('',#5000,#5001,#5002);
#5000=CARTESIAN_POINT('',(-61.6655954667024,5.00000000000003,17.2238401295228));
#5001=DIRECTION('',(-1.83697019872103E-16,-1.,-6.12323399573677E-17));
#5002=DIRECTION('',(0.666617975547829,-7.68131774457162E-17,-0.745399540298029));
#5003=FACE_BOUND('',#5004,.T.);
#5004=EDGE_LOOP('',(#5697,#5698,#5699));
#5005=(BOUNDED_SURFACE()B_SPLINE_SURFACE(3,2,(
(#5006,#5007,#5008),
(#5009,#5010,#5011),
(#5012,#5013,#5014),
(#5015,#5016,#5017),
(#5018,#5019,#5020),
(#5021,#5022,#5023),
(#5024,#5025,#5026),
(#5027,#5028,#5029),
(#5030,#5031,#5032),
(#5033,#5034,#5035),
(#5036,#5037,#5038),
(#5039,#5040,#5041),
(#5042,#5043,#5044),
(#5045,#5046,#5047)),
.UNSPECIFIED.,.F.,.F.,.F.)B_SPLINE_SURFACE_WITH_KNOTS((4,1,1,1,1,1,1,1,1,1,1,4),
(3,3),
(1.65793780521446,3.42441549629527,4.17208223402768,4.91974897176009,5.71172053463865,
6.56851756000794,7.47111902768177,8.41829371654958,9.44123223798541,10.5171651314477,
11.6908740864744,13.),
(0.,1.),
.UNSPECIFIED.)GEOMETRIC_REPRESENTATION_ITEM()RATIONAL_B_SPLINE_SURFACE((
(1.,0.924524944829688,1.),
(1.,0.927340841307173,1.),
(1.,0.933286732720657,1.),
(1.,0.942849698687708,1.),
(1.,0.950014667843372,1.),
(1.,0.957716072912803,1.),
(1.,0.965813948779789,1.),
(1.,0.973950276530515,1.),
(1.,0.981769865442651,1.),
(1.,0.988839484611265,1.),
(1.,0.994741604986209,1.),
(1.,0.998969862268916,1.),
(1.,0.999944990804806,1.),
(1.,1.,1.)))REPRESENTATION_ITEM('')SURFACE());
#5006=CARTESIAN_POINT('',(-46.4571682278172,-3.46346630791296,1.40261099727446));
#5007=CARTESIAN_POINT('',(-47.0356806534828,-3.38471194222938,0.820483412301396));
#5008=CARTESIAN_POINT('',(-47.0544412150733,-3.46346630340798,-2.68190820662539E-6));
#5009=CARTESIAN_POINT('',(-46.504229802265,-3.62102110145371,1.40929964500596));
#5010=CARTESIAN_POINT('',(-47.0610971657159,-3.52004032506281,0.832846408915764));
#5011=CARTESIAN_POINT('',(-47.0918739973813,-3.62102110250489,0.0318884749618622));
#5012=CARTESIAN_POINT('',(-46.6061883820705,-3.83697277847407,1.42378458589184));
#5013=CARTESIAN_POINT('',(-47.1171235213545,-3.71121087780549,0.859951410472123));
#5014=CARTESIAN_POINT('',(-47.1729044215368,-3.83697277828032,0.100998539801401));
#5015=CARTESIAN_POINT('',(-46.7876120550921,-4.0853400144022,1.44931914647284));
#5016=CARTESIAN_POINT('',(-47.2290891182765,-3.94917387817719,0.913298328647707));
#5017=CARTESIAN_POINT('',(-47.3161946257796,-4.0853400144357,0.224304781809383));
#5018=CARTESIAN_POINT('',(-46.9348939921131,-4.24678803691557,1.46994630711106));
#5019=CARTESIAN_POINT('',(-47.3230980143869,-4.10874005576557,0.9578032146538));
#5020=CARTESIAN_POINT('',(-47.4320727149788,-4.24678803690563,0.32454975554107));
#5021=CARTESIAN_POINT('',(-47.1030423622819,-4.39669571986826,1.49332390328959));
#5022=CARTESIAN_POINT('',(-47.4379355931177,-4.26668458087949,1.01188556235238));
#5023=CARTESIAN_POINT('',(-47.5637528099781,-4.3966957198714,0.439218806082398));
#5024=CARTESIAN_POINT('',(-47.2956944216549,-4.5362873134102,1.5199203010814));
#5025=CARTESIAN_POINT('',(-47.5776155620945,-4.42206465798535,1.07740554015972));
#5026=CARTESIAN_POINT('',(-47.7138231576708,-4.53628731340923,0.570838087011976));
#5027=CARTESIAN_POINT('',(-47.5137946760371,-4.66338351199686,1.54977174842212));
#5028=CARTESIAN_POINT('',(-47.7434816949905,-4.56996493702521,1.15501840500005));
#5029=CARTESIAN_POINT('',(-47.8826519048938,-4.66338351199716,0.720155650201345));
#5030=CARTESIAN_POINT('',(-47.7570838665242,-4.7750013661164,1.58272715556838));
#5031=CARTESIAN_POINT('',(-47.9366070588566,-4.70576650360299,1.2453065492486));
#5032=CARTESIAN_POINT('',(-48.0695987420673,-4.77500136611631,0.887104719615991));
#5033=CARTESIAN_POINT('',(-48.02661631514,-4.86867453009186,1.61882847988395));
#5034=CARTESIAN_POINT('',(-48.1572436186634,-4.82374575738672,1.34852482348707));
#5035=CARTESIAN_POINT('',(-48.2749815499329,-4.86867453009189,1.07249919196166));
#5036=CARTESIAN_POINT('',(-48.3171745890938,-4.93968747084378,1.6572309384771));
#5037=CARTESIAN_POINT('',(-48.4080574401587,-4.91890645547023,1.46611064251916));
#5038=CARTESIAN_POINT('',(-48.4942460092682,-4.93968747084377,1.27282822296714));
#5039=CARTESIAN_POINT('',(-48.6443253928375,-4.98836445463276,1.69994678107649));
#5040=CARTESIAN_POINT('',(-48.6917116233881,-4.98427892485502,1.59954881581059));
#5041=CARTESIAN_POINT('',(-48.7385455877176,-4.98836445463276,1.49894575405847));
#5042=CARTESIAN_POINT('',(-48.8737029287229,-4.9999972801052,1.72918802574056));
#5043=CARTESIAN_POINT('',(-48.8937581389343,-4.99997131657719,1.69503916192463));
#5044=CARTESIAN_POINT('',(-48.9074870628869,-4.9999972801052,1.65775756482679));
#5045=CARTESIAN_POINT('',(-49.0000000098374,-4.99999999999997,1.74538117124662));
#5046=CARTESIAN_POINT('',(-49.0000000098374,-4.99999999999997,1.74538117124661));
#5047=CARTESIAN_POINT('',(-49.0000000098374,-4.99999999999997,1.74538117124661));
#5048=FACE_BOUND('',#5049,.T.);
#5049=EDGE_LOOP('',(#5700,#5701,#5702,#5703,#5704,#5705));
#5050=TOROIDAL_SURFACE('',#5051,70.1655954667024,22.);
#5051=AXIS2_PLACEMENT_3D('',#5052,#5053,#5054);
#5052=CARTESIAN_POINT('',(-2.10931206836458E-15,-1.05465603418229E-15,17.2238401295228));
#5053=DIRECTION('',(-1.22464679914735E-16,-6.12323399573677E-17,1.));
#5054=DIRECTION('',(1.,-9.73014512182329E-33,1.22464679914735E-16));
#5055=FACE_BOUND('',#5056,.T.);
#5056=EDGE_LOOP('',(#5706,#5707,#5708));
#5057=(BOUNDED_SURFACE()B_SPLINE_SURFACE(3,2,(
(#5058,#5059,#5060),
(#5061,#5062,#5063),
(#5064,#5065,#5066),
(#5067,#5068,#5069),
(#5070,#5071,#5072),
(#5073,#5074,#5075),
(#5076,#5077,#5078),
(#5079,#5080,#5081),
(#5082,#5083,#5084),
(#5085,#5086,#5087),
(#5088,#5089,#5090),
(#5091,#5092,#5093),
(#5094,#5095,#5096),
(#5097,#5098,#5099)),
.UNSPECIFIED.,.F.,.F.,.F.)B_SPLINE_SURFACE_WITH_KNOTS((4,1,1,1,1,1,1,1,1,1,1,4),
(3,3),
(1.65793780521471,3.42441549629938,4.17208223403147,4.91974897176357,5.71172053463284,
6.56851756000448,7.47111902765956,8.41829371653641,9.44123223795793,10.5171651314163,
11.6908740864898,13.),
(0.,1.),
.UNSPECIFIED.)GEOMETRIC_REPRESENTATION_ITEM()RATIONAL_B_SPLINE_SURFACE((
(1.,0.924524944829689,1.),
(1.,0.927340841307181,1.),
(1.,0.933286732720677,1.),
(1.,0.942849698687743,1.),
(1.,0.950014667843377,1.),
(1.,0.957716072912785,1.),
(1.,0.96581394877969,1.),
(1.,0.973950276530401,1.),
(1.,0.981769865442491,1.),
(1.,0.98883948461111,1.),
(1.,0.994741604986158,1.),
(1.,0.998969862268915,1.),
(1.,0.999944990804811,1.),
(1.,1.,1.)))REPRESENTATION_ITEM('')SURFACE());
#5058=CARTESIAN_POINT('',(-3.46346630791308,-46.4571682278172,1.40261099727447));
#5059=CARTESIAN_POINT('',(-3.38471194222948,-47.0356806534828,0.820483412301406));
#5060=CARTESIAN_POINT('',(-3.4634663034081,-47.0544412150733,-2.68190818797365E-6));
#5061=CARTESIAN_POINT('',(-3.62102110145413,-46.5042298022652,1.40929964500598));
#5062=CARTESIAN_POINT('',(-3.5200403250632,-47.061097165716,0.832846408915807));
#5063=CARTESIAN_POINT('',(-3.62102110250531,-47.0918739973815,0.0318884749619349));
#5064=CARTESIAN_POINT('',(-3.83697277847475,-46.6061883820708,1.42378458589188));
#5065=CARTESIAN_POINT('',(-3.71121087780615,-47.1171235213546,0.859951410472234));
#5066=CARTESIAN_POINT('',(-3.83697277828101,-47.172904421537,0.100998539801648));
#5067=CARTESIAN_POINT('',(-4.08534001440281,-46.7876120550926,1.44931914647291));
#5068=CARTESIAN_POINT('',(-3.94917387817805,-47.2290891182769,0.913298328647905));
#5069=CARTESIAN_POINT('',(-4.0853400144363,-47.31619462578,0.224304781809698));
#5070=CARTESIAN_POINT('',(-4.24678803691575,-46.9348939921132,1.46994630711107));
#5071=CARTESIAN_POINT('',(-4.1087400557657,-47.323098014387,0.957803214653858));
#5072=CARTESIAN_POINT('',(-4.24678803690582,-47.432072714979,0.324549755541201));
#5073=CARTESIAN_POINT('',(-4.39669571986757,-47.1030423622811,1.49332390328948));
#5074=CARTESIAN_POINT('',(-4.26668458087916,-47.4379355931174,1.01188556235226));
#5075=CARTESIAN_POINT('',(-4.39669571987071,-47.5637528099775,0.439218806081826));
#5076=CARTESIAN_POINT('',(-4.53628731340891,-47.2956944216529,1.51992030108114));
#5077=CARTESIAN_POINT('',(-4.42206465798353,-47.5776155620927,1.0774055401589));
#5078=CARTESIAN_POINT('',(-4.53628731340795,-47.7138231576693,0.570838087010643));
#5079=CARTESIAN_POINT('',(-4.66338351199497,-47.5137946760334,1.54977174842164));
#5080=CARTESIAN_POINT('',(-4.56996493702323,-47.743481694988,1.15501840499889));
#5081=CARTESIAN_POINT('',(-4.66338351199527,-47.882651904891,0.720155650198864));
#5082=CARTESIAN_POINT('',(-4.7750013661144,-47.7570838665192,1.58272715556771));
#5083=CARTESIAN_POINT('',(-4.70576650360032,-47.9366070588522,1.24530654924656));
#5084=CARTESIAN_POINT('',(-4.7750013661143,-48.0695987420635,0.887104719612574));
#5085=CARTESIAN_POINT('',(-4.86867453009037,-48.0266163151347,1.61882847988326));
#5086=CARTESIAN_POINT('',(-4.82374575738424,-48.1572436186581,1.34852482348457));
#5087=CARTESIAN_POINT('',(-4.8686745300904,-48.2749815499289,1.072499191958));
#5088=CARTESIAN_POINT('',(-4.93968747084308,-48.3171745890896,1.65723093847655));
#5089=CARTESIAN_POINT('',(-4.91890645546947,-48.4080574401552,1.46611064251753));
#5090=CARTESIAN_POINT('',(-4.93968747084307,-48.4942460092651,1.27282822296425));
#5091=CARTESIAN_POINT('',(-4.98836445463268,-48.6443253928354,1.69994678107622));
#5092=CARTESIAN_POINT('',(-4.98427892485505,-48.6917116233868,1.59954881580995));
#5093=CARTESIAN_POINT('',(-4.98836445463268,-48.7385455877161,1.49894575405705));
#5094=CARTESIAN_POINT('',(-4.99999728010524,-48.8737029287222,1.72918802574053));
#5095=CARTESIAN_POINT('',(-4.99997131657724,-48.8937581389355,1.69503916192532));
#5096=CARTESIAN_POINT('',(-4.99999728010524,-48.9074870628864,1.65775756482638));
#5097=CARTESIAN_POINT('',(-5.00000000000002,-49.0000000098374,1.74538117124661));
#5098=CARTESIAN_POINT('',(-5.00000000000002,-49.0000000098374,1.74538117124661));
#5099=CARTESIAN_POINT('',(-5.00000000000002,-49.0000000098374,1.7453811712466));
#5100=FACE_BOUND('',#5101,.T.);
#5101=EDGE_LOOP('',(#5709,#5710,#5711,#5712));
#5102=CYLINDRICAL_SURFACE('',#5103,22.);
#5103=AXIS2_PLACEMENT_3D('',#5104,#5105,#5106);
#5104=CARTESIAN_POINT('',(-5.00000000000002,-61.6655954667024,17.2238401295228));
#5105=DIRECTION('',(1.,0.,-6.12323399573677E-17));
#5106=DIRECTION('',(-4.56425580555945E-17,0.666617975547829,-0.745399540298029));
#5107=FACE_BOUND('',#5108,.T.);
#5108=EDGE_LOOP('',(#5713));
#5109=PLANE('',#5110);
#5110=AXIS2_PLACEMENT_3D('',#5111,#5112,#5113);
#5111=CARTESIAN_POINT('',(3.67394039744206E-15,1.10855294548299E-14,5.00000000000001));
#5112=DIRECTION('',(-1.22464679914735E-16,-6.12323399573677E-17,1.));
#5113=DIRECTION('',(6.12323399573677E-17,-1.,-6.12323399573676E-17));
#5114=ORIENTED_EDGE('',*,*,#5714,.T.);
#5115=ORIENTED_EDGE('',*,*,#5715,.T.);
#5116=ORIENTED_EDGE('',*,*,#5716,.T.);
#5117=ORIENTED_EDGE('',*,*,#5717,.T.);
#5118=ORIENTED_EDGE('',*,*,#5718,.F.);
#5119=ORIENTED_EDGE('',*,*,#5719,.T.);
#5120=ORIENTED_EDGE('',*,*,#5720,.F.);
#5121=ORIENTED_EDGE('',*,*,#5721,.T.);
#5122=ORIENTED_EDGE('',*,*,#5722,.F.);
#5123=ORIENTED_EDGE('',*,*,#5723,.F.);
#5124=ORIENTED_EDGE('',*,*,#5724,.F.);
#5125=ORIENTED_EDGE('',*,*,#5725,.T.);
#5126=ORIENTED_EDGE('',*,*,#5726,.F.);
#5127=ORIENTED_EDGE('',*,*,#5727,.T.);
#5128=ORIENTED_EDGE('',*,*,#5728,.F.);
#5129=ORIENTED_EDGE('',*,*,#5729,.T.);
#5130=ORIENTED_EDGE('',*,*,#5730,.F.);
#5131=ORIENTED_EDGE('',*,*,#5731,.F.);
#5132=ORIENTED_EDGE('',*,*,#5732,.F.);
#5133=ORIENTED_EDGE('',*,*,#5733,.T.);
#5134=ORIENTED_EDGE('',*,*,#5734,.F.);
#5135=ORIENTED_EDGE('',*,*,#5735,.T.);
#5136=ORIENTED_EDGE('',*,*,#5736,.F.);
#5137=ORIENTED_EDGE('',*,*,#5737,.T.);
#5138=ORIENTED_EDGE('',*,*,#5738,.F.);
#5139=ORIENTED_EDGE('',*,*,#5739,.F.);
#5140=ORIENTED_EDGE('',*,*,#5740,.F.);
#5141=ORIENTED_EDGE('',*,*,#5741,.T.);
#5142=ORIENTED_EDGE('',*,*,#5742,.F.);
#5143=ORIENTED_EDGE('',*,*,#5743,.T.);
#5144=ORIENTED_EDGE('',*,*,#5744,.F.);
#5145=ORIENTED_EDGE('',*,*,#5745,.T.);
#5146=ORIENTED_EDGE('',*,*,#5746,.F.);
#5147=ORIENTED_EDGE('',*,*,#5747,.F.);
#5148=ORIENTED_EDGE('',*,*,#5748,.F.);
#5149=ORIENTED_EDGE('',*,*,#5749,.T.);
#5150=ORIENTED_EDGE('',*,*,#5750,.T.);
#5151=ORIENTED_EDGE('',*,*,#5751,.F.);
#5152=ORIENTED_EDGE('',*,*,#5752,.T.);
#5153=ORIENTED_EDGE('',*,*,#5753,.T.);
#5154=ORIENTED_EDGE('',*,*,#5754,.T.);
#5155=ORIENTED_EDGE('',*,*,#5755,.T.);
#5156=ORIENTED_EDGE('',*,*,#5756,.F.);
#5157=ORIENTED_EDGE('',*,*,#5757,.F.);
#5158=ORIENTED_EDGE('',*,*,#5758,.T.);
#5159=ORIENTED_EDGE('',*,*,#5759,.T.);
#5160=ORIENTED_EDGE('',*,*,#5760,.T.);
#5161=ORIENTED_EDGE('',*,*,#5761,.F.);
#5162=ORIENTED_EDGE('',*,*,#5762,.F.);
#5163=ORIENTED_EDGE('',*,*,#5763,.T.);
#5164=ORIENTED_EDGE('',*,*,#5764,.F.);
#5165=ORIENTED_EDGE('',*,*,#5765,.T.);
#5166=ORIENTED_EDGE('',*,*,#5766,.F.);
#5167=ORIENTED_EDGE('',*,*,#5767,.F.);
#5168=ORIENTED_EDGE('',*,*,#5768,.T.);
#5169=ORIENTED_EDGE('',*,*,#5769,.T.);
#5170=ORIENTED_EDGE('',*,*,#5770,.T.);
#5171=ORIENTED_EDGE('',*,*,#5771,.F.);
#5172=ORIENTED_EDGE('',*,*,#5772,.F.);
#5173=ORIENTED_EDGE('',*,*,#5773,.T.);
#5174=ORIENTED_EDGE('',*,*,#5774,.F.);
#5175=ORIENTED_EDGE('',*,*,#5775,.T.);
#5176=ORIENTED_EDGE('',*,*,#5776,.F.);
#5177=ORIENTED_EDGE('',*,*,#5777,.F.);
#5178=ORIENTED_EDGE('',*,*,#5778,.T.);
#5179=ORIENTED_EDGE('',*,*,#5779,.T.);
#5180=ORIENTED_EDGE('',*,*,#5780,.T.);
#5181=ORIENTED_EDGE('',*,*,#5781,.F.);
#5182=ORIENTED_EDGE('',*,*,#5782,.F.);
#5183=ORIENTED_EDGE('',*,*,#5783,.T.);
#5184=ORIENTED_EDGE('',*,*,#5784,.F.);
#5185=ORIENTED_EDGE('',*,*,#5785,.T.);
#5186=ORIENTED_EDGE('',*,*,#5786,.F.);
#5187=ORIENTED_EDGE('',*,*,#5787,.F.);
#5188=ORIENTED_EDGE('',*,*,#5788,.T.);
#5189=ORIENTED_EDGE('',*,*,#5789,.T.);
#5190=ORIENTED_EDGE('',*,*,#5790,.T.);
#5191=ORIENTED_EDGE('',*,*,#5791,.F.);
#5192=ORIENTED_EDGE('',*,*,#5792,.F.);
#5193=ORIENTED_EDGE('',*,*,#5793,.T.);
#5194=ORIENTED_EDGE('',*,*,#5794,.F.);
#5195=ORIENTED_EDGE('',*,*,#5795,.T.);
#5196=ORIENTED_EDGE('',*,*,#5796,.T.);
#5197=ORIENTED_EDGE('',*,*,#5754,.F.);
#5198=ORIENTED_EDGE('',*,*,#5797,.T.);
#5199=ORIENTED_EDGE('',*,*,#5753,.F.);
#5200=ORIENTED_EDGE('',*,*,#5798,.T.);
#5201=ORIENTED_EDGE('',*,*,#5752,.F.);
#5202=ORIENTED_EDGE('',*,*,#5717,.F.);
#5203=ORIENTED_EDGE('',*,*,#5799,.F.);
#5204=ORIENTED_EDGE('',*,*,#5716,.F.);
#5205=ORIENTED_EDGE('',*,*,#5800,.F.);
#5206=ORIENTED_EDGE('',*,*,#5715,.F.);
#5207=ORIENTED_EDGE('',*,*,#5801,.F.);
#5208=ORIENTED_EDGE('',*,*,#5714,.F.);
#5209=ORIENTED_EDGE('',*,*,#5802,.T.);
#5210=ORIENTED_EDGE('',*,*,#5803,.F.);
#5211=ORIENTED_EDGE('',*,*,#5804,.T.);
#5212=ORIENTED_EDGE('',*,*,#5718,.T.);
#5213=ORIENTED_EDGE('',*,*,#5805,.F.);
#5214=ORIENTED_EDGE('',*,*,#5806,.T.);
#5215=ORIENTED_EDGE('',*,*,#5807,.T.);
#5216=ORIENTED_EDGE('',*,*,#5719,.F.);
#5217=ORIENTED_EDGE('',*,*,#5804,.F.);
#5218=ORIENTED_EDGE('',*,*,#5808,.F.);
#5219=ORIENTED_EDGE('',*,*,#5809,.T.);
#5220=ORIENTED_EDGE('',*,*,#5720,.T.);
#5221=ORIENTED_EDGE('',*,*,#5807,.F.);
#5222=ORIENTED_EDGE('',*,*,#5810,.F.);
#5223=ORIENTED_EDGE('',*,*,#5791,.T.);
#5224=ORIENTED_EDGE('',*,*,#5811,.T.);
#5225=ORIENTED_EDGE('',*,*,#5812,.T.);
#5226=ORIENTED_EDGE('',*,*,#5721,.F.);
#5227=ORIENTED_EDGE('',*,*,#5809,.F.);
#5228=ORIENTED_EDGE('',*,*,#5813,.F.);
#5229=ORIENTED_EDGE('',*,*,#5814,.F.);
#5230=ORIENTED_EDGE('',*,*,#5815,.T.);
#5231=ORIENTED_EDGE('',*,*,#5722,.T.);
#5232=ORIENTED_EDGE('',*,*,#5812,.F.);
#5233=ORIENTED_EDGE('',*,*,#5816,.F.);
#5234=ORIENTED_EDGE('',*,*,#5817,.F.);
#5235=ORIENTED_EDGE('',*,*,#5723,.T.);
#5236=ORIENTED_EDGE('',*,*,#5815,.F.);
#5237=ORIENTED_EDGE('',*,*,#5818,.F.);
#5238=ORIENTED_EDGE('',*,*,#5819,.F.);
#5239=ORIENTED_EDGE('',*,*,#5724,.T.);
#5240=ORIENTED_EDGE('',*,*,#5817,.T.);
#5241=ORIENTED_EDGE('',*,*,#5820,.T.);
#5242=ORIENTED_EDGE('',*,*,#5821,.T.);
#5243=ORIENTED_EDGE('',*,*,#5822,.T.);
#5244=ORIENTED_EDGE('',*,*,#5725,.F.);
#5245=ORIENTED_EDGE('',*,*,#5819,.T.);
#5246=ORIENTED_EDGE('',*,*,#5823,.T.);
#5247=ORIENTED_EDGE('',*,*,#5787,.T.);
#5248=ORIENTED_EDGE('',*,*,#5824,.F.);
#5249=ORIENTED_EDGE('',*,*,#5825,.T.);
#5250=ORIENTED_EDGE('',*,*,#5726,.T.);
#5251=ORIENTED_EDGE('',*,*,#5822,.F.);
#5252=ORIENTED_EDGE('',*,*,#5826,.T.);
#5253=ORIENTED_EDGE('',*,*,#5827,.T.);
#5254=ORIENTED_EDGE('',*,*,#5727,.F.);
#5255=ORIENTED_EDGE('',*,*,#5825,.F.);
#5256=ORIENTED_EDGE('',*,*,#5828,.F.);
#5257=ORIENTED_EDGE('',*,*,#5829,.T.);
#5258=ORIENTED_EDGE('',*,*,#5728,.T.);
#5259=ORIENTED_EDGE('',*,*,#5827,.F.);
#5260=ORIENTED_EDGE('',*,*,#5830,.F.);
#5261=ORIENTED_EDGE('',*,*,#5781,.T.);
#5262=ORIENTED_EDGE('',*,*,#5831,.T.);
#5263=ORIENTED_EDGE('',*,*,#5832,.T.);
#5264=ORIENTED_EDGE('',*,*,#5729,.F.);
#5265=ORIENTED_EDGE('',*,*,#5829,.F.);
#5266=ORIENTED_EDGE('',*,*,#5833,.F.);
#5267=ORIENTED_EDGE('',*,*,#5834,.F.);
#5268=ORIENTED_EDGE('',*,*,#5835,.T.);
#5269=ORIENTED_EDGE('',*,*,#5730,.T.);
#5270=ORIENTED_EDGE('',*,*,#5832,.F.);
#5271=ORIENTED_EDGE('',*,*,#5836,.F.);
#5272=ORIENTED_EDGE('',*,*,#5837,.F.);
#5273=ORIENTED_EDGE('',*,*,#5731,.T.);
#5274=ORIENTED_EDGE('',*,*,#5835,.F.);
#5275=ORIENTED_EDGE('',*,*,#5838,.F.);
#5276=ORIENTED_EDGE('',*,*,#5839,.F.);
#5277=ORIENTED_EDGE('',*,*,#5732,.T.);
#5278=ORIENTED_EDGE('',*,*,#5837,.T.);
#5279=ORIENTED_EDGE('',*,*,#5840,.T.);
#5280=ORIENTED_EDGE('',*,*,#5841,.T.);
#5281=ORIENTED_EDGE('',*,*,#5842,.T.);
#5282=ORIENTED_EDGE('',*,*,#5733,.F.);
#5283=ORIENTED_EDGE('',*,*,#5839,.T.);
#5284=ORIENTED_EDGE('',*,*,#5843,.T.);
#5285=ORIENTED_EDGE('',*,*,#5777,.T.);
#5286=ORIENTED_EDGE('',*,*,#5844,.F.);
#5287=ORIENTED_EDGE('',*,*,#5845,.T.);
#5288=ORIENTED_EDGE('',*,*,#5734,.T.);
#5289=ORIENTED_EDGE('',*,*,#5842,.F.);
#5290=ORIENTED_EDGE('',*,*,#5846,.T.);
#5291=ORIENTED_EDGE('',*,*,#5847,.T.);
#5292=ORIENTED_EDGE('',*,*,#5735,.F.);
#5293=ORIENTED_EDGE('',*,*,#5845,.F.);
#5294=ORIENTED_EDGE('',*,*,#5848,.F.);
#5295=ORIENTED_EDGE('',*,*,#5849,.T.);
#5296=ORIENTED_EDGE('',*,*,#5736,.T.);
#5297=ORIENTED_EDGE('',*,*,#5847,.F.);
#5298=ORIENTED_EDGE('',*,*,#5850,.F.);
#5299=ORIENTED_EDGE('',*,*,#5771,.T.);
#5300=ORIENTED_EDGE('',*,*,#5851,.T.);
#5301=ORIENTED_EDGE('',*,*,#5852,.T.);
#5302=ORIENTED_EDGE('',*,*,#5737,.F.);
#5303=ORIENTED_EDGE('',*,*,#5849,.F.);
#5304=ORIENTED_EDGE('',*,*,#5853,.F.);
#5305=ORIENTED_EDGE('',*,*,#5854,.F.);
#5306=ORIENTED_EDGE('',*,*,#5855,.T.);
#5307=ORIENTED_EDGE('',*,*,#5738,.T.);
#5308=ORIENTED_EDGE('',*,*,#5852,.F.);
#5309=ORIENTED_EDGE('',*,*,#5856,.F.);
#5310=ORIENTED_EDGE('',*,*,#5857,.F.);
#5311=ORIENTED_EDGE('',*,*,#5739,.T.);
#5312=ORIENTED_EDGE('',*,*,#5855,.F.);
#5313=ORIENTED_EDGE('',*,*,#5858,.F.);
#5314=ORIENTED_EDGE('',*,*,#5859,.F.);
#5315=ORIENTED_EDGE('',*,*,#5740,.T.);
#5316=ORIENTED_EDGE('',*,*,#5857,.T.);
#5317=ORIENTED_EDGE('',*,*,#5860,.T.);
#5318=ORIENTED_EDGE('',*,*,#5861,.T.);
#5319=ORIENTED_EDGE('',*,*,#5862,.T.);
#5320=ORIENTED_EDGE('',*,*,#5741,.F.);
#5321=ORIENTED_EDGE('',*,*,#5859,.T.);
#5322=ORIENTED_EDGE('',*,*,#5863,.T.);
#5323=ORIENTED_EDGE('',*,*,#5767,.T.);
#5324=ORIENTED_EDGE('',*,*,#5864,.F.);
#5325=ORIENTED_EDGE('',*,*,#5865,.T.);
#5326=ORIENTED_EDGE('',*,*,#5742,.T.);
#5327=ORIENTED_EDGE('',*,*,#5862,.F.);
#5328=ORIENTED_EDGE('',*,*,#5866,.T.);
#5329=ORIENTED_EDGE('',*,*,#5867,.T.);
#5330=ORIENTED_EDGE('',*,*,#5743,.F.);
#5331=ORIENTED_EDGE('',*,*,#5865,.F.);
#5332=ORIENTED_EDGE('',*,*,#5868,.F.);
#5333=ORIENTED_EDGE('',*,*,#5869,.T.);
#5334=ORIENTED_EDGE('',*,*,#5744,.T.);
#5335=ORIENTED_EDGE('',*,*,#5867,.F.);
#5336=ORIENTED_EDGE('',*,*,#5870,.F.);
#5337=ORIENTED_EDGE('',*,*,#5761,.T.);
#5338=ORIENTED_EDGE('',*,*,#5871,.T.);
#5339=ORIENTED_EDGE('',*,*,#5872,.T.);
#5340=ORIENTED_EDGE('',*,*,#5745,.F.);
#5341=ORIENTED_EDGE('',*,*,#5869,.F.);
#5342=ORIENTED_EDGE('',*,*,#5873,.F.);
#5343=ORIENTED_EDGE('',*,*,#5874,.F.);
#5344=ORIENTED_EDGE('',*,*,#5875,.T.);
#5345=ORIENTED_EDGE('',*,*,#5746,.T.);
#5346=ORIENTED_EDGE('',*,*,#5872,.F.);
#5347=ORIENTED_EDGE('',*,*,#5876,.F.);
#5348=ORIENTED_EDGE('',*,*,#5877,.F.);
#5349=ORIENTED_EDGE('',*,*,#5747,.T.);
#5350=ORIENTED_EDGE('',*,*,#5875,.F.);
#5351=ORIENTED_EDGE('',*,*,#5878,.F.);
#5352=ORIENTED_EDGE('',*,*,#5879,.F.);
#5353=ORIENTED_EDGE('',*,*,#5748,.T.);
#5354=ORIENTED_EDGE('',*,*,#5877,.T.);
#5355=ORIENTED_EDGE('',*,*,#5880,.T.);
#5356=ORIENTED_EDGE('',*,*,#5881,.T.);
#5357=ORIENTED_EDGE('',*,*,#5805,.T.);
#5358=ORIENTED_EDGE('',*,*,#5749,.F.);
#5359=ORIENTED_EDGE('',*,*,#5879,.T.);
#5360=ORIENTED_EDGE('',*,*,#5882,.T.);
#5361=ORIENTED_EDGE('',*,*,#5757,.T.);
#5362=ORIENTED_EDGE('',*,*,#5750,.F.);
#5363=ORIENTED_EDGE('',*,*,#5883,.F.);
#5364=ORIENTED_EDGE('',*,*,#5884,.F.);
#5365=ORIENTED_EDGE('',*,*,#5751,.T.);
#5366=ORIENTED_EDGE('',*,*,#5885,.T.);
#5367=ORIENTED_EDGE('',*,*,#5886,.F.);
#5368=ORIENTED_EDGE('',*,*,#5755,.F.);
#5369=ORIENTED_EDGE('',*,*,#5887,.T.);
#5370=ORIENTED_EDGE('',*,*,#5888,.T.);
#5371=ORIENTED_EDGE('',*,*,#5880,.F.);
#5372=ORIENTED_EDGE('',*,*,#5756,.T.);
#5373=ORIENTED_EDGE('',*,*,#5889,.T.);
#5374=ORIENTED_EDGE('',*,*,#5890,.T.);
#5375=ORIENTED_EDGE('',*,*,#5758,.F.);
#5376=ORIENTED_EDGE('',*,*,#5891,.F.);
#5377=ORIENTED_EDGE('',*,*,#5892,.F.);
#5378=ORIENTED_EDGE('',*,*,#5759,.F.);
#5379=ORIENTED_EDGE('',*,*,#5890,.F.);
#5380=ORIENTED_EDGE('',*,*,#5893,.T.);
#5381=ORIENTED_EDGE('',*,*,#5894,.T.);
#5382=ORIENTED_EDGE('',*,*,#5895,.T.);
#5383=ORIENTED_EDGE('',*,*,#5760,.F.);
#5384=ORIENTED_EDGE('',*,*,#5892,.T.);
#5385=ORIENTED_EDGE('',*,*,#5896,.T.);
#5386=ORIENTED_EDGE('',*,*,#5762,.T.);
#5387=ORIENTED_EDGE('',*,*,#5870,.T.);
#5388=ORIENTED_EDGE('',*,*,#5897,.T.);
#5389=ORIENTED_EDGE('',*,*,#5898,.F.);
#5390=ORIENTED_EDGE('',*,*,#5763,.F.);
#5391=ORIENTED_EDGE('',*,*,#5899,.T.);
#5392=ORIENTED_EDGE('',*,*,#5764,.T.);
#5393=ORIENTED_EDGE('',*,*,#5898,.T.);
#5394=ORIENTED_EDGE('',*,*,#5900,.F.);
#5395=ORIENTED_EDGE('',*,*,#5901,.F.);
#5396=ORIENTED_EDGE('',*,*,#5902,.T.);
#5397=ORIENTED_EDGE('',*,*,#5903,.F.);
#5398=ORIENTED_EDGE('',*,*,#5765,.F.);
#5399=ORIENTED_EDGE('',*,*,#5901,.T.);
#5400=ORIENTED_EDGE('',*,*,#5904,.T.);
#5401=ORIENTED_EDGE('',*,*,#5860,.F.);
#5402=ORIENTED_EDGE('',*,*,#5766,.T.);
#5403=ORIENTED_EDGE('',*,*,#5905,.T.);
#5404=ORIENTED_EDGE('',*,*,#5906,.T.);
#5405=ORIENTED_EDGE('',*,*,#5768,.F.);
#5406=ORIENTED_EDGE('',*,*,#5907,.F.);
#5407=ORIENTED_EDGE('',*,*,#5906,.F.);
#5408=ORIENTED_EDGE('',*,*,#5908,.T.);
#5409=ORIENTED_EDGE('',*,*,#5909,.F.);
#5410=ORIENTED_EDGE('',*,*,#5769,.F.);
#5411=ORIENTED_EDGE('',*,*,#5910,.T.);
#5412=ORIENTED_EDGE('',*,*,#5911,.T.);
#5413=ORIENTED_EDGE('',*,*,#5770,.F.);
#5414=ORIENTED_EDGE('',*,*,#5909,.T.);
#5415=ORIENTED_EDGE('',*,*,#5912,.T.);
#5416=ORIENTED_EDGE('',*,*,#5772,.T.);
#5417=ORIENTED_EDGE('',*,*,#5850,.T.);
#5418=ORIENTED_EDGE('',*,*,#5913,.T.);
#5419=ORIENTED_EDGE('',*,*,#5914,.F.);
#5420=ORIENTED_EDGE('',*,*,#5773,.F.);
#5421=ORIENTED_EDGE('',*,*,#5915,.T.);
#5422=ORIENTED_EDGE('',*,*,#5774,.T.);
#5423=ORIENTED_EDGE('',*,*,#5914,.T.);
#5424=ORIENTED_EDGE('',*,*,#5916,.F.);
#5425=ORIENTED_EDGE('',*,*,#5917,.F.);
#5426=ORIENTED_EDGE('',*,*,#5918,.T.);
#5427=ORIENTED_EDGE('',*,*,#5919,.F.);
#5428=ORIENTED_EDGE('',*,*,#5775,.F.);
#5429=ORIENTED_EDGE('',*,*,#5917,.T.);
#5430=ORIENTED_EDGE('',*,*,#5920,.T.);
#5431=ORIENTED_EDGE('',*,*,#5840,.F.);
#5432=ORIENTED_EDGE('',*,*,#5776,.T.);
#5433=ORIENTED_EDGE('',*,*,#5921,.T.);
#5434=ORIENTED_EDGE('',*,*,#5922,.T.);
#5435=ORIENTED_EDGE('',*,*,#5778,.F.);
#5436=ORIENTED_EDGE('',*,*,#5923,.F.);
#5437=ORIENTED_EDGE('',*,*,#5922,.F.);
#5438=ORIENTED_EDGE('',*,*,#5924,.T.);
#5439=ORIENTED_EDGE('',*,*,#5925,.F.);
#5440=ORIENTED_EDGE('',*,*,#5779,.F.);
#5441=ORIENTED_EDGE('',*,*,#5926,.T.);
#5442=ORIENTED_EDGE('',*,*,#5927,.T.);
#5443=ORIENTED_EDGE('',*,*,#5780,.F.);
#5444=ORIENTED_EDGE('',*,*,#5925,.T.);
#5445=ORIENTED_EDGE('',*,*,#5928,.T.);
#5446=ORIENTED_EDGE('',*,*,#5782,.T.);
#5447=ORIENTED_EDGE('',*,*,#5830,.T.);
#5448=ORIENTED_EDGE('',*,*,#5929,.T.);
#5449=ORIENTED_EDGE('',*,*,#5930,.F.);
#5450=ORIENTED_EDGE('',*,*,#5783,.F.);
#5451=ORIENTED_EDGE('',*,*,#5931,.T.);
#5452=ORIENTED_EDGE('',*,*,#5784,.T.);
#5453=ORIENTED_EDGE('',*,*,#5930,.T.);
#5454=ORIENTED_EDGE('',*,*,#5932,.F.);
#5455=ORIENTED_EDGE('',*,*,#5933,.F.);
#5456=ORIENTED_EDGE('',*,*,#5934,.T.);
#5457=ORIENTED_EDGE('',*,*,#5935,.F.);
#5458=ORIENTED_EDGE('',*,*,#5785,.F.);
#5459=ORIENTED_EDGE('',*,*,#5933,.T.);
#5460=ORIENTED_EDGE('',*,*,#5936,.T.);
#5461=ORIENTED_EDGE('',*,*,#5820,.F.);
#5462=ORIENTED_EDGE('',*,*,#5786,.T.);
#5463=ORIENTED_EDGE('',*,*,#5937,.T.);
#5464=ORIENTED_EDGE('',*,*,#5938,.T.);
#5465=ORIENTED_EDGE('',*,*,#5788,.F.);
#5466=ORIENTED_EDGE('',*,*,#5939,.F.);
#5467=ORIENTED_EDGE('',*,*,#5938,.F.);
#5468=ORIENTED_EDGE('',*,*,#5940,.T.);
#5469=ORIENTED_EDGE('',*,*,#5941,.F.);
#5470=ORIENTED_EDGE('',*,*,#5789,.F.);
#5471=ORIENTED_EDGE('',*,*,#5942,.T.);
#5472=ORIENTED_EDGE('',*,*,#5943,.T.);
#5473=ORIENTED_EDGE('',*,*,#5790,.F.);
#5474=ORIENTED_EDGE('',*,*,#5941,.T.);
#5475=ORIENTED_EDGE('',*,*,#5944,.T.);
#5476=ORIENTED_EDGE('',*,*,#5792,.T.);
#5477=ORIENTED_EDGE('',*,*,#5810,.T.);
#5478=ORIENTED_EDGE('',*,*,#5945,.T.);
#5479=ORIENTED_EDGE('',*,*,#5946,.F.);
#5480=ORIENTED_EDGE('',*,*,#5793,.F.);
#5481=ORIENTED_EDGE('',*,*,#5947,.T.);
#5482=ORIENTED_EDGE('',*,*,#5794,.T.);
#5483=ORIENTED_EDGE('',*,*,#5946,.T.);
#5484=ORIENTED_EDGE('',*,*,#5948,.F.);
#5485=ORIENTED_EDGE('',*,*,#5887,.F.);
#5486=ORIENTED_EDGE('',*,*,#5949,.T.);
#5487=ORIENTED_EDGE('',*,*,#5795,.F.);
#5488=ORIENTED_EDGE('',*,*,#5796,.F.);
#5489=ORIENTED_EDGE('',*,*,#5797,.F.);
#5490=ORIENTED_EDGE('',*,*,#5798,.F.);
#5491=ORIENTED_EDGE('',*,*,#5799,.T.);
#5492=ORIENTED_EDGE('',*,*,#5800,.T.);
#5493=ORIENTED_EDGE('',*,*,#5801,.T.);
#5494=ORIENTED_EDGE('',*,*,#5802,.F.);
#5495=ORIENTED_EDGE('',*,*,#5884,.T.);
#5496=ORIENTED_EDGE('',*,*,#5950,.F.);
#5497=ORIENTED_EDGE('',*,*,#5951,.T.);
#5498=ORIENTED_EDGE('',*,*,#5803,.T.);
#5499=ORIENTED_EDGE('',*,*,#5952,.T.);
#5500=ORIENTED_EDGE('',*,*,#5953,.T.);
#5501=ORIENTED_EDGE('',*,*,#5806,.F.);
#5502=ORIENTED_EDGE('',*,*,#5951,.F.);
#5503=ORIENTED_EDGE('',*,*,#5954,.F.);
#5504=ORIENTED_EDGE('',*,*,#5808,.T.);
#5505=ORIENTED_EDGE('',*,*,#5953,.F.);
#5506=ORIENTED_EDGE('',*,*,#5955,.T.);
#5507=ORIENTED_EDGE('',*,*,#5811,.F.);
#5508=ORIENTED_EDGE('',*,*,#5943,.F.);
#5509=ORIENTED_EDGE('',*,*,#5956,.T.);
#5510=ORIENTED_EDGE('',*,*,#5945,.F.);
#5511=ORIENTED_EDGE('',*,*,#5957,.F.);
#5512=ORIENTED_EDGE('',*,*,#5813,.T.);
#5513=ORIENTED_EDGE('',*,*,#5954,.T.);
#5514=ORIENTED_EDGE('',*,*,#5958,.F.);
#5515=ORIENTED_EDGE('',*,*,#5955,.F.);
#5516=ORIENTED_EDGE('',*,*,#5959,.F.);
#5517=ORIENTED_EDGE('',*,*,#5814,.T.);
#5518=ORIENTED_EDGE('',*,*,#5816,.T.);
#5519=ORIENTED_EDGE('',*,*,#5959,.T.);
#5520=ORIENTED_EDGE('',*,*,#5960,.F.);
#5521=ORIENTED_EDGE('',*,*,#5961,.F.);
#5522=ORIENTED_EDGE('',*,*,#5818,.T.);
#5523=ORIENTED_EDGE('',*,*,#5961,.T.);
#5524=ORIENTED_EDGE('',*,*,#5962,.F.);
#5525=ORIENTED_EDGE('',*,*,#5963,.F.);
#5526=ORIENTED_EDGE('',*,*,#5934,.F.);
#5527=ORIENTED_EDGE('',*,*,#5964,.T.);
#5528=ORIENTED_EDGE('',*,*,#5965,.T.);
#5529=ORIENTED_EDGE('',*,*,#5821,.F.);
#5530=ORIENTED_EDGE('',*,*,#5962,.T.);
#5531=ORIENTED_EDGE('',*,*,#5966,.T.);
#5532=ORIENTED_EDGE('',*,*,#5939,.T.);
#5533=ORIENTED_EDGE('',*,*,#5823,.F.);
#5534=ORIENTED_EDGE('',*,*,#5967,.T.);
#5535=ORIENTED_EDGE('',*,*,#5824,.T.);
#5536=ORIENTED_EDGE('',*,*,#5965,.F.);
#5537=ORIENTED_EDGE('',*,*,#5968,.T.);
#5538=ORIENTED_EDGE('',*,*,#5969,.T.);
#5539=ORIENTED_EDGE('',*,*,#5826,.F.);
#5540=ORIENTED_EDGE('',*,*,#5967,.F.);
#5541=ORIENTED_EDGE('',*,*,#5970,.F.);
#5542=ORIENTED_EDGE('',*,*,#5828,.T.);
#5543=ORIENTED_EDGE('',*,*,#5969,.F.);
#5544=ORIENTED_EDGE('',*,*,#5971,.T.);
#5545=ORIENTED_EDGE('',*,*,#5831,.F.);
#5546=ORIENTED_EDGE('',*,*,#5927,.F.);
#5547=ORIENTED_EDGE('',*,*,#5972,.T.);
#5548=ORIENTED_EDGE('',*,*,#5929,.F.);
#5549=ORIENTED_EDGE('',*,*,#5973,.F.);
#5550=ORIENTED_EDGE('',*,*,#5833,.T.);
#5551=ORIENTED_EDGE('',*,*,#5970,.T.);
#5552=ORIENTED_EDGE('',*,*,#5974,.F.);
#5553=ORIENTED_EDGE('',*,*,#5971,.F.);
#5554=ORIENTED_EDGE('',*,*,#5975,.F.);
#5555=ORIENTED_EDGE('',*,*,#5834,.T.);
#5556=ORIENTED_EDGE('',*,*,#5836,.T.);
#5557=ORIENTED_EDGE('',*,*,#5975,.T.);
#5558=ORIENTED_EDGE('',*,*,#5976,.F.);
#5559=ORIENTED_EDGE('',*,*,#5977,.F.);
#5560=ORIENTED_EDGE('',*,*,#5838,.T.);
#5561=ORIENTED_EDGE('',*,*,#5977,.T.);
#5562=ORIENTED_EDGE('',*,*,#5978,.F.);
#5563=ORIENTED_EDGE('',*,*,#5979,.F.);
#5564=ORIENTED_EDGE('',*,*,#5918,.F.);
#5565=ORIENTED_EDGE('',*,*,#5980,.T.);
#5566=ORIENTED_EDGE('',*,*,#5981,.T.);
#5567=ORIENTED_EDGE('',*,*,#5841,.F.);
#5568=ORIENTED_EDGE('',*,*,#5978,.T.);
#5569=ORIENTED_EDGE('',*,*,#5982,.T.);
#5570=ORIENTED_EDGE('',*,*,#5923,.T.);
#5571=ORIENTED_EDGE('',*,*,#5843,.F.);
#5572=ORIENTED_EDGE('',*,*,#5844,.T.);
#5573=ORIENTED_EDGE('',*,*,#5981,.F.);
#5574=ORIENTED_EDGE('',*,*,#5983,.T.);
#5575=ORIENTED_EDGE('',*,*,#5984,.T.);
#5576=ORIENTED_EDGE('',*,*,#5985,.T.);
#5577=ORIENTED_EDGE('',*,*,#5846,.F.);
#5578=ORIENTED_EDGE('',*,*,#5983,.F.);
#5579=ORIENTED_EDGE('',*,*,#5848,.T.);
#5580=ORIENTED_EDGE('',*,*,#5985,.F.);
#5581=ORIENTED_EDGE('',*,*,#5986,.F.);
#5582=ORIENTED_EDGE('',*,*,#5987,.T.);
#5583=ORIENTED_EDGE('',*,*,#5851,.F.);
#5584=ORIENTED_EDGE('',*,*,#5911,.F.);
#5585=ORIENTED_EDGE('',*,*,#5988,.T.);
#5586=ORIENTED_EDGE('',*,*,#5913,.F.);
#5587=ORIENTED_EDGE('',*,*,#5989,.F.);
#5588=ORIENTED_EDGE('',*,*,#5853,.T.);
#5589=ORIENTED_EDGE('',*,*,#5986,.T.);
#5590=ORIENTED_EDGE('',*,*,#5990,.F.);
#5591=ORIENTED_EDGE('',*,*,#5854,.T.);
#5592=ORIENTED_EDGE('',*,*,#5987,.F.);
#5593=ORIENTED_EDGE('',*,*,#5991,.F.);
#5594=ORIENTED_EDGE('',*,*,#5856,.T.);
#5595=ORIENTED_EDGE('',*,*,#5991,.T.);
#5596=ORIENTED_EDGE('',*,*,#5992,.F.);
#5597=ORIENTED_EDGE('',*,*,#5993,.F.);
#5598=ORIENTED_EDGE('',*,*,#5993,.T.);
#5599=ORIENTED_EDGE('',*,*,#5994,.F.);
#5600=ORIENTED_EDGE('',*,*,#5858,.T.);
#5601=ORIENTED_EDGE('',*,*,#5995,.F.);
#5602=ORIENTED_EDGE('',*,*,#5902,.F.);
#5603=ORIENTED_EDGE('',*,*,#5996,.T.);
#5604=ORIENTED_EDGE('',*,*,#5997,.T.);
#5605=ORIENTED_EDGE('',*,*,#5861,.F.);
#5606=ORIENTED_EDGE('',*,*,#5994,.T.);
#5607=ORIENTED_EDGE('',*,*,#5998,.T.);
#5608=ORIENTED_EDGE('',*,*,#5907,.T.);
#5609=ORIENTED_EDGE('',*,*,#5863,.F.);
#5610=ORIENTED_EDGE('',*,*,#5997,.F.);
#5611=ORIENTED_EDGE('',*,*,#5999,.T.);
#5612=ORIENTED_EDGE('',*,*,#5864,.T.);
#5613=ORIENTED_EDGE('',*,*,#6000,.T.);
#5614=ORIENTED_EDGE('',*,*,#6001,.T.);
#5615=ORIENTED_EDGE('',*,*,#5866,.F.);
#5616=ORIENTED_EDGE('',*,*,#5999,.F.);
#5617=ORIENTED_EDGE('',*,*,#5868,.T.);
#5618=ORIENTED_EDGE('',*,*,#6001,.F.);
#5619=ORIENTED_EDGE('',*,*,#6002,.F.);
#5620=ORIENTED_EDGE('',*,*,#6003,.T.);
#5621=ORIENTED_EDGE('',*,*,#5871,.F.);
#5622=ORIENTED_EDGE('',*,*,#5895,.F.);
#5623=ORIENTED_EDGE('',*,*,#6004,.T.);
#5624=ORIENTED_EDGE('',*,*,#5897,.F.);
#5625=ORIENTED_EDGE('',*,*,#6005,.F.);
#5626=ORIENTED_EDGE('',*,*,#5873,.T.);
#5627=ORIENTED_EDGE('',*,*,#6002,.T.);
#5628=ORIENTED_EDGE('',*,*,#6006,.F.);
#5629=ORIENTED_EDGE('',*,*,#5874,.T.);
#5630=ORIENTED_EDGE('',*,*,#6003,.F.);
#5631=ORIENTED_EDGE('',*,*,#6007,.F.);
#5632=ORIENTED_EDGE('',*,*,#5876,.T.);
#5633=ORIENTED_EDGE('',*,*,#6007,.T.);
#5634=ORIENTED_EDGE('',*,*,#6008,.F.);
#5635=ORIENTED_EDGE('',*,*,#6009,.F.);
#5636=ORIENTED_EDGE('',*,*,#6009,.T.);
#5637=ORIENTED_EDGE('',*,*,#6010,.F.);
#5638=ORIENTED_EDGE('',*,*,#5878,.T.);
#5639=ORIENTED_EDGE('',*,*,#6011,.F.);
#5640=ORIENTED_EDGE('',*,*,#5885,.F.);
#5641=ORIENTED_EDGE('',*,*,#6012,.T.);
#5642=ORIENTED_EDGE('',*,*,#5950,.T.);
#5643=ORIENTED_EDGE('',*,*,#5881,.F.);
#5644=ORIENTED_EDGE('',*,*,#6010,.T.);
#5645=ORIENTED_EDGE('',*,*,#6013,.T.);
#5646=ORIENTED_EDGE('',*,*,#5891,.T.);
#5647=ORIENTED_EDGE('',*,*,#5882,.F.);
#5648=ORIENTED_EDGE('',*,*,#5883,.T.);
#5649=ORIENTED_EDGE('',*,*,#5888,.F.);
#5650=ORIENTED_EDGE('',*,*,#5886,.T.);
#5651=ORIENTED_EDGE('',*,*,#6011,.T.);
#5652=ORIENTED_EDGE('',*,*,#6008,.T.);
#5653=ORIENTED_EDGE('',*,*,#6004,.F.);
#5654=ORIENTED_EDGE('',*,*,#5894,.F.);
#5655=ORIENTED_EDGE('',*,*,#5893,.F.);
#5656=ORIENTED_EDGE('',*,*,#5889,.F.);
#5657=ORIENTED_EDGE('',*,*,#6013,.F.);
#5658=ORIENTED_EDGE('',*,*,#6005,.T.);
#5659=ORIENTED_EDGE('',*,*,#5899,.F.);
#5660=ORIENTED_EDGE('',*,*,#5896,.F.);
#5661=ORIENTED_EDGE('',*,*,#5900,.T.);
#5662=ORIENTED_EDGE('',*,*,#6006,.T.);
#5663=ORIENTED_EDGE('',*,*,#6000,.F.);
#5664=ORIENTED_EDGE('',*,*,#5996,.F.);
#5665=ORIENTED_EDGE('',*,*,#5904,.F.);
#5666=ORIENTED_EDGE('',*,*,#5903,.T.);
#5667=ORIENTED_EDGE('',*,*,#5995,.T.);
#5668=ORIENTED_EDGE('',*,*,#5992,.T.);
#5669=ORIENTED_EDGE('',*,*,#5988,.F.);
#5670=ORIENTED_EDGE('',*,*,#5910,.F.);
#5671=ORIENTED_EDGE('',*,*,#5908,.F.);
#5672=ORIENTED_EDGE('',*,*,#5905,.F.);
#5673=ORIENTED_EDGE('',*,*,#5998,.F.);
#5674=ORIENTED_EDGE('',*,*,#5989,.T.);
#5675=ORIENTED_EDGE('',*,*,#5915,.F.);
#5676=ORIENTED_EDGE('',*,*,#5912,.F.);
#5677=ORIENTED_EDGE('',*,*,#5916,.T.);
#5678=ORIENTED_EDGE('',*,*,#5990,.T.);
#5679=ORIENTED_EDGE('',*,*,#5984,.F.);
#5680=ORIENTED_EDGE('',*,*,#5980,.F.);
#5681=ORIENTED_EDGE('',*,*,#5919,.T.);
#5682=ORIENTED_EDGE('',*,*,#5979,.T.);
#5683=ORIENTED_EDGE('',*,*,#5920,.F.);
#5684=ORIENTED_EDGE('',*,*,#5976,.T.);
#5685=ORIENTED_EDGE('',*,*,#5972,.F.);
#5686=ORIENTED_EDGE('',*,*,#5926,.F.);
#5687=ORIENTED_EDGE('',*,*,#5924,.F.);
#5688=ORIENTED_EDGE('',*,*,#5921,.F.);
#5689=ORIENTED_EDGE('',*,*,#5982,.F.);
#5690=ORIENTED_EDGE('',*,*,#5931,.F.);
#5691=ORIENTED_EDGE('',*,*,#5928,.F.);
#5692=ORIENTED_EDGE('',*,*,#5973,.T.);
#5693=ORIENTED_EDGE('',*,*,#5932,.T.);
#5694=ORIENTED_EDGE('',*,*,#5974,.T.);
#5695=ORIENTED_EDGE('',*,*,#5968,.F.);
#5696=ORIENTED_EDGE('',*,*,#5964,.F.);
#5697=ORIENTED_EDGE('',*,*,#5963,.T.);
#5698=ORIENTED_EDGE('',*,*,#5936,.F.);
#5699=ORIENTED_EDGE('',*,*,#5935,.T.);
#5700=ORIENTED_EDGE('',*,*,#5960,.T.);
#5701=ORIENTED_EDGE('',*,*,#5956,.F.);
#5702=ORIENTED_EDGE('',*,*,#5942,.F.);
#5703=ORIENTED_EDGE('',*,*,#5940,.F.);
#5704=ORIENTED_EDGE('',*,*,#5937,.F.);
#5705=ORIENTED_EDGE('',*,*,#5966,.F.);
#5706=ORIENTED_EDGE('',*,*,#5947,.F.);
#5707=ORIENTED_EDGE('',*,*,#5944,.F.);
#5708=ORIENTED_EDGE('',*,*,#5957,.T.);
#5709=ORIENTED_EDGE('',*,*,#5948,.T.);
#5710=ORIENTED_EDGE('',*,*,#5958,.T.);
#5711=ORIENTED_EDGE('',*,*,#5952,.F.);
#5712=ORIENTED_EDGE('',*,*,#6012,.F.);
#5713=ORIENTED_EDGE('',*,*,#5949,.F.);
#5714=EDGE_CURVE('',#6014,#6014,#6015,.T.);
#5715=EDGE_CURVE('',#6016,#6016,#6017,.F.);
#5716=EDGE_CURVE('',#6018,#6018,#6019,.F.);
#5717=EDGE_CURVE('',#6020,#6020,#6021,.F.);
#5718=EDGE_CURVE('',#6022,#6023,#6024,.F.);
#5719=EDGE_CURVE('',#6022,#6025,#6026,.T.);
#5720=EDGE_CURVE('',#6027,#6025,#6028,.F.);
#5721=EDGE_CURVE('',#6027,#6029,#6030,.T.);
#5722=EDGE_CURVE('',#6031,#6029,#6032,.F.);
#5723=EDGE_CURVE('',#6033,#6031,#6034,.T.);
#5724=EDGE_CURVE('',#6035,#6033,#6036,.F.);
#5725=EDGE_CURVE('',#6035,#6037,#6038,.T.);
#5726=EDGE_CURVE('',#6039,#6037,#6040,.F.);
#5727=EDGE_CURVE('',#6039,#6041,#6042,.T.);
#5728=EDGE_CURVE('',#6043,#6041,#6044,.F.);
#5729=EDGE_CURVE('',#6043,#6045,#6046,.T.);
#5730=EDGE_CURVE('',#6047,#6045,#6048,.F.);
#5731=EDGE_CURVE('',#6049,#6047,#6050,.T.);
#5732=EDGE_CURVE('',#6051,#6049,#6052,.F.);
#5733=EDGE_CURVE('',#6051,#6053,#6054,.T.);
#5734=EDGE_CURVE('',#6055,#6053,#6056,.F.);
#5735=EDGE_CURVE('',#6055,#6057,#6058,.T.);
#5736=EDGE_CURVE('',#6059,#6057,#6060,.F.);
#5737=EDGE_CURVE('',#6059,#6061,#6062,.T.);
#5738=EDGE_CURVE('',#6063,#6061,#6064,.F.);
#5739=EDGE_CURVE('',#6065,#6063,#6066,.T.);
#5740=EDGE_CURVE('',#6067,#6065,#6068,.F.);
#5741=EDGE_CURVE('',#6067,#6069,#6070,.T.);
#5742=EDGE_CURVE('',#6071,#6069,#6072,.F.);
#5743=EDGE_CURVE('',#6071,#6073,#6074,.T.);
#5744=EDGE_CURVE('',#6075,#6073,#6076,.F.);
#5745=EDGE_CURVE('',#6075,#6077,#6078,.T.);
#5746=EDGE_CURVE('',#6079,#6077,#6080,.F.);
#5747=EDGE_CURVE('',#6081,#6079,#6082,.T.);
#5748=EDGE_CURVE('',#6083,#6081,#6084,.F.);
#5749=EDGE_CURVE('',#6083,#6023,#6085,.T.);
#5750=EDGE_CURVE('',#6086,#6086,#6087,.F.);
#5751=EDGE_CURVE('',#6088,#6088,#6089,.T.);
#5752=EDGE_CURVE('',#6090,#6090,#6091,.T.);
#5753=EDGE_CURVE('',#6092,#6092,#6093,.T.);
#5754=EDGE_CURVE('',#6094,#6094,#6095,.T.);
#5755=EDGE_CURVE('',#6096,#6097,#6098,.T.);
#5756=EDGE_CURVE('',#6099,#6097,#6100,.F.);
#5757=EDGE_CURVE('',#6101,#6099,#6102,.T.);
#5758=EDGE_CURVE('',#6101,#6103,#6104,.F.);
#5759=EDGE_CURVE('',#6103,#6105,#6106,.T.);
#5760=EDGE_CURVE('',#6105,#6107,#6108,.T.);
#5761=EDGE_CURVE('',#6109,#6107,#6110,.T.);
#5762=EDGE_CURVE('',#6111,#6109,#6112,.F.);
#5763=EDGE_CURVE('',#6111,#6113,#6114,.F.);
#5764=EDGE_CURVE('',#6115,#6113,#6116,.T.);
#5765=EDGE_CURVE('',#6115,#6117,#6118,.T.);
#5766=EDGE_CURVE('',#6119,#6117,#6120,.F.);
#5767=EDGE_CURVE('',#6121,#6119,#6122,.T.);
#5768=EDGE_CURVE('',#6121,#6123,#6124,.F.);
#5769=EDGE_CURVE('',#6123,#6125,#6126,.T.);
#5770=EDGE_CURVE('',#6125,#6127,#6128,.T.);
#5771=EDGE_CURVE('',#6129,#6127,#6130,.T.);
#5772=EDGE_CURVE('',#6131,#6129,#6132,.F.);
#5773=EDGE_CURVE('',#6131,#6133,#6134,.F.);
#5774=EDGE_CURVE('',#6135,#6133,#6136,.T.);
#5775=EDGE_CURVE('',#6135,#6137,#6138,.T.);
#5776=EDGE_CURVE('',#6139,#6137,#6140,.F.);
#5777=EDGE_CURVE('',#6141,#6139,#6142,.T.);
#5778=EDGE_CURVE('',#6141,#6143,#6144,.F.);
#5779=EDGE_CURVE('',#6143,#6145,#6146,.T.);
#5780=EDGE_CURVE('',#6145,#6147,#6148,.T.);
#5781=EDGE_CURVE('',#6149,#6147,#6150,.T.);
#5782=EDGE_CURVE('',#6151,#6149,#6152,.F.);
#5783=EDGE_CURVE('',#6151,#6153,#6154,.F.);
#5784=EDGE_CURVE('',#6155,#6153,#6156,.T.);
#5785=EDGE_CURVE('',#6155,#6157,#6158,.T.);
#5786=EDGE_CURVE('',#6159,#6157,#6160,.F.);
#5787=EDGE_CURVE('',#6161,#6159,#6162,.T.);
#5788=EDGE_CURVE('',#6161,#6163,#6164,.F.);
#5789=EDGE_CURVE('',#6163,#6165,#6166,.T.);
#5790=EDGE_CURVE('',#6165,#6167,#6168,.T.);
#5791=EDGE_CURVE('',#6169,#6167,#6170,.T.);
#5792=EDGE_CURVE('',#6171,#6169,#6172,.F.);
#5793=EDGE_CURVE('',#6171,#6173,#6174,.F.);
#5794=EDGE_CURVE('',#6096,#6173,#6175,.T.);
#5795=EDGE_CURVE('',#6176,#6176,#6177,.T.);
#5796=EDGE_CURVE('',#6178,#6178,#6179,.T.);
#5797=EDGE_CURVE('',#6180,#6180,#6181,.T.);
#5798=EDGE_CURVE('',#6182,#6182,#6183,.T.);
#5799=EDGE_CURVE('',#6184,#6184,#6185,.T.);
#5800=EDGE_CURVE('',#6186,#6186,#6187,.T.);
#5801=EDGE_CURVE('',#6188,#6188,#6189,.T.);
#5802=EDGE_CURVE('',#6190,#6190,#6191,.T.);
#5803=EDGE_CURVE('',#6192,#6193,#6194,.F.);
#5804=EDGE_CURVE('',#6192,#6022,#6195,.T.);
#5805=EDGE_CURVE('',#6193,#6023,#6196,.T.);
#5806=EDGE_CURVE('',#6192,#6197,#6198,.T.);
#5807=EDGE_CURVE('',#6197,#6025,#6199,.T.);
#5808=EDGE_CURVE('',#6200,#6197,#6201,.F.);
#5809=EDGE_CURVE('',#6200,#6027,#6202,.T.);
#5810=EDGE_CURVE('',#6169,#6203,#6204,.T.);
#5811=EDGE_CURVE('',#6167,#6205,#6206,.T.);
#5812=EDGE_CURVE('',#6205,#6029,#6207,.T.);
#5813=EDGE_CURVE('',#6203,#6200,#6208,.T.);
#5814=EDGE_CURVE('',#6209,#6205,#6210,.T.);
#5815=EDGE_CURVE('',#6209,#6031,#6211,.T.);
#5816=EDGE_CURVE('',#6212,#6209,#6213,.T.);
#5817=EDGE_CURVE('',#6033,#6212,#6214,.F.);
#5818=EDGE_CURVE('',#6215,#6212,#6216,.F.);
#5819=EDGE_CURVE('',#6035,#6215,#6217,.F.);
#5820=EDGE_CURVE('',#6159,#6218,#6219,.T.);
#5821=EDGE_CURVE('',#6218,#6220,#6221,.T.);
#5822=EDGE_CURVE('',#6220,#6037,#6222,.T.);
#5823=EDGE_CURVE('',#6215,#6161,#6223,.F.);
#5824=EDGE_CURVE('',#6224,#6220,#6225,.F.);
#5825=EDGE_CURVE('',#6224,#6039,#6226,.T.);
#5826=EDGE_CURVE('',#6224,#6227,#6228,.T.);
#5827=EDGE_CURVE('',#6227,#6041,#6229,.T.);
#5828=EDGE_CURVE('',#6230,#6227,#6231,.F.);
#5829=EDGE_CURVE('',#6230,#6043,#6232,.T.);
#5830=EDGE_CURVE('',#6149,#6233,#6234,.T.);
#5831=EDGE_CURVE('',#6147,#6235,#6236,.T.);
#5832=EDGE_CURVE('',#6235,#6045,#6237,.T.);
#5833=EDGE_CURVE('',#6233,#6230,#6238,.T.);
#5834=EDGE_CURVE('',#6239,#6235,#6240,.T.);
#5835=EDGE_CURVE('',#6239,#6047,#6241,.T.);
#5836=EDGE_CURVE('',#6242,#6239,#6243,.T.);
#5837=EDGE_CURVE('',#6049,#6242,#6244,.F.);
#5838=EDGE_CURVE('',#6245,#6242,#6246,.F.);
#5839=EDGE_CURVE('',#6051,#6245,#6247,.F.);
#5840=EDGE_CURVE('',#6139,#6248,#6249,.T.);
#5841=EDGE_CURVE('',#6248,#6250,#6251,.T.);
#5842=EDGE_CURVE('',#6250,#6053,#6252,.T.);
#5843=EDGE_CURVE('',#6245,#6141,#6253,.F.);
#5844=EDGE_CURVE('',#6254,#6250,#6255,.F.);
#5845=EDGE_CURVE('',#6254,#6055,#6256,.T.);
#5846=EDGE_CURVE('',#6254,#6257,#6258,.T.);
#5847=EDGE_CURVE('',#6257,#6057,#6259,.T.);
#5848=EDGE_CURVE('',#6260,#6257,#6261,.F.);
#5849=EDGE_CURVE('',#6260,#6059,#6262,.T.);
#5850=EDGE_CURVE('',#6129,#6263,#6264,.T.);
#5851=EDGE_CURVE('',#6127,#6265,#6266,.T.);
#5852=EDGE_CURVE('',#6265,#6061,#6267,.T.);
#5853=EDGE_CURVE('',#6263,#6260,#6268,.T.);
#5854=EDGE_CURVE('',#6269,#6265,#6270,.T.);
#5855=EDGE_CURVE('',#6269,#6063,#6271,.T.);
#5856=EDGE_CURVE('',#6272,#6269,#6273,.T.);
#5857=EDGE_CURVE('',#6065,#6272,#6274,.F.);
#5858=EDGE_CURVE('',#6275,#6272,#6276,.F.);
#5859=EDGE_CURVE('',#6067,#6275,#6277,.F.);
#5860=EDGE_CURVE('',#6119,#6278,#6279,.T.);
#5861=EDGE_CURVE('',#6278,#6280,#6281,.T.);
#5862=EDGE_CURVE('',#6280,#6069,#6282,.T.);
#5863=EDGE_CURVE('',#6275,#6121,#6283,.F.);
#5864=EDGE_CURVE('',#6284,#6280,#6285,.F.);
#5865=EDGE_CURVE('',#6284,#6071,#6286,.T.);
#5866=EDGE_CURVE('',#6284,#6287,#6288,.T.);
#5867=EDGE_CURVE('',#6287,#6073,#6289,.T.);
#5868=EDGE_CURVE('',#6290,#6287,#6291,.F.);
#5869=EDGE_CURVE('',#6290,#6075,#6292,.T.);
#5870=EDGE_CURVE('',#6109,#6293,#6294,.T.);
#5871=EDGE_CURVE('',#6107,#6295,#6296,.T.);
#5872=EDGE_CURVE('',#6295,#6077,#6297,.T.);
#5873=EDGE_CURVE('',#6293,#6290,#6298,.T.);
#5874=EDGE_CURVE('',#6299,#6295,#6300,.T.);
#5875=EDGE_CURVE('',#6299,#6079,#6301,.T.);
#5876=EDGE_CURVE('',#6302,#6299,#6303,.T.);
#5877=EDGE_CURVE('',#6081,#6302,#6304,.F.);
#5878=EDGE_CURVE('',#6305,#6302,#6306,.F.);
#5879=EDGE_CURVE('',#6083,#6305,#6307,.F.);
#5880=EDGE_CURVE('',#6099,#6308,#6309,.T.);
#5881=EDGE_CURVE('',#6308,#6193,#6310,.T.);
#5882=EDGE_CURVE('',#6305,#6101,#6311,.F.);
#5883=EDGE_CURVE('',#6312,#6312,#6313,.T.);
#5884=EDGE_CURVE('',#6314,#6314,#6315,.T.);
#5885=EDGE_CURVE('',#6316,#6317,#6318,.T.);
#5886=EDGE_CURVE('',#6097,#6317,#6319,.F.);
#5887=EDGE_CURVE('',#6096,#6316,#6320,.F.);
#5888=EDGE_CURVE('',#6097,#6308,#6321,.T.);
#5889=EDGE_CURVE('',#6322,#6323,#6324,.F.);
#5890=EDGE_CURVE('',#6323,#6103,#6325,.F.);
#5891=EDGE_CURVE('',#6322,#6101,#6326,.T.);
#5892=EDGE_CURVE('',#6105,#6327,#6328,.T.);
#5893=EDGE_CURVE('',#6323,#6327,#6329,.T.);
#5894=EDGE_CURVE('',#6327,#6330,#6331,.T.);
#5895=EDGE_CURVE('',#6330,#6107,#6332,.T.);
#5896=EDGE_CURVE('',#6293,#6111,#6333,.F.);
#5897=EDGE_CURVE('',#6334,#6335,#6336,.F.);
#5898=EDGE_CURVE('',#6113,#6335,#6337,.T.);
#5899=EDGE_CURVE('',#6111,#6334,#6338,.F.);
#5900=EDGE_CURVE('',#6339,#6335,#6340,.T.);
#5901=EDGE_CURVE('',#6115,#6339,#6341,.F.);
#5902=EDGE_CURVE('',#6339,#6342,#6343,.T.);
#5903=EDGE_CURVE('',#6117,#6342,#6344,.F.);
#5904=EDGE_CURVE('',#6117,#6278,#6345,.T.);
#5905=EDGE_CURVE('',#6346,#6347,#6348,.F.);
#5906=EDGE_CURVE('',#6347,#6123,#6349,.F.);
#5907=EDGE_CURVE('',#6346,#6121,#6350,.T.);
#5908=EDGE_CURVE('',#6347,#6351,#6352,.T.);
#5909=EDGE_CURVE('',#6125,#6351,#6353,.T.);
#5910=EDGE_CURVE('',#6351,#6354,#6355,.T.);
#5911=EDGE_CURVE('',#6354,#6127,#6356,.T.);
#5912=EDGE_CURVE('',#6263,#6131,#6357,.F.);
#5913=EDGE_CURVE('',#6358,#6359,#6360,.F.);
#5914=EDGE_CURVE('',#6133,#6359,#6361,.T.);
#5915=EDGE_CURVE('',#6131,#6358,#6362,.F.);
#5916=EDGE_CURVE('',#6363,#6359,#6364,.T.);
#5917=EDGE_CURVE('',#6135,#6363,#6365,.F.);
#5918=EDGE_CURVE('',#6363,#6366,#6367,.T.);
#5919=EDGE_CURVE('',#6137,#6366,#6368,.F.);
#5920=EDGE_CURVE('',#6137,#6248,#6369,.T.);
#5921=EDGE_CURVE('',#6370,#6371,#6372,.F.);
#5922=EDGE_CURVE('',#6371,#6143,#6373,.F.);
#5923=EDGE_CURVE('',#6370,#6141,#6374,.T.);
#5924=EDGE_CURVE('',#6371,#6375,#6376,.T.);
#5925=EDGE_CURVE('',#6145,#6375,#6377,.T.);
#5926=EDGE_CURVE('',#6375,#6378,#6379,.T.);
#5927=EDGE_CURVE('',#6378,#6147,#6380,.T.);
#5928=EDGE_CURVE('',#6233,#6151,#6381,.F.);
#5929=EDGE_CURVE('',#6382,#6383,#6384,.F.);
#5930=EDGE_CURVE('',#6153,#6383,#6385,.T.);
#5931=EDGE_CURVE('',#6151,#6382,#6386,.F.);
#5932=EDGE_CURVE('',#6387,#6383,#6388,.T.);
#5933=EDGE_CURVE('',#6155,#6387,#6389,.F.);
#5934=EDGE_CURVE('',#6387,#6390,#6391,.T.);
#5935=EDGE_CURVE('',#6157,#6390,#6392,.F.);
#5936=EDGE_CURVE('',#6157,#6218,#6393,.T.);
#5937=EDGE_CURVE('',#6394,#6395,#6396,.F.);
#5938=EDGE_CURVE('',#6395,#6163,#6397,.F.);
#5939=EDGE_CURVE('',#6394,#6161,#6398,.T.);
#5940=EDGE_CURVE('',#6395,#6399,#6400,.T.);
#5941=EDGE_CURVE('',#6165,#6399,#6401,.T.);
#5942=EDGE_CURVE('',#6399,#6402,#6403,.T.);
#5943=EDGE_CURVE('',#6402,#6167,#6404,.T.);
#5944=EDGE_CURVE('',#6203,#6171,#6405,.F.);
#5945=EDGE_CURVE('',#6406,#6407,#6408,.F.);
#5946=EDGE_CURVE('',#6173,#6407,#6409,.T.);
#5947=EDGE_CURVE('',#6171,#6406,#6410,.F.);
#5948=EDGE_CURVE('',#6316,#6407,#6411,.T.);
#5949=EDGE_CURVE('',#6412,#6412,#6413,.T.);
#5950=EDGE_CURVE('',#6414,#6193,#6415,.F.);
#5951=EDGE_CURVE('',#6414,#6192,#6416,.T.);
#5952=EDGE_CURVE('',#6414,#6417,#6418,.T.);
#5953=EDGE_CURVE('',#6417,#6197,#6419,.T.);
#5954=EDGE_CURVE('',#6200,#6417,#6420,.F.);
#5955=EDGE_CURVE('',#6421,#6205,#6422,.T.);
#5956=EDGE_CURVE('',#6402,#6421,#6423,.T.);
#5957=EDGE_CURVE('',#6203,#6406,#6424,.F.);
#5958=EDGE_CURVE('',#6407,#6417,#6425,.T.);
#5959=EDGE_CURVE('',#6209,#6421,#6426,.T.);
#5960=EDGE_CURVE('',#6427,#6421,#6428,.T.);
#5961=EDGE_CURVE('',#6212,#6427,#6429,.T.);
#5962=EDGE_CURVE('',#6215,#6427,#6430,.F.);
#5963=EDGE_CURVE('',#6390,#6218,#6431,.T.);
#5964=EDGE_CURVE('',#6387,#6432,#6433,.T.);
#5965=EDGE_CURVE('',#6432,#6220,#6434,.F.);
#5966=EDGE_CURVE('',#6427,#6394,#6435,.F.);
#5967=EDGE_CURVE('',#6432,#6224,#6436,.T.);
#5968=EDGE_CURVE('',#6432,#6437,#6438,.T.);
#5969=EDGE_CURVE('',#6437,#6227,#6439,.T.);
#5970=EDGE_CURVE('',#6230,#6437,#6440,.F.);
#5971=EDGE_CURVE('',#6441,#6235,#6442,.T.);
#5972=EDGE_CURVE('',#6378,#6441,#6443,.T.);
#5973=EDGE_CURVE('',#6233,#6382,#6444,.F.);
#5974=EDGE_CURVE('',#6383,#6437,#6445,.T.);
#5975=EDGE_CURVE('',#6239,#6441,#6446,.T.);
#5976=EDGE_CURVE('',#6447,#6441,#6448,.T.);
#5977=EDGE_CURVE('',#6242,#6447,#6449,.T.);
#5978=EDGE_CURVE('',#6245,#6447,#6450,.F.);
#5979=EDGE_CURVE('',#6366,#6248,#6451,.T.);
#5980=EDGE_CURVE('',#6363,#6452,#6453,.T.);
#5981=EDGE_CURVE('',#6452,#6250,#6454,.F.);
#5982=EDGE_CURVE('',#6447,#6370,#6455,.F.);
#5983=EDGE_CURVE('',#6452,#6254,#6456,.T.);
#5984=EDGE_CURVE('',#6452,#6457,#6458,.T.);
#5985=EDGE_CURVE('',#6457,#6257,#6459,.T.);
#5986=EDGE_CURVE('',#6260,#6457,#6460,.F.);
#5987=EDGE_CURVE('',#6461,#6265,#6462,.T.);
#5988=EDGE_CURVE('',#6354,#6461,#6463,.T.);
#5989=EDGE_CURVE('',#6263,#6358,#6464,.F.);
#5990=EDGE_CURVE('',#6359,#6457,#6465,.T.);
#5991=EDGE_CURVE('',#6269,#6461,#6466,.T.);
#5992=EDGE_CURVE('',#6467,#6461,#6468,.T.);
#5993=EDGE_CURVE('',#6272,#6467,#6469,.T.);
#5994=EDGE_CURVE('',#6275,#6467,#6470,.F.);
#5995=EDGE_CURVE('',#6342,#6278,#6471,.T.);
#5996=EDGE_CURVE('',#6339,#6472,#6473,.T.);
#5997=EDGE_CURVE('',#6472,#6280,#6474,.F.);
#5998=EDGE_CURVE('',#6467,#6346,#6475,.F.);
#5999=EDGE_CURVE('',#6472,#6284,#6476,.T.);
#6000=EDGE_CURVE('',#6472,#6477,#6478,.T.);
#6001=EDGE_CURVE('',#6477,#6287,#6479,.T.);
#6002=EDGE_CURVE('',#6290,#6477,#6480,.F.);
#6003=EDGE_CURVE('',#6481,#6295,#6482,.T.);
#6004=EDGE_CURVE('',#6330,#6481,#6483,.T.);
#6005=EDGE_CURVE('',#6293,#6334,#6484,.F.);
#6006=EDGE_CURVE('',#6335,#6477,#6485,.T.);
#6007=EDGE_CURVE('',#6299,#6481,#6486,.T.);
#6008=EDGE_CURVE('',#6487,#6481,#6488,.T.);
#6009=EDGE_CURVE('',#6302,#6487,#6489,.T.);
#6010=EDGE_CURVE('',#6305,#6487,#6490,.F.);
#6011=EDGE_CURVE('',#6317,#6308,#6491,.T.);
#6012=EDGE_CURVE('',#6316,#6414,#6492,.T.);
#6013=EDGE_CURVE('',#6487,#6322,#6493,.F.);
#6014=VERTEX_POINT('',#6494);
#6015=CIRCLE('',#6495,57.5);
#6016=VERTEX_POINT('',#6499);
#6017=CIRCLE('',#6500,1.85);
#6018=VERTEX_POINT('',#6504);
#6019=CIRCLE('',#6505,1.85);
#6020=VERTEX_POINT('',#6509);
#6021=CIRCLE('',#6510,1.85);
#6022=VERTEX_POINT('',#6514);
#6023=VERTEX_POINT('',#6515);
#6024=CIRCLE('',#6516,2.);
#6025=VERTEX_POINT('',#6520);
#6026=LINE('',#6521,#6522);
#6027=VERTEX_POINT('',#6524);
#6028=CIRCLE('',#6525,2.00000003165919);
#6029=VERTEX_POINT('',#6529);
#6030=LINE('',#6530,#6531);
#6031=VERTEX_POINT('',#6533);
#6032=CIRCLE('',#6534,2.00000000000001);
#6033=VERTEX_POINT('',#6538);
#6034=CIRCLE('',#6539,55.5);
#6035=VERTEX_POINT('',#6543);
#6036=CIRCLE('',#6544,2.00000000000001);
#6037=VERTEX_POINT('',#6548);
#6038=LINE('',#6549,#6550);
#6039=VERTEX_POINT('',#6552);
#6040=CIRCLE('',#6553,2.);
#6041=VERTEX_POINT('',#6557);
#6042=LINE('',#6558,#6559);
#6043=VERTEX_POINT('',#6561);
#6044=CIRCLE('',#6562,2.00000003165919);
#6045=VERTEX_POINT('',#6566);
#6046=LINE('',#6567,#6568);
#6047=VERTEX_POINT('',#6570);
#6048=CIRCLE('',#6571,2.00000000000005);
#6049=VERTEX_POINT('',#6575);
#6050=CIRCLE('',#6576,55.5);
#6051=VERTEX_POINT('',#6580);
#6052=CIRCLE('',#6581,2.);
#6053=VERTEX_POINT('',#6585);
#6054=LINE('',#6586,#6587);
#6055=VERTEX_POINT('',#6589);
#6056=CIRCLE('',#6590,2.);
#6057=VERTEX_POINT('',#6594);
#6058=LINE('',#6595,#6596);
#6059=VERTEX_POINT('',#6598);
#6060=CIRCLE('',#6599,2.00000003165919);
#6061=VERTEX_POINT('',#6603);
#6062=LINE('',#6604,#6605);
#6063=VERTEX_POINT('',#6607);
#6064=CIRCLE('',#6608,2.00000000000001);
#6065=VERTEX_POINT('',#6612);
#6066=CIRCLE('',#6613,55.5);
#6067=VERTEX_POINT('',#6617);
#6068=CIRCLE('',#6618,2.);
#6069=VERTEX_POINT('',#6622);
#6070=LINE('',#6623,#6624);
#6071=VERTEX_POINT('',#6626);
#6072=CIRCLE('',#6627,2.);
#6073=VERTEX_POINT('',#6631);
#6074=LINE('',#6632,#6633);
#6075=VERTEX_POINT('',#6635);
#6076=CIRCLE('',#6636,2.00000003165918);
#6077=VERTEX_POINT('',#6640);
#6078=LINE('',#6641,#6642);
#6079=VERTEX_POINT('',#6644);
#6080=CIRCLE('',#6645,2.00000000000005);
#6081=VERTEX_POINT('',#6649);
#6082=CIRCLE('',#6650,55.5);
#6083=VERTEX_POINT('',#6654);
#6084=CIRCLE('',#6655,2.);
#6085=LINE('',#6659,#6660);
#6086=VERTEX_POINT('',#6662);
#6087=CIRCLE('',#6663,1.85);
#6088=VERTEX_POINT('',#6667);
#6089=CIRCLE('',#6668,57.5);
#6090=VERTEX_POINT('',#6672);
#6091=CIRCLE('',#6673,1.85);
#6092=VERTEX_POINT('',#6677);
#6093=CIRCLE('',#6678,1.85);
#6094=VERTEX_POINT('',#6682);
#6095=CIRCLE('',#6683,1.85);
#6096=VERTEX_POINT('',#6687);
#6097=VERTEX_POINT('',#6688);
#6098=CIRCLE('',#6689,1.99999995491);
#6099=VERTEX_POINT('',#6693);
#6100=CIRCLE('',#6694,1.99999995491);
#6101=VERTEX_POINT('',#6698);
#6102=LINE('',#6699,#6700);
#6103=VERTEX_POINT('',#6702);
#6104=LINE('',#6703,#6704);
#6105=VERTEX_POINT('',#6706);
#6106=CIRCLE('',#6707,55.5);
#6107=VERTEX_POINT('',#6711);
#6108=LINE('',#6712,#6713);
#6109=VERTEX_POINT('',#6715);
#6110=LINE('',#6716,#6717);
#6111=VERTEX_POINT('',#6719);
#6112=CIRCLE('',#6720,2.);
#6113=VERTEX_POINT('',#6724);
#6114=CIRCLE('',#6725,2.);
#6115=VERTEX_POINT('',#6729);
#6116=LINE('',#6730,#6731);
#6117=VERTEX_POINT('',#6733);
#6118=CIRCLE('',#6734,1.99999995491);
#6119=VERTEX_POINT('',#6738);
#6120=CIRCLE('',#6739,1.99999995491);
#6121=VERTEX_POINT('',#6743);
#6122=LINE('',#6744,#6745);
#6123=VERTEX_POINT('',#6747);
#6124=LINE('',#6748,#6749);
#6125=VERTEX_POINT('',#6751);
#6126=CIRCLE('',#6752,55.5);
#6127=VERTEX_POINT('',#6756);
#6128=LINE('',#6757,#6758);
#6129=VERTEX_POINT('',#6760);
#6130=LINE('',#6761,#6762);
#6131=VERTEX_POINT('',#6764);
#6132=CIRCLE('',#6765,2.);
#6133=VERTEX_POINT('',#6769);
#6134=CIRCLE('',#6770,2.);
#6135=VERTEX_POINT('',#6774);
#6136=LINE('',#6775,#6776);
#6137=VERTEX_POINT('',#6778);
#6138=CIRCLE('',#6779,1.99999995491);
#6139=VERTEX_POINT('',#6783);
#6140=CIRCLE('',#6784,1.99999995491);
#6141=VERTEX_POINT('',#6788);
#6142=LINE('',#6789,#6790);
#6143=VERTEX_POINT('',#6792);
#6144=LINE('',#6793,#6794);
#6145=VERTEX_POINT('',#6796);
#6146=CIRCLE('',#6797,55.5);
#6147=VERTEX_POINT('',#6801);
#6148=LINE('',#6802,#6803);
#6149=VERTEX_POINT('',#6805);
#6150=LINE('',#6806,#6807);
#6151=VERTEX_POINT('',#6809);
#6152=CIRCLE('',#6810,2.);
#6153=VERTEX_POINT('',#6814);
#6154=CIRCLE('',#6815,2.);
#6155=VERTEX_POINT('',#6819);
#6156=LINE('',#6820,#6821);
#6157=VERTEX_POINT('',#6823);
#6158=CIRCLE('',#6824,1.99999995491);
#6159=VERTEX_POINT('',#6828);
#6160=CIRCLE('',#6829,1.99999995491);
#6161=VERTEX_POINT('',#6833);
#6162=LINE('',#6834,#6835);
#6163=VERTEX_POINT('',#6837);
#6164=LINE('',#6838,#6839);
#6165=VERTEX_POINT('',#6841);
#6166=CIRCLE('',#6842,55.5);
#6167=VERTEX_POINT('',#6846);
#6168=LINE('',#6847,#6848);
#6169=VERTEX_POINT('',#6850);
#6170=LINE('',#6851,#6852);
#6171=VERTEX_POINT('',#6854);
#6172=CIRCLE('',#6855,2.);
#6173=VERTEX_POINT('',#6859);
#6174=CIRCLE('',#6860,2.);
#6175=LINE('',#6864,#6865);
#6176=VERTEX_POINT('',#6867);
#6177=CIRCLE('',#6868,1.85);
#6178=VERTEX_POINT('',#6872);
#6179=CIRCLE('',#6873,1.85);
#6180=VERTEX_POINT('',#6877);
#6181=CIRCLE('',#6878,1.85);
#6182=VERTEX_POINT('',#6882);
#6183=CIRCLE('',#6883,1.85);
#6184=VERTEX_POINT('',#6887);
#6185=CIRCLE('',#6888,1.85);
#6186=VERTEX_POINT('',#6892);
#6187=CIRCLE('',#6893,1.85);
#6188=VERTEX_POINT('',#6897);
#6189=CIRCLE('',#6898,1.85);
#6190=VERTEX_POINT('',#6902);
#6191=CIRCLE('',#6903,57.5);
#6192=VERTEX_POINT('',#6907);
#6193=VERTEX_POINT('',#6908);
#6194=B_SPLINE_CURVE_WITH_KNOTS('',3,
(#6909,#6910,#6911,#6912,#6913,#6914,#6915,#6916,#6917,#6918,#6919,#6920,#6921,#6922,
#6923,#6924,#6925,#6926,#6927),
.UNSPECIFIED.,.F.,.F.,
(4,1,1,1,1,1,1,1,1,1,1,1,1,1,1,1,4),
(0.,0.111684316785693,0.208324034082743,0.29299762148834,0.375778170956193,0.454044567106032,
0.524556006889494,0.590796362159611,0.653800666092596,0.712833819738074,0.769383458777949,
0.824126634689163,0.875248911317446,0.918904325187268,0.957434288201697,0.983184191980765,
1.),
.UNSPECIFIED.);
#6195=LINE('',#6928,#6929);
#6196=LINE('',#6931,#6932);
#6197=VERTEX_POINT('',#6934);
#6198=LINE('',#6935,#6936);
#6199=LINE('',#6938,#6939);
#6200=VERTEX_POINT('',#6941);
#6201=B_SPLINE_CURVE_WITH_KNOTS('',3,
(#6942,#6943,#6944,#6945,#6946,#6947,#6948,#6949,#6950,#6951,#6952,#6953,#6954,#6955,
#6956,#6957,#6958,#6959),
.UNSPECIFIED.,.F.,.F.,
(4,1,1,1,1,1,1,1,1,1,1,1,1,1,1,4),
(0.,0.0674147237984913,0.125787500456216,0.175118329973175,0.227515003004752,0.284202263676411,
0.344207712949172,0.407152386345223,0.472047673433232,0.542472378603892,0.615769172635919,
0.695934321277956,0.778404138016284,0.878386484206866,0.95159934448077,1.),
.UNSPECIFIED.);
#6202=LINE('',#6960,#6961);
#6203=VERTEX_POINT('',#6963);
#6204=LINE('',#6964,#6965);
#6205=VERTEX_POINT('',#6967);
#6206=B_SPLINE_CURVE_WITH_KNOTS('',3,
(#6968,#6969,#6970,#6971,#6972,#6973,#6974,#6975,#6976,#6977,#6978,#6979,#6980,#6981,
#6982,#6983,#6984,#6985,#6986,#6987,#6988,#6989,#6990,#6991,#6992,#6993,#6994,#6995,
#6996,#6997,#6998,#6999,#7000,#7001,#7002,#7003,#7004,#7005,#7006,#7007,#7008,#7009,
#7010,#7011,#7012,#7013,#7014,#7015,#7016,#7017,#7018,#7019,#7020,#7021,#7022,#7023,
#7024,#7025,#7026,#7027,#7028,#7029,#7030,#7031,#7032,#7033,#7034,#7035,#7036,#7037,
#7038,#7039,#7040,#7041,#7042,#7043,#7044,#7045,#7046,#7047,#7048,#7049),
.UNSPECIFIED.,.F.,.F.,
(4,2,2,2,2,2,2,2,2,2,2,2,2,2,2,2,2,2,2,2,2,2,2,2,2,2,2,2,2,2,2,2,2,2,2,2,2,2,2,2,
4),
(0.,0.0104577968926983,0.0278297151864044,0.0443110091903906,0.060409714577417,0.077592320321522,
0.0944001287417567,0.110867664460358,0.127025765534102,0.156611566852052,0.185349824652148,
0.214882134644566,0.243730339360028,0.264235198730352,0.284470705523126,0.324203325538781,
0.363200418710836,0.402255854175637,0.4419819392462,0.520726020789807,0.559972391401037,
0.599462589375745,0.638573641246015,0.677671550332846,0.717163368036376,0.736388326240505,
0.755856606949915,0.775603324498861,0.795658092915342,0.814720161552892,0.834115723887174,
0.853881058956161,0.874061832011429,0.889350861649301,0.904918974702133,0.920789246301031,
0.936993841156634,0.959284835494618,0.98232669629213,0.993877350267914,1.),
.UNSPECIFIED.);
#6207=LINE('',#7050,#7051);
#6208=CIRCLE('',#7053,20.);
#6209=VERTEX_POINT('',#7057);
#6210=CIRCLE('',#7058,2.);
#6211=LINE('',#7062,#7063);
#6212=VERTEX_POINT('',#7065);
#6213=CIRCLE('',#7066,55.5);
#6214=LINE('',#7070,#7071);
#6215=VERTEX_POINT('',#7073);
#6216=CIRCLE('',#7074,2.);
#6217=LINE('',#7078,#7079);
#6218=VERTEX_POINT('',#7081);
#6219=LINE('',#7082,#7083);
#6220=VERTEX_POINT('',#7085);
#6221=CIRCLE('',#7086,20.);
#6222=LINE('',#7090,#7091);
#6223=B_SPLINE_CURVE_WITH_KNOTS('',3,
(#7093,#7094,#7095,#7096,#7097,#7098,#7099,#7100,#7101,#7102,#7103,#7104,#7105,#7106,
#7107,#7108,#7109,#7110,#7111,#7112,#7113,#7114,#7115,#7116,#7117,#7118,#7119,#7120,
#7121,#7122,#7123,#7124,#7125,#7126,#7127,#7128,#7129,#7130,#7131,#7132,#7133,#7134,
#7135,#7136,#7137,#7138,#7139,#7140,#7141,#7142,#7143,#7144,#7145,#7146,#7147,#7148,
#7149,#7150,#7151,#7152,#7153,#7154,#7155,#7156,#7157,#7158,#7159,#7160,#7161,#7162,
#7163,#7164,#7165,#7166,#7167,#7168,#7169,#7170,#7171,#7172,#7173,#7174),
.UNSPECIFIED.,.F.,.F.,
(4,2,2,2,2,2,2,2,2,2,2,2,2,2,2,2,2,2,2,2,2,2,2,2,2,2,2,2,2,2,2,2,2,2,2,2,2,2,2,2,
4),
(0.,0.0104577968926979,0.0278297151864034,0.0443110091903889,0.0604097145774147,
0.0775923203215199,0.0944001287417553,0.110867664460357,0.127025765534101,0.156611566852052,
0.185349824652147,0.214882134644565,0.243730339360028,0.264235198730352,0.284470705523126,
0.324203325538781,0.363200418710836,0.402255854175637,0.4419819392462,0.520726020789806,
0.559972391401037,0.599462589375745,0.638573641246014,0.677671550332846,0.717163368036376,
0.736388326240505,0.755856606949915,0.775603324498861,0.795658092915342,0.814720161552893,
0.834115723887175,0.853881058956162,0.87406183201143,0.889350861649302,0.904918974702134,
0.920789246301031,0.936993841156634,0.95928483549462,0.982326696292133,0.993877350267915,
1.),
.UNSPECIFIED.);
#6224=VERTEX_POINT('',#7175);
#6225=B_SPLINE_CURVE_WITH_KNOTS('',3,
(#7176,#7177,#7178,#7179,#7180,#7181,#7182,#7183,#7184,#7185,#7186,#7187,#7188,#7189,
#7190,#7191,#7192,#7193,#7194),
.UNSPECIFIED.,.F.,.F.,
(4,1,1,1,1,1,1,1,1,1,1,1,1,1,1,1,4),
(0.,0.111684316786976,0.208324034084799,0.292997621489413,0.375778170956659,0.454044567104186,
0.52455600688542,0.590796362153854,0.653800666087039,0.712833819731619,0.769383458767411,
0.824126634671043,0.875248911289449,0.918904325147393,0.957434288147404,0.983184191939861,
1.),
.UNSPECIFIED.);
#6226=LINE('',#7195,#7196);
#6227=VERTEX_POINT('',#7198);
#6228=LINE('',#7199,#7200);
#6229=LINE('',#7202,#7203);
#6230=VERTEX_POINT('',#7205);
#6231=B_SPLINE_CURVE_WITH_KNOTS('',3,
(#7206,#7207,#7208,#7209,#7210,#7211,#7212,#7213,#7214,#7215,#7216,#7217,#7218,#7219,
#7220,#7221,#7222,#7223),
.UNSPECIFIED.,.F.,.F.,
(4,1,1,1,1,1,1,1,1,1,1,1,1,1,1,4),
(0.,0.0674147237967894,0.125787500453594,0.175118329970413,0.227515003002026,0.28420226367417,
0.344207712948298,0.40715238634485,0.472047673434232,0.542472378604208,0.615769172637382,
0.695934321278153,0.778404138016777,0.878386484207171,0.951599344481405,1.),
.UNSPECIFIED.);
#6232=LINE('',#7224,#7225);
#6233=VERTEX_POINT('',#7227);
#6234=LINE('',#7228,#7229);
#6235=VERTEX_POINT('',#7231);
#6236=B_SPLINE_CURVE_WITH_KNOTS('',3,
(#7232,#7233,#7234,#7235,#7236,#7237,#7238,#7239,#7240,#7241,#7242,#7243,#7244,#7245,
#7246,#7247,#7248,#7249,#7250,#7251,#7252,#7253,#7254,#7255,#7256,#7257,#7258,#7259,
#7260,#7261,#7262,#7263,#7264,#7265,#7266,#7267,#7268,#7269,#7270,#7271,#7272,#7273,
#7274,#7275,#7276,#7277,#7278,#7279,#7280,#7281,#7282,#7283,#7284,#7285,#7286,#7287,
#7288,#7289,#7290,#7291,#7292,#7293,#7294,#7295,#7296,#7297,#7298,#7299,#7300,#7301,
#7302,#7303,#7304,#7305,#7306,#7307,#7308,#7309,#7310,#7311,#7312,#7313),
.UNSPECIFIED.,.F.,.F.,
(4,2,2,2,2,2,2,2,2,2,2,2,2,2,2,2,2,2,2,2,2,2,2,2,2,2,2,2,2,2,2,2,2,2,2,2,2,2,2,2,
4),
(0.,0.0104577968926976,0.0278297151864033,0.0443110091903887,0.0604097145774147,
0.0775923203215199,0.0944001287417551,0.110867664460357,0.127025765534101,0.156611566852052,
0.185349824652147,0.214882134644565,0.243730339360028,0.264235198730352,0.284470705523126,
0.324203325538781,0.363200418710836,0.402255854175637,0.4419819392462,0.520726020789806,
0.559972391401037,0.599462589375745,0.638573641246014,0.677671550332846,0.717163368036376,
0.736388326240505,0.755856606949915,0.775603324498861,0.795658092915342,0.814720161552893,
0.834115723887175,0.853881058956162,0.87406183201143,0.889350861649302,0.904918974702134,
0.920789246301031,0.936993841156634,0.959284835494621,0.982326696292133,0.993877350267915,
1.),
.UNSPECIFIED.);
#6237=LINE('',#7314,#7315);
#6238=CIRCLE('',#7317,20.);
#6239=VERTEX_POINT('',#7321);
#6240=CIRCLE('',#7322,2.);
#6241=LINE('',#7326,#7327);
#6242=VERTEX_POINT('',#7329);
#6243=CIRCLE('',#7330,55.5);
#6244=LINE('',#7334,#7335);
#6245=VERTEX_POINT('',#7337);
#6246=CIRCLE('',#7338,2.);
#6247=LINE('',#7342,#7343);
#6248=VERTEX_POINT('',#7345);
#6249=LINE('',#7346,#7347);
#6250=VERTEX_POINT('',#7349);
#6251=CIRCLE('',#7350,20.);
#6252=LINE('',#7354,#7355);
#6253=B_SPLINE_CURVE_WITH_KNOTS('',3,
(#7357,#7358,#7359,#7360,#7361,#7362,#7363,#7364,#7365,#7366,#7367,#7368,#7369,#7370,
#7371,#7372,#7373,#7374,#7375,#7376,#7377,#7378,#7379,#7380,#7381,#7382,#7383,#7384,
#7385,#7386,#7387,#7388,#7389,#7390,#7391,#7392,#7393,#7394,#7395,#7396,#7397,#7398,
#7399,#7400,#7401,#7402,#7403,#7404,#7405,#7406,#7407,#7408,#7409,#7410,#7411,#7412,
#7413,#7414,#7415,#7416,#7417,#7418,#7419,#7420,#7421,#7422,#7423,#7424,#7425,#7426,
#7427,#7428,#7429,#7430,#7431,#7432,#7433,#7434,#7435,#7436,#7437,#7438),
.UNSPECIFIED.,.F.,.F.,
(4,2,2,2,2,2,2,2,2,2,2,2,2,2,2,2,2,2,2,2,2,2,2,2,2,2,2,2,2,2,2,2,2,2,2,2,2,2,2,2,
4),
(0.,0.0104577968926983,0.0278297151864045,0.0443110091903905,0.0604097145774165,
0.0775923203215214,0.0944001287417562,0.110867664460357,0.127025765534101,0.156611566852052,
0.185349824652148,0.214882134644565,0.243730339360028,0.264235198730351,0.284470705523126,
0.324203325538781,0.363200418710836,0.402255854175636,0.4419819392462,0.520726020789807,
0.559972391401037,0.599462589375745,0.638573641246014,0.677671550332846,0.717163368036376,
0.736388326240504,0.755856606949915,0.77560332449886,0.795658092915342,0.814720161552892,
0.834115723887174,0.85388105895616,0.874061832011428,0.889350861649301,0.904918974702133,
0.92078924630103,0.936993841156634,0.959284835494619,0.982326696292132,0.993877350267915,
1.),
.UNSPECIFIED.);
#6254=VERTEX_POINT('',#7439);
#6255=B_SPLINE_CURVE_WITH_KNOTS('',3,
(#7440,#7441,#7442,#7443,#7444,#7445,#7446,#7447,#7448,#7449,#7450,#7451,#7452,#7453,
#7454,#7455,#7456,#7457,#7458),
.UNSPECIFIED.,.F.,.F.,
(4,1,1,1,1,1,1,1,1,1,1,1,1,1,1,1,4),
(0.,0.111684316788002,0.208324034086704,0.292997621491725,0.375778170957994,0.454044567105921,
0.524556006888136,0.59079636215866,0.653800666092235,0.712833819737768,0.76938345877561,
0.824126634683098,0.875248911306928,0.91890432517179,0.957434288180951,0.983184191965251,
1.),
.UNSPECIFIED.);
#6256=LINE('',#7459,#7460);
#6257=VERTEX_POINT('',#7462);
#6258=LINE('',#7463,#7464);
#6259=LINE('',#7466,#7467);
#6260=VERTEX_POINT('',#7469);
#6261=B_SPLINE_CURVE_WITH_KNOTS('',3,
(#7470,#7471,#7472,#7473,#7474,#7475,#7476,#7477,#7478,#7479,#7480,#7481,#7482,#7483,
#7484,#7485,#7486,#7487),
.UNSPECIFIED.,.F.,.F.,
(4,1,1,1,1,1,1,1,1,1,1,1,1,1,1,4),
(0.,0.0674147237972991,0.125787500454217,0.175118329970754,0.227515003002657,0.284202263675311,
0.344207712950275,0.407152386347366,0.472047673437959,0.542472378607851,0.615769172641556,
0.695934321281866,0.77840413802075,0.878386484210764,0.951599344483622,1.),
.UNSPECIFIED.);
#6262=LINE('',#7488,#7489);
#6263=VERTEX_POINT('',#7491);
#6264=LINE('',#7492,#7493);
#6265=VERTEX_POINT('',#7495);
#6266=B_SPLINE_CURVE_WITH_KNOTS('',3,
(#7496,#7497,#7498,#7499,#7500,#7501,#7502,#7503,#7504,#7505,#7506,#7507,#7508,#7509,
#7510,#7511,#7512,#7513,#7514,#7515,#7516,#7517,#7518,#7519,#7520,#7521,#7522,#7523,
#7524,#7525,#7526,#7527,#7528,#7529,#7530,#7531,#7532,#7533,#7534,#7535,#7536,#7537,
#7538,#7539,#7540,#7541,#7542,#7543,#7544,#7545,#7546,#7547,#7548,#7549,#7550,#7551,
#7552,#7553,#7554,#7555,#7556,#7557,#7558,#7559,#7560,#7561,#7562,#7563,#7564,#7565,
#7566,#7567,#7568,#7569,#7570,#7571,#7572,#7573,#7574,#7575,#7576,#7577),
.UNSPECIFIED.,.F.,.F.,
(4,2,2,2,2,2,2,2,2,2,2,2,2,2,2,2,2,2,2,2,2,2,2,2,2,2,2,2,2,2,2,2,2,2,2,2,2,2,2,2,
4),
(0.,0.0104577968926978,0.0278297151864023,0.0443110091903873,0.0604097145774126,
0.077592320321517,0.094400128741752,0.110867664460353,0.127025765534097,0.156611566852046,
0.185349824652141,0.214882134644558,0.243730339360019,0.264235198730342,0.284470705523116,
0.324203325538769,0.363200418710823,0.402255854175622,0.441981939246184,0.520726020789788,
0.559972391401017,0.599462589375724,0.638573641245992,0.677671550332822,0.71716336803635,
0.736388326240478,0.755856606949888,0.775603324498833,0.795658092915314,0.814720161552865,
0.834115723887147,0.853881058956132,0.874061832011398,0.889350861642389,0.904918974688082,
0.920789246279545,0.936993841127373,0.959284835465614,0.982326696263331,0.993877350239679,
1.),
.UNSPECIFIED.);
#6267=LINE('',#7578,#7579);
#6268=CIRCLE('',#7581,20.);
#6269=VERTEX_POINT('',#7585);
#6270=CIRCLE('',#7586,2.);
#6271=LINE('',#7590,#7591);
#6272=VERTEX_POINT('',#7593);
#6273=CIRCLE('',#7594,55.5);
#6274=LINE('',#7598,#7599);
#6275=VERTEX_POINT('',#7601);
#6276=CIRCLE('',#7602,2.);
#6277=LINE('',#7606,#7607);
#6278=VERTEX_POINT('',#7609);
#6279=LINE('',#7610,#7611);
#6280=VERTEX_POINT('',#7613);
#6281=CIRCLE('',#7614,20.);
#6282=LINE('',#7618,#7619);
#6283=B_SPLINE_CURVE_WITH_KNOTS('',3,
(#7621,#7622,#7623,#7624,#7625,#7626,#7627,#7628,#7629,#7630,#7631,#7632,#7633,#7634,
#7635,#7636,#7637,#7638,#7639,#7640,#7641,#7642,#7643,#7644,#7645,#7646,#7647,#7648,
#7649,#7650,#7651,#7652,#7653,#7654,#7655,#7656,#7657,#7658,#7659,#7660,#7661,#7662,
#7663,#7664,#7665,#7666,#7667,#7668,#7669,#7670,#7671,#7672,#7673,#7674,#7675,#7676,
#7677,#7678,#7679,#7680,#7681,#7682,#7683,#7684,#7685,#7686,#7687,#7688,#7689,#7690,
#7691,#7692,#7693,#7694,#7695,#7696,#7697,#7698,#7699,#7700,#7701,#7702),
.UNSPECIFIED.,.F.,.F.,
(4,2,2,2,2,2,2,2,2,2,2,2,2,2,2,2,2,2,2,2,2,2,2,2,2,2,2,2,2,2,2,2,2,2,2,2,2,2,2,2,
4),
(0.,0.010457796892698,0.0278297151864033,0.0443110091903886,0.0604097145774138,0.0775923203215183,
0.0944001287417526,0.110867664460353,0.127025765534097,0.156611566852047,0.185349824652141,
0.214882134644558,0.243730339360019,0.264235198730342,0.284470705523116,0.324203325538769,
0.363200418710823,0.402255854175623,0.441981939246185,0.520726020789788,0.559972391401018,
0.599462589375724,0.638573641245992,0.677671550332822,0.717163368036351,0.736388326240479,
0.755856606949888,0.775603324498833,0.795658092915314,0.814720161552865,0.834115723887147,
0.853881058956132,0.874061832011399,0.88935086164239,0.904918974688082,0.920789246279545,
0.936993841127373,0.959284835465614,0.982326696263329,0.993877350239678,1.),
.UNSPECIFIED.);
#6284=VERTEX_POINT('',#7703);
#6285=B_SPLINE_CURVE_WITH_KNOTS('',3,
(#7704,#7705,#7706,#7707,#7708,#7709,#7710,#7711,#7712,#7713,#7714,#7715,#7716,#7717,
#7718,#7719,#7720,#7721,#7722),
.UNSPECIFIED.,.F.,.F.,
(4,1,1,1,1,1,1,1,1,1,1,1,1,1,1,1,4),
(0.,0.111684323534208,0.208324046123227,0.292997634778244,0.375778184227031,0.454044578647782,
0.524556017224092,0.590796372215811,0.65380067680984,0.712833829885929,0.769383465401646,
0.824126634482788,0.875248902717267,0.918904306047012,0.957434255659564,0.983184165624537,
1.),
.UNSPECIFIED.);
#6286=LINE('',#7723,#7724);
#6287=VERTEX_POINT('',#7726);
#6288=LINE('',#7727,#7728);
#6289=LINE('',#7730,#7731);
#6290=VERTEX_POINT('',#7733);
#6291=B_SPLINE_CURVE_WITH_KNOTS('',3,
(#7734,#7735,#7736,#7737,#7738,#7739,#7740,#7741,#7742,#7743,#7744,#7745,#7746,#7747,
#7748,#7749,#7750,#7751),
.UNSPECIFIED.,.F.,.F.,
(4,1,1,1,1,1,1,1,1,1,1,1,1,1,1,4),
(0.,0.0674147322910695,0.125787515957621,0.175118350999656,0.227515023960975,0.284202282402515,
0.344207726231344,0.407152398521911,0.472047684787529,0.542472390721406,0.615769185983266,
0.695934334826962,0.778404151489854,0.878386494769293,0.95159935088522,1.),
.UNSPECIFIED.);
#6292=LINE('',#7752,#7753);
#6293=VERTEX_POINT('',#7755);
#6294=LINE('',#7756,#7757);
#6295=VERTEX_POINT('',#7759);
#6296=B_SPLINE_CURVE_WITH_KNOTS('',3,
(#7760,#7761,#7762,#7763,#7764,#7765,#7766,#7767,#7768,#7769,#7770,#7771,#7772,#7773,
#7774,#7775,#7776,#7777,#7778,#7779,#7780,#7781,#7782,#7783,#7784,#7785,#7786,#7787,
#7788,#7789,#7790,#7791,#7792,#7793,#7794,#7795,#7796,#7797,#7798,#7799,#7800,#7801,
#7802,#7803,#7804,#7805,#7806,#7807,#7808,#7809,#7810,#7811,#7812,#7813,#7814,#7815,
#7816,#7817,#7818,#7819,#7820,#7821,#7822,#7823,#7824,#7825,#7826,#7827,#7828,#7829,
#7830,#7831,#7832,#7833,#7834,#7835,#7836,#7837,#7838,#7839,#7840,#7841),
.UNSPECIFIED.,.F.,.F.,
(4,2,2,2,2,2,2,2,2,2,2,2,2,2,2,2,2,2,2,2,2,2,2,2,2,2,2,2,2,2,2,2,2,2,2,2,2,2,2,2,
4),
(0.,0.0104577968926984,0.0278297151864045,0.0443110091903904,0.0604097145774165,
0.0775923203215216,0.0944001287417564,0.110867664460358,0.127025765534102,0.156611566852053,
0.185349824652148,0.214882134644566,0.243730339360028,0.264235198730352,0.284470705523127,
0.324203325538781,0.363200418710836,0.402255854175637,0.441981939246201,0.520726020789807,
0.559972391401038,0.599462589375746,0.638573641246015,0.677671550332847,0.717163368036377,
0.736388326240505,0.755856606949915,0.775603324498861,0.795658092915342,0.814720161552893,
0.834115723887174,0.853881058956161,0.874061832011429,0.889350861649301,0.904918974702133,
0.920789246301031,0.936993841156634,0.959284835494619,0.982326696292131,0.993877350267915,
1.),
.UNSPECIFIED.);
#6297=LINE('',#7842,#7843);
#6298=CIRCLE('',#7845,20.);
#6299=VERTEX_POINT('',#7849);
#6300=CIRCLE('',#7850,2.);
#6301=LINE('',#7854,#7855);
#6302=VERTEX_POINT('',#7857);
#6303=CIRCLE('',#7858,55.5);
#6304=LINE('',#7862,#7863);
#6305=VERTEX_POINT('',#7865);
#6306=CIRCLE('',#7866,2.);
#6307=LINE('',#7870,#7871);
#6308=VERTEX_POINT('',#7873);
#6309=LINE('',#7874,#7875);
#6310=CIRCLE('',#7877,20.);
#6311=B_SPLINE_CURVE_WITH_KNOTS('',3,
(#7881,#7882,#7883,#7884,#7885,#7886,#7887,#7888,#7889,#7890,#7891,#7892,#7893,#7894,
#7895,#7896,#7897,#7898,#7899,#7900,#7901,#7902,#7903,#7904,#7905,#7906,#7907,#7908,
#7909,#7910,#7911,#7912,#7913,#7914,#7915,#7916,#7917,#7918,#7919,#7920,#7921,#7922,
#7923,#7924,#7925,#7926,#7927,#7928,#7929,#7930,#7931,#7932,#7933,#7934,#7935,#7936,
#7937,#7938,#7939,#7940,#7941,#7942,#7943,#7944,#7945,#7946,#7947,#7948,#7949,#7950,
#7951,#7952,#7953,#7954,#7955,#7956,#7957,#7958,#7959,#7960,#7961,#7962),
.UNSPECIFIED.,.F.,.F.,
(4,2,2,2,2,2,2,2,2,2,2,2,2,2,2,2,2,2,2,2,2,2,2,2,2,2,2,2,2,2,2,2,2,2,2,2,2,2,2,2,
4),
(0.,0.0104577968926985,0.0278297151864046,0.0443110091903904,0.0604097145774169,
0.0775923203215217,0.0944001287417565,0.110867664460358,0.127025765534101,0.156611566852052,
0.185349824652148,0.214882134644566,0.243730339360028,0.264235198730352,0.284470705523126,
0.324203325538781,0.363200418710836,0.402255854175637,0.4419819392462,0.520726020789807,
0.559972391401037,0.599462589375745,0.638573641246014,0.677671550332846,0.717163368036376,
0.736388326240505,0.755856606949915,0.775603324498861,0.795658092915342,0.814720161552893,
0.834115723887175,0.853881058956162,0.87406183201143,0.889350861649302,0.904918974702134,
0.920789246301031,0.936993841156634,0.959284835494619,0.982326696292131,0.993877350267914,
1.),
.UNSPECIFIED.);
#6312=VERTEX_POINT('',#7963);
#6313=CIRCLE('',#7964,1.85);
#6314=VERTEX_POINT('',#7968);
#6315=CIRCLE('',#7969,57.5);
#6316=VERTEX_POINT('',#7973);
#6317=VERTEX_POINT('',#7974);
#6318=B_SPLINE_CURVE_WITH_KNOTS('',3,
(#7975,#7976,#7977,#7978,#7979,#7980),
.UNSPECIFIED.,.F.,.F.,
(4,1,1,4),
(0.,0.333333333333333,0.666666666666667,1.),
.UNSPECIFIED.);
#6319=B_SPLINE_CURVE_WITH_KNOTS('',3,
(#7981,#7982,#7983,#7984,#7985,#7986,#7987,#7988,#7989,#7990,#7991),
.UNSPECIFIED.,.F.,.F.,
(4,1,1,1,1,1,1,1,4),
(0.,0.104280910387547,0.24135426130374,0.424324022188468,0.597672520982593,0.741645391984676,
0.835451325163793,0.921571292233602,1.),
.UNSPECIFIED.);
#6320=CIRCLE('',#7992,2.);
#6321=B_SPLINE_CURVE_WITH_KNOTS('',3,
(#7996,#7997,#7998,#7999,#8000,#8001,#8002,#8003,#8004,#8005,#8006,#8007,#8008,#8009,
#8010),
.UNSPECIFIED.,.F.,.F.,
(4,1,1,1,1,1,1,1,1,1,1,1,4),
(0.,0.0829131139498978,0.155749295924901,0.221670651633431,0.291496761973763,0.367038929318627,
0.446619013300769,0.53013082263046,0.620321058322739,0.715184753049362,0.818668111561604,
0.913432859882792,1.),
.UNSPECIFIED.);
#6322=VERTEX_POINT('',#8011);
#6323=VERTEX_POINT('',#8012);
#6324=B_SPLINE_CURVE_WITH_KNOTS('',3,
(#8013,#8014,#8015,#8016,#8017,#8018),
.UNSPECIFIED.,.F.,.F.,
(4,1,1,4),
(0.,0.333333333333333,0.666666666666667,1.),
.UNSPECIFIED.);
#6325=B_SPLINE_CURVE_WITH_KNOTS('',3,
(#8019,#8020,#8021,#8022,#8023,#8024,#8025,#8026,#8027,#8028,#8029,#8030,#8031,#8032,
#8033,#8034,#8035,#8036,#8037,#8038,#8039,#8040,#8041,#8042,#8043,#8044,#8045,#8046,
#8047,#8048,#8049,#8050,#8051,#8052,#8053,#8054,#8055,#8056,#8057,#8058,#8059,#8060,
#8061,#8062,#8063,#8064,#8065,#8066,#8067,#8068,#8069),
.UNSPECIFIED.,.F.,.F.,
(4,1,1,1,1,1,1,1,1,1,1,1,1,1,1,1,1,1,1,1,1,1,1,1,1,1,1,1,1,1,1,1,1,1,1,1,1,1,1,1,
1,1,1,1,1,1,1,1,4),
(0.,0.0289414743176317,0.0569098959921547,0.0840155351058116,0.109927717426238,0.135260750394694,
0.159506020381028,0.183135064136608,0.205986494197712,0.228661419901388,0.250622573777391,
0.272098903649143,0.292746462986398,0.313140465032197,0.332659624560328,0.351630779526106,
0.369776838693179,0.38766970062637,0.405001716737637,0.421994412013343,0.43859567969817,
0.455094445452196,0.471690017195589,0.488454759322906,0.505646311686328,0.523103231595551,
0.541310159246517,0.560027619030105,0.579507867070528,0.59925860465783,0.619556590081664,
0.640138382870906,0.661024695695695,0.681929747892536,0.702906198595653,0.72392803387824,
0.745020157333005,0.76612887610038,0.78728642687439,0.808470207255973,0.829686179776648,
0.850906673548675,0.872143350967487,0.893394131709542,0.914669901690078,0.935961594531861,
0.957283842336516,0.978629228060104,1.),
.UNSPECIFIED.);
#6326=B_SPLINE_CURVE_WITH_KNOTS('',3,
(#8070,#8071,#8072,#8073,#8074,#8075,#8076,#8077,#8078,#8079,#8080,#8081,#8082,#8083,
#8084,#8085,#8086,#8087,#8088,#8089,#8090),
.UNSPECIFIED.,.F.,.F.,
(4,1,1,1,1,1,1,1,1,1,1,1,1,1,1,1,1,1,4),
(0.,0.0354738770250705,0.0752537998287507,0.119325677669578,0.170784933068671,0.22534715001558,
0.283738056975295,0.342858459156833,0.400857212070404,0.457005028047604,0.513061286898648,
0.570876573661028,0.630701885867365,0.690777962840965,0.751253058149923,0.81187648422759,
0.87890001374627,0.941609734682675,1.),
.UNSPECIFIED.);
#6327=VERTEX_POINT('',#8091);
#6328=B_SPLINE_CURVE_WITH_KNOTS('',3,
(#8092,#8093,#8094,#8095,#8096,#8097,#8098,#8099,#8100,#8101,#8102,#8103,#8104,#8105,
#8106,#8107,#8108,#8109,#8110,#8111,#8112,#8113,#8114,#8115,#8116,#8117,#8118,#8119,
#8120,#8121,#8122,#8123,#8124,#8125,#8126,#8127,#8128,#8129,#8130,#8131,#8132,#8133,
#8134,#8135,#8136,#8137,#8138,#8139,#8140,#8141,#8142),
.UNSPECIFIED.,.F.,.F.,
(4,1,1,1,1,1,1,1,1,1,1,1,1,1,1,1,1,1,1,1,1,1,1,1,1,1,1,1,1,1,1,1,1,1,1,1,1,1,1,1,
1,1,1,1,1,1,1,1,4),
(0.,0.0289414743179276,0.0569098959927414,0.0840155351061575,0.109927717426504,0.135260750394825,
0.159506020381112,0.183135064136621,0.205986494197505,0.228661419901164,0.250622573777513,
0.272098903649137,0.292746462986258,0.313140465031984,0.332659624560257,0.351630779525861,
0.369776838693046,0.387669700626301,0.405001716737513,0.421994412013075,0.438595679697959,
0.455094445451879,0.471690017195203,0.488454759322742,0.505646311686222,0.523103231595484,
0.541310159246484,0.56002761903019,0.579507867070596,0.5992586046579,0.619556590081608,
0.640138382870879,0.661024695695706,0.681929747892466,0.702906198595683,0.723928033878299,
0.745020157333049,0.766128876100529,0.787286426874573,0.808470207256082,0.829686179776748,
0.850906673548833,0.87214335096757,0.893394131709588,0.914669901690102,0.935961594531856,
0.957283842336505,0.978629228060126,1.),
.UNSPECIFIED.);
#6329=CIRCLE('',#8143,54.8893023649723);
#6330=VERTEX_POINT('',#8147);
#6331=B_SPLINE_CURVE_WITH_KNOTS('',3,
(#8148,#8149,#8150,#8151,#8152,#8153),
.UNSPECIFIED.,.F.,.F.,
(4,1,1,4),
(0.,0.333333333333333,0.666666666666667,1.),
.UNSPECIFIED.);
#6332=B_SPLINE_CURVE_WITH_KNOTS('',3,
(#8154,#8155,#8156,#8157,#8158,#8159,#8160,#8161,#8162,#8163,#8164,#8165,#8166,#8167,
#8168,#8169,#8170,#8171,#8172,#8173,#8174),
.UNSPECIFIED.,.F.,.F.,
(4,1,1,1,1,1,1,1,1,1,1,1,1,1,1,1,1,1,4),
(0.,0.035473877025045,0.075253799828684,0.119325677669477,0.170784933068566,0.225347150015436,
0.283738056975084,0.342858459156539,0.400857212069973,0.457005028047018,0.513061286897802,
0.570876573659861,0.630701885865676,0.69077796283863,0.751253058147139,0.811876484224694,
0.878900013743819,0.941609734681193,1.),
.UNSPECIFIED.);
#6333=B_SPLINE_CURVE_WITH_KNOTS('',3,
(#8175,#8176,#8177,#8178,#8179,#8180,#8181,#8182,#8183,#8184,#8185,#8186,#8187,#8188,
#8189),
.UNSPECIFIED.,.F.,.F.,
(4,1,1,1,1,1,1,1,1,1,1,1,4),
(0.,0.0829131139500246,0.155749295925224,0.221670651633837,0.291496761973754,0.367038929318633,
0.446619013300072,0.530130822630169,0.620321058321761,0.715184753048128,0.818668111560252,
0.913432859881915,1.),
.UNSPECIFIED.);
#6334=VERTEX_POINT('',#8190);
#6335=VERTEX_POINT('',#8191);
#6336=B_SPLINE_CURVE_WITH_KNOTS('',3,
(#8192,#8193,#8194,#8195,#8196,#8197),
.UNSPECIFIED.,.F.,.F.,
(4,1,1,4),
(0.,0.333333333333333,0.666666666666667,1.),
.UNSPECIFIED.);
#6337=CIRCLE('',#8198,2.);
#6338=B_SPLINE_CURVE_WITH_KNOTS('',3,
(#8202,#8203,#8204,#8205,#8206,#8207,#8208,#8209,#8210,#8211,#8212),
.UNSPECIFIED.,.F.,.F.,
(4,1,1,1,1,1,1,1,4),
(0.,0.104280910380859,0.241354261297308,0.42432402218672,0.597672520989743,0.741645391998103,
0.835451325176372,0.921571292239823,1.),
.UNSPECIFIED.);
#6339=VERTEX_POINT('',#8213);
#6340=LINE('',#8214,#8215);
#6341=CIRCLE('',#8217,2.);
#6342=VERTEX_POINT('',#8221);
#6343=B_SPLINE_CURVE_WITH_KNOTS('',3,
(#8222,#8223,#8224,#8225,#8226,#8227),
.UNSPECIFIED.,.F.,.F.,
(4,1,1,4),
(0.,0.333333333333333,0.666666666666667,1.),
.UNSPECIFIED.);
#6344=B_SPLINE_CURVE_WITH_KNOTS('',3,
(#8228,#8229,#8230,#8231,#8232,#8233,#8234,#8235,#8236,#8237,#8238),
.UNSPECIFIED.,.F.,.F.,
(4,1,1,1,1,1,1,1,4),
(0.,0.104280910387545,0.241354261303745,0.424324022188473,0.5976725209826,0.74164539198468,
0.835451325163796,0.921571292233605,1.),
.UNSPECIFIED.);
#6345=B_SPLINE_CURVE_WITH_KNOTS('',3,
(#8239,#8240,#8241,#8242,#8243,#8244,#8245,#8246,#8247,#8248,#8249,#8250,#8251,#8252,
#8253),
.UNSPECIFIED.,.F.,.F.,
(4,1,1,1,1,1,1,1,1,1,1,1,4),
(0.,0.0829131139501713,0.155749295925342,0.221670651633951,0.291496761974632,0.367038929319364,
0.446619013301728,0.530130822631654,0.620321058324286,0.715184753050201,0.818668111563008,
0.913432859883807,1.),
.UNSPECIFIED.);
#6346=VERTEX_POINT('',#8254);
#6347=VERTEX_POINT('',#8255);
#6348=B_SPLINE_CURVE_WITH_KNOTS('',3,
(#8256,#8257,#8258,#8259,#8260,#8261),
.UNSPECIFIED.,.F.,.F.,
(4,1,1,4),
(0.,0.333333333333333,0.666666666666667,1.),
.UNSPECIFIED.);
#6349=B_SPLINE_CURVE_WITH_KNOTS('',3,
(#8262,#8263,#8264,#8265,#8266,#8267,#8268,#8269,#8270,#8271,#8272,#8273,#8274,#8275,
#8276,#8277,#8278,#8279,#8280,#8281,#8282,#8283,#8284,#8285,#8286,#8287,#8288,#8289,
#8290,#8291,#8292,#8293,#8294,#8295,#8296,#8297,#8298,#8299,#8300,#8301,#8302,#8303,
#8304,#8305,#8306,#8307,#8308,#8309,#8310,#8311,#8312),
.UNSPECIFIED.,.F.,.F.,
(4,1,1,1,1,1,1,1,1,1,1,1,1,1,1,1,1,1,1,1,1,1,1,1,1,1,1,1,1,1,1,1,1,1,1,1,1,1,1,1,
1,1,1,1,1,1,1,1,4),
(0.,0.0289414743175479,0.0569098959915347,0.0840155351053386,0.109927717425517,0.135260750394517,
0.159506020380656,0.183135064136318,0.205986494197282,0.228661419901134,0.250622573777065,
0.272098903649024,0.292746462986211,0.313140465032026,0.332659624560379,0.351630779526102,
0.369776838693316,0.38766970062649,0.405001716737714,0.421994412013431,0.438595679698178,
0.455094445452044,0.471690017195458,0.488454759322888,0.505646311686529,0.523103231595563,
0.541310159246711,0.560027619030358,0.57950786707073,0.599258604658166,0.619556590082119,
0.640138382871325,0.661024695695958,0.681929747892811,0.702906198595901,0.723928033878375,
0.745020157333227,0.766128876100671,0.787286426874881,0.808470207256268,0.829686179776838,
0.850906673548866,0.872143350967622,0.893394131709644,0.914669901690154,0.935961594531881,
0.957283842336524,0.978629228060109,1.),
.UNSPECIFIED.);
#6350=B_SPLINE_CURVE_WITH_KNOTS('',3,
(#8313,#8314,#8315,#8316,#8317,#8318,#8319,#8320,#8321,#8322,#8323,#8324,#8325,#8326,
#8327,#8328,#8329,#8330,#8331,#8332,#8333),
.UNSPECIFIED.,.F.,.F.,
(4,1,1,1,1,1,1,1,1,1,1,1,1,1,1,1,1,1,4),
(0.,0.0354738770250763,0.0752537998287676,0.119325677669574,0.170784933068672,0.225347150015587,
0.283738056975297,0.342858459156837,0.400857212070416,0.457005028047632,0.513061286898684,
0.57087657366108,0.630701885867433,0.690777962841062,0.751253058150038,0.811876484227708,
0.878900013746368,0.941609734682732,1.),
.UNSPECIFIED.);
#6351=VERTEX_POINT('',#8334);
#6352=CIRCLE('',#8335,54.8893023649723);
#6353=B_SPLINE_CURVE_WITH_KNOTS('',3,
(#8339,#8340,#8341,#8342,#8343,#8344,#8345,#8346,#8347,#8348,#8349,#8350,#8351,#8352,
#8353,#8354,#8355,#8356,#8357,#8358,#8359,#8360,#8361,#8362,#8363,#8364,#8365,#8366,
#8367,#8368,#8369,#8370,#8371,#8372,#8373,#8374,#8375,#8376,#8377,#8378,#8379,#8380,
#8381,#8382,#8383,#8384,#8385,#8386,#8387,#8388,#8389),
.UNSPECIFIED.,.F.,.F.,
(4,1,1,1,1,1,1,1,1,1,1,1,1,1,1,1,1,1,1,1,1,1,1,1,1,1,1,1,1,1,1,1,1,1,1,1,1,1,1,1,
1,1,1,1,1,1,1,1,4),
(0.,0.0289414743178577,0.0569098959928012,0.0840155351061535,0.109927717426529,0.13526075039495,
0.15950602038105,0.183135064136579,0.205986494197705,0.228661419901373,0.250622573777342,
0.272098903649204,0.292746462986561,0.313140465032148,0.332659624560229,0.351630779526007,
0.369776838693358,0.387669700626609,0.405001716737492,0.421994412013176,0.438595679697831,
0.455094445451776,0.471690017195142,0.488454759322608,0.50564631168583,0.523103231595324,
0.541310159246104,0.560027619029917,0.579507867070446,0.599258604657659,0.619556590081578,
0.640138382870965,0.66102469569572,0.681929747892437,0.702906198595578,0.723928033878177,
0.745020157333149,0.766128876100486,0.787286426874577,0.808470207256081,0.829686179776482,
0.850906673548493,0.872143350967344,0.89339413170941,0.914669901690038,0.935961594531787,
0.957283842336463,0.978629228060066,1.),
.UNSPECIFIED.);
#6354=VERTEX_POINT('',#8390);
#6355=B_SPLINE_CURVE_WITH_KNOTS('',3,
(#8391,#8392,#8393,#8394,#8395,#8396),
.UNSPECIFIED.,.F.,.F.,
(4,1,1,4),
(0.,0.333333333333333,0.666666666666667,1.),
.UNSPECIFIED.);
#6356=B_SPLINE_CURVE_WITH_KNOTS('',3,
(#8397,#8398,#8399,#8400,#8401,#8402,#8403,#8404,#8405,#8406,#8407,#8408,#8409,#8410,
#8411,#8412,#8413,#8414,#8415,#8416,#8417),
.UNSPECIFIED.,.F.,.F.,
(4,1,1,1,1,1,1,1,1,1,1,1,1,1,1,1,1,1,4),
(0.,0.0354738770250293,0.0752537998286718,0.119325677669464,0.170784933068548,0.225347150015409,
0.283738056975047,0.342858459156487,0.40085721206989,0.457005028046899,0.513061286897631,
0.570876573659622,0.630701885865331,0.690777962838159,0.751253058146581,0.811876484224115,
0.878900013743332,0.941609734680897,1.),
.UNSPECIFIED.);
#6357=B_SPLINE_CURVE_WITH_KNOTS('',3,
(#8418,#8419,#8420,#8421,#8422,#8423,#8424,#8425,#8426,#8427,#8428,#8429,#8430,#8431,
#8432),
.UNSPECIFIED.,.F.,.F.,
(4,1,1,1,1,1,1,1,1,1,1,1,4),
(0.,0.0829131139495791,0.155749295924488,0.221670651633157,0.291496761974072,0.3670389293197,
0.446619013301922,0.530130822631835,0.620321058323509,0.715184753049844,0.818668111565156,
0.91343285988628,1.),
.UNSPECIFIED.);
#6358=VERTEX_POINT('',#8433);
#6359=VERTEX_POINT('',#8434);
#6360=B_SPLINE_CURVE_WITH_KNOTS('',3,
(#8435,#8436,#8437,#8438,#8439,#8440),
.UNSPECIFIED.,.F.,.F.,
(4,1,1,4),
(0.,0.333333333333333,0.666666666666667,1.),
.UNSPECIFIED.);
#6361=CIRCLE('',#8441,2.);
#6362=B_SPLINE_CURVE_WITH_KNOTS('',3,
(#8445,#8446,#8447,#8448,#8449,#8450,#8451,#8452,#8453,#8454,#8455),
.UNSPECIFIED.,.F.,.F.,
(4,1,1,1,1,1,1,1,4),
(0.,0.104280910380856,0.241354261297303,0.424324022186715,0.597672520989742,0.741645391998103,
0.83545132517637,0.921571292239823,1.),
.UNSPECIFIED.);
#6363=VERTEX_POINT('',#8456);
#6364=LINE('',#8457,#8458);
#6365=CIRCLE('',#8460,2.);
#6366=VERTEX_POINT('',#8464);
#6367=B_SPLINE_CURVE_WITH_KNOTS('',3,
(#8465,#8466,#8467,#8468,#8469,#8470),
.UNSPECIFIED.,.F.,.F.,
(4,1,1,4),
(0.,0.333333333333333,0.666666666666667,1.),
.UNSPECIFIED.);
#6368=B_SPLINE_CURVE_WITH_KNOTS('',3,
(#8471,#8472,#8473,#8474,#8475,#8476,#8477,#8478,#8479,#8480,#8481),
.UNSPECIFIED.,.F.,.F.,
(4,1,1,1,1,1,1,1,4),
(0.,0.104280910387567,0.241354261303772,0.424324022188511,0.597672520982621,0.74164539198469,
0.835451325163799,0.921571292233606,1.),
.UNSPECIFIED.);
#6369=B_SPLINE_CURVE_WITH_KNOTS('',3,
(#8482,#8483,#8484,#8485,#8486,#8487,#8488,#8489,#8490,#8491,#8492,#8493,#8494,#8495,
#8496),
.UNSPECIFIED.,.F.,.F.,
(4,1,1,1,1,1,1,1,1,1,1,1,4),
(0.,0.0829131139496821,0.155749295924644,0.221670651633239,0.2914967619741,0.367038929319028,
0.44661901330174,0.530130822631448,0.620321058323747,0.715184753050129,0.818668111563362,
0.913432859884506,1.),
.UNSPECIFIED.);
#6370=VERTEX_POINT('',#8497);
#6371=VERTEX_POINT('',#8498);
#6372=B_SPLINE_CURVE_WITH_KNOTS('',3,
(#8499,#8500,#8501,#8502,#8503,#8504),
.UNSPECIFIED.,.F.,.F.,
(4,1,1,4),
(0.,0.333333333333333,0.666666666666667,1.),
.UNSPECIFIED.);
#6373=B_SPLINE_CURVE_WITH_KNOTS('',3,
(#8505,#8506,#8507,#8508,#8509,#8510,#8511,#8512,#8513,#8514,#8515,#8516,#8517,#8518,
#8519,#8520,#8521,#8522,#8523,#8524,#8525,#8526,#8527,#8528,#8529,#8530,#8531,#8532,
#8533,#8534,#8535,#8536,#8537,#8538,#8539,#8540,#8541,#8542,#8543,#8544,#8545,#8546,
#8547,#8548,#8549,#8550,#8551,#8552,#8553,#8554,#8555),
.UNSPECIFIED.,.F.,.F.,
(4,1,1,1,1,1,1,1,1,1,1,1,1,1,1,1,1,1,1,1,1,1,1,1,1,1,1,1,1,1,1,1,1,1,1,1,1,1,1,1,
1,1,1,1,1,1,1,1,4),
(0.,0.0289414743182715,0.056909895992391,0.0840155351060557,0.109927717426582,0.135260750394717,
0.159506020381061,0.183135064136554,0.205986494197474,0.228661419901337,0.250622573777361,
0.272098903649148,0.292746462986455,0.313140465032141,0.3326596245604,0.351630779526046,
0.369776838693349,0.38766970062645,0.405001716737678,0.421994412013209,0.438595679698072,
0.455094445451826,0.471690017195062,0.488454759322673,0.50564631168591,0.523103231595147,
0.541310159246304,0.560027619029704,0.579507867070352,0.599258604657576,0.619556590081496,
0.640138382870812,0.661024695695677,0.681929747892277,0.702906198595369,0.723928033877866,
0.745020157332809,0.76612887610021,0.787286426874349,0.80847020725581,0.829686179776595,
0.850906673548586,0.872143350967389,0.893394131709414,0.914669901689946,0.935961594531803,
0.957283842336491,0.978629228060103,1.),
.UNSPECIFIED.);
#6374=B_SPLINE_CURVE_WITH_KNOTS('',3,
(#8556,#8557,#8558,#8559,#8560,#8561,#8562,#8563,#8564,#8565,#8566,#8567,#8568,#8569,
#8570,#8571,#8572,#8573,#8574,#8575,#8576),
.UNSPECIFIED.,.F.,.F.,
(4,1,1,1,1,1,1,1,1,1,1,1,1,1,1,1,1,1,4),
(0.,0.0354738770250895,0.075253799828806,0.119325677669624,0.170784933068734,0.225347150015671,
0.283738056975431,0.342858459157033,0.400857212070684,0.457005028048002,0.51306128689922,
0.570876573661822,0.630701885868505,0.690777962842551,0.751253058151804,0.811876484229547,
0.878900013747928,0.941609734683683,1.),
.UNSPECIFIED.);
#6375=VERTEX_POINT('',#8577);
#6376=CIRCLE('',#8578,54.8893023649723);
#6377=B_SPLINE_CURVE_WITH_KNOTS('',3,
(#8582,#8583,#8584,#8585,#8586,#8587,#8588,#8589,#8590,#8591,#8592,#8593,#8594,#8595,
#8596,#8597,#8598,#8599,#8600,#8601,#8602,#8603,#8604,#8605,#8606,#8607,#8608,#8609,
#8610,#8611,#8612,#8613,#8614,#8615,#8616,#8617,#8618,#8619,#8620,#8621,#8622,#8623,
#8624,#8625,#8626,#8627,#8628,#8629,#8630,#8631,#8632),
.UNSPECIFIED.,.F.,.F.,
(4,1,1,1,1,1,1,1,1,1,1,1,1,1,1,1,1,1,1,1,1,1,1,1,1,1,1,1,1,1,1,1,1,1,1,1,1,1,1,1,
1,1,1,1,1,1,1,1,4),
(0.,0.0289414743183402,0.0569098959924,0.0840155351060989,0.109927717426472,0.135260750394964,
0.159506020381197,0.18313506413676,0.205986494197481,0.228661419901302,0.250622573777563,
0.27209890364935,0.292746462986496,0.313140465032131,0.332659624560381,0.351630779526157,
0.369776838693318,0.387669700626372,0.405001716737587,0.421994412013372,0.438595679697935,
0.455094445452161,0.471690017195562,0.488454759323048,0.505646311686383,0.523103231595743,
0.541310159246943,0.560027619030402,0.579507867070951,0.599258604658031,0.619556590081796,
0.640138382871265,0.661024695696363,0.681929747893008,0.702906198596036,0.723928033878452,
0.745020157333366,0.766128876100604,0.787286426874715,0.808470207256234,0.829686179776819,
0.850906673548898,0.872143350967714,0.893394131709799,0.914669901690234,0.935961594531931,
0.957283842336524,0.978629228060139,1.),
.UNSPECIFIED.);
#6378=VERTEX_POINT('',#8633);
#6379=B_SPLINE_CURVE_WITH_KNOTS('',3,
(#8634,#8635,#8636,#8637,#8638,#8639),
.UNSPECIFIED.,.F.,.F.,
(4,1,1,4),
(0.,0.333333333333333,0.666666666666667,1.),
.UNSPECIFIED.);
#6380=B_SPLINE_CURVE_WITH_KNOTS('',3,
(#8640,#8641,#8642,#8643,#8644,#8645,#8646,#8647,#8648,#8649,#8650,#8651,#8652,#8653,
#8654,#8655,#8656,#8657,#8658,#8659,#8660),
.UNSPECIFIED.,.F.,.F.,
(4,1,1,1,1,1,1,1,1,1,1,1,1,1,1,1,1,1,4),
(0.,0.035473877025054,0.0752537998287305,0.119325677669543,0.170784933068663,0.225347150015529,
0.283738056975222,0.342858459156727,0.400857212070238,0.457005028047382,0.51306128689833,
0.57087657366059,0.630701885866732,0.690777962840089,0.751253058148876,0.811876484226501,
0.878900013745349,0.94160973468212,1.),
.UNSPECIFIED.);
#6381=B_SPLINE_CURVE_WITH_KNOTS('',3,
(#8661,#8662,#8663,#8664,#8665,#8666,#8667,#8668,#8669,#8670,#8671,#8672,#8673,#8674,
#8675),
.UNSPECIFIED.,.F.,.F.,
(4,1,1,1,1,1,1,1,1,1,1,1,4),
(0.,0.0829131139502323,0.155749295925437,0.221670651634065,0.291496761974596,0.367038929319338,
0.446619013301505,0.530130822630904,0.620321058323169,0.715184753049188,0.81866811156182,
0.913432859882941,1.),
.UNSPECIFIED.);
#6382=VERTEX_POINT('',#8676);
#6383=VERTEX_POINT('',#8677);
#6384=B_SPLINE_CURVE_WITH_KNOTS('',3,
(#8678,#8679,#8680,#8681,#8682,#8683),
.UNSPECIFIED.,.F.,.F.,
(4,1,1,4),
(0.,0.333333333333333,0.666666666666667,1.),
.UNSPECIFIED.);
#6385=CIRCLE('',#8684,2.);
#6386=B_SPLINE_CURVE_WITH_KNOTS('',3,
(#8688,#8689,#8690,#8691,#8692,#8693,#8694,#8695,#8696,#8697,#8698),
.UNSPECIFIED.,.F.,.F.,
(4,1,1,1,1,1,1,1,4),
(0.,0.104280910380845,0.241354261297288,0.424324022186698,0.597672520989728,0.741645391998096,
0.835451325176371,0.921571292239822,1.),
.UNSPECIFIED.);
#6387=VERTEX_POINT('',#8699);
#6388=LINE('',#8700,#8701);
#6389=CIRCLE('',#8703,2.);
#6390=VERTEX_POINT('',#8707);
#6391=B_SPLINE_CURVE_WITH_KNOTS('',3,
(#8708,#8709,#8710,#8711,#8712,#8713),
.UNSPECIFIED.,.F.,.F.,
(4,1,1,4),
(0.,0.333333333333333,0.666666666666667,1.),
.UNSPECIFIED.);
#6392=B_SPLINE_CURVE_WITH_KNOTS('',3,
(#8714,#8715,#8716,#8717,#8718,#8719,#8720,#8721,#8722,#8723,#8724),
.UNSPECIFIED.,.F.,.F.,
(4,1,1,1,1,1,1,1,4),
(0.,0.104280910387561,0.241354261303762,0.424324022188495,0.597672520982616,0.741645391984687,
0.835451325163797,0.921571292233603,1.),
.UNSPECIFIED.);
#6393=B_SPLINE_CURVE_WITH_KNOTS('',3,
(#8725,#8726,#8727,#8728,#8729,#8730,#8731,#8732,#8733,#8734,#8735,#8736,#8737,#8738,
#8739),
.UNSPECIFIED.,.F.,.F.,
(4,1,1,1,1,1,1,1,1,1,1,1,4),
(0.,0.0829131139497207,0.155749295924656,0.221670651632945,0.291496761973585,0.367038929318328,
0.446619013300847,0.530130822630691,0.620321058322438,0.715184753048868,0.818668111559665,
0.913432859881573,1.),
.UNSPECIFIED.);
#6394=VERTEX_POINT('',#8740);
#6395=VERTEX_POINT('',#8741);
#6396=B_SPLINE_CURVE_WITH_KNOTS('',3,
(#8742,#8743,#8744,#8745,#8746,#8747),
.UNSPECIFIED.,.F.,.F.,
(4,1,1,4),
(0.,0.333333333333333,0.666666666666667,1.),
.UNSPECIFIED.);
#6397=B_SPLINE_CURVE_WITH_KNOTS('',3,
(#8748,#8749,#8750,#8751,#8752,#8753,#8754,#8755,#8756,#8757,#8758,#8759,#8760,#8761,
#8762,#8763,#8764,#8765,#8766,#8767,#8768,#8769,#8770,#8771,#8772,#8773,#8774,#8775,
#8776,#8777,#8778,#8779,#8780,#8781,#8782,#8783,#8784,#8785,#8786,#8787,#8788,#8789,
#8790,#8791,#8792,#8793,#8794,#8795,#8796,#8797,#8798),
.UNSPECIFIED.,.F.,.F.,
(4,1,1,1,1,1,1,1,1,1,1,1,1,1,1,1,1,1,1,1,1,1,1,1,1,1,1,1,1,1,1,1,1,1,1,1,1,1,1,1,
1,1,1,1,1,1,1,1,4),
(0.,0.0289414743172745,0.0569098959916375,0.0840155351053973,0.109927717425776,0.135260750394452,
0.159506020380477,0.183135064136256,0.205986494197161,0.228661419900966,0.250622573776974,
0.272098903648909,0.292746462986148,0.313140465032189,0.332659624560447,0.351630779526309,
0.369776838693516,0.387669700626759,0.405001716737874,0.421994412013671,0.438595679698429,
0.455094445452335,0.471690017195854,0.488454759323275,0.505646311686664,0.523103231595889,
0.541310159247045,0.560027619030598,0.579507867071197,0.599258604658609,0.619556590082308,
0.640138382871541,0.661024695695759,0.68192974789302,0.702906198595914,0.723928033878493,
0.745020157333268,0.766128876100887,0.787286426874875,0.808470207256129,0.82968617977685,
0.850906673548882,0.872143350967682,0.89339413170965,0.914669901690212,0.935961594531846,
0.957283842336546,0.978629228060101,1.),
.UNSPECIFIED.);
#6398=B_SPLINE_CURVE_WITH_KNOTS('',3,
(#8799,#8800,#8801,#8802,#8803,#8804,#8805,#8806,#8807,#8808,#8809,#8810,#8811,#8812,
#8813,#8814,#8815,#8816,#8817,#8818,#8819),
.UNSPECIFIED.,.F.,.F.,
(4,1,1,1,1,1,1,1,1,1,1,1,1,1,1,1,1,1,4),
(0.,0.0354738770250478,0.075253799828716,0.119325677669561,0.170784933068608,0.225347150015523,
0.283738056975209,0.342858459156729,0.400857212070251,0.457005028047397,0.513061286898355,
0.570876573660619,0.630701885866773,0.690777962840153,0.751253058148952,0.811876484226579,
0.878900013745413,0.941609734682157,1.),
.UNSPECIFIED.);
#6399=VERTEX_POINT('',#8820);
#6400=CIRCLE('',#8821,54.8893023649723);
#6401=B_SPLINE_CURVE_WITH_KNOTS('',3,
(#8825,#8826,#8827,#8828,#8829,#8830,#8831,#8832,#8833,#8834,#8835,#8836,#8837,#8838,
#8839,#8840,#8841,#8842,#8843,#8844,#8845,#8846,#8847,#8848,#8849,#8850,#8851,#8852,
#8853,#8854,#8855,#8856,#8857,#8858,#8859,#8860,#8861,#8862,#8863,#8864,#8865,#8866,
#8867,#8868,#8869,#8870,#8871,#8872,#8873,#8874,#8875),
.UNSPECIFIED.,.F.,.F.,
(4,1,1,1,1,1,1,1,1,1,1,1,1,1,1,1,1,1,1,1,1,1,1,1,1,1,1,1,1,1,1,1,1,1,1,1,1,1,1,1,
1,1,1,1,1,1,1,1,4),
(0.,0.0289414743176612,0.0569098959922257,0.0840155351060736,0.109927717426691,0.135260750395212,
0.159506020381327,0.183135064136872,0.205986494197711,0.228661419901496,0.250622573777538,
0.272098903649404,0.292746462986701,0.313140465032304,0.332659624560648,0.351630779526417,
0.369776838693488,0.38766970062665,0.405001716737852,0.421994412013196,0.43859567969787,
0.455094445451601,0.471690017195456,0.488454759322666,0.505646311686399,0.523103231595367,
0.541310159246665,0.560027619029982,0.579507867070642,0.599258604658024,0.619556590081799,
0.64013838287117,0.661024695695904,0.681929747892655,0.702906198595682,0.723928033878325,
0.745020157333405,0.766128876100455,0.787286426874654,0.80847020725616,0.829686179776633,
0.850906673548891,0.872143350967739,0.893394131709866,0.91466990169032,0.935961594532031,
0.957283842336647,0.978629228060172,1.),
.UNSPECIFIED.);
#6402=VERTEX_POINT('',#8876);
#6403=B_SPLINE_CURVE_WITH_KNOTS('',3,
(#8877,#8878,#8879,#8880,#8881,#8882),
.UNSPECIFIED.,.F.,.F.,
(4,1,1,4),
(0.,0.333333333333333,0.666666666666667,1.),
.UNSPECIFIED.);
#6404=B_SPLINE_CURVE_WITH_KNOTS('',3,
(#8883,#8884,#8885,#8886,#8887,#8888,#8889,#8890,#8891,#8892,#8893,#8894,#8895,#8896,
#8897,#8898,#8899,#8900,#8901,#8902,#8903),
.UNSPECIFIED.,.F.,.F.,
(4,1,1,1,1,1,1,1,1,1,1,1,1,1,1,1,1,1,4),
(0.,0.0354738770250217,0.0752537998286986,0.119325677669526,0.170784933068651,0.225347150015526,
0.283738056975206,0.342858459156712,0.400857212070204,0.457005028047341,0.513061286898277,
0.570876573660517,0.630701885866627,0.690777962839947,0.75125305814871,0.811876484226328,
0.878900013745204,0.941609734682031,1.),
.UNSPECIFIED.);
#6405=B_SPLINE_CURVE_WITH_KNOTS('',3,
(#8904,#8905,#8906,#8907,#8908,#8909,#8910,#8911,#8912,#8913,#8914,#8915,#8916,#8917,
#8918),
.UNSPECIFIED.,.F.,.F.,
(4,1,1,1,1,1,1,1,1,1,1,1,4),
(0.,0.0829131139499978,0.155749295925076,0.22167065163369,0.291496761973831,0.367038929318527,
0.446619013300327,0.530130822630275,0.620321058322754,0.715184753048541,0.818668111563899,
0.913432859884979,1.),
.UNSPECIFIED.);
#6406=VERTEX_POINT('',#8919);
#6407=VERTEX_POINT('',#8920);
#6408=B_SPLINE_CURVE_WITH_KNOTS('',3,
(#8921,#8922,#8923,#8924,#8925,#8926),
.UNSPECIFIED.,.F.,.F.,
(4,1,1,4),
(0.,0.333333333333333,0.666666666666667,1.),
.UNSPECIFIED.);
#6409=CIRCLE('',#8927,2.);
#6410=B_SPLINE_CURVE_WITH_KNOTS('',3,
(#8931,#8932,#8933,#8934,#8935,#8936,#8937,#8938,#8939,#8940,#8941),
.UNSPECIFIED.,.F.,.F.,
(4,1,1,1,1,1,1,1,4),
(0.,0.10428091038087,0.241354261297318,0.42432402218673,0.597672520989751,0.74164539199811,
0.835451325176374,0.921571292239823,1.),
.UNSPECIFIED.);
#6411=LINE('',#8942,#8943);
#6412=VERTEX_POINT('',#8945);
#6413=CIRCLE('',#8946,1.85);
#6414=VERTEX_POINT('',#8950);
#6415=B_SPLINE_CURVE_WITH_KNOTS('',3,
(#8951,#8952,#8953,#8954,#8955,#8956,#8957,#8958,#8959,#8960,#8961,#8962,#8963,#8964,
#8965,#8966,#8967,#8968,#8969),
.UNSPECIFIED.,.F.,.F.,
(4,1,1,1,1,1,1,1,1,1,1,1,1,1,1,1,4),
(0.,0.114220683045138,0.212909800670912,0.298758671026081,0.382340924638673,0.46120013873824,
0.531749961501673,0.598885388731195,0.662413758282316,0.722183423791435,0.777230355538343,
0.827008655218139,0.87256500286877,0.911029302331966,0.946488779149212,0.974846656716025,
1.),
.UNSPECIFIED.);
#6416=CIRCLE('',#8970,2.);
#6417=VERTEX_POINT('',#8974);
#6418=LINE('',#8975,#8976);
#6419=CIRCLE('',#8978,2.);
#6420=B_SPLINE_CURVE_WITH_KNOTS('',3,
(#8982,#8983,#8984,#8985,#8986,#8987,#8988,#8989,#8990,#8991,#8992,#8993,#8994,#8995,
#8996,#8997,#8998),
.UNSPECIFIED.,.F.,.F.,
(4,1,1,1,1,1,1,1,1,1,1,1,1,1,4),
(0.,0.0688532957957638,0.128562505778112,0.181387342929766,0.23852445370908,0.298769448956019,
0.362649004943637,0.428734260512924,0.500182556319492,0.575245442735192,0.656129631340824,
0.740756923988841,0.84272002403276,0.92911202752588,1.),
.UNSPECIFIED.);
#6421=VERTEX_POINT('',#8999);
#6422=B_SPLINE_CURVE_WITH_KNOTS('',3,
(#9000,#9001,#9002,#9003,#9004,#9005,#9006,#9007,#9008,#9009,#9010,#9011,#9012,#9013,
#9014,#9015,#9016,#9017,#9018),
.UNSPECIFIED.,.F.,.F.,
(4,1,1,1,1,1,1,1,1,1,1,1,1,1,1,1,4),
(0.,0.07941823268974,0.148483042901304,0.209220769056684,0.270828992188806,0.333265349200403,
0.394300036579023,0.455010587880488,0.515422153859086,0.575792990590582,0.636332356626353,
0.697258807112653,0.75871171845724,0.821302094559856,0.883534464598156,0.943347751265432,
1.),
.UNSPECIFIED.);
#6423=B_SPLINE_CURVE_WITH_KNOTS('',3,
(#9019,#9020,#9021,#9022,#9023,#9024,#9025,#9026,#9027,#9028,#9029,#9030,#9031,#9032,
#9033,#9034,#9035,#9036,#9037,#9038),
.UNSPECIFIED.,.F.,.F.,
(4,1,1,1,1,1,1,1,1,1,1,1,1,1,1,1,1,4),
(0.,0.0821929781649767,0.154785643007419,0.215411955455473,0.275509995340783,0.330173148635284,
0.381767454410829,0.428724121778109,0.476102545524817,0.523889306987797,0.572734292151154,
0.632210782856896,0.692417379606597,0.754555327000367,0.811223250002053,0.871182760933572,
0.935300960097673,1.),
.UNSPECIFIED.);
#6424=B_SPLINE_CURVE_WITH_KNOTS('',3,
(#9039,#9040,#9041,#9042,#9043,#9044,#9045,#9046,#9047,#9048,#9049,#9050,#9051,#9052,
#9053),
.UNSPECIFIED.,.F.,.F.,
(4,1,1,1,1,1,1,1,1,1,1,1,4),
(0.,0.0829192574995342,0.155768778236559,0.22177547003301,0.291914953650292,0.367957489938103,
0.448311932007337,0.533010620980915,0.624394669658855,0.721323595488054,0.827095933804328,
0.920153161434886,1.),
.UNSPECIFIED.);
#6425=CIRCLE('',#9054,22.);
#6426=CIRCLE('',#9058,2.);
#6427=VERTEX_POINT('',#9062);
#6428=CIRCLE('',#9063,54.8887996222252);
#6429=CIRCLE('',#9067,2.);
#6430=B_SPLINE_CURVE_WITH_KNOTS('',3,
(#9071,#9072,#9073,#9074,#9075,#9076,#9077,#9078,#9079,#9080,#9081,#9082,#9083,#9084,
#9085,#9086,#9087,#9088,#9089),
.UNSPECIFIED.,.F.,.F.,
(4,1,1,1,1,1,1,1,1,1,1,1,1,1,1,1,4),
(0.,0.079418232677166,0.148483042877291,0.209220769028039,0.270828992157116,0.333265349168909,
0.39430003654795,0.455010587847541,0.515422153828285,0.575792990557446,0.636332356595118,
0.697258807080529,0.758711718425138,0.821302094528453,0.883534464566326,0.943347751244699,
1.),
.UNSPECIFIED.);
#6431=B_SPLINE_CURVE_WITH_KNOTS('',3,
(#9090,#9091,#9092,#9093,#9094,#9095,#9096,#9097,#9098,#9099,#9100,#9101,#9102,#9103,
#9104),
.UNSPECIFIED.,.F.,.F.,
(4,1,1,1,1,1,1,1,1,1,1,1,4),
(0.,0.0829192574998358,0.15576877823706,0.221775470033129,0.291914953650175,0.367957489937996,
0.448311932006767,0.533010620980078,0.624394669657411,0.72132359548573,0.827095933801769,
0.920153161432725,1.),
.UNSPECIFIED.);
#6432=VERTEX_POINT('',#9105);
#6433=CIRCLE('',#9106,22.);
#6434=B_SPLINE_CURVE_WITH_KNOTS('',3,
(#9110,#9111,#9112,#9113,#9114,#9115,#9116,#9117,#9118,#9119,#9120,#9121,#9122,#9123,
#9124,#9125,#9126,#9127,#9128),
.UNSPECIFIED.,.F.,.F.,
(4,1,1,1,1,1,1,1,1,1,1,1,1,1,1,1,4),
(0.,0.114220683046349,0.212909800672489,0.298758671028437,0.382340924643693,0.461200138744228,
0.531749961509614,0.598885388736333,0.662413758285983,0.722183423793088,0.777230355542898,
0.82700865523005,0.87256500289043,0.911029302366128,0.946488779199311,0.974846656754973,
1.),
.UNSPECIFIED.);
#6435=B_SPLINE_CURVE_WITH_KNOTS('',3,
(#9129,#9130,#9131,#9132,#9133,#9134,#9135,#9136,#9137,#9138,#9139,#9140,#9141,#9142,
#9143,#9144,#9145,#9146,#9147,#9148),
.UNSPECIFIED.,.F.,.F.,
(4,1,1,1,1,1,1,1,1,1,1,1,1,1,1,1,1,4),
(0.,0.0821929781654635,0.154785643009166,0.215411955459052,0.275509995345837,0.330173148640486,
0.381767454415051,0.428724121781895,0.476102545528811,0.523889306992593,0.572734292156894,
0.632210782867168,0.692417379621458,0.754555327020145,0.81122325002295,0.871182760955269,
0.935300960112286,1.),
.UNSPECIFIED.);
#6436=CIRCLE('',#9149,2.);
#6437=VERTEX_POINT('',#9153);
#6438=LINE('',#9154,#9155);
#6439=CIRCLE('',#9157,2.);
#6440=B_SPLINE_CURVE_WITH_KNOTS('',3,
(#9161,#9162,#9163,#9164,#9165,#9166,#9167,#9168,#9169,#9170,#9171,#9172,#9173,#9174,
#9175,#9176,#9177),
.UNSPECIFIED.,.F.,.F.,
(4,1,1,1,1,1,1,1,1,1,1,1,1,1,4),
(0.,0.0688532957892285,0.128562505767608,0.181387342918388,0.238524453697543,0.298769448944109,
0.362649004930894,0.428734260498574,0.500182556304183,0.575245442719639,0.656129631323994,
0.74075692397143,0.842720024015583,0.929112027515533,1.),
.UNSPECIFIED.);
#6441=VERTEX_POINT('',#9178);
#6442=B_SPLINE_CURVE_WITH_KNOTS('',3,
(#9179,#9180,#9181,#9182,#9183,#9184,#9185,#9186,#9187,#9188,#9189,#9190,#9191,#9192,
#9193,#9194,#9195,#9196,#9197),
.UNSPECIFIED.,.F.,.F.,
(4,1,1,1,1,1,1,1,1,1,1,1,1,1,1,1,4),
(0.,0.0794182326822376,0.148483042888441,0.20922076904241,0.270828992173277,0.33326534918504,
0.394300036563818,0.455010587865633,0.515422153844565,0.575792990575688,0.636332356611103,
0.697258807097819,0.758711718441419,0.821302094544868,0.883534464582242,0.943347751255347,
1.),
.UNSPECIFIED.);
#6443=B_SPLINE_CURVE_WITH_KNOTS('',3,
(#9198,#9199,#9200,#9201,#9202,#9203,#9204,#9205,#9206,#9207,#9208,#9209,#9210,#9211,
#9212,#9213,#9214,#9215,#9216,#9217),
.UNSPECIFIED.,.F.,.F.,
(4,1,1,1,1,1,1,1,1,1,1,1,1,1,1,1,1,4),
(0.,0.0821929781632618,0.154785643004873,0.215411955452908,0.275509995338153,0.330173148632264,
0.381767454407165,0.428724121774258,0.476102545521439,0.523889306985123,0.572734292149446,
0.632210782851406,0.692417379597046,0.754555326986272,0.811223249986887,0.871182760917158,
0.935300960086134,1.),
.UNSPECIFIED.);
#6444=B_SPLINE_CURVE_WITH_KNOTS('',3,
(#9218,#9219,#9220,#9221,#9222,#9223,#9224,#9225,#9226,#9227,#9228,#9229,#9230,#9231,
#9232),
.UNSPECIFIED.,.F.,.F.,
(4,1,1,1,1,1,1,1,1,1,1,1,4),
(0.,0.0829192574997726,0.155768778236904,0.221775470033228,0.291914953650416,0.367957489937996,
0.448311932007678,0.533010620981007,0.624394669659683,0.721323595487697,0.827095933803278,
0.920153161433224,1.),
.UNSPECIFIED.);
#6445=CIRCLE('',#9233,22.);
#6446=CIRCLE('',#9237,2.);
#6447=VERTEX_POINT('',#9241);
#6448=CIRCLE('',#9242,54.8887996222252);
#6449=CIRCLE('',#9246,2.);
#6450=B_SPLINE_CURVE_WITH_KNOTS('',3,
(#9250,#9251,#9252,#9253,#9254,#9255,#9256,#9257,#9258,#9259,#9260,#9261,#9262,#9263,
#9264,#9265,#9266,#9267,#9268),
.UNSPECIFIED.,.F.,.F.,
(4,1,1,1,1,1,1,1,1,1,1,1,1,1,1,1,4),
(0.,0.0794182326821322,0.148483042885364,0.209220769036024,0.270828992165064,0.333265349176763,
0.394300036555562,0.455010587855723,0.515422153836262,0.575792990565345,0.636332356603501,
0.697258807088123,0.758711718433963,0.821302094536263,0.883534464575264,0.943347751250536,
1.),
.UNSPECIFIED.);
#6451=B_SPLINE_CURVE_WITH_KNOTS('',3,
(#9269,#9270,#9271,#9272,#9273,#9274,#9275,#9276,#9277,#9278,#9279,#9280,#9281,#9282,
#9283),
.UNSPECIFIED.,.F.,.F.,
(4,1,1,1,1,1,1,1,1,1,1,1,4),
(0.,0.0829192574997594,0.155768778236944,0.221775470033529,0.291914953650278,0.36795748993788,
0.448311932006769,0.533010620980071,0.624394669658387,0.721323595486242,0.827095933801891,
0.920153161432122,1.),
.UNSPECIFIED.);
#6452=VERTEX_POINT('',#9284);
#6453=CIRCLE('',#9285,22.);
#6454=B_SPLINE_CURVE_WITH_KNOTS('',3,
(#9289,#9290,#9291,#9292,#9293,#9294,#9295,#9296,#9297,#9298,#9299,#9300,#9301,#9302,
#9303,#9304,#9305,#9306,#9307),
.UNSPECIFIED.,.F.,.F.,
(4,1,1,1,1,1,1,1,1,1,1,1,1,1,1,1,4),
(0.,0.114220683039344,0.212909800660159,0.298758671015761,0.382340924632317,0.461200138734963,
0.531749961500201,0.598885388726307,0.662413758275992,0.722183423782805,0.77723035553131,
0.827008655215589,0.872565002872274,0.911029302343439,0.946488779169841,0.974846656732879,
1.),
.UNSPECIFIED.);
#6455=B_SPLINE_CURVE_WITH_KNOTS('',3,
(#9308,#9309,#9310,#9311,#9312,#9313,#9314,#9315,#9316,#9317,#9318,#9319,#9320,#9321,
#9322,#9323,#9324,#9325,#9326,#9327),
.UNSPECIFIED.,.F.,.F.,
(4,1,1,1,1,1,1,1,1,1,1,1,1,1,1,1,1,4),
(0.,0.0821929781643102,0.154785643006968,0.215411955456162,0.27550999534216,0.330173148636906,
0.381767454412215,0.428724121779485,0.476102545525798,0.523889306988005,0.572734292150555,
0.632210782862538,0.692417379618313,0.75455532701806,0.811223250017571,0.871182760947065,
0.935300960105612,1.),
.UNSPECIFIED.);
#6456=CIRCLE('',#9328,2.);
#6457=VERTEX_POINT('',#9332);
#6458=LINE('',#9333,#9334);
#6459=CIRCLE('',#9336,2.);
#6460=B_SPLINE_CURVE_WITH_KNOTS('',3,
(#9340,#9341,#9342,#9343,#9344,#9345,#9346,#9347,#9348,#9349,#9350,#9351,#9352,#9353,
#9354,#9355,#9356),
.UNSPECIFIED.,.F.,.F.,
(4,1,1,1,1,1,1,1,1,1,1,1,1,1,4),
(0.,0.068853295793782,0.128562505776281,0.181387342927872,0.238524453708397,0.298769448956056,
0.362649004945571,0.428734260515689,0.500182556322171,0.575245442739026,0.656129631343756,
0.740756923992494,0.842720024038183,0.929112027531149,1.),
.UNSPECIFIED.);
#6461=VERTEX_POINT('',#9357);
#6462=B_SPLINE_CURVE_WITH_KNOTS('',3,
(#9358,#9359,#9360,#9361,#9362,#9363,#9364,#9365,#9366,#9367,#9368,#9369,#9370,#9371,
#9372,#9373,#9374,#9375,#9376),
.UNSPECIFIED.,.F.,.F.,
(4,1,1,1,1,1,1,1,1,1,1,1,1,1,1,1,4),
(0.,0.0794182326907926,0.148483042903305,0.209220769058114,0.270828992188945,0.333265349198844,
0.394300036577896,0.455010587879335,0.515422153858655,0.575792990588999,0.636332356625329,
0.697258807111126,0.758711718456521,0.82130209455891,0.883534464597487,0.943347751264863,
1.),
.UNSPECIFIED.);
#6463=B_SPLINE_CURVE_WITH_KNOTS('',3,
(#9377,#9378,#9379,#9380,#9381,#9382,#9383,#9384,#9385,#9386,#9387,#9388,#9389,#9390,
#9391,#9392,#9393,#9394,#9395,#9396),
.UNSPECIFIED.,.F.,.F.,
(4,1,1,1,1,1,1,1,1,1,1,1,1,1,1,1,1,4),
(0.,0.0821929781640374,0.154785643007241,0.215411955456479,0.275509995343099,0.330173148637331,
0.381767454412307,0.428724121779328,0.476102545525921,0.523889306988815,0.572734292152059,
0.632210782861529,0.692417379613906,0.754555327008874,0.811223250002665,0.871182760923837,
0.935300960086518,1.),
.UNSPECIFIED.);
#6464=B_SPLINE_CURVE_WITH_KNOTS('',3,
(#9397,#9398,#9399,#9400,#9401,#9402,#9403,#9404,#9405,#9406,#9407,#9408,#9409,#9410,
#9411),
.UNSPECIFIED.,.F.,.F.,
(4,1,1,1,1,1,1,1,1,1,1,1,4),
(0.,0.0829192574998538,0.155768778237129,0.22177547003404,0.291914953650853,0.367957489938688,
0.448311932007228,0.533010620980731,0.62439466965928,0.72132359548709,0.827095933804665,
0.920153161434339,1.),
.UNSPECIFIED.);
#6465=CIRCLE('',#9412,22.);
#6466=CIRCLE('',#9416,2.);
#6467=VERTEX_POINT('',#9420);
#6468=CIRCLE('',#9421,54.8887996222252);
#6469=CIRCLE('',#9425,2.);
#6470=B_SPLINE_CURVE_WITH_KNOTS('',3,
(#9429,#9430,#9431,#9432,#9433,#9434,#9435,#9436,#9437,#9438,#9439,#9440,#9441,#9442,
#9443,#9444,#9445,#9446,#9447),
.UNSPECIFIED.,.F.,.F.,
(4,1,1,1,1,1,1,1,1,1,1,1,1,1,1,1,4),
(0.,0.0794182326826265,0.148483042886996,0.20922076903839,0.270828992168007,0.333265349180222,
0.39430003655845,0.455010587859894,0.515422153839069,0.575792990569554,0.636332356606381,
0.697258807091854,0.758711718437363,0.821302094539572,0.883534464578398,0.943347751252487,
1.),
.UNSPECIFIED.);
#6471=B_SPLINE_CURVE_WITH_KNOTS('',3,
(#9448,#9449,#9450,#9451,#9452,#9453,#9454,#9455,#9456,#9457,#9458,#9459,#9460,#9461,
#9462),
.UNSPECIFIED.,.F.,.F.,
(4,1,1,1,1,1,1,1,1,1,1,1,4),
(0.,0.08291925749934,0.155768778236197,0.221775470032001,0.291914953648888,0.367957489936382,
0.448311932005414,0.533010620978575,0.624394669656064,0.721323595483971,0.827095933800206,
0.920153161431699,1.),
.UNSPECIFIED.);
#6472=VERTEX_POINT('',#9463);
#6473=CIRCLE('',#9464,22.);
#6474=B_SPLINE_CURVE_WITH_KNOTS('',3,
(#9468,#9469,#9470,#9471,#9472,#9473,#9474,#9475,#9476,#9477,#9478,#9479,#9480,#9481,
#9482,#9483,#9484,#9485,#9486),
.UNSPECIFIED.,.F.,.F.,
(4,1,1,1,1,1,1,1,1,1,1,1,1,1,1,1,4),
(0.,0.114220666134611,0.212909770804233,0.298758639248059,0.38234089496649,0.46120011347456,
0.531749938193327,0.598885363599194,0.662413731465749,0.722183395664079,0.777230332688367,
0.827008642950512,0.872565003919175,0.91102931800887,0.946488812056799,0.974846684527347,
1.),
.UNSPECIFIED.);
#6475=B_SPLINE_CURVE_WITH_KNOTS('',3,
(#9487,#9488,#9489,#9490,#9491,#9492,#9493,#9494,#9495,#9496,#9497,#9498,#9499,#9500,
#9501,#9502,#9503,#9504,#9505,#9506),
.UNSPECIFIED.,.F.,.F.,
(4,1,1,1,1,1,1,1,1,1,1,1,1,1,1,1,1,4),
(0.,0.0821929781631165,0.154785643005544,0.215411955454362,0.275509995340873,0.330173148635533,
0.381767454411263,0.428724121779224,0.476102545527139,0.523889306991609,0.572734292156229,
0.632210782872731,0.692417379631268,0.754555327032005,0.811223250024684,0.871182760944927,
0.935300960100144,1.),
.UNSPECIFIED.);
#6476=CIRCLE('',#9507,2.);
#6477=VERTEX_POINT('',#9511);
#6478=LINE('',#9512,#9513);
#6479=CIRCLE('',#9515,2.);
#6480=B_SPLINE_CURVE_WITH_KNOTS('',3,
(#9519,#9520,#9521,#9522,#9523,#9524,#9525,#9526,#9527,#9528,#9529,#9530,#9531,#9532,
#9533,#9534,#9535),
.UNSPECIFIED.,.F.,.F.,
(4,1,1,1,1,1,1,1,1,1,1,1,1,1,4),
(0.,0.0688532957906593,0.128562505767239,0.181387342912854,0.238524453685302,0.298769448927248,
0.362649004902048,0.428734260492157,0.500182556185134,0.575245442952237,0.656129629540096,
0.740756925481378,0.842720034127462,0.929112039627948,1.),
.UNSPECIFIED.);
#6481=VERTEX_POINT('',#9536);
#6482=B_SPLINE_CURVE_WITH_KNOTS('',3,
(#9537,#9538,#9539,#9540,#9541,#9542,#9543,#9544,#9545,#9546,#9547,#9548,#9549,#9550,
#9551,#9552,#9553,#9554,#9555),
.UNSPECIFIED.,.F.,.F.,
(4,1,1,1,1,1,1,1,1,1,1,1,1,1,1,1,4),
(0.,0.0794182326912772,0.148483042903623,0.209220769058429,0.270828992189181,0.333265349200341,
0.394300036578986,0.45501058788061,0.515422153859649,0.575792990590116,0.636332356626598,
0.697258807112453,0.758711718457544,0.821302094560217,0.883534464598463,0.943347751266052,
1.),
.UNSPECIFIED.);
#6483=B_SPLINE_CURVE_WITH_KNOTS('',3,
(#9556,#9557,#9558,#9559,#9560,#9561,#9562,#9563,#9564,#9565,#9566,#9567,#9568,#9569,
#9570,#9571,#9572,#9573,#9574,#9575),
.UNSPECIFIED.,.F.,.F.,
(4,1,1,1,1,1,1,1,1,1,1,1,1,1,1,1,1,4),
(0.,0.082192978161852,0.15478564300256,0.215411955448979,0.275509995333961,0.330173148628623,
0.38176745440611,0.428724121774376,0.476102545520958,0.523889306983047,0.57273429214531,
0.632210782860338,0.692417379619324,0.754555327022666,0.811223250023356,0.871182760953461,
0.935300960110261,1.),
.UNSPECIFIED.);
#6484=B_SPLINE_CURVE_WITH_KNOTS('',3,
(#9576,#9577,#9578,#9579,#9580,#9581,#9582,#9583,#9584,#9585,#9586,#9587,#9588,#9589,
#9590),
.UNSPECIFIED.,.F.,.F.,
(4,1,1,1,1,1,1,1,1,1,1,1,4),
(0.,0.0829192574997059,0.15576877823687,0.221775470033,0.291914953650293,0.367957489937971,
0.448311932007097,0.533010620980126,0.624394669658058,0.721323595486846,0.82709593380246,
0.920153161433019,1.),
.UNSPECIFIED.);
#6485=CIRCLE('',#9591,22.);
#6486=CIRCLE('',#9595,2.);
#6487=VERTEX_POINT('',#9599);
#6488=CIRCLE('',#9600,54.8887996222252);
#6489=CIRCLE('',#9604,2.);
#6490=B_SPLINE_CURVE_WITH_KNOTS('',3,
(#9608,#9609,#9610,#9611,#9612,#9613,#9614,#9615,#9616,#9617,#9618,#9619,#9620,#9621,
#9622,#9623,#9624,#9625,#9626),
.UNSPECIFIED.,.F.,.F.,
(4,1,1,1,1,1,1,1,1,1,1,1,1,1,1,1,4),
(0.,0.0794182326808333,0.148483042884421,0.209220769035537,0.270828992164817,0.333265349176066,
0.394300036555295,0.455010587855774,0.515422153835569,0.575792990565319,0.636332356602633,
0.69725880708818,0.758711718433513,0.821302094535979,0.883534464574511,0.943347751249722,
1.),
.UNSPECIFIED.);
#6491=B_SPLINE_CURVE_WITH_KNOTS('',3,
(#9627,#9628,#9629,#9630,#9631,#9632,#9633,#9634,#9635,#9636,#9637,#9638,#9639,#9640,
#9641),
.UNSPECIFIED.,.F.,.F.,
(4,1,1,1,1,1,1,1,1,1,1,1,4),
(0.,0.0829192574997289,0.155768778236843,0.221775470033181,0.29191495365048,0.367957489938554,
0.448311932007383,0.533010620980462,0.624394669658301,0.721323595485767,0.827095933803626,
0.920153161433931,1.),
.UNSPECIFIED.);
#6492=CIRCLE('',#9642,22.);
#6493=B_SPLINE_CURVE_WITH_KNOTS('',3,
(#9646,#9647,#9648,#9649,#9650,#9651,#9652,#9653,#9654,#9655,#9656,#9657,#9658,#9659,
#9660,#9661,#9662,#9663,#9664,#9665),
.UNSPECIFIED.,.F.,.F.,
(4,1,1,1,1,1,1,1,1,1,1,1,1,1,1,1,1,4),
(0.,0.0821929781609277,0.154785643000645,0.215411955445653,0.275509995329878,0.330173148624738,
0.381767454403734,0.428724121773212,0.476102545520395,0.523889306982307,0.57273429214422,
0.632210782853505,0.692417379607621,0.754555327006751,0.811223250009792,0.871182760942705,
0.935300960104171,1.),
.UNSPECIFIED.);
#6494=CARTESIAN_POINT('',(57.5,-2.14313189850787E-15,35.));
#6495=AXIS2_PLACEMENT_3D('',#6496,#6497,#6498);
#6496=CARTESIAN_POINT('',(-4.28626379701574E-15,-2.14313189850787E-15,35.));
#6497=DIRECTION('',(-1.22464679914735E-16,-6.12323399573677E-17,1.));
#6498=DIRECTION('',(1.,-6.08483401270062E-33,1.22464679914735E-16));
#6499=CARTESIAN_POINT('',(-48.15,4.05970413917348E-15,35.));
#6500=AXIS2_PLACEMENT_3D('',#6501,#6502,#6503);
#6501=CARTESIAN_POINT('',(-50.,4.28626379701574E-15,35.));
#6502=DIRECTION('',(-1.22464679914735E-16,-6.12323399573677E-17,1.));
#6503=DIRECTION('',(1.,-2.67164618254027E-33,1.22464679914735E-16));
#6504=CARTESIAN_POINT('',(-2.72177751110499E-15,-48.15,35.));
#6505=AXIS2_PLACEMENT_3D('',#6506,#6507,#6508);
#6506=CARTESIAN_POINT('',(-3.06161699786838E-15,-50.,35.));
#6507=DIRECTION('',(-1.22464679914735E-16,-6.12323399573677E-17,1.));
#6508=DIRECTION('',(6.12323399573676E-17,1.,6.12323399573677E-17));
#6509=CARTESIAN_POINT('',(48.15,-5.67011468005224E-15,35.));
#6510=AXIS2_PLACEMENT_3D('',#6511,#6512,#6513);
#6511=CARTESIAN_POINT('',(50.,-6.12323399573677E-15,35.));
#6512=DIRECTION('',(-1.22464679914735E-16,-6.12323399573677E-17,1.));
#6513=DIRECTION('',(-1.,1.22464679914735E-16,-1.22464679914735E-16));
#6514=CARTESIAN_POINT('',(2.99999999999998,-47.0000000052765,35.000000000844));
#6515=CARTESIAN_POINT('',(4.99999999999998,-49.,35.0000000025321));
#6516=AXIS2_PLACEMENT_3D('',#6517,#6518,#6519);
#6517=CARTESIAN_POINT('',(2.99999999999998,-49.0000000316592,35.));
#6518=DIRECTION('',(-1.22464679914735E-16,-6.12323399573677E-17,1.));
#6519=DIRECTION('',(1.,1.58295954122423E-8,1.22464680884018E-16));
#6520=CARTESIAN_POINT('',(-3.00000000000002,-47.,35.0000000005627));
#6521=CARTESIAN_POINT('',(2.99999999999998,-47.,35.));
#6522=VECTOR('',#6523,1.);
#6523=DIRECTION('',(-1.,0.,0.));
#6524=CARTESIAN_POINT('',(-5.00000000527655,-49.,35.0000000028134));
#6525=AXIS2_PLACEMENT_3D('',#6526,#6527,#6528);
#6526=CARTESIAN_POINT('',(-3.00000000000002,-49.0000000316592,35.));
#6527=DIRECTION('',(-1.22464679914735E-16,-6.12323399573677E-17,1.));
#6528=DIRECTION('',(-7.49879891330929E-33,1.,6.12323399573677E-17));
#6529=CARTESIAN_POINT('',(-5.00000000000002,-53.0400791854613,35.));
#6530=CARTESIAN_POINT('',(-5.00000000000002,-49.,35.));
#6531=VECTOR('',#6532,1.);
#6532=DIRECTION('',(0.,-1.,0.));
#6533=CARTESIAN_POINT('',(-7.26168224299066,-55.0228858839832,35.));
#6534=AXIS2_PLACEMENT_3D('',#6535,#6536,#6537);
#6535=CARTESIAN_POINT('',(-7.00000000000003,-53.0400791854613,35.));
#6536=DIRECTION('',(1.22464679914735E-16,6.12323399573677E-17,-1.));
#6537=DIRECTION('',(1.,-7.49879891330929E-33,1.22464679914735E-16));
#6538=CARTESIAN_POINT('',(-55.0228858839832,-7.26168224299054,35.));
#6539=AXIS2_PLACEMENT_3D('',#6540,#6541,#6542);
#6540=CARTESIAN_POINT('',(-4.00487658927744E-15,-2.00243829463872E-15,35.));
#6541=DIRECTION('',(-1.22464679914735E-16,-6.12323399573677E-17,1.));
#6542=DIRECTION('',(-0.991403349260958,-0.130841121495324,-1.29423601865445E-16));
#6543=CARTESIAN_POINT('',(-53.0400791854613,-4.99999999999995,35.));
#6544=AXIS2_PLACEMENT_3D('',#6545,#6546,#6547);
#6545=CARTESIAN_POINT('',(-53.0400791854613,-6.99999999999994,35.));
#6546=DIRECTION('',(1.22464679914735E-16,6.12323399573677E-17,-1.));
#6547=DIRECTION('',(-0.991403349260964,-0.130841121495278,-1.29423601865443E-16));
#6548=CARTESIAN_POINT('',(-49.,-4.99999999999997,35.0000000025321));
#6549=CARTESIAN_POINT('',(-53.0400791854613,-4.99999999999997,35.));
#6550=VECTOR('',#6551,1.);
#6551=DIRECTION('',(1.,-2.19841834510658E-16,0.));
#6552=CARTESIAN_POINT('',(-47.0000000052765,-2.99999999999997,35.000000000844));
#6553=AXIS2_PLACEMENT_3D('',#6554,#6555,#6556);
#6554=CARTESIAN_POINT('',(-49.0000000316592,-2.99999999999997,35.));
#6555=DIRECTION('',(-1.22464679914735E-16,-6.12323399573677E-17,1.));
#6556=DIRECTION('',(1.58295918595286E-8,-1.,-6.12323380188017E-17));
#6557=CARTESIAN_POINT('',(-47.,3.00000000000003,35.0000000005627));
#6558=CARTESIAN_POINT('',(-47.,-2.99999999999997,35.));
#6559=VECTOR('',#6560,1.);
#6560=DIRECTION('',(0.,1.,0.));
#6561=CARTESIAN_POINT('',(-49.,5.00000000527656,35.0000000028134));
#6562=AXIS2_PLACEMENT_3D('',#6563,#6564,#6565);
#6563=CARTESIAN_POINT('',(-49.0000000316592,3.00000000000003,35.));
#6564=DIRECTION('',(-1.22464679914735E-16,-6.12323399573677E-17,1.));
#6565=DIRECTION('',(1.,-7.49879891330929E-33,1.22464679914735E-16));
#6566=CARTESIAN_POINT('',(-53.0400791854613,5.00000000000004,35.));
#6567=CARTESIAN_POINT('',(-49.,5.00000000000003,35.));
#6568=VECTOR('',#6569,1.);
#6569=DIRECTION('',(-1.,2.19841834510658E-16,0.));
#6570=CARTESIAN_POINT('',(-55.0228858839832,7.26168224299077,35.));
#6571=AXIS2_PLACEMENT_3D('',#6572,#6573,#6574);
#6572=CARTESIAN_POINT('',(-53.0400791854613,7.00000000000008,35.));
#6573=DIRECTION('',(1.22464679914735E-16,6.12323399573677E-17,-1.));
#6574=DIRECTION('',(-3.55271367880041E-15,-1.,-6.12323399573681E-17));
#6575=CARTESIAN_POINT('',(-7.26168224299067,55.0228858839832,35.));
#6576=AXIS2_PLACEMENT_3D('',#6577,#6578,#6579);
#6577=CARTESIAN_POINT('',(-4.00487658927744E-15,-2.00243829463872E-15,35.));
#6578=DIRECTION('',(-1.22464679914735E-16,-6.12323399573677E-17,1.));
#6579=DIRECTION('',(-0.130841121495328,0.991403349260958,4.46825308532096E-17));
#6580=CARTESIAN_POINT('',(-4.99999999999999,53.0400791854613,35.));
#6581=AXIS2_PLACEMENT_3D('',#6582,#6583,#6584);
#6582=CARTESIAN_POINT('',(-6.99999999999999,53.0400791854613,35.));
#6583=DIRECTION('',(1.22464679914735E-16,6.12323399573676E-17,-1.));
#6584=DIRECTION('',(-0.130841121495344,0.991403349260956,4.46825308532075E-17));
#6585=CARTESIAN_POINT('',(-4.99999999999999,49.,35.0000000025321));
#6586=CARTESIAN_POINT('',(-4.99999999999999,53.0400791854613,35.));
#6587=VECTOR('',#6588,1.);
#6588=DIRECTION('',(-2.19841834510658E-16,-1.,0.));
#6589=CARTESIAN_POINT('',(-2.99999999999999,47.0000000052765,35.000000000844));
#6590=AXIS2_PLACEMENT_3D('',#6591,#6592,#6593);
#6591=CARTESIAN_POINT('',(-2.99999999999999,49.0000000316592,35.));
#6592=DIRECTION('',(-1.22464679914735E-16,-6.12323399573677E-17,1.));
#6593=DIRECTION('',(-1.,-1.58295954122423E-8,-1.22464680884018E-16));
#6594=CARTESIAN_POINT('',(3.00000000000001,47.,35.0000000005627));
#6595=CARTESIAN_POINT('',(-2.99999999999999,47.,35.));
#6596=VECTOR('',#6597,1.);
#6597=DIRECTION('',(1.,0.,0.));
#6598=CARTESIAN_POINT('',(5.00000000527654,49.,35.0000000028134));
#6599=AXIS2_PLACEMENT_3D('',#6600,#6601,#6602);
#6600=CARTESIAN_POINT('',(3.00000000000001,49.0000000316592,35.));
#6601=DIRECTION('',(-1.22464679914735E-16,-6.12323399573677E-17,1.));
#6602=DIRECTION('',(-2.22044601410155E-16,-1.,-6.12323399573677E-17));
#6603=CARTESIAN_POINT('',(5.00000000000002,53.0400791854613,35.0000000002813));
#6604=CARTESIAN_POINT('',(5.00000000000001,49.,35.));
#6605=VECTOR('',#6606,1.);
#6606=DIRECTION('',(0.,1.,0.));
#6607=CARTESIAN_POINT('',(7.26168224299066,55.0228858839832,34.9999999997187));
#6608=AXIS2_PLACEMENT_3D('',#6609,#6610,#6611);
#6609=CARTESIAN_POINT('',(7.00000000000002,53.0400791854613,35.));
#6610=DIRECTION('',(1.22464679914735E-16,6.12323399573677E-17,-1.));
#6611=DIRECTION('',(-1.,3.55271367880048E-15,-1.22464679914735E-16));
#6612=CARTESIAN_POINT('',(55.0228858839832,7.26168224299058,34.9999999997187));
#6613=AXIS2_PLACEMENT_3D('',#6614,#6615,#6616);
#6614=CARTESIAN_POINT('',(-4.00487658927744E-15,-2.00243829463872E-15,35.));
#6615=DIRECTION('',(-1.22464679914735E-16,-6.12323399573677E-17,1.));
#6616=DIRECTION('',(0.991403349260958,0.130841121495326,1.29423601865445E-16));
#6617=CARTESIAN_POINT('',(53.0400791854612,4.99999999999996,35.0000000002813));
#6618=AXIS2_PLACEMENT_3D('',#6619,#6620,#6621);
#6619=CARTESIAN_POINT('',(53.0400791854612,6.99999999999994,35.));
#6620=DIRECTION('',(1.22464679914735E-16,6.12323399573677E-17,-1.));
#6621=DIRECTION('',(0.991403349260958,0.130841121495326,1.29423601865445E-16));
#6622=CARTESIAN_POINT('',(49.,4.99999999999998,35.0000000028134));
#6623=CARTESIAN_POINT('',(53.0400791854612,4.99999999999998,35.));
#6624=VECTOR('',#6625,1.);
#6625=DIRECTION('',(-1.,0.,0.));
#6626=CARTESIAN_POINT('',(47.0000000052765,2.99999999999998,35.0000000005627));
#6627=AXIS2_PLACEMENT_3D('',#6628,#6629,#6630);
#6628=CARTESIAN_POINT('',(49.0000000316592,2.99999999999998,35.));
#6629=DIRECTION('',(-1.22464679914735E-16,-6.12323399573677E-17,1.));
#6630=DIRECTION('',(-1.58295954122423E-8,1.,6.12323380188013E-17));
#6631=CARTESIAN_POINT('',(47.,-3.00000000000002,35.000000000844));
#6632=CARTESIAN_POINT('',(47.,2.99999999999998,35.));
#6633=VECTOR('',#6634,1.);
#6634=DIRECTION('',(0.,-1.,0.));
#6635=CARTESIAN_POINT('',(49.,-5.00000000527655,35.0000000025321));
#6636=AXIS2_PLACEMENT_3D('',#6637,#6638,#6639);
#6637=CARTESIAN_POINT('',(49.0000000316592,-3.00000000000002,35.));
#6638=DIRECTION('',(-1.22464679914735E-16,-6.12323399573677E-17,1.));
#6639=DIRECTION('',(-1.,6.66133804230468E-16,-1.22464679914735E-16));
#6640=CARTESIAN_POINT('',(53.0400791854612,-5.00000000000004,35.));
#6641=CARTESIAN_POINT('',(49.,-5.00000000000002,35.));
#6642=VECTOR('',#6643,1.);
#6643=DIRECTION('',(1.,-4.39683669021318E-16,1.75873467608527E-15));
#6644=CARTESIAN_POINT('',(55.0228858839832,-7.26168224299077,35.));
#6645=AXIS2_PLACEMENT_3D('',#6646,#6647,#6648);
#6646=CARTESIAN_POINT('',(53.0400791854612,-7.00000000000007,35.));
#6647=DIRECTION('',(1.22464679914735E-16,6.12323399573677E-17,-1.));
#6648=DIRECTION('',(3.55271367880041E-15,1.,6.12323399573681E-17));
#6649=CARTESIAN_POINT('',(7.26168224299065,-55.0228858839832,35.));
#6650=AXIS2_PLACEMENT_3D('',#6651,#6652,#6653);
#6651=CARTESIAN_POINT('',(-4.00487658927744E-15,-2.00243829463872E-15,35.));
#6652=DIRECTION('',(-1.22464679914735E-16,-6.12323399573677E-17,1.));
#6653=DIRECTION('',(0.130841121495327,-0.991403349260958,-4.46825308532097E-17));
#6654=CARTESIAN_POINT('',(4.99999999999999,-53.0400791854613,35.));
#6655=AXIS2_PLACEMENT_3D('',#6656,#6657,#6658);
#6656=CARTESIAN_POINT('',(6.99999999999999,-53.0400791854613,35.));
#6657=DIRECTION('',(1.22464679914735E-16,6.12323399573676E-17,-1.));
#6658=DIRECTION('',(0.130841121495332,-0.991403349260958,-4.46825308532091E-17));
#6659=CARTESIAN_POINT('',(4.99999999999998,-53.0400791854613,35.));
#6660=VECTOR('',#6661,1.);
#6661=DIRECTION('',(4.39683669021317E-16,1.,0.));
#6662=CARTESIAN_POINT('',(-3.17489682678951E-15,48.15,35.));
#6663=AXIS2_PLACEMENT_3D('',#6664,#6665,#6666);
#6664=CARTESIAN_POINT('',(-3.06161699786838E-15,50.,35.));
#6665=DIRECTION('',(-1.22464679914735E-16,-6.12323399573677E-17,1.));
#6666=DIRECTION('',(6.12323399573676E-17,-1.,-6.12323399573676E-17));
#6667=CARTESIAN_POINT('',(57.5,-4.31180937515237E-31,7.0417190950965E-15));
#6668=AXIS2_PLACEMENT_3D('',#6669,#6670,#6671);
#6669=CARTESIAN_POINT('',(1.89640715374839E-43,9.48203576874195E-44,-1.54853395694885E-27));
#6670=DIRECTION('',(-1.22464679914735E-16,-6.12323399573677E-17,1.));
#6671=DIRECTION('',(1.,-7.49879891330929E-33,1.22464679914735E-16));
#6672=CARTESIAN_POINT('',(-48.15,-2.26559657842259E-16,7.105427357601E-15));
#6673=AXIS2_PLACEMENT_3D('',#6674,#6675,#6676);
#6674=CARTESIAN_POINT('',(-50.,1.16380085088648E-30,-6.12323399573831E-15));
#6675=DIRECTION('',(-1.22464679914735E-16,-6.12323399573677E-17,1.));
#6676=DIRECTION('',(1.,9.65430546153804E-33,1.22464679914735E-16));
#6677=CARTESIAN_POINT('',(-7.00804130812073E-15,-48.15,1.4210854715202E-14));
#6678=AXIS2_PLACEMENT_3D('',#6679,#6680,#6681);
#6679=CARTESIAN_POINT('',(-7.34788079488412E-15,-50.,-3.06161699786993E-15));
#6680=DIRECTION('',(-1.22464679914735E-16,-6.12323399573677E-17,1.));
#6681=DIRECTION('',(6.12323399573676E-17,1.,6.12323399573677E-17));
#6682=CARTESIAN_POINT('',(48.15,-9.95637847706798E-15,1.4210854715202E-14));
#6683=AXIS2_PLACEMENT_3D('',#6684,#6685,#6686);
#6684=CARTESIAN_POINT('',(50.,-1.04094977927525E-14,6.12323399573522E-15));
#6685=DIRECTION('',(-1.22464679914735E-16,-6.12323399573677E-17,1.));
#6686=DIRECTION('',(-1.,1.22464679914735E-16,-1.22464679914735E-16));
#6687=CARTESIAN_POINT('',(2.99999999999998,-47.,-3.02214234082839E-15));
#6688=CARTESIAN_POINT('',(3.4634782897865,-47.0544440711093,7.01004913473197E-10));
#6689=AXIS2_PLACEMENT_3D('',#6690,#6691,#6692);
#6690=CARTESIAN_POINT('',(2.99999999999998,-48.99999995491,-2.63299061540739E-15));
#6691=DIRECTION('',(1.22464679914735E-16,6.12323399573677E-17,-1.));
#6692=DIRECTION('',(-2.22044609931027E-16,1.,6.12323399573676E-17));
#6693=CARTESIAN_POINT('',(4.99999999248498,-49.,8.44276681994341E-11));
#6694=AXIS2_PLACEMENT_3D('',#6695,#6696,#6697);
#6695=CARTESIAN_POINT('',(2.99999999999998,-48.99999995491,-2.63299061540739E-15));
#6696=DIRECTION('',(1.22464679914735E-16,6.12323399573677E-17,-1.));
#6697=DIRECTION('',(0.231739149132051,0.972777963751006,8.79453317016072E-17));
#6698=CARTESIAN_POINT('',(4.99999999999998,-52.9918117260133,-8.05203300024722E-10));
#6699=CARTESIAN_POINT('',(4.99999999999998,-52.9918117251879,-1.3162446154707E-15));
#6700=VECTOR('',#6701,1.);
#6701=DIRECTION('',(0.,1.,3.06161699786838E-17));
#6702=CARTESIAN_POINT('',(4.99999999999998,-55.274315916165,-1.85048116697959E-15));
#6703=CARTESIAN_POINT('',(4.99999999999997,-55.2743159161651,-2.77225230351743E-15));
#6704=VECTOR('',#6705,1.);
#6705=DIRECTION('',(3.89124551539103E-15,1.,6.12323399573682E-17));
#6706=CARTESIAN_POINT('',(55.274315916165,-4.99999999999999,7.38490276832602E-15));
#6707=AXIS2_PLACEMENT_3D('',#6708,#6709,#6710);
#6708=CARTESIAN_POINT('',(1.89640715374839E-43,9.48203576874195E-44,-1.54853395694885E-27));
#6709=DIRECTION('',(-1.22464679914735E-16,-6.12323399573677E-17,1.));
#6710=DIRECTION('',(0.0900900900900899,-0.995933620111079,-4.99504919552409E-17));
#6711=CARTESIAN_POINT('',(52.9918117260133,-5.00000000000002,-8.05198975307555E-10));
#6712=CARTESIAN_POINT('',(55.2743159161651,-4.99999999999997,6.46298970639073E-15));
#6713=VECTOR('',#6714,1.);
#6714=DIRECTION('',(-1.,-2.29583485408071E-14,-1.22464679914737E-16));
#6715=CARTESIAN_POINT('',(49.,-5.00000000000002,8.4428882125027E-11));
#6716=CARTESIAN_POINT('',(49.,-5.00000000000002,2.84730380801682E-15));
#6717=VECTOR('',#6718,1.);
#6718=DIRECTION('',(1.,-2.22500077870864E-16,6.12323399573676E-17));
#6719=CARTESIAN_POINT('',(47.054444049178,-3.46347829501107,7.01006474747794E-10));
#6720=AXIS2_PLACEMENT_3D('',#6721,#6722,#6723);
#6721=CARTESIAN_POINT('',(48.99999995491,-3.00000000000002,5.81707229042644E-15));
#6722=DIRECTION('',(1.22464679914735E-16,6.12323399573677E-17,-1.));
#6723=DIRECTION('',(2.25450023094709E-8,-1.,-6.12323371964012E-17));
#6724=CARTESIAN_POINT('',(46.999999977455,-3.00000000000002,4.65613856094838E-15));
#6725=AXIS2_PLACEMENT_3D('',#6726,#6727,#6728);
#6726=CARTESIAN_POINT('',(48.99999995491,-3.00000000000002,5.81707229042644E-15));
#6727=DIRECTION('',(-1.22464679914735E-16,-6.12323399573677E-17,1.));
#6728=DIRECTION('',(-1.,-8.88178419700125E-16,-1.22464679914735E-16));
#6729=CARTESIAN_POINT('',(47.,2.99999999999998,5.05372358942478E-15));
#6730=CARTESIAN_POINT('',(47.,2.99999999999998,4.55530574497436E-15));
#6731=VECTOR('',#6732,1.);
#6732=DIRECTION('',(0.,-1.,-5.95282279116308E-17));
#6733=CARTESIAN_POINT('',(47.0544440711093,3.46347828978648,7.01007352958491E-10));
#6734=AXIS2_PLACEMENT_3D('',#6735,#6736,#6737);
#6735=CARTESIAN_POINT('',(48.99999995491,2.99999999999998,6.18446633017065E-15));
#6736=DIRECTION('',(1.22464679914735E-16,6.12323399573677E-17,-1.));
#6737=DIRECTION('',(-1.,-2.22044609931027E-16,-1.22464679914735E-16));
#6738=CARTESIAN_POINT('',(49.,4.99999999248498,8.44299744112461E-11));
#6739=AXIS2_PLACEMENT_3D('',#6740,#6741,#6742);
#6740=CARTESIAN_POINT('',(48.99999995491,2.99999999999998,6.18446633017065E-15));
#6741=DIRECTION('',(1.22464679914735E-16,6.12323399573677E-17,-1.));
#6742=DIRECTION('',(-0.972777963751007,0.231739149132044,-1.04941011597791E-16));
#6743=CARTESIAN_POINT('',(52.9918117260133,4.99999999999998,-8.0519858785331E-10));
#6744=CARTESIAN_POINT('',(52.9918117251879,4.99999999999998,3.39789348040617E-15));
#6745=VECTOR('',#6746,1.);
#6746=DIRECTION('',(-1.,2.22500077870864E-16,-6.12323399573677E-17));
#6747=CARTESIAN_POINT('',(55.2743159161647,4.99999999999998,7.92495735221601E-15));
#6748=CARTESIAN_POINT('',(55.2743159161646,4.99999999999997,7.07531310596434E-15));
#6749=VECTOR('',#6750,1.);
#6750=DIRECTION('',(-1.,2.33474730923508E-15,-1.22464679914735E-16));
#6751=CARTESIAN_POINT('',(5.00000000000002,55.2743159161647,4.84572505223595E-15));
#6752=AXIS2_PLACEMENT_3D('',#6753,#6754,#6755);
#6753=CARTESIAN_POINT('',(1.89640715374839E-43,9.48203576874195E-44,-1.54853395694885E-27));
#6754=DIRECTION('',(-1.22464679914735E-16,-6.12323399573676E-17,1.));
#6755=DIRECTION('',(0.995933620111079,0.09009009009009,1.27483119026413E-16));
#6756=CARTESIAN_POINT('',(5.00000000000001,52.9918117260133,-8.05200057178743E-10));
#6757=CARTESIAN_POINT('',(5.00000000000003,55.2743159161646,3.99689910266166E-15));
#6758=VECTOR('',#6759,1.);
#6759=DIRECTION('',(-6.22599282462688E-15,-1.,-6.12323399573685E-17));
#6760=CARTESIAN_POINT('',(5.00000000000001,49.,8.44281881585075E-11));
#6761=CARTESIAN_POINT('',(5.00000000000001,49.,1.80635402874157E-15));
#6762=VECTOR('',#6763,1.);
#6763=DIRECTION('',(0.,1.,3.06161699786838E-17));
#6764=CARTESIAN_POINT('',(3.46347829501105,47.054444049178,7.01005352236258E-10));
#6765=AXIS2_PLACEMENT_3D('',#6766,#6767,#6768);
#6766=CARTESIAN_POINT('',(3.00000000000002,48.99999995491,3.36777869489271E-15));
#6767=DIRECTION('',(1.22464679914735E-16,6.12323399573677E-17,-1.));
#6768=DIRECTION('',(1.,2.25450023094709E-8,1.22464681295219E-16));
#6769=CARTESIAN_POINT('',(3.00000000000002,46.999999977455,4.15037929826425E-15));
#6770=AXIS2_PLACEMENT_3D('',#6771,#6772,#6773);
#6771=CARTESIAN_POINT('',(3.00000000000002,48.99999995491,3.36777869489271E-15));
#6772=DIRECTION('',(-1.22464679914735E-16,-6.12323399573676E-17,1.));
#6773=DIRECTION('',(1.77635683940025E-15,-1.,-6.12323399573674E-17));
#6774=CARTESIAN_POINT('',(-2.99999999999999,47.,3.42459818725294E-15));
#6775=CARTESIAN_POINT('',(-2.99999999999999,47.,3.88163431175415E-15));
#6776=VECTOR('',#6777,1.);
#6777=DIRECTION('',(1.,0.,1.20212938140579E-16));
#6778=CARTESIAN_POINT('',(-3.46347828978653,47.0544440711093,7.01007370573153E-10));
#6779=AXIS2_PLACEMENT_3D('',#6780,#6781,#6782);
#6780=CARTESIAN_POINT('',(-2.99999999999999,48.99999995491,2.6329906154043E-15));
#6781=DIRECTION('',(1.22464679914735E-16,6.12323399573677E-17,-1.));
#6782=DIRECTION('',(6.6613382979308E-16,-1.,-6.12323399573676E-17));
#6783=CARTESIAN_POINT('',(-4.99999999248499,49.,8.44292602402749E-11));
#6784=AXIS2_PLACEMENT_3D('',#6785,#6786,#6787);
#6785=CARTESIAN_POINT('',(-2.99999999999999,48.99999995491,2.6329906154043E-15));
#6786=DIRECTION('',(1.22464679914735E-16,6.12323399573677E-17,-1.));
#6787=DIRECTION('',(-0.231739149132063,-0.972777963751003,-8.79453317016085E-17));
#6788=CARTESIAN_POINT('',(-4.99999999999999,52.9918117260133,-8.05200667535379E-10));
#6789=CARTESIAN_POINT('',(-4.99999999999999,52.9918117251879,1.31624461546915E-15));
#6790=VECTOR('',#6791,1.);
#6791=DIRECTION('',(0.,-1.,-3.06161699786839E-17));
#6792=CARTESIAN_POINT('',(-4.99999999999999,55.274315916165,3.69622694541684E-15));
#6793=CARTESIAN_POINT('',(-5.,55.2743159161651,2.77225230351433E-15));
#6794=VECTOR('',#6795,1.);
#6795=DIRECTION('',(5.44774372154747E-15,-1.,-6.1232339957367E-17));
#6796=CARTESIAN_POINT('',(-55.274315916165,5.00000000000003,-5.53915698988876E-15));
#6797=AXIS2_PLACEMENT_3D('',#6798,#6799,#6800);
#6798=CARTESIAN_POINT('',(1.89640715374839E-43,9.48203576874195E-44,-1.54853395694885E-27));
#6799=DIRECTION('',(-1.22464679914735E-16,-6.12323399573677E-17,1.));
#6800=DIRECTION('',(-0.0900900900900901,0.995933620111079,4.99504919552409E-17));
#6801=CARTESIAN_POINT('',(-52.9918117260133,5.00000000000003,-8.05205158771472E-10));
#6802=CARTESIAN_POINT('',(-55.2743159161651,5.00000000000003,-6.46298970639382E-15));
#6803=VECTOR('',#6804,1.);
#6804=DIRECTION('',(1.,7.78249103078198E-16,1.22464679914736E-16));
#6805=CARTESIAN_POINT('',(-49.,5.00000000000003,8.44250857199497E-11));
#6806=CARTESIAN_POINT('',(-49.,5.00000000000003,-2.84730380801837E-15));
#6807=VECTOR('',#6808,1.);
#6808=DIRECTION('',(-1.,2.22500077870865E-16,-6.12323399573676E-17));
#6809=CARTESIAN_POINT('',(-47.054444049178,3.46347829501113,7.01002478629482E-10));
#6810=AXIS2_PLACEMENT_3D('',#6811,#6812,#6813);
#6811=CARTESIAN_POINT('',(-48.99999995491,3.00000000000003,-5.81707229042954E-15));
#6812=DIRECTION('',(1.22464679914735E-16,6.12323399573677E-17,-1.));
#6813=DIRECTION('',(-2.25450023094709E-8,1.,6.12323371964012E-17));
#6814=CARTESIAN_POINT('',(-46.999999977455,3.00000000000003,-5.23206675497475E-15));
#6815=AXIS2_PLACEMENT_3D('',#6816,#6817,#6818);
#6816=CARTESIAN_POINT('',(-48.99999995491,3.00000000000003,-5.81707229042954E-15));
#6817=DIRECTION('',(-1.22464679914735E-16,-6.12323399573677E-17,1.));
#6818=DIRECTION('',(1.,2.22044604925031E-16,1.22464679914735E-16));
#6819=CARTESIAN_POINT('',(-47.,-2.99999999999997,-5.14392921017764E-15));
#6820=CARTESIAN_POINT('',(-47.,-2.99999999999997,-4.74612532733336E-15));
#6821=VECTOR('',#6822,1.);
#6822=DIRECTION('',(1.1842378929335E-15,1.,-5.26505568682026E-17));
#6823=CARTESIAN_POINT('',(-47.0544440711093,-3.46347828978651,7.01003820864834E-10));
#6824=AXIS2_PLACEMENT_3D('',#6825,#6826,#6827);
#6825=CARTESIAN_POINT('',(-48.99999995491,-2.99999999999997,-6.18446633017375E-15));
#6826=DIRECTION('',(1.22464679914735E-16,6.12323399573677E-17,-1.));
#6827=DIRECTION('',(1.,3.01898751353618E-48,1.22464679914735E-16));
#6828=CARTESIAN_POINT('',(-49.,-4.99999999248497,8.44263619095164E-11));
#6829=AXIS2_PLACEMENT_3D('',#6830,#6831,#6832);
#6830=CARTESIAN_POINT('',(-48.99999995491,-2.99999999999997,-6.18446633017375E-15));
#6831=DIRECTION('',(1.22464679914735E-16,6.12323399573677E-17,-1.));
#6832=DIRECTION('',(0.972777963751003,-0.231739149132061,1.04941011597789E-16));
#6833=CARTESIAN_POINT('',(-52.9918117260133,-4.99999999999997,-8.05205381673636E-10));
#6834=CARTESIAN_POINT('',(-52.9918117251878,-4.99999999999997,-3.39789348040772E-15));
#6835=VECTOR('',#6836,1.);
#6836=DIRECTION('',(1.,-2.22500077870864E-16,6.12323399573677E-17));
#6837=CARTESIAN_POINT('',(-55.2743159161647,-4.99999999999997,-5.85716696885372E-15));
#6838=CARTESIAN_POINT('',(-55.2743159161646,-4.99999999999997,-7.07531310596744E-15));
#6839=VECTOR('',#6840,1.);
#6840=DIRECTION('',(1.,3.89124551539179E-16,1.22464679914735E-16));
#6841=CARTESIAN_POINT('',(-5.00000000000004,-55.274315916165,-2.77793466887367E-15));
#6842=AXIS2_PLACEMENT_3D('',#6843,#6844,#6845);
#6843=CARTESIAN_POINT('',(1.89640715374839E-43,9.48203576874195E-44,-1.54853395694885E-27));
#6844=DIRECTION('',(-1.22464679914735E-16,-6.12323399573677E-17,1.));
#6845=DIRECTION('',(-0.995933620111079,-0.0900900900900888,-1.27483119026413E-16));
#6846=CARTESIAN_POINT('',(-5.00000000000002,-52.9918117260133,-8.05203912348086E-10));
#6847=CARTESIAN_POINT('',(-5.00000000000003,-55.2743159161651,-3.99689910266478E-15));
#6848=VECTOR('',#6849,1.);
#6849=DIRECTION('',(3.11299641231282E-15,1.,6.1232339957368E-17));
#6850=CARTESIAN_POINT('',(-5.00000000000002,-49.,8.44257796864692E-11));
#6851=CARTESIAN_POINT('',(-5.00000000000002,-49.,-1.80635402874312E-15));
#6852=VECTOR('',#6853,1.);
#6853=DIRECTION('',(-4.45000155741728E-16,-1.,-3.06161699786838E-17));
#6854=CARTESIAN_POINT('',(-3.46347829501108,-47.054444049178,7.01002712962598E-10));
#6855=AXIS2_PLACEMENT_3D('',#6856,#6857,#6858);
#6856=CARTESIAN_POINT('',(-3.00000000000002,-48.99999995491,-3.36777869489581E-15));
#6857=DIRECTION('',(1.22464679914735E-16,6.12323399573677E-17,-1.));
#6858=DIRECTION('',(-1.,-2.25450023094709E-8,-1.22464681295219E-16));
#6859=CARTESIAN_POINT('',(-3.00000000000002,-46.999999977455,-3.59064185668446E-15));
#6860=AXIS2_PLACEMENT_3D('',#6861,#6862,#6863);
#6861=CARTESIAN_POINT('',(-3.00000000000002,-48.99999995491,-3.36777869489581E-15));
#6862=DIRECTION('',(-1.22464679914735E-16,-6.12323399573677E-17,1.));
#6863=DIRECTION('',(6.66133814775094E-16,1.,6.12323399573678E-17));
#6864=CARTESIAN_POINT('',(2.99999999999998,-47.,-3.27795054211577E-15));
#6865=VECTOR('',#6866,1.);
#6866=DIRECTION('',(-1.,0.,-8.08925393517715E-17));
#6867=CARTESIAN_POINT('',(1.11136697022622E-15,48.15,1.4210854715202E-14));
#6868=AXIS2_PLACEMENT_3D('',#6869,#6870,#6871);
#6869=CARTESIAN_POINT('',(1.22464679914735E-15,50.,3.06161699786684E-15));
#6870=DIRECTION('',(-1.22464679914735E-16,-6.12323399573677E-17,1.));
#6871=DIRECTION('',(6.12323399573677E-17,-1.,-6.12323399573676E-17));
#6872=CARTESIAN_POINT('',(48.15,-9.34405507749431E-15,5.00000000000001));
#6873=AXIS2_PLACEMENT_3D('',#6874,#6875,#6876);
#6874=CARTESIAN_POINT('',(50.,-9.79717439317883E-15,5.00000000000001));
#6875=DIRECTION('',(-6.12323399573676E-17,1.22464679914735E-16,1.));
#6876=DIRECTION('',(-1.,1.22464679914735E-16,-6.12323399573676E-17));
#6877=CARTESIAN_POINT('',(-6.39571790854705E-15,-48.15,5.00000000000001));
#6878=AXIS2_PLACEMENT_3D('',#6879,#6880,#6881);
#6879=CARTESIAN_POINT('',(-6.73555739531044E-15,-50.,5.00000000000001));
#6880=DIRECTION('',(1.22464679914735E-16,6.12323399573676E-17,1.));
#6881=DIRECTION('',(6.12323399573676E-17,1.,-6.12323399573676E-17));
#6882=CARTESIAN_POINT('',(-48.15,-2.26559657842259E-16,5.00000000000001));
#6883=AXIS2_PLACEMENT_3D('',#6884,#6885,#6886);
#6884=CARTESIAN_POINT('',(-50.,1.50892749692067E-30,5.00000000000001));
#6885=DIRECTION('',(0.,0.,1.));
#6886=DIRECTION('',(1.,1.71531043748473E-32,0.));
#6887=CARTESIAN_POINT('',(48.15,-6.28243807962592E-15,30.));
#6888=AXIS2_PLACEMENT_3D('',#6889,#6890,#6891);
#6889=CARTESIAN_POINT('',(50.,-6.73555739531044E-15,30.));
#6890=DIRECTION('',(-6.12323399573676E-17,1.22464679914735E-16,1.));
#6891=DIRECTION('',(-1.,1.22464679914735E-16,-6.12323399573676E-17));
#6892=CARTESIAN_POINT('',(-3.33410091067867E-15,-48.15,30.));
#6893=AXIS2_PLACEMENT_3D('',#6894,#6895,#6896);
#6894=CARTESIAN_POINT('',(-3.67394039744206E-15,-50.,30.));
#6895=DIRECTION('',(1.22464679914735E-16,6.12323399573676E-17,1.));
#6896=DIRECTION('',(6.12323399573676E-17,1.,-6.12323399573676E-17));
#6897=CARTESIAN_POINT('',(-48.15,4.05970413917348E-15,30.));
#6898=AXIS2_PLACEMENT_3D('',#6899,#6900,#6901);
#6899=CARTESIAN_POINT('',(-50.,4.28626379701574E-15,30.));
#6900=DIRECTION('',(0.,0.,1.));
#6901=DIRECTION('',(1.,4.82715273076902E-33,0.));
#6902=CARTESIAN_POINT('',(57.5,-2.00243829463872E-15,32.7022990797493));
#6903=AXIS2_PLACEMENT_3D('',#6904,#6905,#6906);
#6904=CARTESIAN_POINT('',(-4.00487658927744E-15,-2.00243829463872E-15,32.7022990797493));
#6905=DIRECTION('',(-1.22464679914735E-16,-6.12323399573677E-17,1.));
#6906=DIRECTION('',(1.,-6.79181646300495E-33,1.22464679914735E-16));
#6907=CARTESIAN_POINT('',(2.99999999999998,-47.0000000017084,34.4939856995418));
#6908=CARTESIAN_POINT('',(4.99999999999998,-49.0000000077573,32.702299084687));
#6909=CARTESIAN_POINT('',(4.99999999999998,-49.0000000077573,32.7022990827132));
#6910=CARTESIAN_POINT('',(4.99999999999998,-48.900345926384,32.7964813627077));
#6911=CARTESIAN_POINT('',(4.98614868973894,-48.713550304693,32.9722612398327));
#6912=CARTESIAN_POINT('',(4.92866720060121,-48.4508879243444,33.2147077507378));
#6913=CARTESIAN_POINT('',(4.8455492225044,-48.217069225529,33.4277098704544));
#6914=CARTESIAN_POINT('',(4.74005141070732,-48.0045607149521,33.6188914583399));
#6915=CARTESIAN_POINT('',(4.61391540306853,-47.8116066854519,33.790554665987));
#6916=CARTESIAN_POINT('',(4.473012911576,-47.6415070664608,33.9403997513017));
#6917=CARTESIAN_POINT('',(4.32135925769599,-47.4938407932419,34.0694697379238));
#6918=CARTESIAN_POINT('',(4.15986425787829,-47.3664623635822,34.1799576428458));
#6919=CARTESIAN_POINT('',(3.99046119411805,-47.258737505468,34.2728931058452));
#6920=CARTESIAN_POINT('',(3.81498184324255,-47.1701157576734,34.348910711565));
#6921=CARTESIAN_POINT('',(3.63620806160471,-47.1007396418804,34.4082315970521));
#6922=CARTESIAN_POINT('',(3.4632565729397,-47.0518481851221,34.4499295462214));
#6923=CARTESIAN_POINT('',(3.30384942087428,-47.0212974300841,34.475823617106));
#6924=CARTESIAN_POINT('',(3.1723598531402,-47.0062542763475,34.4888625171298));
#6925=CARTESIAN_POINT('',(3.07296054819093,-47.0008110387779,34.4929101034736));
#6926=CARTESIAN_POINT('',(3.02066317002033,-47.0000000017095,34.493666652526));
#6927=CARTESIAN_POINT('',(2.99999999999998,-47.0000000017084,34.4939856985406));
#6928=CARTESIAN_POINT('',(2.99999999999998,-47.0000000017084,34.4939857001425));
#6929=VECTOR('',#6930,1.);
#6930=DIRECTION('',(0.,3.37611999690051E-9,1.));
#6931=CARTESIAN_POINT('',(4.99999999999998,-49.0000000077573,32.7022990844051));
#6932=VECTOR('',#6933,1.);
#6933=DIRECTION('',(0.,3.37612651606681E-9,1.));
#6934=CARTESIAN_POINT('',(-3.00000000000002,-47.0000000017084,34.493985699742));
#6935=CARTESIAN_POINT('',(2.99999999999998,-47.0000000017084,34.4939857001425));
#6936=VECTOR('',#6937,1.);
#6937=DIRECTION('',(-1.,0.,0.));
#6938=CARTESIAN_POINT('',(-3.00000000000002,-47.0000000017084,34.4939857001425));
#6939=VECTOR('',#6940,1.);
#6940=DIRECTION('',(0.,3.37612000253189E-9,1.));
#6941=CARTESIAN_POINT('',(-5.00000000000002,-49.0000000077574,32.702299085157));
#6942=CARTESIAN_POINT('',(-3.00000000000002,-47.0000000017084,34.4939856990745));
#6943=CARTESIAN_POINT('',(-3.08304779324228,-47.0000000017128,34.4926606798296));
#6944=CARTESIAN_POINT('',(-3.23769614293441,-47.0096876440058,34.4862837262369));
#6945=CARTESIAN_POINT('',(-3.44780068030168,-47.047501993123,34.4535004185143));
#6946=CARTESIAN_POINT('',(-3.63308273048854,-47.0999333190802,34.4089574280546));
#6947=CARTESIAN_POINT('',(-3.80775199876554,-47.167041626741,34.3515324914507));
#6948=CARTESIAN_POINT('',(-3.98257837561069,-47.2541943258972,34.2767990088383));
#6949=CARTESIAN_POINT('',(-4.15365980556439,-47.3620034868688,34.18381182658));
#6950=CARTESIAN_POINT('',(-4.31534481429858,-47.4886829846083,34.0739559138091));
#6951=CARTESIAN_POINT('',(-4.46666685191017,-47.634756565985,33.9463173819529));
#6952=CARTESIAN_POINT('',(-4.60444066224217,-47.7993092171753,33.8014197928824));
#6953=CARTESIAN_POINT('',(-4.72835697850229,-47.9851790078083,33.6361948121593));
#6954=CARTESIAN_POINT('',(-4.83288698561604,-48.188449958017,33.4535679898301));
#6955=CARTESIAN_POINT('',(-4.91982849269597,-48.4203483138077,33.242733058185));
#6956=CARTESIAN_POINT('',(-4.97375844196425,-48.6493136305557,33.0316362347108));
#6957=CARTESIAN_POINT('',(-4.99649307135405,-48.8481725373271,32.8458172977389));
#6958=CARTESIAN_POINT('',(-5.00000000000002,-48.9568283025844,32.743147024271));
#6959=CARTESIAN_POINT('',(-5.00000000000002,-49.0000000077573,32.7022990838411));
#6960=CARTESIAN_POINT('',(-5.00000000000002,-49.0000000077573,32.702299084969));
#6961=VECTOR('',#6962,1.);
#6962=DIRECTION('',(0.,3.37612651565531E-9,1.));
#6963=CARTESIAN_POINT('',(-5.00000000000002,-49.0000000098374,1.74538117124661));
#6964=CARTESIAN_POINT('',(-5.00000000000002,-49.,1.6885426390445E-10));
#6965=VECTOR('',#6966,1.);
#6966=DIRECTION('',(0.,-5.63625155134752E-9,1.));
#6967=CARTESIAN_POINT('',(-5.00000000000002,-53.0400791854613,34.4939856917422));
#6968=CARTESIAN_POINT('',(-5.00000000000002,-52.9918117273891,-2.14720529008019E-9));
#6969=CARTESIAN_POINT('',(-5.00000000000002,-52.8956179519226,0.0938329964000864));
#6970=CARTESIAN_POINT('',(-5.00000000000002,-52.7988862797417,0.187150388262132));
#6971=CARTESIAN_POINT('',(-5.00000000000002,-52.5453756901049,0.439304324614192));
#6972=CARTESIAN_POINT('',(-5.00000000000002,-52.3892408253742,0.598963494580497));
#6973=CARTESIAN_POINT('',(-5.00000000000002,-52.0894790199574,0.914119135744668));
#6974=CARTESIAN_POINT('',(-5.00000000000002,-51.9455138726158,1.06951672591889));
#6975=CARTESIAN_POINT('',(-5.00000000000002,-51.6651077430914,1.38029983792896));
#6976=CARTESIAN_POINT('',(-5.00000000000002,-51.528478947561,1.53569680687862));
#6977=CARTESIAN_POINT('',(-5.00000000000002,-51.2502884220365,1.86043763684849));
#6978=CARTESIAN_POINT('',(-5.00000000000002,-51.1089067170621,2.03013385038046));
#6979=CARTESIAN_POINT('',(-5.00000000000002,-50.8339958297528,2.3694832246857));
#6980=CARTESIAN_POINT('',(-5.00000000000002,-50.7002595006083,2.53917581992063));
#6981=CARTESIAN_POINT('',(-5.00000000000002,-50.440152769853,2.87851364668005));
#6982=CARTESIAN_POINT('',(-5.00000000000002,-50.3135925769749,3.04820694521275));
#6983=CARTESIAN_POINT('',(-5.00000000000002,-50.0674192029788,3.38753485218255));
#6984=CARTESIAN_POINT('',(-5.00000000000002,-49.9476177513028,3.5572449976765));
#6985=CARTESIAN_POINT('',(-5.00000000000002,-49.6149335937085,4.0417325703291));
#6986=CARTESIAN_POINT('',(-5.00000000000002,-49.4070542247746,4.36039246323185));
#6987=CARTESIAN_POINT('',(-5.00000000000002,-49.0127398992629,4.99743669969291));
#6988=CARTESIAN_POINT('',(-5.00000000000002,-48.8254652406163,5.31616785317977));
#6989=CARTESIAN_POINT('',(-5.00000000000002,-48.4612956131613,5.97015622854828));
#6990=CARTESIAN_POINT('',(-5.00000000000002,-48.2843968377032,6.30634404229017));
#6991=CARTESIAN_POINT('',(-5.00000000000002,-47.9510609169679,6.9781951006463));
#6992=CARTESIAN_POINT('',(-5.00000000000002,-47.7938619042791,7.3144038527279));
#6993=CARTESIAN_POINT('',(-5.00000000000002,-47.5387544904254,7.89487643933042));
#6994=CARTESIAN_POINT('',(-5.00000000000002,-47.4366945162516,8.13792446424758));
#6995=CARTESIAN_POINT('',(-5.00000000000002,-47.2420669014321,8.62381302850031));
#6996=CARTESIAN_POINT('',(-5.00000000000002,-47.1492777071936,8.86686666947335));
#6997=CARTESIAN_POINT('',(-5.00000000000002,-46.8863177909212,9.5910816038757));
#6998=CARTESIAN_POINT('',(-5.00000000000002,-46.7271508492803,10.0775126759472));
#6999=CARTESIAN_POINT('',(-5.00000000000002,-46.4437094878725,11.0485715280458));
#7000=CARTESIAN_POINT('',(-5.00000000000002,-46.3182061360976,11.5351112070231));
#7001=CARTESIAN_POINT('',(-5.00000000000002,-46.0986013888098,12.5134443965198));
#7002=CARTESIAN_POINT('',(-5.00000000000002,-46.0040751601586,13.0072119904028));
#7003=CARTESIAN_POINT('',(-5.00000000000002,-45.8454364396449,14.0065105062739));
#7004=CARTESIAN_POINT('',(-5.00000000000002,-45.7815198820476,14.5143083461961));
#7005=CARTESIAN_POINT('',(-5.00000000000002,-45.6404093968273,16.0285345228419));
#7006=CARTESIAN_POINT('',(-5.00000000000002,-45.6109238578298,17.0459542476214));
#7007=CARTESIAN_POINT('',(-5.00000000000002,-45.6641229569829,18.5601108848466));
#7008=CARTESIAN_POINT('',(-5.00000000000002,-45.6979775098458,19.0648300900389));
#7009=CARTESIAN_POINT('',(-5.00000000000002,-45.7978825458891,20.0716630462811));
#7010=CARTESIAN_POINT('',(-5.00000000000002,-45.8643922158735,20.5763003899876));
#7011=CARTESIAN_POINT('',(-5.00000000000002,-46.0283004523901,21.5727094312262));
#7012=CARTESIAN_POINT('',(-5.00000000000002,-46.1257824505636,22.0666069546573));
#7013=CARTESIAN_POINT('',(-5.00000000000002,-46.3513420587438,23.0453789866429));
#7014=CARTESIAN_POINT('',(-5.00000000000002,-46.4798951136627,23.5320691957688));
#7015=CARTESIAN_POINT('',(-5.00000000000002,-46.7683289659237,24.4992412992988));
#7016=CARTESIAN_POINT('',(-5.00000000000002,-46.9290241671141,24.9812462433276));
#7017=CARTESIAN_POINT('',(-5.00000000000002,-47.1903806870351,25.689068930664));
#7018=CARTESIAN_POINT('',(-5.00000000000002,-47.2796505019216,25.9197460207769));
#7019=CARTESIAN_POINT('',(-5.00000000000002,-47.4663469898407,26.3807824266505));
#7020=CARTESIAN_POINT('',(-5.00000000000002,-47.5639995149911,26.6114280870375));
#7021=CARTESIAN_POINT('',(-5.00000000000002,-47.7677859034376,27.0724745145618));
#7022=CARTESIAN_POINT('',(-5.00000000000002,-47.8741405521031,27.3030710624116));
#7023=CARTESIAN_POINT('',(-5.00000000000002,-48.0957357887535,27.7641262397007));
#7024=CARTESIAN_POINT('',(-5.00000000000002,-48.2112025525005,27.9947375622999));
#7025=CARTESIAN_POINT('',(-5.00000000000002,-48.4434982190222,28.4405767272297));
#7026=CARTESIAN_POINT('',(-5.00000000000002,-48.5600900086094,28.6562009380284));
#7027=CARTESIAN_POINT('',(-5.00000000000002,-48.8018039537105,29.0873155183805));
#7028=CARTESIAN_POINT('',(-5.00000000000002,-48.9271593036617,29.3029357220755));
#7029=CARTESIAN_POINT('',(-5.00000000000002,-49.1868661819036,29.7340623394706));
#7030=CARTESIAN_POINT('',(-5.00000000000002,-49.321486007719,29.949708651463));
#7031=CARTESIAN_POINT('',(-5.00000000000002,-49.6002214066219,30.3808516522747));
#7032=CARTESIAN_POINT('',(-5.00000000000002,-49.7446595957529,30.5965124337177));
#7033=CARTESIAN_POINT('',(-5.00000000000002,-50.0043698611621,30.9710585041661));
#7034=CARTESIAN_POINT('',(-5.00000000000002,-50.1183071522978,31.131142695025));
#7035=CARTESIAN_POINT('',(-5.00000000000002,-50.3521249551775,31.4513032895349));
#7036=CARTESIAN_POINT('',(-5.00000000000002,-50.4721305822926,31.6113924004019));
#7037=CARTESIAN_POINT('',(-5.00000000000002,-50.7184189784609,31.9315597652785));
#7038=CARTESIAN_POINT('',(-5.00000000000002,-50.8448615079434,32.091679576781));
#7039=CARTESIAN_POINT('',(-5.00000000000002,-51.1043573879541,32.4118573597664));
#7040=CARTESIAN_POINT('',(-5.00000000000002,-51.2376187719223,32.571987676252));
#7041=CARTESIAN_POINT('',(-5.00000000000002,-51.5588385458232,32.9479840809495));
#7042=CARTESIAN_POINT('',(-5.00000000000002,-51.7487395523449,33.1624056768807));
#7043=CARTESIAN_POINT('',(-5.00000000000002,-52.1424485525456,33.591349750043));
#7044=CARTESIAN_POINT('',(-5.00000000000002,-52.3467488331357,33.8058721335923));
#7045=CARTESIAN_POINT('',(-5.00000000000002,-52.6589966408576,34.1219182378643));
#7046=CARTESIAN_POINT('',(-5.00000000000002,-52.7642466687972,34.2265015972853));
#7047=CARTESIAN_POINT('',(-5.00000000000002,-52.9267051151957,34.3849903811283));
#7048=CARTESIAN_POINT('',(-5.00000000000002,-52.982811607004,34.4401022986355));
#7049=CARTESIAN_POINT('',(-5.00000000000002,-53.0400791854613,34.4939856917422));
#7050=CARTESIAN_POINT('',(-5.00000000000002,-53.0400791854613,34.4939856917422));
#7051=VECTOR('',#7052,1.);
#7052=DIRECTION('',(0.,0.,1.));
#7053=AXIS2_PLACEMENT_3D('',#7054,#7055,#7056);
#7054=CARTESIAN_POINT('',(-5.00000000000002,-61.6655954667024,17.2238401295228));
#7055=DIRECTION('',(1.,-1.81626410929287E-16,-1.02369190375989E-24));
#7056=DIRECTION('',(1.15020331463375E-16,0.63327977284325,-0.77392294791381));
#7057=CARTESIAN_POINT('',(-7.26168224299069,-55.0228858839832,34.4939856917418));
#7058=AXIS2_PLACEMENT_3D('',#7059,#7060,#7061);
#7059=CARTESIAN_POINT('',(-7.00000000000003,-53.0400791854613,34.4939856917419));
#7060=DIRECTION('',(-9.47150876229788E-17,0.,1.));
#7061=DIRECTION('',(-0.130841121495327,-0.991403349260958,-1.23926282871187E-17));
#7062=CARTESIAN_POINT('',(-7.2616822429907,-55.0228858839832,34.4939856917419));
#7063=VECTOR('',#7064,1.);
#7064=DIRECTION('',(0.,0.,1.));
#7065=CARTESIAN_POINT('',(-55.0228858839832,-7.26168224299057,34.4939856917418));
#7066=AXIS2_PLACEMENT_3D('',#7067,#7068,#7069);
#7067=CARTESIAN_POINT('',(-4.2242949167226E-15,-2.1121474583613E-15,34.4939856917416));
#7068=DIRECTION('',(-1.22464679914735E-16,-6.12323399573677E-17,1.));
#7069=DIRECTION('',(-0.991403349260958,-0.130841121495325,-1.29423601865445E-16));
#7070=CARTESIAN_POINT('',(-55.0228858839832,-7.26168224299055,34.4939856917419));
#7071=VECTOR('',#7072,1.);
#7072=DIRECTION('',(0.,0.,1.));
#7073=CARTESIAN_POINT('',(-53.0400791854613,-4.99999999999996,34.4939856917422));
#7074=AXIS2_PLACEMENT_3D('',#7075,#7076,#7077);
#7075=CARTESIAN_POINT('',(-53.0400791854613,-6.99999999999994,34.4939856917419));
#7076=DIRECTION('',(-1.12103877145989E-44,-3.1554436208841E-30,-1.));
#7077=DIRECTION('',(-0.991403349260959,-0.130841121495322,4.12861782171747E-31));
#7078=CARTESIAN_POINT('',(-53.0400791854613,-4.99999999999995,34.4939856917422));
#7079=VECTOR('',#7080,1.);
#7080=DIRECTION('',(0.,0.,1.));
#7081=CARTESIAN_POINT('',(-49.0000000098374,-4.99999999999997,1.74538117124661));
#7082=CARTESIAN_POINT('',(-49.,-4.99999999999997,1.68856928439709E-10));
#7083=VECTOR('',#7084,1.);
#7084=DIRECTION('',(-5.63625155134751E-9,0.,1.));
#7085=CARTESIAN_POINT('',(-49.0000000077574,-4.99999999999997,32.702299084687));
#7086=AXIS2_PLACEMENT_3D('',#7087,#7088,#7089);
#7087=CARTESIAN_POINT('',(-61.6655954667024,-4.99999999999997,17.2238401295228));
#7088=DIRECTION('',(-3.6532343080139E-16,-1.,-1.02369190375989E-24));
#7089=DIRECTION('',(0.63327977284325,-2.31351938479963E-16,-0.77392294791381));
#7090=CARTESIAN_POINT('',(-49.0000000077573,-4.99999999999997,32.7022990844051));
#7091=VECTOR('',#7092,1.);
#7092=DIRECTION('',(3.37612651606681E-9,0.,1.));
#7093=CARTESIAN_POINT('',(-52.9918117273891,-4.99999999999997,-2.14720529008042E-9));
#7094=CARTESIAN_POINT('',(-52.8956179519226,-4.99999999999997,0.0938329964000847));
#7095=CARTESIAN_POINT('',(-52.7988862797417,-4.99999999999997,0.187150388262132));
#7096=CARTESIAN_POINT('',(-52.5453756901049,-4.99999999999997,0.439304324614182));
#7097=CARTESIAN_POINT('',(-52.3892408253742,-4.99999999999997,0.598963494580474));
#7098=CARTESIAN_POINT('',(-52.0894790199574,-4.99999999999997,0.914119135744632));
#7099=CARTESIAN_POINT('',(-51.9455138726158,-4.99999999999997,1.06951672591885));
#7100=CARTESIAN_POINT('',(-51.6651077430914,-4.99999999999997,1.38029983792891));
#7101=CARTESIAN_POINT('',(-51.528478947561,-4.99999999999997,1.53569680687857));
#7102=CARTESIAN_POINT('',(-51.2502884220366,-4.99999999999997,1.86043763684843));
#7103=CARTESIAN_POINT('',(-51.1089067170622,-4.99999999999997,2.0301338503804));
#7104=CARTESIAN_POINT('',(-50.8339958297528,-4.99999999999997,2.36948322468566));
#7105=CARTESIAN_POINT('',(-50.7002595006084,-4.99999999999997,2.53917581992059));
#7106=CARTESIAN_POINT('',(-50.4401527698531,-4.99999999999997,2.87851364668002));
#7107=CARTESIAN_POINT('',(-50.3135925769749,-4.99999999999997,3.04820694521273));
#7108=CARTESIAN_POINT('',(-50.0674192029789,-4.99999999999997,3.38753485218253));
#7109=CARTESIAN_POINT('',(-49.9476177513028,-4.99999999999997,3.55724499767649));
#7110=CARTESIAN_POINT('',(-49.6149335937086,-4.99999999999997,4.04173257032909));
#7111=CARTESIAN_POINT('',(-49.4070542247747,-4.99999999999997,4.36039246323184));
#7112=CARTESIAN_POINT('',(-49.0127398992629,-4.99999999999997,4.9974366996929));
#7113=CARTESIAN_POINT('',(-48.8254652406164,-4.99999999999997,5.31616785317976));
#7114=CARTESIAN_POINT('',(-48.4612956131613,-4.99999999999997,5.97015622854827));
#7115=CARTESIAN_POINT('',(-48.2843968377032,-4.99999999999997,6.30634404229015));
#7116=CARTESIAN_POINT('',(-47.9510609169679,-4.99999999999997,6.97819510064627));
#7117=CARTESIAN_POINT('',(-47.7938619042791,-4.99999999999997,7.31440385272788));
#7118=CARTESIAN_POINT('',(-47.5387544904255,-4.99999999999997,7.8948764393304));
#7119=CARTESIAN_POINT('',(-47.4366945162516,-4.99999999999997,8.13792446424756));
#7120=CARTESIAN_POINT('',(-47.2420669014321,-4.99999999999997,8.62381302850029));
#7121=CARTESIAN_POINT('',(-47.1492777071937,-4.99999999999997,8.86686666947333));
#7122=CARTESIAN_POINT('',(-46.8863177909212,-4.99999999999997,9.59108160387569));
#7123=CARTESIAN_POINT('',(-46.7271508492803,-4.99999999999997,10.0775126759472));
#7124=CARTESIAN_POINT('',(-46.4437094878725,-4.99999999999997,11.0485715280458));
#7125=CARTESIAN_POINT('',(-46.3182061360976,-4.99999999999997,11.5351112070231));
#7126=CARTESIAN_POINT('',(-46.0986013888098,-4.99999999999997,12.5134443965197));
#7127=CARTESIAN_POINT('',(-46.0040751601586,-4.99999999999997,13.0072119904028));
#7128=CARTESIAN_POINT('',(-45.8454364396449,-4.99999999999997,14.0065105062739));
#7129=CARTESIAN_POINT('',(-45.7815198820477,-4.99999999999997,14.5143083461961));
#7130=CARTESIAN_POINT('',(-45.6404093968273,-4.99999999999997,16.0285345228419));
#7131=CARTESIAN_POINT('',(-45.6109238578298,-4.99999999999997,17.0459542476214));
#7132=CARTESIAN_POINT('',(-45.6641229569829,-4.99999999999997,18.5601108848466));
#7133=CARTESIAN_POINT('',(-45.6979775098458,-4.99999999999997,19.0648300900388));
#7134=CARTESIAN_POINT('',(-45.7978825458891,-4.99999999999997,20.0716630462811));
#7135=CARTESIAN_POINT('',(-45.8643922158736,-4.99999999999997,20.5763003899876));
#7136=CARTESIAN_POINT('',(-46.0283004523901,-4.99999999999997,21.5727094312262));
#7137=CARTESIAN_POINT('',(-46.1257824505636,-4.99999999999997,22.0666069546573));
#7138=CARTESIAN_POINT('',(-46.3513420587438,-4.99999999999997,23.0453789866429));
#7139=CARTESIAN_POINT('',(-46.4798951136627,-4.99999999999997,23.5320691957688));
#7140=CARTESIAN_POINT('',(-46.7683289659237,-4.99999999999997,24.4992412992988));
#7141=CARTESIAN_POINT('',(-46.9290241671141,-4.99999999999997,24.9812462433276));
#7142=CARTESIAN_POINT('',(-47.1903806870351,-4.99999999999997,25.689068930664));
#7143=CARTESIAN_POINT('',(-47.2796505019216,-4.99999999999997,25.9197460207769));
#7144=CARTESIAN_POINT('',(-47.4663469898407,-4.99999999999997,26.3807824266505));
#7145=CARTESIAN_POINT('',(-47.5639995149911,-4.99999999999997,26.6114280870375));
#7146=CARTESIAN_POINT('',(-47.7677859034376,-4.99999999999997,27.0724745145618));
#7147=CARTESIAN_POINT('',(-47.8741405521031,-4.99999999999997,27.3030710624116));
#7148=CARTESIAN_POINT('',(-48.0957357887535,-4.99999999999997,27.7641262397007));
#7149=CARTESIAN_POINT('',(-48.2112025525005,-4.99999999999997,27.9947375622999));
#7150=CARTESIAN_POINT('',(-48.4434982190222,-4.99999999999997,28.4405767272297));
#7151=CARTESIAN_POINT('',(-48.5600900086094,-4.99999999999997,28.6562009380284));
#7152=CARTESIAN_POINT('',(-48.8018039537105,-4.99999999999997,29.0873155183805));
#7153=CARTESIAN_POINT('',(-48.9271593036617,-4.99999999999997,29.3029357220755));
#7154=CARTESIAN_POINT('',(-49.1868661819036,-4.99999999999997,29.7340623394706));
#7155=CARTESIAN_POINT('',(-49.321486007719,-4.99999999999997,29.949708651463));
#7156=CARTESIAN_POINT('',(-49.6002214066219,-4.99999999999997,30.3808516522747));
#7157=CARTESIAN_POINT('',(-49.7446595957529,-4.99999999999997,30.5965124337177));
#7158=CARTESIAN_POINT('',(-50.0043698611621,-4.99999999999997,30.9710585041661));
#7159=CARTESIAN_POINT('',(-50.1183071522978,-4.99999999999997,31.131142695025));
#7160=CARTESIAN_POINT('',(-50.3521249551776,-4.99999999999997,31.4513032895349));
#7161=CARTESIAN_POINT('',(-50.4721305822926,-4.99999999999997,31.6113924004019));
#7162=CARTESIAN_POINT('',(-50.7184189784609,-4.99999999999997,31.9315597652785));
#7163=CARTESIAN_POINT('',(-50.8448615079435,-4.99999999999997,32.091679576781));
#7164=CARTESIAN_POINT('',(-51.1043573879541,-4.99999999999997,32.4118573597663));
#7165=CARTESIAN_POINT('',(-51.2376187719223,-4.99999999999997,32.5719876762519));
#7166=CARTESIAN_POINT('',(-51.5588385458232,-4.99999999999997,32.9479840809495));
#7167=CARTESIAN_POINT('',(-51.7487395523449,-4.99999999999997,33.1624056768807));
#7168=CARTESIAN_POINT('',(-52.1424485525457,-4.99999999999997,33.591349750043));
#7169=CARTESIAN_POINT('',(-52.3467488331357,-4.99999999999997,33.8058721335924));
#7170=CARTESIAN_POINT('',(-52.6589966408576,-4.99999999999997,34.1219182378643));
#7171=CARTESIAN_POINT('',(-52.7642466687973,-4.99999999999997,34.2265015972853));
#7172=CARTESIAN_POINT('',(-52.9267051151958,-4.99999999999997,34.3849903811283));
#7173=CARTESIAN_POINT('',(-52.982811607004,-4.99999999999997,34.4401022986355));
#7174=CARTESIAN_POINT('',(-53.0400791854613,-4.99999999999997,34.4939856917422));
#7175=CARTESIAN_POINT('',(-47.0000000017084,-2.99999999999997,34.4939856995417));
#7176=CARTESIAN_POINT('',(-49.0000000077573,-4.99999999999997,32.7022990827132));
#7177=CARTESIAN_POINT('',(-48.9003459263829,-4.99999999999997,32.7964813627088));
#7178=CARTESIAN_POINT('',(-48.71355030469,-4.98614868973863,32.9722612398355));
#7179=CARTESIAN_POINT('',(-48.4508879243404,-4.92866720060008,33.2147077507414));
#7180=CARTESIAN_POINT('',(-48.2170692255258,-4.84554922250297,33.4277098704573));
#7181=CARTESIAN_POINT('',(-48.0045607149524,-4.74005141070729,33.6188914583396));
#7182=CARTESIAN_POINT('',(-47.8116066854564,-4.61391540307154,33.7905546659829));
#7183=CARTESIAN_POINT('',(-47.6415070664699,-4.47301291158404,33.9403997512937));
#7184=CARTESIAN_POINT('',(-47.4938407932529,-4.32135925770835,34.0694697379143));
#7185=CARTESIAN_POINT('',(-47.3664623635937,-4.1598642578943,34.1799576428358));
#7186=CARTESIAN_POINT('',(-47.258737505481,-3.99046119414017,34.272893105834));
#7187=CARTESIAN_POINT('',(-47.1701157576907,-3.81498184327956,34.3489107115503));
#7188=CARTESIAN_POINT('',(-47.1007396419027,-3.63620806166831,34.408231597033));
#7189=CARTESIAN_POINT('',(-47.0518481851473,-3.46325657304049,34.4499295461999));
#7190=CARTESIAN_POINT('',(-47.021297430108,-3.30384942102156,34.4758236170861));
#7191=CARTESIAN_POINT('',(-47.0062542763619,-3.17235985330533,34.4888625171167));
#7192=CARTESIAN_POINT('',(-47.0008110387809,-3.07296054830789,34.4929101034722));
#7193=CARTESIAN_POINT('',(-47.0000000017095,-3.02066317007058,34.4936666525252));
#7194=CARTESIAN_POINT('',(-47.0000000017084,-2.99999999999997,34.4939856985406));
#7195=CARTESIAN_POINT('',(-47.0000000017084,-2.99999999999997,34.4939857001424));
#7196=VECTOR('',#7197,1.);
#7197=DIRECTION('',(3.37611999690047E-9,0.,1.));
#7198=CARTESIAN_POINT('',(-47.0000000017084,3.00000000000003,34.493985699742));
#7199=CARTESIAN_POINT('',(-47.0000000017084,-2.99999999999997,34.4939857001424));
#7200=VECTOR('',#7201,1.);
#7201=DIRECTION('',(-1.1842378929335E-15,1.,1.1842378929335E-15));
#7202=CARTESIAN_POINT('',(-47.0000000017084,3.00000000000003,34.4939857001425));
#7203=VECTOR('',#7204,1.);
#7204=DIRECTION('',(3.37612000253189E-9,0.,1.));
#7205=CARTESIAN_POINT('',(-49.0000000077574,5.00000000000003,32.702299085157));
#7206=CARTESIAN_POINT('',(-47.0000000017084,3.00000000000003,34.4939856990745));
#7207=CARTESIAN_POINT('',(-47.0000000017129,3.0830477932402,34.4926606798296));
#7208=CARTESIAN_POINT('',(-47.0096876440054,3.23769614292912,34.4862837262373));
#7209=CARTESIAN_POINT('',(-47.0475019931212,3.44780068029329,34.4535004185159));
#7210=CARTESIAN_POINT('',(-47.0999333190772,3.63308273047938,34.4089574280572));
#7211=CARTESIAN_POINT('',(-47.1670416267373,3.8077519987573,34.3515324914539));
#7212=CARTESIAN_POINT('',(-47.2541943258938,3.98257837560497,34.2767990088412));
#7213=CARTESIAN_POINT('',(-47.3620034868665,4.15365980556132,34.183811826582));
#7214=CARTESIAN_POINT('',(-47.4886829846081,4.31534481429848,34.0739559138093));
#7215=CARTESIAN_POINT('',(-47.6347565659857,4.46666685191089,33.9463173819523));
#7216=CARTESIAN_POINT('',(-47.7993092171776,4.60444066224389,33.8014197928804));
#7217=CARTESIAN_POINT('',(-47.98517900781,4.72835697850327,33.6361948121578));
#7218=CARTESIAN_POINT('',(-48.1884499580189,4.83288698561683,33.4535679898284));
#7219=CARTESIAN_POINT('',(-48.4203483138085,4.91982849269625,33.2427330581842));
#7220=CARTESIAN_POINT('',(-48.6493136305569,4.9737584419645,33.0316362347096));
#7221=CARTESIAN_POINT('',(-48.8481725373279,4.99649307135412,32.8458172977381));
#7222=CARTESIAN_POINT('',(-48.9568283025849,5.00000000000003,32.7431470242705));
#7223=CARTESIAN_POINT('',(-49.0000000077573,5.00000000000003,32.7022990838411));
#7224=CARTESIAN_POINT('',(-49.0000000077573,5.00000000000003,32.702299084969));
#7225=VECTOR('',#7226,1.);
#7226=DIRECTION('',(3.37612651565531E-9,0.,1.));
#7227=CARTESIAN_POINT('',(-49.0000000098374,5.00000000000003,1.74538117124661));
#7228=CARTESIAN_POINT('',(-49.,5.00000000000003,1.6885426390445E-10));
#7229=VECTOR('',#7230,1.);
#7230=DIRECTION('',(-5.63625155134752E-9,0.,1.));
#7231=CARTESIAN_POINT('',(-53.0400791854613,5.00000000000005,34.4939856917422));
#7232=CARTESIAN_POINT('',(-52.9918117273891,5.00000000000003,-2.14720529008058E-9));
#7233=CARTESIAN_POINT('',(-52.8956179519226,5.00000000000002,0.0938329964000812));
#7234=CARTESIAN_POINT('',(-52.7988862797417,5.00000000000003,0.187150388262128));
#7235=CARTESIAN_POINT('',(-52.5453756901049,5.00000000000003,0.439304324614177));
#7236=CARTESIAN_POINT('',(-52.3892408253742,5.00000000000003,0.598963494580471));
#7237=CARTESIAN_POINT('',(-52.0894790199574,5.00000000000003,0.914119135744631));
#7238=CARTESIAN_POINT('',(-51.9455138726158,5.00000000000003,1.06951672591885));
#7239=CARTESIAN_POINT('',(-51.6651077430914,5.00000000000003,1.38029983792891));
#7240=CARTESIAN_POINT('',(-51.528478947561,5.00000000000003,1.53569680687857));
#7241=CARTESIAN_POINT('',(-51.2502884220366,5.00000000000003,1.86043763684843));
#7242=CARTESIAN_POINT('',(-51.1089067170621,5.00000000000003,2.0301338503804));
#7243=CARTESIAN_POINT('',(-50.8339958297528,5.00000000000003,2.36948322468566));
#7244=CARTESIAN_POINT('',(-50.7002595006083,5.00000000000003,2.5391758199206));
#7245=CARTESIAN_POINT('',(-50.4401527698531,5.00000000000003,2.87851364668002));
#7246=CARTESIAN_POINT('',(-50.3135925769749,5.00000000000003,3.04820694521273));
#7247=CARTESIAN_POINT('',(-50.0674192029788,5.00000000000003,3.38753485218253));
#7248=CARTESIAN_POINT('',(-49.9476177513028,5.00000000000003,3.55724499767649));
#7249=CARTESIAN_POINT('',(-49.6149335937085,5.00000000000003,4.04173257032909));
#7250=CARTESIAN_POINT('',(-49.4070542247746,5.00000000000003,4.36039246323184));
#7251=CARTESIAN_POINT('',(-49.0127398992628,5.00000000000003,4.9974366996929));
#7252=CARTESIAN_POINT('',(-48.8254652406163,5.00000000000003,5.31616785317977));
#7253=CARTESIAN_POINT('',(-48.4612956131613,5.00000000000003,5.97015622854828));
#7254=CARTESIAN_POINT('',(-48.2843968377032,5.00000000000003,6.30634404229017));
#7255=CARTESIAN_POINT('',(-47.9510609169679,5.00000000000003,6.97819510064629));
#7256=CARTESIAN_POINT('',(-47.7938619042791,5.00000000000003,7.31440385272789));
#7257=CARTESIAN_POINT('',(-47.5387544904254,5.00000000000003,7.89487643933041));
#7258=CARTESIAN_POINT('',(-47.4366945162516,5.00000000000003,8.13792446424757));
#7259=CARTESIAN_POINT('',(-47.2420669014321,5.00000000000003,8.6238130285003));
#7260=CARTESIAN_POINT('',(-47.1492777071936,5.00000000000003,8.86686666947334));
#7261=CARTESIAN_POINT('',(-46.8863177909212,5.00000000000003,9.59108160387569));
#7262=CARTESIAN_POINT('',(-46.7271508492803,5.00000000000003,10.0775126759472));
#7263=CARTESIAN_POINT('',(-46.4437094878724,5.00000000000003,11.0485715280458));
#7264=CARTESIAN_POINT('',(-46.3182061360976,5.00000000000003,11.5351112070231));
#7265=CARTESIAN_POINT('',(-46.0986013888098,5.00000000000003,12.5134443965197));
#7266=CARTESIAN_POINT('',(-46.0040751601586,5.00000000000003,13.0072119904028));
#7267=CARTESIAN_POINT('',(-45.8454364396449,5.00000000000003,14.0065105062739));
#7268=CARTESIAN_POINT('',(-45.7815198820476,5.00000000000003,14.5143083461961));
#7269=CARTESIAN_POINT('',(-45.6404093968273,5.00000000000003,16.0285345228419));
#7270=CARTESIAN_POINT('',(-45.6109238578297,5.00000000000003,17.0459542476214));
#7271=CARTESIAN_POINT('',(-45.6641229569829,5.00000000000003,18.5601108848466));
#7272=CARTESIAN_POINT('',(-45.6979775098458,5.00000000000003,19.0648300900388));
#7273=CARTESIAN_POINT('',(-45.7978825458891,5.00000000000003,20.0716630462811));
#7274=CARTESIAN_POINT('',(-45.8643922158735,5.00000000000003,20.5763003899876));
#7275=CARTESIAN_POINT('',(-46.0283004523901,5.00000000000003,21.5727094312262));
#7276=CARTESIAN_POINT('',(-46.1257824505636,5.00000000000003,22.0666069546573));
#7277=CARTESIAN_POINT('',(-46.3513420587438,5.00000000000003,23.0453789866429));
#7278=CARTESIAN_POINT('',(-46.4798951136627,5.00000000000003,23.5320691957688));
#7279=CARTESIAN_POINT('',(-46.7683289659237,5.00000000000003,24.4992412992988));
#7280=CARTESIAN_POINT('',(-46.9290241671141,5.00000000000003,24.9812462433276));
#7281=CARTESIAN_POINT('',(-47.1903806870351,5.00000000000003,25.689068930664));
#7282=CARTESIAN_POINT('',(-47.2796505019216,5.00000000000003,25.9197460207769));
#7283=CARTESIAN_POINT('',(-47.4663469898407,5.00000000000003,26.3807824266505));
#7284=CARTESIAN_POINT('',(-47.5639995149911,5.00000000000003,26.6114280870375));
#7285=CARTESIAN_POINT('',(-47.7677859034376,5.00000000000003,27.0724745145618));
#7286=CARTESIAN_POINT('',(-47.8741405521031,5.00000000000003,27.3030710624116));
#7287=CARTESIAN_POINT('',(-48.0957357887535,5.00000000000003,27.7641262397007));
#7288=CARTESIAN_POINT('',(-48.2112025525005,5.00000000000003,27.9947375622999));
#7289=CARTESIAN_POINT('',(-48.4434982190222,5.00000000000003,28.4405767272297));
#7290=CARTESIAN_POINT('',(-48.5600900086094,5.00000000000003,28.6562009380285));
#7291=CARTESIAN_POINT('',(-48.8018039537105,5.00000000000003,29.0873155183805));
#7292=CARTESIAN_POINT('',(-48.9271593036617,5.00000000000003,29.3029357220756));
#7293=CARTESIAN_POINT('',(-49.1868661819036,5.00000000000003,29.7340623394706));
#7294=CARTESIAN_POINT('',(-49.321486007719,5.00000000000003,29.949708651463));
#7295=CARTESIAN_POINT('',(-49.6002214066219,5.00000000000003,30.3808516522747));
#7296=CARTESIAN_POINT('',(-49.7446595957529,5.00000000000003,30.5965124337177));
#7297=CARTESIAN_POINT('',(-50.0043698611621,5.00000000000003,30.9710585041661));
#7298=CARTESIAN_POINT('',(-50.1183071522978,5.00000000000003,31.1311426950251));
#7299=CARTESIAN_POINT('',(-50.3521249551775,5.00000000000003,31.4513032895349));
#7300=CARTESIAN_POINT('',(-50.4721305822926,5.00000000000003,31.6113924004019));
#7301=CARTESIAN_POINT('',(-50.7184189784609,5.00000000000003,31.9315597652785));
#7302=CARTESIAN_POINT('',(-50.8448615079435,5.00000000000003,32.091679576781));
#7303=CARTESIAN_POINT('',(-51.1043573879541,5.00000000000003,32.4118573597664));
#7304=CARTESIAN_POINT('',(-51.2376187719223,5.00000000000003,32.571987676252));
#7305=CARTESIAN_POINT('',(-51.5588385458232,5.00000000000003,32.9479840809496));
#7306=CARTESIAN_POINT('',(-51.7487395523449,5.00000000000003,33.1624056768807));
#7307=CARTESIAN_POINT('',(-52.1424485525457,5.00000000000003,33.591349750043));
#7308=CARTESIAN_POINT('',(-52.3467488331357,5.00000000000003,33.8058721335924));
#7309=CARTESIAN_POINT('',(-52.6589966408576,5.00000000000003,34.1219182378644));
#7310=CARTESIAN_POINT('',(-52.7642466687973,5.00000000000003,34.2265015972853));
#7311=CARTESIAN_POINT('',(-52.9267051151958,5.00000000000003,34.3849903811283));
#7312=CARTESIAN_POINT('',(-52.982811607004,5.00000000000003,34.4401022986355));
#7313=CARTESIAN_POINT('',(-53.0400791854613,5.00000000000003,34.4939856917422));
#7314=CARTESIAN_POINT('',(-53.0400791854613,5.00000000000005,34.4939856917422));
#7315=VECTOR('',#7316,1.);
#7316=DIRECTION('',(0.,0.,1.));
#7317=AXIS2_PLACEMENT_3D('',#7318,#7319,#7320);
#7318=CARTESIAN_POINT('',(-61.6655954667024,5.00000000000003,17.2238401295228));
#7319=DIRECTION('',(-3.6532343080139E-16,-1.,-1.02369190375989E-24));
#7320=DIRECTION('',(0.63327977284325,-2.31351938479963E-16,-0.77392294791381));
#7321=CARTESIAN_POINT('',(-55.0228858839832,7.26168224299077,34.4939856917418));
#7322=AXIS2_PLACEMENT_3D('',#7323,#7324,#7325);
#7323=CARTESIAN_POINT('',(-53.0400791854613,7.00000000000008,34.4939856917419));
#7324=DIRECTION('',(0.,0.,1.));
#7325=DIRECTION('',(-0.991403349260957,0.130841121495333,0.));
#7326=CARTESIAN_POINT('',(-55.0228858839832,7.26168224299079,34.4939856917419));
#7327=VECTOR('',#7328,1.);
#7328=DIRECTION('',(0.,0.,1.));
#7329=CARTESIAN_POINT('',(-7.26168224299065,55.0228858839832,34.4939856917418));
#7330=AXIS2_PLACEMENT_3D('',#7331,#7332,#7333);
#7331=CARTESIAN_POINT('',(-4.2242949167226E-15,-2.1121474583613E-15,34.4939856917416));
#7332=DIRECTION('',(-1.22464679914735E-16,-6.12323399573677E-17,1.));
#7333=DIRECTION('',(-0.130841121495327,0.991403349260958,4.46825308532097E-17));
#7334=CARTESIAN_POINT('',(-7.26168224299066,55.0228858839832,34.4939856917419));
#7335=VECTOR('',#7336,1.);
#7336=DIRECTION('',(0.,0.,1.));
#7337=CARTESIAN_POINT('',(-4.99999999999999,53.0400791854613,34.4939856917422));
#7338=AXIS2_PLACEMENT_3D('',#7339,#7340,#7341);
#7339=CARTESIAN_POINT('',(-7.,53.0400791854613,34.4939856917419));
#7340=DIRECTION('',(9.47150876229784E-17,0.,-1.));
#7341=DIRECTION('',(-0.130841121495327,0.991403349260958,-1.23926282871187E-17));
#7342=CARTESIAN_POINT('',(-4.99999999999999,53.0400791854613,34.4939856917422));
#7343=VECTOR('',#7344,1.);
#7344=DIRECTION('',(0.,0.,1.));
#7345=CARTESIAN_POINT('',(-4.99999999999999,49.0000000098374,1.74538117124661));
#7346=CARTESIAN_POINT('',(-4.99999999999999,49.,1.68856928439709E-10));
#7347=VECTOR('',#7348,1.);
#7348=DIRECTION('',(0.,5.63625155134752E-9,1.));
#7349=CARTESIAN_POINT('',(-4.99999999999999,49.0000000077574,32.702299084687));
#7350=AXIS2_PLACEMENT_3D('',#7351,#7352,#7353);
#7351=CARTESIAN_POINT('',(-4.99999999999999,61.6655954667024,17.2238401295228));
#7352=DIRECTION('',(-1.,5.9161731014552E-17,-1.02369189143394E-24));
#7353=DIRECTION('',(-3.74659267856503E-17,-0.63327977284325,-0.77392294791381));
#7354=CARTESIAN_POINT('',(-4.99999999999999,49.0000000077573,32.7022990844051));
#7355=VECTOR('',#7356,1.);
#7356=DIRECTION('',(0.,-3.37612651606683E-9,1.));
#7357=CARTESIAN_POINT('',(-4.99999999999999,52.9918117273891,-2.14720529007998E-9));
#7358=CARTESIAN_POINT('',(-4.99999999999998,52.8956179519226,0.0938329964000874));
#7359=CARTESIAN_POINT('',(-4.99999999999999,52.7988862797417,0.187150388262137));
#7360=CARTESIAN_POINT('',(-4.99999999999999,52.5453756901049,0.439304324614197));
#7361=CARTESIAN_POINT('',(-4.99999999999999,52.3892408253742,0.598963494580492));
#7362=CARTESIAN_POINT('',(-4.99999999999999,52.0894790199574,0.91411913574466));
#7363=CARTESIAN_POINT('',(-4.99999999999999,51.9455138726158,1.06951672591888));
#7364=CARTESIAN_POINT('',(-4.99999999999999,51.6651077430914,1.38029983792895));
#7365=CARTESIAN_POINT('',(-4.99999999999999,51.528478947561,1.53569680687861));
#7366=CARTESIAN_POINT('',(-4.99999999999999,51.2502884220365,1.86043763684848));
#7367=CARTESIAN_POINT('',(-4.99999999999999,51.1089067170621,2.03013385038044));
#7368=CARTESIAN_POINT('',(-4.99999999999999,50.8339958297528,2.36948322468569));
#7369=CARTESIAN_POINT('',(-4.99999999999999,50.7002595006083,2.53917581992062));
#7370=CARTESIAN_POINT('',(-4.99999999999999,50.4401527698531,2.87851364668004));
#7371=CARTESIAN_POINT('',(-4.99999999999999,50.3135925769749,3.04820694521275));
#7372=CARTESIAN_POINT('',(-4.99999999999999,50.0674192029788,3.38753485218254));
#7373=CARTESIAN_POINT('',(-4.99999999999999,49.9476177513028,3.5572449976765));
#7374=CARTESIAN_POINT('',(-4.99999999999999,49.6149335937086,4.04173257032909));
#7375=CARTESIAN_POINT('',(-4.99999999999999,49.4070542247747,4.36039246323185));
#7376=CARTESIAN_POINT('',(-4.99999999999999,49.0127398992629,4.99743669969291));
#7377=CARTESIAN_POINT('',(-4.99999999999999,48.8254652406163,5.31616785317977));
#7378=CARTESIAN_POINT('',(-4.99999999999999,48.4612956131613,5.97015622854827));
#7379=CARTESIAN_POINT('',(-4.99999999999999,48.2843968377032,6.30634404229016));
#7380=CARTESIAN_POINT('',(-4.99999999999999,47.9510609169679,6.97819510064628));
#7381=CARTESIAN_POINT('',(-4.99999999999999,47.7938619042791,7.31440385272788));
#7382=CARTESIAN_POINT('',(-4.99999999999999,47.5387544904255,7.8948764393304));
#7383=CARTESIAN_POINT('',(-4.99999999999999,47.4366945162516,8.13792446424757));
#7384=CARTESIAN_POINT('',(-4.99999999999999,47.2420669014321,8.62381302850031));
#7385=CARTESIAN_POINT('',(-4.99999999999999,47.1492777071937,8.86686666947334));
#7386=CARTESIAN_POINT('',(-4.99999999999999,46.8863177909212,9.59108160387569));
#7387=CARTESIAN_POINT('',(-4.99999999999999,46.7271508492803,10.0775126759472));
#7388=CARTESIAN_POINT('',(-4.99999999999999,46.4437094878725,11.0485715280458));
#7389=CARTESIAN_POINT('',(-4.99999999999999,46.3182061360976,11.5351112070231));
#7390=CARTESIAN_POINT('',(-4.99999999999999,46.0986013888098,12.5134443965198));
#7391=CARTESIAN_POINT('',(-4.99999999999999,46.0040751601586,13.0072119904028));
#7392=CARTESIAN_POINT('',(-4.99999999999999,45.8454364396449,14.0065105062739));
#7393=CARTESIAN_POINT('',(-4.99999999999999,45.7815198820477,14.5143083461961));
#7394=CARTESIAN_POINT('',(-4.99999999999999,45.6404093968273,16.0285345228419));
#7395=CARTESIAN_POINT('',(-4.99999999999999,45.6109238578298,17.0459542476214));
#7396=CARTESIAN_POINT('',(-4.99999999999999,45.6641229569829,18.5601108848466));
#7397=CARTESIAN_POINT('',(-4.99999999999999,45.6979775098458,19.0648300900389));
#7398=CARTESIAN_POINT('',(-4.99999999999999,45.7978825458891,20.0716630462811));
#7399=CARTESIAN_POINT('',(-4.99999999999999,45.8643922158736,20.5763003899876));
#7400=CARTESIAN_POINT('',(-4.99999999999999,46.0283004523901,21.5727094312262));
#7401=CARTESIAN_POINT('',(-4.99999999999999,46.1257824505636,22.0666069546573));
#7402=CARTESIAN_POINT('',(-4.99999999999999,46.3513420587438,23.0453789866429));
#7403=CARTESIAN_POINT('',(-4.99999999999999,46.4798951136627,23.5320691957688));
#7404=CARTESIAN_POINT('',(-4.99999999999999,46.7683289659237,24.4992412992988));
#7405=CARTESIAN_POINT('',(-4.99999999999999,46.9290241671141,24.9812462433276));
#7406=CARTESIAN_POINT('',(-4.99999999999999,47.1903806870351,25.689068930664));
#7407=CARTESIAN_POINT('',(-4.99999999999999,47.2796505019216,25.9197460207769));
#7408=CARTESIAN_POINT('',(-4.99999999999999,47.4663469898407,26.3807824266505));
#7409=CARTESIAN_POINT('',(-4.99999999999999,47.5639995149911,26.6114280870375));
#7410=CARTESIAN_POINT('',(-4.99999999999999,47.7677859034376,27.0724745145618));
#7411=CARTESIAN_POINT('',(-4.99999999999999,47.8741405521031,27.3030710624116));
#7412=CARTESIAN_POINT('',(-4.99999999999999,48.0957357887535,27.7641262397007));
#7413=CARTESIAN_POINT('',(-4.99999999999999,48.2112025525005,27.9947375622999));
#7414=CARTESIAN_POINT('',(-4.99999999999999,48.4434982190222,28.4405767272297));
#7415=CARTESIAN_POINT('',(-4.99999999999999,48.5600900086094,28.6562009380284));
#7416=CARTESIAN_POINT('',(-4.99999999999999,48.8018039537105,29.0873155183804));
#7417=CARTESIAN_POINT('',(-4.99999999999999,48.9271593036617,29.3029357220755));
#7418=CARTESIAN_POINT('',(-4.99999999999999,49.1868661819036,29.7340623394706));
#7419=CARTESIAN_POINT('',(-4.99999999999999,49.321486007719,29.949708651463));
#7420=CARTESIAN_POINT('',(-4.99999999999999,49.6002214066219,30.3808516522746));
#7421=CARTESIAN_POINT('',(-4.99999999999999,49.7446595957529,30.5965124337177));
#7422=CARTESIAN_POINT('',(-4.99999999999999,50.0043698611621,30.9710585041661));
#7423=CARTESIAN_POINT('',(-4.99999999999999,50.1183071522978,31.131142695025));
#7424=CARTESIAN_POINT('',(-4.99999999999999,50.3521249551775,31.4513032895349));
#7425=CARTESIAN_POINT('',(-4.99999999999999,50.4721305822926,31.6113924004019));
#7426=CARTESIAN_POINT('',(-4.99999999999999,50.7184189784609,31.9315597652785));
#7427=CARTESIAN_POINT('',(-4.99999999999999,50.8448615079434,32.091679576781));
#7428=CARTESIAN_POINT('',(-4.99999999999999,51.1043573879541,32.4118573597664));
#7429=CARTESIAN_POINT('',(-4.99999999999999,51.2376187719223,32.571987676252));
#7430=CARTESIAN_POINT('',(-4.99999999999999,51.5588385458232,32.9479840809495));
#7431=CARTESIAN_POINT('',(-4.99999999999999,51.7487395523449,33.1624056768807));
#7432=CARTESIAN_POINT('',(-4.99999999999999,52.1424485525457,33.591349750043));
#7433=CARTESIAN_POINT('',(-4.99999999999999,52.3467488331357,33.8058721335924));
#7434=CARTESIAN_POINT('',(-4.99999999999999,52.6589966408576,34.1219182378644));
#7435=CARTESIAN_POINT('',(-4.99999999999999,52.7642466687973,34.2265015972853));
#7436=CARTESIAN_POINT('',(-4.99999999999999,52.9267051151958,34.3849903811283));
#7437=CARTESIAN_POINT('',(-4.99999999999999,52.982811607004,34.4401022986355));
#7438=CARTESIAN_POINT('',(-4.99999999999999,53.0400791854613,34.4939856917422));
#7439=CARTESIAN_POINT('',(-2.99999999999999,47.0000000017084,34.4939856995418));
#7440=CARTESIAN_POINT('',(-4.99999999999999,49.0000000077573,32.7022990827132));
#7441=CARTESIAN_POINT('',(-4.99999999999999,48.900345926382,32.7964813627097));
#7442=CARTESIAN_POINT('',(-4.9861486897384,48.7135503046873,32.9722612398379));
#7443=CARTESIAN_POINT('',(-4.92866720059884,48.4508879243358,33.2147077507457));
#7444=CARTESIAN_POINT('',(-4.84554922250089,48.217069225521,33.4277098704617));
#7445=CARTESIAN_POINT('',(-4.74005141070466,48.0045607149479,33.6188914583437));
#7446=CARTESIAN_POINT('',(-4.61391540306816,47.8116066854517,33.7905546659871));
#7447=CARTESIAN_POINT('',(-4.47301291157767,47.6415070664627,33.9403997513));
#7448=CARTESIAN_POINT('',(-4.32135925769821,47.4938407932437,34.0694697379222));
#7449=CARTESIAN_POINT('',(-4.15986425787979,47.3664623635833,34.1799576428449));
#7450=CARTESIAN_POINT('',(-3.99046119412095,47.2587375054698,34.2728931058436));
#7451=CARTESIAN_POINT('',(-3.81498184325163,47.1701157576778,34.3489107115612));
#7452=CARTESIAN_POINT('',(-3.63620806162589,47.1007396418879,34.4082315970456));
#7453=CARTESIAN_POINT('',(-3.46325657297726,47.0518481851316,34.4499295462133));
#7454=CARTESIAN_POINT('',(-3.30384942093064,47.0212974300933,34.4758236170984));
#7455=CARTESIAN_POINT('',(-3.17235985320346,47.0062542763529,34.4888625171248));
#7456=CARTESIAN_POINT('',(-3.07296054823549,47.000811038779,34.4929101034731));
#7457=CARTESIAN_POINT('',(-3.0206631700394,47.0000000017095,34.4936666525257));
#7458=CARTESIAN_POINT('',(-2.99999999999999,47.0000000017084,34.4939856985406));
#7459=CARTESIAN_POINT('',(-2.99999999999999,47.0000000017084,34.4939857001425));
#7460=VECTOR('',#7461,1.);
#7461=DIRECTION('',(0.,-3.37611999690056E-9,1.));
#7462=CARTESIAN_POINT('',(3.00000000000001,47.0000000017084,34.493985699742));
#7463=CARTESIAN_POINT('',(-2.99999999999999,47.0000000017084,34.4939857001425));
#7464=VECTOR('',#7465,1.);
#7465=DIRECTION('',(1.,0.,-1.1842378929335E-15));
#7466=CARTESIAN_POINT('',(3.00000000000001,47.0000000017084,34.4939857001425));
#7467=VECTOR('',#7468,1.);
#7468=DIRECTION('',(0.,-3.37612000253198E-9,1.));
#7469=CARTESIAN_POINT('',(5.00000000000001,49.0000000077573,32.702299085157));
#7470=CARTESIAN_POINT('',(3.00000000000001,47.0000000017084,34.4939856990745));
#7471=CARTESIAN_POINT('',(3.08304779324081,47.0000000017128,34.4926606798296));
#7472=CARTESIAN_POINT('',(3.23769614293049,47.0096876440055,34.4862837262372));
#7473=CARTESIAN_POINT('',(3.44780068029501,47.0475019931216,34.4535004185156));
#7474=CARTESIAN_POINT('',(3.63308273048117,47.0999333190778,34.4089574280567));
#7475=CARTESIAN_POINT('',(3.80775199875957,47.1670416267382,34.351532491453));
#7476=CARTESIAN_POINT('',(3.98257837560873,47.2541943258959,34.2767990088395));
#7477=CARTESIAN_POINT('',(4.15365980556647,47.3620034868701,34.183811826579));
#7478=CARTESIAN_POINT('',(4.31534481430522,47.4886829846138,34.0739559138043));
#7479=CARTESIAN_POINT('',(4.46666685191796,47.6347565659932,33.9463173819457));
#7480=CARTESIAN_POINT('',(4.6044406622509,47.799309217187,33.8014197928722));
#7481=CARTESIAN_POINT('',(4.72835697850898,47.9851790078198,33.636194812149));
#7482=CARTESIAN_POINT('',(4.83288698562138,48.1884499580293,33.4535679898191));
#7483=CARTESIAN_POINT('',(4.91982849269925,48.4203483138186,33.242733058175));
#7484=CARTESIAN_POINT('',(4.97375844196594,48.6493136305657,33.0316362347014));
#7485=CARTESIAN_POINT('',(4.99649307135437,48.8481725373331,32.8458172977332));
#7486=CARTESIAN_POINT('',(5.00000000000001,48.9568283025869,32.7431470242686));
#7487=CARTESIAN_POINT('',(5.00000000000001,49.0000000077573,32.7022990838411));
#7488=CARTESIAN_POINT('',(5.00000000000001,49.0000000077573,32.7022990849691));
#7489=VECTOR('',#7490,1.);
#7490=DIRECTION('',(0.,-3.37612651565532E-9,1.));
#7491=CARTESIAN_POINT('',(5.00000000000001,49.0000000098374,1.74538117124661));
#7492=CARTESIAN_POINT('',(5.00000000000002,49.,1.6885426390445E-10));
#7493=VECTOR('',#7494,1.);
#7494=DIRECTION('',(0.,5.63625155134752E-9,1.));
#7495=CARTESIAN_POINT('',(5.00000000000002,53.0400791854613,34.4939856912972));
#7496=CARTESIAN_POINT('',(5.00000000000002,52.9918117273891,-2.14720529532469E-9));
#7497=CARTESIAN_POINT('',(5.00000000000002,52.8956179519227,0.0938329964000876));
#7498=CARTESIAN_POINT('',(5.00000000000001,52.7988862797417,0.18715038826214));
#7499=CARTESIAN_POINT('',(5.00000000000001,52.5453756901049,0.439304324614191));
#7500=CARTESIAN_POINT('',(5.00000000000001,52.3892408253742,0.59896349458048));
#7501=CARTESIAN_POINT('',(5.00000000000001,52.0894790199574,0.914119135744636));
#7502=CARTESIAN_POINT('',(5.00000000000001,51.9455138726158,1.06951672591886));
#7503=CARTESIAN_POINT('',(5.00000000000001,51.6651077430914,1.38029983792892));
#7504=CARTESIAN_POINT('',(5.00000000000001,51.528478947561,1.53569680687857));
#7505=CARTESIAN_POINT('',(5.00000000000001,51.2502884220366,1.86043763684843));
#7506=CARTESIAN_POINT('',(5.00000000000001,51.1089067170622,2.03013385038041));
#7507=CARTESIAN_POINT('',(5.00000000000001,50.8339958297528,2.36948322468566));
#7508=CARTESIAN_POINT('',(5.00000000000001,50.7002595006084,2.5391758199206));
#7509=CARTESIAN_POINT('',(5.00000000000001,50.4401527698531,2.87851364668002));
#7510=CARTESIAN_POINT('',(5.00000000000001,50.3135925769749,3.04820694521273));
#7511=CARTESIAN_POINT('',(5.00000000000001,50.0674192029788,3.38753485218254));
#7512=CARTESIAN_POINT('',(5.00000000000001,49.9476177513028,3.55724499767649));
#7513=CARTESIAN_POINT('',(5.00000000000001,49.6149335937085,4.0417325703291));
#7514=CARTESIAN_POINT('',(5.00000000000001,49.4070542247747,4.36039246323185));
#7515=CARTESIAN_POINT('',(5.00000000000001,49.0127398992629,4.99743669969291));
#7516=CARTESIAN_POINT('',(5.00000000000001,48.8254652406163,5.31616785317977));
#7517=CARTESIAN_POINT('',(5.00000000000001,48.4612956131613,5.97015622854828));
#7518=CARTESIAN_POINT('',(5.00000000000001,48.2843968377032,6.30634404229016));
#7519=CARTESIAN_POINT('',(5.00000000000001,47.9510609169679,6.97819510064628));
#7520=CARTESIAN_POINT('',(5.00000000000001,47.7938619042791,7.31440385272788));
#7521=CARTESIAN_POINT('',(5.00000000000001,47.5387544904255,7.8948764393304));
#7522=CARTESIAN_POINT('',(5.00000000000001,47.4366945162516,8.13792446424757));
#7523=CARTESIAN_POINT('',(5.00000000000001,47.2420669014321,8.6238130285003));
#7524=CARTESIAN_POINT('',(5.00000000000001,47.1492777071936,8.86686666947334));
#7525=CARTESIAN_POINT('',(5.00000000000001,46.8863177909212,9.59108160387569));
#7526=CARTESIAN_POINT('',(5.00000000000001,46.7271508492803,10.0775126759472));
#7527=CARTESIAN_POINT('',(5.00000000000001,46.4437094878725,11.0485715280458));
#7528=CARTESIAN_POINT('',(5.00000000000001,46.3182061360976,11.5351112070231));
#7529=CARTESIAN_POINT('',(5.00000000000001,46.0986013888098,12.5134443965198));
#7530=CARTESIAN_POINT('',(5.00000000000001,46.0040751601586,13.0072119904028));
#7531=CARTESIAN_POINT('',(5.00000000000001,45.8454364396449,14.0065105062739));
#7532=CARTESIAN_POINT('',(5.00000000000001,45.7815198820477,14.5143083461961));
#7533=CARTESIAN_POINT('',(5.00000000000001,45.6404093968273,16.0285345228419));
#7534=CARTESIAN_POINT('',(5.00000000000001,45.6109238578297,17.0459542476214));
#7535=CARTESIAN_POINT('',(5.00000000000001,45.6641229569829,18.5601108848466));
#7536=CARTESIAN_POINT('',(5.00000000000001,45.6979775098457,19.0648300900388));
#7537=CARTESIAN_POINT('',(5.00000000000001,45.7978825458891,20.0716630462811));
#7538=CARTESIAN_POINT('',(5.00000000000001,45.8643922158735,20.5763003899876));
#7539=CARTESIAN_POINT('',(5.00000000000001,46.0283004523901,21.5727094312262));
#7540=CARTESIAN_POINT('',(5.00000000000001,46.1257824505636,22.0666069546573));
#7541=CARTESIAN_POINT('',(5.00000000000001,46.3513420587438,23.0453789866429));
#7542=CARTESIAN_POINT('',(5.00000000000001,46.4798951136627,23.5320691957688));
#7543=CARTESIAN_POINT('',(5.00000000000001,46.7683289659237,24.4992412992988));
#7544=CARTESIAN_POINT('',(5.00000000000001,46.9290241671141,24.9812462433276));
#7545=CARTESIAN_POINT('',(5.00000000000001,47.1903806870351,25.689068930664));
#7546=CARTESIAN_POINT('',(5.00000000000001,47.2796505019216,25.9197460207769));
#7547=CARTESIAN_POINT('',(5.00000000000001,47.4663469898407,26.3807824266505));
#7548=CARTESIAN_POINT('',(5.00000000000001,47.5639995149911,26.6114280870375));
#7549=CARTESIAN_POINT('',(5.00000000000001,47.7677859034376,27.0724745145618));
#7550=CARTESIAN_POINT('',(5.00000000000001,47.8741405521031,27.3030710624116));
#7551=CARTESIAN_POINT('',(5.00000000000001,48.0957357887535,27.7641262397007));
#7552=CARTESIAN_POINT('',(5.00000000000001,48.2112025525005,27.9947375622999));
#7553=CARTESIAN_POINT('',(5.00000000000001,48.4434982190222,28.4405767272297));
#7554=CARTESIAN_POINT('',(5.00000000000001,48.5600900086094,28.6562009380285));
#7555=CARTESIAN_POINT('',(5.00000000000001,48.8018039537105,29.0873155183805));
#7556=CARTESIAN_POINT('',(5.00000000000001,48.9271593036617,29.3029357220755));
#7557=CARTESIAN_POINT('',(5.00000000000001,49.1868661819036,29.7340623394706));
#7558=CARTESIAN_POINT('',(5.00000000000001,49.321486007719,29.949708651463));
#7559=CARTESIAN_POINT('',(5.00000000000001,49.6002214066219,30.3808516522747));
#7560=CARTESIAN_POINT('',(5.00000000000001,49.7446595957529,30.5965124337177));
#7561=CARTESIAN_POINT('',(5.00000000000001,50.0043698611117,30.9710585040934));
#7562=CARTESIAN_POINT('',(5.00000000000001,50.1183071521952,31.1311426948809));
#7563=CARTESIAN_POINT('',(5.00000000000001,50.3521249549651,31.4513032892478));
#7564=CARTESIAN_POINT('',(5.00000000000001,50.4721305820224,31.6113924000433));
#7565=CARTESIAN_POINT('',(5.00000000000001,50.7184189780692,31.9315597647768));
#7566=CARTESIAN_POINT('',(5.00000000000001,50.8448615074879,32.0916795762078));
#7567=CARTESIAN_POINT('',(5.00000000000001,51.1043573873645,32.4118573590502));
#7568=CARTESIAN_POINT('',(5.00000000000001,51.2376187712621,32.5719876754642));
#7569=CARTESIAN_POINT('',(5.00000000000001,51.5588385450827,32.9479840801034));
#7570=CARTESIAN_POINT('',(5.00000000000001,51.7487395515966,33.1624056760459));
#7571=CARTESIAN_POINT('',(5.00000000000001,52.1424485517816,33.5913497492308));
#7572=CARTESIAN_POINT('',(5.00000000000001,52.3467488323635,33.8058721327915));
#7573=CARTESIAN_POINT('',(5.00000000000001,52.6589966400779,34.1219182370849));
#7574=CARTESIAN_POINT('',(5.00000000000001,52.764246668018,34.2265015965157));
#7575=CARTESIAN_POINT('',(5.00000000000001,52.9267051146741,34.3849903806244));
#7576=CARTESIAN_POINT('',(5.00000000000001,52.9828116067422,34.4401022983845));
#7577=CARTESIAN_POINT('',(5.00000000000001,53.0400791854613,34.4939856917422));
#7578=CARTESIAN_POINT('',(5.00000000000002,53.0400791854613,34.4939856912082));
#7579=VECTOR('',#7580,1.);
#7580=DIRECTION('',(0.,0.,1.));
#7581=AXIS2_PLACEMENT_3D('',#7582,#7583,#7584);
#7582=CARTESIAN_POINT('',(5.00000000000002,61.6655954667024,17.2238401295228));
#7583=DIRECTION('',(-1.,5.9161731014552E-17,-1.02369189143394E-24));
#7584=DIRECTION('',(-3.74659267856503E-17,-0.63327977284325,-0.77392294791381));
#7585=CARTESIAN_POINT('',(7.26168224299068,55.0228858839832,34.4939856922756));
#7586=AXIS2_PLACEMENT_3D('',#7587,#7588,#7589);
#7587=CARTESIAN_POINT('',(7.00000000000002,53.0400791854613,34.4939856928096));
#7588=DIRECTION('',(0.,0.,1.));
#7589=DIRECTION('',(0.130841121495328,0.991403349260958,0.));
#7590=CARTESIAN_POINT('',(7.26168224299068,55.0228858839832,34.4939856917416));
#7591=VECTOR('',#7592,1.);
#7592=DIRECTION('',(0.,0.,1.));
#7593=CARTESIAN_POINT('',(55.0228858839832,7.26168224299057,34.4939856922756));
#7594=AXIS2_PLACEMENT_3D('',#7595,#7596,#7597);
#7595=CARTESIAN_POINT('',(-4.2242949167226E-15,-2.1121474583613E-15,34.4939856917416));
#7596=DIRECTION('',(-1.22464679914735E-16,-6.12323399573677E-17,1.));
#7597=DIRECTION('',(0.991403349260958,0.130841121495325,1.29423601865445E-16));
#7598=CARTESIAN_POINT('',(55.0228858839832,7.26168224299056,34.4939856917416));
#7599=VECTOR('',#7600,1.);
#7600=DIRECTION('',(0.,0.,1.));
#7601=CARTESIAN_POINT('',(53.0400791854612,4.99999999999996,34.4939856912972));
#7602=AXIS2_PLACEMENT_3D('',#7603,#7604,#7605);
#7603=CARTESIAN_POINT('',(53.0400791854612,6.99999999999994,34.4939856928096));
#7604=DIRECTION('',(0.,0.,-1.));
#7605=DIRECTION('',(0.991403349260959,0.130841121495322,0.));
#7606=CARTESIAN_POINT('',(53.0400791854612,4.99999999999996,34.4939856912082));
#7607=VECTOR('',#7608,1.);
#7608=DIRECTION('',(0.,0.,1.));
#7609=CARTESIAN_POINT('',(49.0000000098374,4.99999999999998,1.74538117124661));
#7610=CARTESIAN_POINT('',(49.,4.99999999999998,1.68856040261289E-10));
#7611=VECTOR('',#7612,1.);
#7612=DIRECTION('',(5.63625155134753E-9,0.,1.));
#7613=CARTESIAN_POINT('',(49.0000000077574,4.99999999999998,32.702299085157));
#7614=AXIS2_PLACEMENT_3D('',#7615,#7616,#7617);
#7615=CARTESIAN_POINT('',(61.6655954667024,4.99999999999998,17.2238401295228));
#7616=DIRECTION('',(2.42858750886655E-16,1.,-1.02369187910798E-24));
#7617=DIRECTION('',(-0.63327977284325,1.53797533802238E-16,-0.77392294791381));
#7618=CARTESIAN_POINT('',(49.0000000077573,4.99999999999998,32.702299084969));
#7619=VECTOR('',#7620,1.);
#7620=DIRECTION('',(-3.37612651565526E-9,0.,1.));
#7621=CARTESIAN_POINT('',(52.9918117273891,4.99999999999998,-2.14720529532478E-9));
#7622=CARTESIAN_POINT('',(52.8956179519226,4.99999999999998,0.0938329964000871));
#7623=CARTESIAN_POINT('',(52.7988862797417,4.99999999999998,0.187150388262143));
#7624=CARTESIAN_POINT('',(52.5453756901049,4.99999999999998,0.4393043246142));
#7625=CARTESIAN_POINT('',(52.3892408253742,4.99999999999998,0.598963494580497));
#7626=CARTESIAN_POINT('',(52.0894790199574,4.99999999999998,0.914119135744663));
#7627=CARTESIAN_POINT('',(51.9455138726158,4.99999999999998,1.06951672591889));
#7628=CARTESIAN_POINT('',(51.6651077430914,4.99999999999998,1.38029983792895));
#7629=CARTESIAN_POINT('',(51.528478947561,4.99999999999998,1.53569680687862));
#7630=CARTESIAN_POINT('',(51.2502884220365,4.99999999999998,1.86043763684848));
#7631=CARTESIAN_POINT('',(51.1089067170621,4.99999999999998,2.03013385038044));
#7632=CARTESIAN_POINT('',(50.8339958297528,4.99999999999998,2.36948322468569));
#7633=CARTESIAN_POINT('',(50.7002595006083,4.99999999999998,2.53917581992063));
#7634=CARTESIAN_POINT('',(50.4401527698531,4.99999999999998,2.87851364668004));
#7635=CARTESIAN_POINT('',(50.3135925769749,4.99999999999998,3.04820694521275));
#7636=CARTESIAN_POINT('',(50.0674192029789,4.99999999999998,3.38753485218255));
#7637=CARTESIAN_POINT('',(49.9476177513028,4.99999999999998,3.5572449976765));
#7638=CARTESIAN_POINT('',(49.6149335937085,4.99999999999998,4.0417325703291));
#7639=CARTESIAN_POINT('',(49.4070542247747,4.99999999999998,4.36039246323185));
#7640=CARTESIAN_POINT('',(49.0127398992629,4.99999999999998,4.9974366996929));
#7641=CARTESIAN_POINT('',(48.8254652406164,4.99999999999998,5.31616785317977));
#7642=CARTESIAN_POINT('',(48.4612956131613,4.99999999999998,5.97015622854827));
#7643=CARTESIAN_POINT('',(48.2843968377032,4.99999999999998,6.30634404229016));
#7644=CARTESIAN_POINT('',(47.9510609169679,4.99999999999998,6.97819510064628));
#7645=CARTESIAN_POINT('',(47.7938619042791,4.99999999999998,7.31440385272788));
#7646=CARTESIAN_POINT('',(47.5387544904255,4.99999999999998,7.8948764393304));
#7647=CARTESIAN_POINT('',(47.4366945162516,4.99999999999998,8.13792446424756));
#7648=CARTESIAN_POINT('',(47.2420669014321,4.99999999999998,8.6238130285003));
#7649=CARTESIAN_POINT('',(47.1492777071937,4.99999999999998,8.86686666947334));
#7650=CARTESIAN_POINT('',(46.8863177909212,4.99999999999998,9.5910816038757));
#7651=CARTESIAN_POINT('',(46.7271508492803,4.99999999999998,10.0775126759472));
#7652=CARTESIAN_POINT('',(46.4437094878725,4.99999999999998,11.0485715280458));
#7653=CARTESIAN_POINT('',(46.3182061360976,4.99999999999998,11.5351112070231));
#7654=CARTESIAN_POINT('',(46.0986013888098,4.99999999999998,12.5134443965198));
#7655=CARTESIAN_POINT('',(46.0040751601586,4.99999999999998,13.0072119904028));
#7656=CARTESIAN_POINT('',(45.8454364396449,4.99999999999998,14.0065105062739));
#7657=CARTESIAN_POINT('',(45.7815198820476,4.99999999999998,14.5143083461961));
#7658=CARTESIAN_POINT('',(45.6404093968273,4.99999999999998,16.0285345228419));
#7659=CARTESIAN_POINT('',(45.6109238578298,4.99999999999998,17.0459542476214));
#7660=CARTESIAN_POINT('',(45.6641229569829,4.99999999999998,18.5601108848466));
#7661=CARTESIAN_POINT('',(45.6979775098458,4.99999999999998,19.0648300900389));
#7662=CARTESIAN_POINT('',(45.7978825458891,4.99999999999998,20.0716630462811));
#7663=CARTESIAN_POINT('',(45.8643922158735,4.99999999999998,20.5763003899876));
#7664=CARTESIAN_POINT('',(46.0283004523901,4.99999999999998,21.5727094312262));
#7665=CARTESIAN_POINT('',(46.1257824505636,4.99999999999998,22.0666069546573));
#7666=CARTESIAN_POINT('',(46.3513420587438,4.99999999999998,23.0453789866429));
#7667=CARTESIAN_POINT('',(46.4798951136628,4.99999999999998,23.5320691957688));
#7668=CARTESIAN_POINT('',(46.7683289659237,4.99999999999998,24.4992412992988));
#7669=CARTESIAN_POINT('',(46.9290241671141,4.99999999999998,24.9812462433276));
#7670=CARTESIAN_POINT('',(47.1903806870351,4.99999999999998,25.689068930664));
#7671=CARTESIAN_POINT('',(47.2796505019216,4.99999999999998,25.9197460207769));
#7672=CARTESIAN_POINT('',(47.4663469898407,4.99999999999998,26.3807824266505));
#7673=CARTESIAN_POINT('',(47.5639995149911,4.99999999999998,26.6114280870375));
#7674=CARTESIAN_POINT('',(47.7677859034376,4.99999999999998,27.0724745145618));
#7675=CARTESIAN_POINT('',(47.8741405521031,4.99999999999998,27.3030710624116));
#7676=CARTESIAN_POINT('',(48.0957357887535,4.99999999999998,27.7641262397007));
#7677=CARTESIAN_POINT('',(48.2112025525005,4.99999999999998,27.9947375622999));
#7678=CARTESIAN_POINT('',(48.4434982190222,4.99999999999998,28.4405767272297));
#7679=CARTESIAN_POINT('',(48.5600900086094,4.99999999999998,28.6562009380284));
#7680=CARTESIAN_POINT('',(48.8018039537105,4.99999999999998,29.0873155183805));
#7681=CARTESIAN_POINT('',(48.9271593036617,4.99999999999998,29.3029357220755));
#7682=CARTESIAN_POINT('',(49.1868661819036,4.99999999999998,29.7340623394706));
#7683=CARTESIAN_POINT('',(49.321486007719,4.99999999999998,29.949708651463));
#7684=CARTESIAN_POINT('',(49.6002214066219,4.99999999999998,30.3808516522747));
#7685=CARTESIAN_POINT('',(49.7446595957529,4.99999999999998,30.5965124337178));
#7686=CARTESIAN_POINT('',(50.0043698611117,4.99999999999998,30.9710585040934));
#7687=CARTESIAN_POINT('',(50.1183071521952,4.99999999999998,31.1311426948809));
#7688=CARTESIAN_POINT('',(50.3521249549651,4.99999999999998,31.4513032892478));
#7689=CARTESIAN_POINT('',(50.4721305820224,4.99999999999998,31.6113924000433));
#7690=CARTESIAN_POINT('',(50.7184189780692,4.99999999999998,31.9315597647768));
#7691=CARTESIAN_POINT('',(50.8448615074879,4.99999999999998,32.0916795762078));
#7692=CARTESIAN_POINT('',(51.1043573873645,4.99999999999998,32.4118573590502));
#7693=CARTESIAN_POINT('',(51.2376187712621,4.99999999999998,32.5719876754642));
#7694=CARTESIAN_POINT('',(51.5588385450827,4.99999999999998,32.9479840801034));
#7695=CARTESIAN_POINT('',(51.7487395515966,4.99999999999998,33.1624056760459));
#7696=CARTESIAN_POINT('',(52.1424485517815,4.99999999999998,33.5913497492308));
#7697=CARTESIAN_POINT('',(52.3467488323635,4.99999999999998,33.8058721327915));
#7698=CARTESIAN_POINT('',(52.6589966400779,4.99999999999998,34.1219182370848));
#7699=CARTESIAN_POINT('',(52.7642466680179,4.99999999999998,34.2265015965157));
#7700=CARTESIAN_POINT('',(52.926705114674,4.99999999999998,34.3849903806243));
#7701=CARTESIAN_POINT('',(52.9828116067422,4.99999999999998,34.4401022983845));
#7702=CARTESIAN_POINT('',(53.0400791854612,4.99999999999998,34.4939856917422));
#7703=CARTESIAN_POINT('',(47.0000000017084,2.99999999999998,34.493985699742));
#7704=CARTESIAN_POINT('',(49.0000000077573,4.99999999999998,32.7022990838411));
#7705=CARTESIAN_POINT('',(48.9003459201964,4.99999999999998,32.796481368975));
#7706=CARTESIAN_POINT('',(48.7135502874788,4.98614868805643,32.9722612557787));
#7707=CARTESIAN_POINT('',(48.4508878954548,4.92866719281304,33.2147077773123));
#7708=CARTESIAN_POINT('',(48.2170691914722,4.84554920817851,33.4277099012873));
#7709=CARTESIAN_POINT('',(48.0045606823708,4.74005139200727,33.6188914874911));
#7710=CARTESIAN_POINT('',(47.8116066567407,4.61391538176952,33.7905546914076));
#7711=CARTESIAN_POINT('',(47.6415070418724,4.47301288883319,33.9403997728696));
#7712=CARTESIAN_POINT('',(47.4938407710373,4.32135923246922,34.0694697572445));
#7713=CARTESIAN_POINT('',(47.3664623436254,4.15986422984123,34.1799576601154));
#7714=CARTESIAN_POINT('',(47.2587374900718,3.99046116664916,34.2728931190627));
#7715=CARTESIAN_POINT('',(47.1701157502292,3.81498182512613,34.3489107179346));
#7716=CARTESIAN_POINT('',(47.1007396434474,3.63620806357752,34.4082315957275));
#7717=CARTESIAN_POINT('',(47.0518481938716,3.46325660542639,34.4499295386911));
#7718=CARTESIAN_POINT('',(47.0212974423478,3.30384949339514,34.4758236069421));
#7719=CARTESIAN_POINT('',(47.0062542849086,3.17235994850816,34.4888625091915));
#7720=CARTESIAN_POINT('',(47.0008110406695,3.07296062054871,34.4929101028291));
#7721=CARTESIAN_POINT('',(47.0000000017094,3.02066320240427,34.4936666525595));
#7722=CARTESIAN_POINT('',(47.0000000017084,2.99999999999998,34.4939856990746));
#7723=CARTESIAN_POINT('',(47.0000000017084,2.99999999999998,34.4939857001425));
#7724=VECTOR('',#7725,1.);
#7725=DIRECTION('',(-3.37612000253193E-9,0.,1.));
#7726=CARTESIAN_POINT('',(47.0000000017084,-3.00000000000002,34.4939856995418));
#7727=CARTESIAN_POINT('',(47.0000000017084,2.99999999999998,34.4939857001425));
#7728=VECTOR('',#7729,1.);
#7729=DIRECTION('',(0.,-1.,0.));
#7730=CARTESIAN_POINT('',(47.0000000017084,-3.00000000000002,34.4939857001425));
#7731=VECTOR('',#7732,1.);
#7732=DIRECTION('',(-3.37611999690056E-9,0.,1.));
#7733=CARTESIAN_POINT('',(49.0000000077573,-5.00000000000002,32.702299084687));
#7734=CARTESIAN_POINT('',(47.0000000017084,-3.00000000000002,34.4939856985406));
#7735=CARTESIAN_POINT('',(47.0000000017128,-3.08304780368607,34.492660679129));
#7736=CARTESIAN_POINT('',(47.0096876464241,-3.23769617241677,34.4862837244543));
#7737=CARTESIAN_POINT('',(47.0475020046708,-3.44780073386301,34.4535004086486));
#7738=CARTESIAN_POINT('',(47.0999333405411,-3.63308279569697,34.4089574097357));
#7739=CARTESIAN_POINT('',(47.1670416555784,-3.80775206375346,34.3515324667217));
#7740=CARTESIAN_POINT('',(47.2541943559618,-3.9825784280113,34.27679898304));
#7741=CARTESIAN_POINT('',(47.3620035154397,-4.15365984541863,34.1838118018152));
#7742=CARTESIAN_POINT('',(47.4886830108252,-4.31534484419742,34.0739558910171));
#7743=CARTESIAN_POINT('',(47.6347565933852,-4.46666687736141,33.9463173579126));
#7744=CARTESIAN_POINT('',(47.7993092471575,-4.60444068476663,33.8014197663509));
#7745=CARTESIAN_POINT('',(47.9851790410398,-4.72835699805472,33.6361947824629));
#7746=CARTESIAN_POINT('',(48.1884499934987,-4.83288700129105,33.4535679577448));
#7747=CARTESIAN_POINT('',(48.4203483475593,-4.91982850264903,33.242733027304));
#7748=CARTESIAN_POINT('',(48.6493136580821,-4.97375844646479,33.031636208925));
#7749=CARTESIAN_POINT('',(48.8481725529323,-4.99649307214819,32.8458172835396));
#7750=CARTESIAN_POINT('',(48.9568283083843,-5.00000000000002,32.7431470181591));
#7751=CARTESIAN_POINT('',(49.0000000077573,-5.00000000000002,32.7022990827132));
#7752=CARTESIAN_POINT('',(49.0000000077573,-5.00000000000002,32.7022990844051));
#7753=VECTOR('',#7754,1.);
#7754=DIRECTION('',(-3.37612651606681E-9,0.,1.));
#7755=CARTESIAN_POINT('',(49.0000000098374,-5.00000000000002,1.74538117124661));
#7756=CARTESIAN_POINT('',(49.,-5.00000000000002,1.6885426390445E-10));
#7757=VECTOR('',#7758,1.);
#7758=DIRECTION('',(5.63625155134751E-9,0.,1.));
#7759=CARTESIAN_POINT('',(53.0400791854612,-5.00000000000004,34.4939856917422));
#7760=CARTESIAN_POINT('',(52.9918117273891,-5.00000000000002,-2.14720529007963E-9));
#7761=CARTESIAN_POINT('',(52.8956179519226,-5.00000000000002,0.0938329964000918));
#7762=CARTESIAN_POINT('',(52.7988862797417,-5.00000000000002,0.187150388262145));
#7763=CARTESIAN_POINT('',(52.5453756901049,-5.00000000000002,0.439304324614207));
#7764=CARTESIAN_POINT('',(52.3892408253742,-5.00000000000002,0.598963494580495));
#7765=CARTESIAN_POINT('',(52.0894790199574,-5.00000000000002,0.914119135744659));
#7766=CARTESIAN_POINT('',(51.9455138726158,-5.00000000000002,1.06951672591888));
#7767=CARTESIAN_POINT('',(51.6651077430914,-5.00000000000002,1.38029983792895));
#7768=CARTESIAN_POINT('',(51.528478947561,-5.00000000000002,1.53569680687861));
#7769=CARTESIAN_POINT('',(51.2502884220365,-5.00000000000002,1.86043763684847));
#7770=CARTESIAN_POINT('',(51.1089067170621,-5.00000000000002,2.03013385038044));
#7771=CARTESIAN_POINT('',(50.8339958297528,-5.00000000000002,2.36948322468569));
#7772=CARTESIAN_POINT('',(50.7002595006083,-5.00000000000002,2.53917581992063));
#7773=CARTESIAN_POINT('',(50.4401527698531,-5.00000000000002,2.87851364668004));
#7774=CARTESIAN_POINT('',(50.3135925769749,-5.00000000000002,3.04820694521275));
#7775=CARTESIAN_POINT('',(50.0674192029788,-5.00000000000002,3.38753485218254));
#7776=CARTESIAN_POINT('',(49.9476177513028,-5.00000000000002,3.5572449976765));
#7777=CARTESIAN_POINT('',(49.6149335937085,-5.00000000000002,4.0417325703291));
#7778=CARTESIAN_POINT('',(49.4070542247747,-5.00000000000002,4.36039246323185));
#7779=CARTESIAN_POINT('',(49.0127398992629,-5.00000000000002,4.9974366996929));
#7780=CARTESIAN_POINT('',(48.8254652406163,-5.00000000000002,5.31616785317977));
#7781=CARTESIAN_POINT('',(48.4612956131613,-5.00000000000002,5.97015622854827));
#7782=CARTESIAN_POINT('',(48.2843968377032,-5.00000000000002,6.30634404229016));
#7783=CARTESIAN_POINT('',(47.9510609169679,-5.00000000000002,6.97819510064628));
#7784=CARTESIAN_POINT('',(47.7938619042791,-5.00000000000002,7.31440385272788));
#7785=CARTESIAN_POINT('',(47.5387544904255,-5.00000000000002,7.89487643933041));
#7786=CARTESIAN_POINT('',(47.4366945162516,-5.00000000000002,8.13792446424757));
#7787=CARTESIAN_POINT('',(47.2420669014321,-5.00000000000002,8.62381302850031));
#7788=CARTESIAN_POINT('',(47.1492777071937,-5.00000000000002,8.86686666947335));
#7789=CARTESIAN_POINT('',(46.8863177909212,-5.00000000000002,9.5910816038757));
#7790=CARTESIAN_POINT('',(46.7271508492803,-5.00000000000002,10.0775126759472));
#7791=CARTESIAN_POINT('',(46.4437094878724,-5.00000000000002,11.0485715280458));
#7792=CARTESIAN_POINT('',(46.3182061360976,-5.00000000000002,11.5351112070231));
#7793=CARTESIAN_POINT('',(46.0986013888098,-5.00000000000002,12.5134443965198));
#7794=CARTESIAN_POINT('',(46.0040751601586,-5.00000000000002,13.0072119904028));
#7795=CARTESIAN_POINT('',(45.8454364396449,-5.00000000000002,14.0065105062739));
#7796=CARTESIAN_POINT('',(45.7815198820476,-5.00000000000002,14.5143083461961));
#7797=CARTESIAN_POINT('',(45.6404093968273,-5.00000000000002,16.0285345228419));
#7798=CARTESIAN_POINT('',(45.6109238578297,-5.00000000000002,17.0459542476214));
#7799=CARTESIAN_POINT('',(45.6641229569829,-5.00000000000002,18.5601108848466));
#7800=CARTESIAN_POINT('',(45.6979775098457,-5.00000000000002,19.0648300900389));
#7801=CARTESIAN_POINT('',(45.7978825458891,-5.00000000000002,20.0716630462811));
#7802=CARTESIAN_POINT('',(45.8643922158736,-5.00000000000002,20.5763003899876));
#7803=CARTESIAN_POINT('',(46.0283004523901,-5.00000000000002,21.5727094312262));
#7804=CARTESIAN_POINT('',(46.1257824505636,-5.00000000000002,22.0666069546573));
#7805=CARTESIAN_POINT('',(46.3513420587438,-5.00000000000002,23.0453789866429));
#7806=CARTESIAN_POINT('',(46.4798951136627,-5.00000000000002,23.5320691957688));
#7807=CARTESIAN_POINT('',(46.7683289659237,-5.00000000000002,24.4992412992988));
#7808=CARTESIAN_POINT('',(46.9290241671141,-5.00000000000002,24.9812462433276));
#7809=CARTESIAN_POINT('',(47.1903806870351,-5.00000000000002,25.689068930664));
#7810=CARTESIAN_POINT('',(47.2796505019216,-5.00000000000002,25.9197460207769));
#7811=CARTESIAN_POINT('',(47.4663469898407,-5.00000000000002,26.3807824266505));
#7812=CARTESIAN_POINT('',(47.5639995149911,-5.00000000000002,26.6114280870375));
#7813=CARTESIAN_POINT('',(47.7677859034376,-5.00000000000002,27.0724745145618));
#7814=CARTESIAN_POINT('',(47.8741405521031,-5.00000000000002,27.3030710624116));
#7815=CARTESIAN_POINT('',(48.0957357887535,-5.00000000000002,27.7641262397007));
#7816=CARTESIAN_POINT('',(48.2112025525005,-5.00000000000002,27.9947375622999));
#7817=CARTESIAN_POINT('',(48.4434982190222,-5.00000000000002,28.4405767272297));
#7818=CARTESIAN_POINT('',(48.5600900086094,-5.00000000000002,28.6562009380284));
#7819=CARTESIAN_POINT('',(48.8018039537105,-5.00000000000002,29.0873155183804));
#7820=CARTESIAN_POINT('',(48.9271593036617,-5.00000000000002,29.3029357220755));
#7821=CARTESIAN_POINT('',(49.1868661819036,-5.00000000000002,29.7340623394706));
#7822=CARTESIAN_POINT('',(49.321486007719,-5.00000000000002,29.949708651463));
#7823=CARTESIAN_POINT('',(49.6002214066219,-5.00000000000002,30.3808516522746));
#7824=CARTESIAN_POINT('',(49.7446595957529,-5.00000000000002,30.5965124337177));
#7825=CARTESIAN_POINT('',(50.004369861162,-5.00000000000002,30.9710585041661));
#7826=CARTESIAN_POINT('',(50.1183071522978,-5.00000000000002,31.131142695025));
#7827=CARTESIAN_POINT('',(50.3521249551775,-5.00000000000002,31.4513032895349));
#7828=CARTESIAN_POINT('',(50.4721305822926,-5.00000000000002,31.6113924004019));
#7829=CARTESIAN_POINT('',(50.7184189784608,-5.00000000000002,31.9315597652785));
#7830=CARTESIAN_POINT('',(50.8448615079434,-5.00000000000002,32.091679576781));
#7831=CARTESIAN_POINT('',(51.1043573879541,-5.00000000000002,32.4118573597664));
#7832=CARTESIAN_POINT('',(51.2376187719223,-5.00000000000002,32.571987676252));
#7833=CARTESIAN_POINT('',(51.5588385458232,-5.00000000000002,32.9479840809495));
#7834=CARTESIAN_POINT('',(51.7487395523448,-5.00000000000002,33.1624056768807));
#7835=CARTESIAN_POINT('',(52.1424485525456,-5.00000000000002,33.591349750043));
#7836=CARTESIAN_POINT('',(52.3467488331357,-5.00000000000002,33.8058721335924));
#7837=CARTESIAN_POINT('',(52.6589966408576,-5.00000000000002,34.1219182378643));
#7838=CARTESIAN_POINT('',(52.7642466687972,-5.00000000000002,34.2265015972853));
#7839=CARTESIAN_POINT('',(52.9267051151957,-5.00000000000002,34.3849903811283));
#7840=CARTESIAN_POINT('',(52.982811607004,-5.00000000000002,34.4401022986355));
#7841=CARTESIAN_POINT('',(53.0400791854612,-5.00000000000002,34.4939856917422));
#7842=CARTESIAN_POINT('',(53.0400791854612,-5.00000000000005,34.4939856917422));
#7843=VECTOR('',#7844,1.);
#7844=DIRECTION('',(0.,0.,1.));
#7845=AXIS2_PLACEMENT_3D('',#7846,#7847,#7848);
#7846=CARTESIAN_POINT('',(61.6655954667024,-5.00000000000003,17.2238401295228));
#7847=DIRECTION('',(2.42858750886655E-16,1.,-1.02369187910798E-24));
#7848=DIRECTION('',(-0.63327977284325,1.53797533802238E-16,-0.77392294791381));
#7849=CARTESIAN_POINT('',(55.0228858839832,-7.26168224299076,34.4939856917418));
#7850=AXIS2_PLACEMENT_3D('',#7851,#7852,#7853);
#7851=CARTESIAN_POINT('',(53.0400791854612,-7.00000000000007,34.4939856917419));
#7852=DIRECTION('',(0.,0.,1.));
#7853=DIRECTION('',(0.991403349260958,-0.130841121495329,0.));
#7854=CARTESIAN_POINT('',(55.0228858839832,-7.26168224299078,34.4939856917419));
#7855=VECTOR('',#7856,1.);
#7856=DIRECTION('',(0.,0.,1.));
#7857=CARTESIAN_POINT('',(7.26168224299065,-55.0228858839832,34.4939856917418));
#7858=AXIS2_PLACEMENT_3D('',#7859,#7860,#7861);
#7859=CARTESIAN_POINT('',(-4.2242949167226E-15,-2.1121474583613E-15,34.4939856917417));
#7860=DIRECTION('',(-1.22464679914735E-16,-6.12323399573677E-17,1.));
#7861=DIRECTION('',(0.130841121495327,-0.991403349260958,-4.46825308532097E-17));
#7862=CARTESIAN_POINT('',(7.26168224299065,-55.0228858839832,34.4939856917419));
#7863=VECTOR('',#7864,1.);
#7864=DIRECTION('',(0.,0.,1.));
#7865=CARTESIAN_POINT('',(4.99999999999998,-53.0400791854613,34.4939856917422));
#7866=AXIS2_PLACEMENT_3D('',#7867,#7868,#7869);
#7867=CARTESIAN_POINT('',(6.99999999999999,-53.0400791854613,34.4939856917419));
#7868=DIRECTION('',(0.,0.,-1.));
#7869=DIRECTION('',(0.130841121495327,-0.991403349260958,0.));
#7870=CARTESIAN_POINT('',(4.99999999999999,-53.0400791854613,34.4939856917422));
#7871=VECTOR('',#7872,1.);
#7872=DIRECTION('',(0.,0.,1.));
#7873=CARTESIAN_POINT('',(4.99999999999998,-49.0000000098374,1.74538117124662));
#7874=CARTESIAN_POINT('',(4.99999999999998,-49.,1.68856928439709E-10));
#7875=VECTOR('',#7876,1.);
#7876=DIRECTION('',(0.,-5.63625155134747E-9,1.));
#7877=AXIS2_PLACEMENT_3D('',#7878,#7879,#7880);
#7878=CARTESIAN_POINT('',(4.99999999999998,-61.6655954667024,17.2238401295228));
#7879=DIRECTION('',(1.,-1.81626410929287E-16,-1.02369190375989E-24));
#7880=DIRECTION('',(1.15020331463375E-16,0.63327977284325,-0.77392294791381));
#7881=CARTESIAN_POINT('',(4.99999999999998,-52.9918117273891,-2.14720529008028E-9));
#7882=CARTESIAN_POINT('',(4.99999999999998,-52.8956179519226,0.0938329964000884));
#7883=CARTESIAN_POINT('',(4.99999999999998,-52.7988862797417,0.18715038826214));
#7884=CARTESIAN_POINT('',(4.99999999999998,-52.5453756901049,0.439304324614201));
#7885=CARTESIAN_POINT('',(4.99999999999998,-52.3892408253742,0.5989634945805));
#7886=CARTESIAN_POINT('',(4.99999999999998,-52.0894790199574,0.91411913574467));
#7887=CARTESIAN_POINT('',(4.99999999999998,-51.9455138726158,1.0695167259189));
#7888=CARTESIAN_POINT('',(4.99999999999998,-51.6651077430914,1.38029983792897));
#7889=CARTESIAN_POINT('',(4.99999999999998,-51.528478947561,1.53569680687863));
#7890=CARTESIAN_POINT('',(4.99999999999998,-51.2502884220365,1.86043763684849));
#7891=CARTESIAN_POINT('',(4.99999999999998,-51.1089067170621,2.03013385038046));
#7892=CARTESIAN_POINT('',(4.99999999999998,-50.8339958297528,2.3694832246857));
#7893=CARTESIAN_POINT('',(4.99999999999998,-50.7002595006083,2.53917581992064));
#7894=CARTESIAN_POINT('',(4.99999999999998,-50.4401527698531,2.87851364668005));
#7895=CARTESIAN_POINT('',(4.99999999999998,-50.3135925769749,3.04820694521275));
#7896=CARTESIAN_POINT('',(4.99999999999998,-50.0674192029788,3.38753485218255));
#7897=CARTESIAN_POINT('',(4.99999999999998,-49.9476177513028,3.5572449976765));
#7898=CARTESIAN_POINT('',(4.99999999999998,-49.6149335937085,4.0417325703291));
#7899=CARTESIAN_POINT('',(4.99999999999998,-49.4070542247746,4.36039246323186));
#7900=CARTESIAN_POINT('',(4.99999999999998,-49.0127398992629,4.99743669969292));
#7901=CARTESIAN_POINT('',(4.99999999999998,-48.8254652406163,5.31616785317978));
#7902=CARTESIAN_POINT('',(4.99999999999998,-48.4612956131613,5.97015622854829));
#7903=CARTESIAN_POINT('',(4.99999999999998,-48.2843968377032,6.30634404229018));
#7904=CARTESIAN_POINT('',(4.99999999999998,-47.9510609169679,6.9781951006463));
#7905=CARTESIAN_POINT('',(4.99999999999998,-47.7938619042791,7.3144038527279));
#7906=CARTESIAN_POINT('',(4.99999999999998,-47.5387544904254,7.89487643933042));
#7907=CARTESIAN_POINT('',(4.99999999999998,-47.4366945162516,8.13792446424758));
#7908=CARTESIAN_POINT('',(4.99999999999998,-47.2420669014321,8.62381302850031));
#7909=CARTESIAN_POINT('',(4.99999999999998,-47.1492777071937,8.86686666947335));
#7910=CARTESIAN_POINT('',(4.99999999999998,-46.8863177909212,9.5910816038757));
#7911=CARTESIAN_POINT('',(4.99999999999998,-46.7271508492803,10.0775126759472));
#7912=CARTESIAN_POINT('',(4.99999999999998,-46.4437094878725,11.0485715280458));
#7913=CARTESIAN_POINT('',(4.99999999999998,-46.3182061360976,11.5351112070231));
#7914=CARTESIAN_POINT('',(4.99999999999998,-46.0986013888098,12.5134443965198));
#7915=CARTESIAN_POINT('',(4.99999999999998,-46.0040751601586,13.0072119904028));
#7916=CARTESIAN_POINT('',(4.99999999999998,-45.8454364396449,14.0065105062739));
#7917=CARTESIAN_POINT('',(4.99999999999998,-45.7815198820476,14.5143083461961));
#7918=CARTESIAN_POINT('',(4.99999999999998,-45.6404093968273,16.0285345228419));
#7919=CARTESIAN_POINT('',(4.99999999999998,-45.6109238578297,17.0459542476214));
#7920=CARTESIAN_POINT('',(4.99999999999998,-45.6641229569829,18.5601108848466));
#7921=CARTESIAN_POINT('',(4.99999999999998,-45.6979775098458,19.0648300900389));
#7922=CARTESIAN_POINT('',(4.99999999999998,-45.7978825458891,20.0716630462811));
#7923=CARTESIAN_POINT('',(4.99999999999998,-45.8643922158736,20.5763003899876));
#7924=CARTESIAN_POINT('',(4.99999999999998,-46.0283004523901,21.5727094312262));
#7925=CARTESIAN_POINT('',(4.99999999999998,-46.1257824505636,22.0666069546573));
#7926=CARTESIAN_POINT('',(4.99999999999998,-46.3513420587438,23.0453789866429));
#7927=CARTESIAN_POINT('',(4.99999999999998,-46.4798951136628,23.5320691957688));
#7928=CARTESIAN_POINT('',(4.99999999999998,-46.7683289659237,24.4992412992988));
#7929=CARTESIAN_POINT('',(4.99999999999998,-46.9290241671141,24.9812462433276));
#7930=CARTESIAN_POINT('',(4.99999999999998,-47.1903806870351,25.689068930664));
#7931=CARTESIAN_POINT('',(4.99999999999998,-47.2796505019217,25.9197460207769));
#7932=CARTESIAN_POINT('',(4.99999999999998,-47.4663469898407,26.3807824266505));
#7933=CARTESIAN_POINT('',(4.99999999999998,-47.5639995149911,26.6114280870375));
#7934=CARTESIAN_POINT('',(4.99999999999998,-47.7677859034376,27.0724745145618));
#7935=CARTESIAN_POINT('',(4.99999999999998,-47.8741405521031,27.3030710624116));
#7936=CARTESIAN_POINT('',(4.99999999999998,-48.0957357887535,27.7641262397007));
#7937=CARTESIAN_POINT('',(4.99999999999998,-48.2112025525005,27.9947375622999));
#7938=CARTESIAN_POINT('',(4.99999999999998,-48.4434982190222,28.4405767272297));
#7939=CARTESIAN_POINT('',(4.99999999999998,-48.5600900086094,28.6562009380284));
#7940=CARTESIAN_POINT('',(4.99999999999998,-48.8018039537105,29.0873155183805));
#7941=CARTESIAN_POINT('',(4.99999999999998,-48.9271593036617,29.3029357220756));
#7942=CARTESIAN_POINT('',(4.99999999999998,-49.1868661819036,29.7340623394706));
#7943=CARTESIAN_POINT('',(4.99999999999998,-49.321486007719,29.949708651463));
#7944=CARTESIAN_POINT('',(4.99999999999998,-49.6002214066219,30.3808516522747));
#7945=CARTESIAN_POINT('',(4.99999999999998,-49.7446595957529,30.5965124337177));
#7946=CARTESIAN_POINT('',(4.99999999999998,-50.0043698611621,30.9710585041661));
#7947=CARTESIAN_POINT('',(4.99999999999998,-50.1183071522978,31.1311426950251));
#7948=CARTESIAN_POINT('',(4.99999999999998,-50.3521249551776,31.4513032895349));
#7949=CARTESIAN_POINT('',(4.99999999999998,-50.4721305822927,31.6113924004019));
#7950=CARTESIAN_POINT('',(4.99999999999998,-50.7184189784609,31.9315597652785));
#7951=CARTESIAN_POINT('',(4.99999999999998,-50.8448615079435,32.091679576781));
#7952=CARTESIAN_POINT('',(4.99999999999998,-51.1043573879541,32.4118573597664));
#7953=CARTESIAN_POINT('',(4.99999999999998,-51.2376187719223,32.571987676252));
#7954=CARTESIAN_POINT('',(4.99999999999998,-51.5588385458232,32.9479840809495));
#7955=CARTESIAN_POINT('',(4.99999999999998,-51.7487395523449,33.1624056768807));
#7956=CARTESIAN_POINT('',(4.99999999999998,-52.1424485525457,33.591349750043));
#7957=CARTESIAN_POINT('',(4.99999999999998,-52.3467488331357,33.8058721335924));
#7958=CARTESIAN_POINT('',(4.99999999999998,-52.6589966408576,34.1219182378643));
#7959=CARTESIAN_POINT('',(4.99999999999998,-52.7642466687972,34.2265015972853));
#7960=CARTESIAN_POINT('',(4.99999999999998,-52.9267051151957,34.3849903811283));
#7961=CARTESIAN_POINT('',(4.99999999999998,-52.982811607004,34.4401022986355));
#7962=CARTESIAN_POINT('',(4.99999999999998,-53.0400791854613,34.4939856917422));
#7963=CARTESIAN_POINT('',(-2.56257342721584E-15,48.15,30.));
#7964=AXIS2_PLACEMENT_3D('',#7965,#7966,#7967);
#7965=CARTESIAN_POINT('',(-2.44929359829471E-15,50.,30.));
#7966=DIRECTION('',(-1.22464679914735E-16,-6.12323399573677E-17,1.));
#7967=DIRECTION('',(6.12323399573677E-17,-1.,-6.12323399573676E-17));
#7968=CARTESIAN_POINT('',(57.5,-1.06873773725862E-16,1.7453811792963));
#7969=AXIS2_PLACEMENT_3D('',#7970,#7971,#7972);
#7970=CARTESIAN_POINT('',(-2.13747547451724E-16,-1.06873773725862E-16,1.74538117929629));
#7971=DIRECTION('',(-1.22464679914735E-16,-6.12323399573677E-17,1.));
#7972=DIRECTION('',(1.,-9.57855335644875E-33,1.22464679914735E-16));
#7973=CARTESIAN_POINT('',(2.99999999999998,-46.3893023649724,1.39238823558604));
#7974=CARTESIAN_POINT('',(3.46347829627107,-46.4571719858856,1.40261134614139));
#7975=CARTESIAN_POINT('',(2.99999999999998,-46.3893023649724,1.39238823558601));
#7976=CARTESIAN_POINT('',(3.04423444137403,-46.3897990184935,1.39190899812825));
#7977=CARTESIAN_POINT('',(3.13750761046273,-46.3926717681678,1.39319330933103));
#7978=CARTESIAN_POINT('',(3.29196877569205,-46.4136459860077,1.3955701639201));
#7979=CARTESIAN_POINT('',(3.40451771801558,-46.4408861522432,1.39878347032109));
#7980=CARTESIAN_POINT('',(3.46347829627107,-46.4571719858856,1.40261134614139));
#7981=CARTESIAN_POINT('',(3.46347829627107,-46.4571719858856,1.40261134614139));
#7982=CARTESIAN_POINT('',(3.45828249735633,-46.4953254937944,1.36423428812831));
#7983=CARTESIAN_POINT('',(3.44745638745016,-46.5801408047032,1.27178311624799));
#7984=CARTESIAN_POINT('',(3.43339994847927,-46.7140611326888,1.09586078219679));
#7985=CARTESIAN_POINT('',(3.42497464480868,-46.8441751021813,0.873364314046811));
#7986=CARTESIAN_POINT('',(3.42553860681944,-46.9445911843386,0.631991296481246));
#7987=CARTESIAN_POINT('',(3.4326574756839,-47.0026623846413,0.42543984813773));
#7988=CARTESIAN_POINT('',(3.44213407678583,-47.0335129513688,0.259569326756066));
#7989=CARTESIAN_POINT('',(3.45198745953056,-47.0490000799061,0.126063340707323));
#7990=CARTESIAN_POINT('',(3.45957162541226,-47.0535159126518,0.040692323025153));
#7991=CARTESIAN_POINT('',(3.4634782898623,-47.0544440711274,7.09187597536243E-10));
#7992=AXIS2_PLACEMENT_3D('',#7993,#7994,#7995);
#7993=CARTESIAN_POINT('',(2.99999999999998,-45.0005484466332,-0.046834663862705));
#7994=DIRECTION('',(1.,9.24446373305874E-33,3.96508223080413E-17));
#7995=DIRECTION('',(-2.8533185723854E-17,-0.694376959169552,0.719611449724395));
#7996=CARTESIAN_POINT('',(3.46347829176614,-47.05444407095,1.40382816482543E-9));
#7997=CARTESIAN_POINT('',(3.54825554382125,-47.0746400548251,0.0189774551322981));
#7998=CARTESIAN_POINT('',(3.70425913253127,-47.1229146182989,0.0576408859073179));
#7999=CARTESIAN_POINT('',(3.91031527940615,-47.2150981644226,0.137468418342809));
#8000=CARTESIAN_POINT('',(4.08940979605758,-47.3187992940353,0.226504655169004));
#8001=CARTESIAN_POINT('',(4.25478534802034,-47.4379980876461,0.329705324107335));
#8002=CARTESIAN_POINT('',(4.41202941302722,-47.578200650773,0.451799332394264));
#8003=CARTESIAN_POINT('',(4.55733138925535,-47.7387949993143,0.592829677924299));
#8004=CARTESIAN_POINT('',(4.68794310615017,-47.9193333748244,0.752766863953618));
#8005=CARTESIAN_POINT('',(4.8005519442854,-48.1189890522855,0.931475865539227));
#8006=CARTESIAN_POINT('',(4.89313084886633,-48.3398111996601,1.1314323885875));
#8007=CARTESIAN_POINT('',(4.95760410969015,-48.5680000031776,1.34077752957712));
#8008=CARTESIAN_POINT('',(4.99288527218402,-48.7910774152207,1.54815696416737));
#8009=CARTESIAN_POINT('',(4.99999999999998,-48.9326450185173,1.68165256207097));
#8010=CARTESIAN_POINT('',(4.99999999999998,-49.0000000098374,1.74538117124662));
#8011=CARTESIAN_POINT('',(7.18239705738834,-54.3726000115798,1.43532401277731));
#8012=CARTESIAN_POINT('',(7.18114157437024,-54.4175221762458,1.39238823558607));
#8013=CARTESIAN_POINT('',(7.18114157437024,-54.4175221762458,1.39238823558607));
#8014=CARTESIAN_POINT('',(7.18128083849072,-54.4125241580514,1.39715195604236));
#8015=CARTESIAN_POINT('',(7.18155952158547,-54.4025325618071,1.40668401542995));
#8016=CARTESIAN_POINT('',(7.18197801421253,-54.3875585005742,1.42099594742316));
#8017=CARTESIAN_POINT('',(7.18225732357034,-54.3775846903003,1.43054645567611));
#8018=CARTESIAN_POINT('',(7.18239705738834,-54.3726000115798,1.43532401277731));
#8019=CARTESIAN_POINT('',(4.99999999999998,-55.274315916165,-1.38959559871067E-15));
#8020=CARTESIAN_POINT('',(5.0245931338708,-55.2719011015235,0.0080818705461134));
#8021=CARTESIAN_POINT('',(5.07344784739753,-55.266980212348,0.0239149690187432));
#8022=CARTESIAN_POINT('',(5.14676532905025,-55.2592340594742,0.0471671971985679));
#8023=CARTESIAN_POINT('',(5.21833783545406,-55.2513357440407,0.0695007125590882));
#8024=CARTESIAN_POINT('',(5.28820500179521,-55.2433068437525,0.0911032560631682));
#8025=CARTESIAN_POINT('',(5.35590389031771,-55.2352192786745,0.112007006395838));
#8026=CARTESIAN_POINT('',(5.42173449540097,-55.2270477716121,0.132490616178434));
#8027=CARTESIAN_POINT('',(5.48532678047087,-55.2188413247558,0.152631024359909));
#8028=CARTESIAN_POINT('',(5.54732378769442,-55.2105072590219,0.172843503659778));
#8029=CARTESIAN_POINT('',(5.6074690593604,-55.2020543655605,0.193285806453538));
#8030=CARTESIAN_POINT('',(5.66581734559656,-55.1934351091193,0.2142537852176));
#8031=CARTESIAN_POINT('',(5.72160614192275,-55.1847160563529,0.235753153633142));
#8032=CARTESIAN_POINT('',(5.77507681495345,-55.1758039880014,0.258156145419566));
#8033=CARTESIAN_POINT('',(5.82575325563992,-55.1667107067341,0.281534528554831));
#8034=CARTESIAN_POINT('',(5.87372786016433,-55.1573470205513,0.306156498414772));
#8035=CARTESIAN_POINT('',(5.91846629751737,-55.1477641269592,0.331834801654454));
#8036=CARTESIAN_POINT('',(5.96047055102897,-55.1378220167528,0.358801202166541));
#8037=CARTESIAN_POINT('',(5.99980204069013,-55.1274932517245,0.386913212813867));
#8038=CARTESIAN_POINT('',(6.03692542061757,-55.1166722527271,0.416179209075795));
#8039=CARTESIAN_POINT('',(6.07192568200112,-55.1053995989667,0.4461908465151));
#8040=CARTESIAN_POINT('',(6.10533486075015,-55.093603817662,0.476853400734405));
#8041=CARTESIAN_POINT('',(6.13765408044235,-55.0812157336052,0.5080915574709));
#8042=CARTESIAN_POINT('',(6.16943969915914,-55.0681170627063,0.539966877299767));
#8043=CARTESIAN_POINT('',(6.20118718812575,-55.0541837993205,0.572558973370607));
#8044=CARTESIAN_POINT('',(6.23312353859467,-55.0393827423112,0.605739029485068));
#8045=CARTESIAN_POINT('',(6.26569918744009,-55.0235615199255,0.639660587542834));
#8046=CARTESIAN_POINT('',(6.29909564515885,-55.0066688279299,0.674247602562802));
#8047=CARTESIAN_POINT('',(6.33373019279364,-54.9885137874067,0.709698981804308));
#8048=CARTESIAN_POINT('',(6.36940100970961,-54.9692146027534,0.745611826417263));
#8049=CARTESIAN_POINT('',(6.40620703018709,-54.9487303367544,0.781931464527001));
#8050=CARTESIAN_POINT('',(6.44389979855831,-54.9272086501663,0.818302343034378));
#8051=CARTESIAN_POINT('',(6.48253266703045,-54.9046232105504,0.854698838658146));
#8052=CARTESIAN_POINT('',(6.52179209474598,-54.8811598337981,0.890782791361817));
#8053=CARTESIAN_POINT('',(6.56154799336047,-54.8569003478604,0.926424294724093));
#8054=CARTESIAN_POINT('',(6.60162388672231,-54.8319564839627,0.961477149777288));
#8055=CARTESIAN_POINT('',(6.64203527989981,-54.8063189870021,0.995975803757361));
#8056=CARTESIAN_POINT('',(6.68272679857426,-54.7800196005686,1.02989746509822));
#8057=CARTESIAN_POINT('',(6.72367830654641,-54.7530657488716,1.06325266790567));
#8058=CARTESIAN_POINT('',(6.76483482329926,-54.7254864074212,1.0960251421984));
#8059=CARTESIAN_POINT('',(6.80617934728718,-54.6972842569372,1.12822963074623));
#8060=CARTESIAN_POINT('',(6.84765559739004,-54.6684881683206,1.15985017359248));
#8061=CARTESIAN_POINT('',(6.88922947065524,-54.6391120840875,1.19088827481032));
#8062=CARTESIAN_POINT('',(6.93086650223762,-54.6091702844409,1.22134455329109));
#8063=CARTESIAN_POINT('',(6.97255778196893,-54.5786582649208,1.25123682824239));
#8064=CARTESIAN_POINT('',(7.0142814248361,-54.5475802763363,1.2805716322757));
#8065=CARTESIAN_POINT('',(7.05602681565621,-54.5159317720451,1.30936183322431));
#8066=CARTESIAN_POINT('',(7.09777011472341,-54.4837177410647,1.33760946572862));
#8067=CARTESIAN_POINT('',(7.13949512979374,-54.4509370574612,1.36532052373082));
#8068=CARTESIAN_POINT('',(7.16726648463486,-54.4287224730913,1.38342511081885));
#8069=CARTESIAN_POINT('',(7.18114157437024,-54.4175221762458,1.39238823558607));
#8070=CARTESIAN_POINT('',(7.18239705738834,-54.3726000115798,1.43532401277731));
#8071=CARTESIAN_POINT('',(7.14326506112689,-54.3750861750182,1.43790820546223));
#8072=CARTESIAN_POINT('',(7.06002242327059,-54.3786582625756,1.44162103584097));
#8073=CARTESIAN_POINT('',(6.92774696996764,-54.3785981366886,1.44155802664655));
#8074=CARTESIAN_POINT('',(6.77807383363965,-54.371285821068,1.43395637405052));
#8075=CARTESIAN_POINT('',(6.61345650067059,-54.3540663774058,1.41605630255697));
#8076=CARTESIAN_POINT('',(6.43621606463376,-54.3242736397709,1.38508636930645));
#8077=CARTESIAN_POINT('',(6.25572528350285,-54.2811696179858,1.34027947647249));
#8078=CARTESIAN_POINT('',(6.0786830113441,-54.2249669113117,1.28185664467202));
#8079=CARTESIAN_POINT('',(5.91251517662501,-54.1579718432781,1.2122153026532));
#8080=CARTESIAN_POINT('',(5.75902363104403,-54.0817441080235,1.13297674382536));
#8081=CARTESIAN_POINT('',(5.61659122025673,-53.9960315904338,1.04387889083077));
#8082=CARTESIAN_POINT('',(5.48365499001956,-53.8993170042826,0.943344533791625));
#8083=CARTESIAN_POINT('',(5.36221513626305,-53.7916239666779,0.831398230132796));
#8084=CARTESIAN_POINT('',(5.25525217263243,-53.6743580680723,0.709501088529508));
#8085=CARTESIAN_POINT('',(5.16534663713422,-53.5497124512634,0.579932868936345));
#8086=CARTESIAN_POINT('',(5.09122382589215,-53.4144409668374,0.439319226539096));
#8087=CARTESIAN_POINT('',(5.0375269558884,-53.272783072442,0.292067053092867));
#8088=CARTESIAN_POINT('',(5.00651982863091,-53.129660875702,0.143292839022355));
#8089=CARTESIAN_POINT('',(4.99998286710216,-53.0366499963956,0.0466089331575608));
#8090=CARTESIAN_POINT('',(4.99999999999998,-52.9918117262885,-1.07360396128476E-9));
#8091=CARTESIAN_POINT('',(54.4175221762458,-7.18114157437025,1.39238823558607));
#8092=CARTESIAN_POINT('',(55.274315916165,-4.99999999999999,7.84585929929367E-15));
#8093=CARTESIAN_POINT('',(55.2719011015232,-5.024593133871,0.00808187054616441));
#8094=CARTESIAN_POINT('',(55.2669802123474,-5.07344784739817,0.0239149690189177));
#8095=CARTESIAN_POINT('',(55.259234059474,-5.1467653290512,0.0471671971988345));
#8096=CARTESIAN_POINT('',(55.2513357440408,-5.21833783545503,0.0695007125592399));
#8097=CARTESIAN_POINT('',(55.2433068437521,-5.2882050017957,0.0911032560632245));
#8098=CARTESIAN_POINT('',(55.2352192786747,-5.35590389031806,0.11200700639578));
#8099=CARTESIAN_POINT('',(55.2270477716118,-5.42173449540107,0.132490616178271));
#8100=CARTESIAN_POINT('',(55.218841324756,-5.48532678047077,0.152631024359621));
#8101=CARTESIAN_POINT('',(55.2105072590218,-5.54732378769407,0.172843503659336));
#8102=CARTESIAN_POINT('',(55.2020543655606,-5.60746905936019,0.193285806453283));
#8103=CARTESIAN_POINT('',(55.1934351091194,-5.66581734559668,0.214253785217129));
#8104=CARTESIAN_POINT('',(55.1847160563531,-5.72160614192295,0.235753153632858));
#8105=CARTESIAN_POINT('',(55.1758039880015,-5.7750768149534,0.258156145419112));
#8106=CARTESIAN_POINT('',(55.1667107067342,-5.82575325563987,0.281534528554321));
#8107=CARTESIAN_POINT('',(55.1573470205514,-5.87372786016414,0.306156498414348));
#8108=CARTESIAN_POINT('',(55.1477641269592,-5.91846629751723,0.33183480165407));
#8109=CARTESIAN_POINT('',(55.137822016753,-5.96047055102905,0.358801202165896));
#8110=CARTESIAN_POINT('',(55.1274932517245,-5.99980204069012,0.386913212813476));
#8111=CARTESIAN_POINT('',(55.1166722527273,-6.03692542061761,0.416179209075147));
#8112=CARTESIAN_POINT('',(55.1053995989668,-6.07192568200072,0.446190846514694));
#8113=CARTESIAN_POINT('',(55.0936038176623,-6.10533486074985,0.476853400733627));
#8114=CARTESIAN_POINT('',(55.0812157336056,-6.13765408044197,0.508091557470058));
#8115=CARTESIAN_POINT('',(55.0681170627066,-6.16943969915867,0.539966877299004));
#8116=CARTESIAN_POINT('',(55.0541837993208,-6.20118718812551,0.572558973369912));
#8117=CARTESIAN_POINT('',(55.0393827423113,-6.23312353859442,0.605739029484736));
#8118=CARTESIAN_POINT('',(55.0235615199257,-6.2656991874403,0.639660587542272));
#8119=CARTESIAN_POINT('',(55.00666882793,-6.29909564515884,0.674247602562679));
#8120=CARTESIAN_POINT('',(54.9885137874069,-6.33373019279391,0.709698981804126));
#8121=CARTESIAN_POINT('',(54.9692146027535,-6.36940100971003,0.745611826417051));
#8122=CARTESIAN_POINT('',(54.9487303367545,-6.40620703018727,0.78193146452687));
#8123=CARTESIAN_POINT('',(54.9272086501663,-6.44389979855825,0.818302343034339));
#8124=CARTESIAN_POINT('',(54.9046232105506,-6.48253266703046,0.854698838658052));
#8125=CARTESIAN_POINT('',(54.8811598337982,-6.521792094746,0.89078279136165));
#8126=CARTESIAN_POINT('',(54.8569003478605,-6.56154799336053,0.926424294723977));
#8127=CARTESIAN_POINT('',(54.8319564839628,-6.60162388672255,0.961477149777124));
#8128=CARTESIAN_POINT('',(54.806318987002,-6.64203527989979,0.995975803757513));
#8129=CARTESIAN_POINT('',(54.7800196005686,-6.68272679857442,1.02989746509834));
#8130=CARTESIAN_POINT('',(54.7530657488715,-6.72367830654674,1.06325266790577));
#8131=CARTESIAN_POINT('',(54.7254864074211,-6.76483482329962,1.09602514219856));
#8132=CARTESIAN_POINT('',(54.6972842569371,-6.80617934728749,1.12822963074636));
#8133=CARTESIAN_POINT('',(54.6684881683205,-6.84765559739033,1.15985017359259));
#8134=CARTESIAN_POINT('',(54.6391120840874,-6.88922947065551,1.1908882748104));
#8135=CARTESIAN_POINT('',(54.6091702844409,-6.93086650223799,1.22134455329105));
#8136=CARTESIAN_POINT('',(54.5786582649207,-6.97255778196896,1.25123682824247));
#8137=CARTESIAN_POINT('',(54.5475802763363,-7.01428142483621,1.28057163227565));
#8138=CARTESIAN_POINT('',(54.5159317720452,-7.05602681565635,1.3093618332242));
#8139=CARTESIAN_POINT('',(54.4837177410647,-7.09777011472343,1.3376094657286));
#8140=CARTESIAN_POINT('',(54.450937057461,-7.13949512979355,1.36532052373098));
#8141=CARTESIAN_POINT('',(54.4287224730912,-7.16726648463474,1.38342511081897));
#8142=CARTESIAN_POINT('',(54.4175221762458,-7.18114157437025,1.39238823558607));
#8143=AXIS2_PLACEMENT_3D('',#8144,#8145,#8146);
#8144=CARTESIAN_POINT('',(-1.70518379588092E-16,-8.5259189794046E-17,1.39238823558608));
#8145=DIRECTION('',(-1.22464679914735E-16,-6.12323399573677E-17,1.));
#8146=DIRECTION('',(0.130829528978545,-0.991404879122174,-4.46840442040489E-17));
#8147=CARTESIAN_POINT('',(54.3726000115797,-7.18239705738836,1.43532401277732));
#8148=CARTESIAN_POINT('',(54.4175221762458,-7.18114157437026,1.39238823558607));
#8149=CARTESIAN_POINT('',(54.4125241580514,-7.18128083849074,1.39715195604237));
#8150=CARTESIAN_POINT('',(54.4025325618071,-7.18155952158549,1.40668401542996));
#8151=CARTESIAN_POINT('',(54.3875585005742,-7.18197801421255,1.42099594742317));
#8152=CARTESIAN_POINT('',(54.3775846903003,-7.18225732357037,1.43054645567612));
#8153=CARTESIAN_POINT('',(54.3726000115797,-7.18239705738836,1.43532401277732));
#8154=CARTESIAN_POINT('',(54.3726000115797,-7.18239705738836,1.43532401277732));
#8155=CARTESIAN_POINT('',(54.3750861750183,-7.14326506112694,1.43790820546224));
#8156=CARTESIAN_POINT('',(54.3786582625757,-7.06002242327072,1.44162103584098));
#8157=CARTESIAN_POINT('',(54.3785981366885,-6.92774696996788,1.44155802664658));
#8158=CARTESIAN_POINT('',(54.3712858210681,-6.77807383363998,1.43395637405054));
#8159=CARTESIAN_POINT('',(54.3540663774059,-6.613456500671,1.41605630255703));
#8160=CARTESIAN_POINT('',(54.324273639771,-6.43621606463428,1.38508636930655));
#8161=CARTESIAN_POINT('',(54.281169617986,-6.25572528350354,1.34027947647269));
#8162=CARTESIAN_POINT('',(54.224966911312,-6.07868301134505,1.28185664467236));
#8163=CARTESIAN_POINT('',(54.1579718432786,-5.91251517662627,1.21221530265377));
#8164=CARTESIAN_POINT('',(54.0817441080243,-5.7590236310457,1.13297674382628));
#8165=CARTESIAN_POINT('',(53.9960315904352,-5.61659122025886,1.04387889083219));
#8166=CARTESIAN_POINT('',(53.8993170042847,-5.48365499002234,0.94334453379386));
#8167=CARTESIAN_POINT('',(53.7916239666811,-5.36221513626646,0.831398230136151));
#8168=CARTESIAN_POINT('',(53.6743580680768,-5.25525217263623,0.709501088534248));
#8169=CARTESIAN_POINT('',(53.549712451269,-5.16534663713787,0.579932868942208));
#8170=CARTESIAN_POINT('',(53.4144409668434,-5.09122382589493,0.439319226545296));
#8171=CARTESIAN_POINT('',(53.2727830724471,-5.03752695588989,0.292067053098231));
#8172=CARTESIAN_POINT('',(53.1296608757051,-5.00651982863125,0.143292839025517));
#8173=CARTESIAN_POINT('',(53.0366499963968,-4.9999828671022,0.0466089331587604));
#8174=CARTESIAN_POINT('',(52.9918117262885,-5.00000000000002,-1.07359955330803E-9));
#8175=CARTESIAN_POINT('',(47.05444407095,-3.46347829176615,1.40382283575491E-9));
#8176=CARTESIAN_POINT('',(47.0746400548252,-3.54825554382139,0.0189774551323247));
#8177=CARTESIAN_POINT('',(47.122914618299,-3.70425913253173,0.0576408859074342));
#8178=CARTESIAN_POINT('',(47.215098164423,-3.91031527940695,0.13746841834314));
#8179=CARTESIAN_POINT('',(47.3187992940357,-4.08940979605818,0.226504655169328));
#8180=CARTESIAN_POINT('',(47.4379980876463,-4.25478534802064,0.329705324107554));
#8181=CARTESIAN_POINT('',(47.5782006507726,-4.41202941302676,0.451799332393864));
#8182=CARTESIAN_POINT('',(47.7387949993136,-4.55733138925482,0.592829677923701));
#8183=CARTESIAN_POINT('',(47.9193333748229,-4.68794310614927,0.752766863952349));
#8184=CARTESIAN_POINT('',(48.1189890522836,-4.80055194428447,0.931475865537544));
#8185=CARTESIAN_POINT('',(48.3398111996574,-4.89313084886539,1.13143238858498));
#8186=CARTESIAN_POINT('',(48.5680000031749,-4.95760410968961,1.34077752957463));
#8187=CARTESIAN_POINT('',(48.7910774152189,-4.99288527218393,1.54815696416575));
#8188=CARTESIAN_POINT('',(48.9326450185166,-5.00000000000002,1.68165256207034));
#8189=CARTESIAN_POINT('',(49.0000000098374,-5.00000000000002,1.74538117124661));
#8190=CARTESIAN_POINT('',(46.4571719858856,-3.46347829627108,1.40261134614139));
#8191=CARTESIAN_POINT('',(46.3893023583599,-3.00000000000002,1.39238824196667));
#8192=CARTESIAN_POINT('',(46.3893023543924,-3.00000000000002,1.39238824579503));
#8193=CARTESIAN_POINT('',(46.3897990066083,-3.04423444177764,1.39190900959601));
#8194=CARTESIAN_POINT('',(46.3926717441501,-3.13750761150335,1.39319333257093));
#8195=CARTESIAN_POINT('',(46.4136459668633,-3.29196877699669,1.39557018266905));
#8196=CARTESIAN_POINT('',(46.4408861457484,-3.40451771806849,1.39878347658178));
#8197=CARTESIAN_POINT('',(46.4571719858856,-3.46347829627108,1.40261134614139));
#8198=AXIS2_PLACEMENT_3D('',#8199,#8200,#8201);
#8199=CARTESIAN_POINT('',(45.0005484466332,-3.00000000000002,-0.0468346638627058));
#8200=DIRECTION('',(-2.46519032881566E-32,-1.,-9.51619735392991E-17));
#8201=DIRECTION('',(0.999725776683395,-2.22843952161249E-18,0.0234173319313536));
#8202=CARTESIAN_POINT('',(46.4571719858856,-3.46347829627108,1.40261134614139));
#8203=CARTESIAN_POINT('',(46.4953254932335,-3.45828249750635,1.36423428796662));
#8204=CARTESIAN_POINT('',(46.5801408027634,-3.44745638796798,1.27178311569882));
#8205=CARTESIAN_POINT('',(46.7140611280174,-3.43339994971428,1.09586078099266));
#8206=CARTESIAN_POINT('',(46.8441750938959,-3.42497464696264,0.873364312270855));
#8207=CARTESIAN_POINT('',(46.9445911720599,-3.42553860994112,0.631991294543519));
#8208=CARTESIAN_POINT('',(47.0026623690113,-3.43265747957602,0.425439846475547));
#8209=CARTESIAN_POINT('',(47.0335129331592,-3.44213408124423,0.259569325569482));
#8210=CARTESIAN_POINT('',(47.0490000597172,-3.45198746440644,0.126063340053651));
#8211=CARTESIAN_POINT('',(47.0535158912696,-3.45957163052891,0.0406923228005553));
#8212=CARTESIAN_POINT('',(47.0544440491961,-3.46347829508697,7.0921091221976E-10));
#8213=CARTESIAN_POINT('',(46.3893023649724,2.99999999999998,1.39238823558604));
#8214=CARTESIAN_POINT('',(46.3893023649723,2.99999999999998,1.39238823558609));
#8215=VECTOR('',#8216,1.);
#8216=DIRECTION('',(0.,-1.,0.));
#8217=AXIS2_PLACEMENT_3D('',#8218,#8219,#8220);
#8218=CARTESIAN_POINT('',(45.0005484466332,2.99999999999998,-0.0468346638627052));
#8219=DIRECTION('',(2.46519032881566E-32,1.,9.51619735392991E-17));
#8220=DIRECTION('',(0.694376959169552,-6.84796457372496E-17,0.719611449724395));
#8221=CARTESIAN_POINT('',(46.4571719858856,3.46347829627105,1.40261134614139));
#8222=CARTESIAN_POINT('',(46.3893023649724,2.99999999999998,1.39238823558601));
#8223=CARTESIAN_POINT('',(46.3897990184935,3.04423444137403,1.39190899812825));
#8224=CARTESIAN_POINT('',(46.3926717681678,3.13750761046272,1.39319330933102));
#8225=CARTESIAN_POINT('',(46.4136459860077,3.29196877569203,1.39557016392009));
#8226=CARTESIAN_POINT('',(46.4408861522432,3.40451771801556,1.39878347032109));
#8227=CARTESIAN_POINT('',(46.4571719858856,3.46347829627105,1.40261134614139));
#8228=CARTESIAN_POINT('',(46.4571719858856,3.46347829627105,1.40261134614139));
#8229=CARTESIAN_POINT('',(46.4953254937944,3.4582824973563,1.36423428812831));
#8230=CARTESIAN_POINT('',(46.5801408047032,3.44745638745013,1.27178311624799));
#8231=CARTESIAN_POINT('',(46.7140611326888,3.43339994847925,1.09586078219681));
#8232=CARTESIAN_POINT('',(46.8441751021813,3.42497464480867,0.87336431404681));
#8233=CARTESIAN_POINT('',(46.9445911843386,3.42553860681943,0.631991296481257));
#8234=CARTESIAN_POINT('',(47.0026623846413,3.43265747568392,0.425439848137743));
#8235=CARTESIAN_POINT('',(47.0335129513688,3.44213407678585,0.259569326756083));
#8236=CARTESIAN_POINT('',(47.0490000799061,3.4519874595306,0.126063340707334));
#8237=CARTESIAN_POINT('',(47.0535159126518,3.45957162541232,0.0406923230251683));
#8238=CARTESIAN_POINT('',(47.0544440711274,3.46347828986236,7.09204250881612E-10));
#8239=CARTESIAN_POINT('',(47.05444407095,3.46347829176612,1.40382461211175E-9));
#8240=CARTESIAN_POINT('',(47.0746400548252,3.54825554382151,0.0189774551323678));
#8241=CARTESIAN_POINT('',(47.1229146182992,3.70425913253196,0.0576408859074949));
#8242=CARTESIAN_POINT('',(47.2150981644231,3.91031527940725,0.137468418343287));
#8243=CARTESIAN_POINT('',(47.3187992940362,4.08940979605908,0.226504655169821));
#8244=CARTESIAN_POINT('',(47.4379980876474,4.25478534802191,0.329705324108422));
#8245=CARTESIAN_POINT('',(47.5782006507747,4.41202941302888,0.45179933239572));
#8246=CARTESIAN_POINT('',(47.7387949993163,4.55733138925699,0.592829677926037));
#8247=CARTESIAN_POINT('',(47.9193333748271,4.68794310615191,0.752766863956021));
#8248=CARTESIAN_POINT('',(48.1189890522882,4.8005519442867,0.931475865541657));
#8249=CARTESIAN_POINT('',(48.339811199663,4.89313084886734,1.13143238859018));
#8250=CARTESIAN_POINT('',(48.5680000031802,4.95760410969072,1.34077752957946));
#8251=CARTESIAN_POINT('',(48.7910774152226,4.99288527218415,1.54815696416915));
#8252=CARTESIAN_POINT('',(48.9326450185181,4.99999999999998,1.68165256207172));
#8253=CARTESIAN_POINT('',(49.0000000098374,4.99999999999998,1.7453811712466));
#8254=CARTESIAN_POINT('',(54.3726000115798,7.18239705738834,1.43532401277732));
#8255=CARTESIAN_POINT('',(54.4175221762458,7.18114157437023,1.39238823558607));
#8256=CARTESIAN_POINT('',(54.4175221762458,7.18114157437024,1.39238823558606));
#8257=CARTESIAN_POINT('',(54.4125241580514,7.18128083849072,1.39715195604236));
#8258=CARTESIAN_POINT('',(54.4025325618071,7.18155952158547,1.40668401542995));
#8259=CARTESIAN_POINT('',(54.3875585005742,7.18197801421253,1.42099594742315));
#8260=CARTESIAN_POINT('',(54.3775846903003,7.18225732357034,1.43054645567611));
#8261=CARTESIAN_POINT('',(54.3726000115798,7.18239705738834,1.43532401277732));
#8262=CARTESIAN_POINT('',(55.2743159161647,4.99999999999998,8.34977947534184E-15));
#8263=CARTESIAN_POINT('',(55.2719011015232,5.02459313387074,0.00808187054611297));
#8264=CARTESIAN_POINT('',(55.2669802123477,5.073447847397,0.0239149690185666));
#8265=CARTESIAN_POINT('',(55.2592340594744,5.14676532904942,0.0471671971982127));
#8266=CARTESIAN_POINT('',(55.2513357440408,5.21833783545265,0.0695007125585796));
#8267=CARTESIAN_POINT('',(55.2433068437527,5.28820500179426,0.0911032560626991));
#8268=CARTESIAN_POINT('',(55.2352192786746,5.35590389031686,0.112007006395382));
#8269=CARTESIAN_POINT('',(55.227047771612,5.4217344954005,0.132490616178035));
#8270=CARTESIAN_POINT('',(55.2188413247559,5.4853267804702,0.152631024359395));
#8271=CARTESIAN_POINT('',(55.2105072590217,5.54732378769384,0.172843503659256));
#8272=CARTESIAN_POINT('',(55.2020543655604,5.60746905935976,0.193285806453068));
#8273=CARTESIAN_POINT('',(55.1934351091195,5.66581734559634,0.214253785216968));
#8274=CARTESIAN_POINT('',(55.1847160563528,5.72160614192253,0.235753153632506));
#8275=CARTESIAN_POINT('',(55.1758039880016,5.77507681495348,0.258156145418745));
#8276=CARTESIAN_POINT('',(55.1667107067342,5.82575325563994,0.281534528554328));
#8277=CARTESIAN_POINT('',(55.1573470205515,5.87372786016462,0.306156498414099));
#8278=CARTESIAN_POINT('',(55.1477641269594,5.91846629751796,0.331834801653848));
#8279=CARTESIAN_POINT('',(55.1378220167528,5.96047055102964,0.358801202165912));
#8280=CARTESIAN_POINT('',(55.1274932517245,5.99980204069072,0.386913212813508));
#8281=CARTESIAN_POINT('',(55.1166722527272,6.03692542061832,0.416179209075162));
#8282=CARTESIAN_POINT('',(55.1053995989667,6.07192568200155,0.446190846514675));
#8283=CARTESIAN_POINT('',(55.0936038176621,6.10533486075058,0.476853400733674));
#8284=CARTESIAN_POINT('',(55.0812157336055,6.13765408044279,0.508091557469944));
#8285=CARTESIAN_POINT('',(55.0681170627065,6.16943969915926,0.539966877299094));
#8286=CARTESIAN_POINT('',(55.0541837993207,6.20118718812623,0.572558973370076));
#8287=CARTESIAN_POINT('',(55.0393827423111,6.23312353859492,0.605739029484856));
#8288=CARTESIAN_POINT('',(55.0235615199256,6.26569918744076,0.6396605875426));
#8289=CARTESIAN_POINT('',(55.0066688279299,6.29909564515935,0.674247602562766));
#8290=CARTESIAN_POINT('',(54.9885137874067,6.3337301927945,0.709698981804157));
#8291=CARTESIAN_POINT('',(54.9692146027534,6.36940100971065,0.745611826417143));
#8292=CARTESIAN_POINT('',(54.9487303367541,6.40620703018767,0.781931464527455));
#8293=CARTESIAN_POINT('',(54.927208650166,6.44389979855925,0.818302343034791));
#8294=CARTESIAN_POINT('',(54.9046232105504,6.48253266703185,0.85469883865811));
#8295=CARTESIAN_POINT('',(54.8811598337979,6.52179209474684,0.890782791362005));
#8296=CARTESIAN_POINT('',(54.8569003478602,6.56154799336112,0.926424294724273));
#8297=CARTESIAN_POINT('',(54.8319564839625,6.60162388672274,0.961477149777547));
#8298=CARTESIAN_POINT('',(54.8063189870019,6.64203527990016,0.995975803757655));
#8299=CARTESIAN_POINT('',(54.7800196005686,6.68272679857507,1.02989746509819));
#8300=CARTESIAN_POINT('',(54.7530657488713,6.7236783065473,1.06325266790597));
#8301=CARTESIAN_POINT('',(54.7254864074208,6.76483482329999,1.096025142199));
#8302=CARTESIAN_POINT('',(54.6972842569369,6.80617934728819,1.12822963074643));
#8303=CARTESIAN_POINT('',(54.6684881683202,6.84765559739054,1.15985017359283));
#8304=CARTESIAN_POINT('',(54.6391120840872,6.88922947065557,1.19088827481065));
#8305=CARTESIAN_POINT('',(54.6091702844408,6.93086650223818,1.22134455329116));
#8306=CARTESIAN_POINT('',(54.5786582649206,6.97255778196918,1.2512368282426));
#8307=CARTESIAN_POINT('',(54.5475802763362,7.01428142483646,1.28057163227571));
#8308=CARTESIAN_POINT('',(54.515931772045,7.05602681565641,1.30936183322435));
#8309=CARTESIAN_POINT('',(54.4837177410646,7.09777011472353,1.33760946572863));
#8310=CARTESIAN_POINT('',(54.4509370574613,7.13949512979405,1.36532052373063));
#8311=CARTESIAN_POINT('',(54.4287224730914,7.16726648463504,1.38342511081873));
#8312=CARTESIAN_POINT('',(54.4175221762458,7.18114157437023,1.39238823558607));
#8313=CARTESIAN_POINT('',(54.3726000115798,7.18239705738834,1.43532401277732));
#8314=CARTESIAN_POINT('',(54.3750861750183,7.14326506112688,1.43790820546224));
#8315=CARTESIAN_POINT('',(54.3786582625757,7.06002242327056,1.44162103584098));
#8316=CARTESIAN_POINT('',(54.3785981366886,6.92774696996762,1.44155802664655));
#8317=CARTESIAN_POINT('',(54.3712858210681,6.77807383363964,1.43395637405052));
#8318=CARTESIAN_POINT('',(54.3540663774058,6.61345650067058,1.41605630255698));
#8319=CARTESIAN_POINT('',(54.3242736397709,6.43621606463375,1.38508636930646));
#8320=CARTESIAN_POINT('',(54.2811696179858,6.25572528350284,1.34027947647249));
#8321=CARTESIAN_POINT('',(54.2249669113117,6.07868301134408,1.28185664467201));
#8322=CARTESIAN_POINT('',(54.1579718432781,5.91251517662497,1.21221530265319));
#8323=CARTESIAN_POINT('',(54.0817441080234,5.75902363104395,1.13297674382534));
#8324=CARTESIAN_POINT('',(53.9960315904338,5.61659122025664,1.04387889083071));
#8325=CARTESIAN_POINT('',(53.8993170042824,5.48365499001945,0.943344533791559));
#8326=CARTESIAN_POINT('',(53.7916239666778,5.36221513626291,0.831398230132649));
#8327=CARTESIAN_POINT('',(53.6743580680721,5.25525217263227,0.709501088529326));
#8328=CARTESIAN_POINT('',(53.5497124512632,5.16534663713406,0.579932868936112));
#8329=CARTESIAN_POINT('',(53.4144409668372,5.09122382589205,0.439319226538851));
#8330=CARTESIAN_POINT('',(53.2727830724418,5.03752695588834,0.29206705309266));
#8331=CARTESIAN_POINT('',(53.1296608757019,5.0065198286309,0.143292839022242));
#8332=CARTESIAN_POINT('',(53.0366499963956,4.99998286710215,0.0466089331575235));
#8333=CARTESIAN_POINT('',(52.9918117262885,4.99999999999998,-1.07359924976891E-9));
#8334=CARTESIAN_POINT('',(7.18114157437025,54.4175221762458,1.39238823558607));
#8335=AXIS2_PLACEMENT_3D('',#8336,#8337,#8338);
#8336=CARTESIAN_POINT('',(-1.70518379588091E-16,-8.52591897940452E-17,1.39238823558606));
#8337=DIRECTION('',(-1.22464679914735E-16,-6.12323399573677E-17,1.));
#8338=DIRECTION('',(0.991404879122174,0.130829528978544,1.2942307938248E-16));
#8339=CARTESIAN_POINT('',(5.00000000000002,55.2743159161647,5.27013802702309E-15));
#8340=CARTESIAN_POINT('',(5.02459313387102,55.2719011015234,0.00808187054616669));
#8341=CARTESIAN_POINT('',(5.07344784739827,55.2669802123477,0.0239149690189672));
#8342=CARTESIAN_POINT('',(5.14676532905122,55.2592340594736,0.0471671971989011));
#8343=CARTESIAN_POINT('',(5.21833783545518,55.2513357440408,0.0695007125593543));
#8344=CARTESIAN_POINT('',(5.28820500179588,55.243306843752,0.0911032560633815));
#8345=CARTESIAN_POINT('',(5.35590389031817,55.2352192786746,0.112007006395893));
#8346=CARTESIAN_POINT('',(5.42173449540113,55.227047771612,0.132490616178361));
#8347=CARTESIAN_POINT('',(5.48532678047075,55.2188413247556,0.152631024359874));
#8348=CARTESIAN_POINT('',(5.54732378769437,55.2105072590221,0.172843503659579));
#8349=CARTESIAN_POINT('',(5.6074690593603,55.2020543655605,0.193285806453423));
#8350=CARTESIAN_POINT('',(5.66581734559662,55.1934351091195,0.21425378521734));
#8351=CARTESIAN_POINT('',(5.72160614192293,55.184716056353,0.235753153633074));
#8352=CARTESIAN_POINT('',(5.77507681495359,55.1758039880011,0.258156145419448));
#8353=CARTESIAN_POINT('',(5.82575325564002,55.1667107067342,0.281534528554656));
#8354=CARTESIAN_POINT('',(5.87372786016428,55.1573470205515,0.306156498414432));
#8355=CARTESIAN_POINT('',(5.91846629751745,55.1477641269592,0.331834801654285));
#8356=CARTESIAN_POINT('',(5.96047055102941,55.1378220167528,0.358801202166446));
#8357=CARTESIAN_POINT('',(5.99980204069045,55.1274932517243,0.386913212813871));
#8358=CARTESIAN_POINT('',(6.03692542061768,55.1166722527272,0.416179209075587));
#8359=CARTESIAN_POINT('',(6.07192568200094,55.1053995989669,0.446190846514443));
#8360=CARTESIAN_POINT('',(6.10533486074956,55.0936038176622,0.476853400733816));
#8361=CARTESIAN_POINT('',(6.13765408044191,55.0812157336056,0.508091557469822));
#8362=CARTESIAN_POINT('',(6.16943969915833,55.0681170627066,0.539966877299063));
#8363=CARTESIAN_POINT('',(6.20118718812544,55.054183799321,0.572558973369417));
#8364=CARTESIAN_POINT('',(6.23312353859391,55.0393827423114,0.605739029484479));
#8365=CARTESIAN_POINT('',(6.26569918743944,55.0235615199259,0.639660587542072));
#8366=CARTESIAN_POINT('',(6.29909564515844,55.0066688279303,0.674247602562222));
#8367=CARTESIAN_POINT('',(6.33373019279312,54.9885137874069,0.709698981803976));
#8368=CARTESIAN_POINT('',(6.3694010097097,54.9692146027537,0.745611826416714));
#8369=CARTESIAN_POINT('',(6.40620703018686,54.9487303367545,0.781931464526803));
#8370=CARTESIAN_POINT('',(6.44389979855875,54.9272086501665,0.818302343033793));
#8371=CARTESIAN_POINT('',(6.48253266703058,54.9046232105505,0.85469883865809));
#8372=CARTESIAN_POINT('',(6.52179209474601,54.8811598337981,0.890782791361804));
#8373=CARTESIAN_POINT('',(6.56154799336084,54.8569003478606,0.926424294723657));
#8374=CARTESIAN_POINT('',(6.60162388672202,54.8319564839627,0.96147714977734));
#8375=CARTESIAN_POINT('',(6.64203527990004,54.8063189870021,0.995975803757211));
#8376=CARTESIAN_POINT('',(6.68272679857436,54.7800196005685,1.02989746509839));
#8377=CARTESIAN_POINT('',(6.72367830654695,54.7530657488715,1.0632526679057));
#8378=CARTESIAN_POINT('',(6.76483482329935,54.725486407421,1.09602514219885));
#8379=CARTESIAN_POINT('',(6.80617934728747,54.6972842569372,1.12822963074617));
#8380=CARTESIAN_POINT('',(6.84765559738983,54.6684881683206,1.15985017359249));
#8381=CARTESIAN_POINT('',(6.88922947065504,54.6391120840877,1.19088827481002));
#8382=CARTESIAN_POINT('',(6.93086650223742,54.6091702844411,1.22134455329087));
#8383=CARTESIAN_POINT('',(6.97255778196894,54.578658264921,1.25123682824214));
#8384=CARTESIAN_POINT('',(7.01428142483588,54.5475802763363,1.28057163227568));
#8385=CARTESIAN_POINT('',(7.05602681565615,54.5159317720451,1.30936183322425));
#8386=CARTESIAN_POINT('',(7.09777011472347,54.4837177410648,1.33760946572846));
#8387=CARTESIAN_POINT('',(7.13949512979385,54.4509370574613,1.36532052373068));
#8388=CARTESIAN_POINT('',(7.16726648463492,54.4287224730913,1.38342511081879));
#8389=CARTESIAN_POINT('',(7.18114157437026,54.4175221762458,1.39238823558608));
#8390=CARTESIAN_POINT('',(7.18239705738837,54.3726000115798,1.4353240127773));
#8391=CARTESIAN_POINT('',(7.18114157437026,54.4175221762458,1.39238823558607));
#8392=CARTESIAN_POINT('',(7.18128083849074,54.4125241580514,1.39715195604237));
#8393=CARTESIAN_POINT('',(7.18155952158541,54.4025325618071,1.40668401542995));
#8394=CARTESIAN_POINT('',(7.18197801421259,54.3875585005742,1.42099594742315));
#8395=CARTESIAN_POINT('',(7.18225732357037,54.3775846903003,1.4305464556761));
#8396=CARTESIAN_POINT('',(7.18239705738837,54.3726000115798,1.4353240127773));
#8397=CARTESIAN_POINT('',(7.18239705738837,54.3726000115798,1.4353240127773));
#8398=CARTESIAN_POINT('',(7.14326506112697,54.3750861750183,1.43790820546222));
#8399=CARTESIAN_POINT('',(7.06002242327076,54.3786582625757,1.44162103584095));
#8400=CARTESIAN_POINT('',(6.92774696996793,54.3785981366885,1.44155802664656));
#8401=CARTESIAN_POINT('',(6.77807383364003,54.3712858210681,1.43395637405054));
#8402=CARTESIAN_POINT('',(6.61345650067106,54.3540663774059,1.41605630255703));
#8403=CARTESIAN_POINT('',(6.43621606463437,54.324273639771,1.38508636930655));
#8404=CARTESIAN_POINT('',(6.25572528350366,54.281169617986,1.34027947647271));
#8405=CARTESIAN_POINT('',(6.07868301134523,54.2249669113121,1.28185664467241));
#8406=CARTESIAN_POINT('',(5.91251517662651,54.1579718432788,1.21221530265387));
#8407=CARTESIAN_POINT('',(5.75902363104603,54.0817441080245,1.13297674382646));
#8408=CARTESIAN_POINT('',(5.6165912202593,53.9960315904355,1.04387889083248));
#8409=CARTESIAN_POINT('',(5.48365499002288,53.8993170042852,0.943344533794302));
#8410=CARTESIAN_POINT('',(5.36221513626713,53.7916239666818,0.83139823013683));
#8411=CARTESIAN_POINT('',(5.25525217263699,53.6743580680778,0.709501088535194));
#8412=CARTESIAN_POINT('',(5.16534663713858,53.5497124512702,0.57993286894338));
#8413=CARTESIAN_POINT('',(5.09122382589547,53.4144409668446,0.43931922654654));
#8414=CARTESIAN_POINT('',(5.03752695589018,53.2727830724482,0.292067053099307));
#8415=CARTESIAN_POINT('',(5.0065198286313,53.1296608757056,0.14329283902614));
#8416=CARTESIAN_POINT('',(4.99998286710219,53.036649996397,0.0466089331589935));
#8417=CARTESIAN_POINT('',(5.00000000000001,52.9918117262885,-1.07360071909433E-9));
#8418=CARTESIAN_POINT('',(3.46347829176613,47.05444407095,1.40382283575491E-9));
#8419=CARTESIAN_POINT('',(3.54825554382092,47.0746400548251,0.0189774551322338));
#8420=CARTESIAN_POINT('',(3.70425913253055,47.1229146182987,0.0576408859071132));
#8421=CARTESIAN_POINT('',(3.91031527940525,47.2150981644221,0.137468418342389));
#8422=CARTESIAN_POINT('',(4.0894097960573,47.3187992940351,0.226504655168812));
#8423=CARTESIAN_POINT('',(4.25478534802123,47.4379980876467,0.329705324107855));
#8424=CARTESIAN_POINT('',(4.41202941302893,47.5782006507746,0.451799332395685));
#8425=CARTESIAN_POINT('',(4.55733138925741,47.7387949993168,0.592829677926481));
#8426=CARTESIAN_POINT('',(4.68794310615171,47.9193333748268,0.752766863955781));
#8427=CARTESIAN_POINT('',(4.80055194428635,48.1189890522875,0.931475865541017));
#8428=CARTESIAN_POINT('',(4.8931308488678,48.3398111996638,1.13143238859084));
#8429=CARTESIAN_POINT('',(4.95760410969162,48.5680000031835,1.34077752958255));
#8430=CARTESIAN_POINT('',(4.99288527218447,48.7910774152262,1.54815696417257));
#8431=CARTESIAN_POINT('',(5.00000000000002,48.93264501852,1.68165256207356));
#8432=CARTESIAN_POINT('',(5.00000000000002,49.0000000098374,1.7453811712466));
#8433=CARTESIAN_POINT('',(3.46347829627107,46.4571719858856,1.4026113461414));
#8434=CARTESIAN_POINT('',(3.00000000000002,46.3893023583599,1.39238824196668));
#8435=CARTESIAN_POINT('',(3.00000000000001,46.3893023543924,1.39238824579503));
#8436=CARTESIAN_POINT('',(3.04423444177764,46.3897990066083,1.39190900959601));
#8437=CARTESIAN_POINT('',(3.13750761150334,46.3926717441501,1.39319333257093));
#8438=CARTESIAN_POINT('',(3.29196877699667,46.4136459668634,1.39557018266906));
#8439=CARTESIAN_POINT('',(3.40451771806847,46.4408861457484,1.39878347658178));
#8440=CARTESIAN_POINT('',(3.46347829627107,46.4571719858856,1.4026113461414));
#8441=AXIS2_PLACEMENT_3D('',#8442,#8443,#8444);
#8442=CARTESIAN_POINT('',(3.00000000000002,45.0005484466332,-0.0468346638627016));
#8443=DIRECTION('',(1.,0.,1.18952466924124E-16));
#8444=DIRECTION('',(-2.78554940201568E-18,0.999725776683395,0.0234173319313545));
#8445=CARTESIAN_POINT('',(3.46347829627107,46.4571719858856,1.4026113461414));
#8446=CARTESIAN_POINT('',(3.45828249750633,46.4953254932335,1.36423428796662));
#8447=CARTESIAN_POINT('',(3.44745638796797,46.5801408027634,1.27178311569883));
#8448=CARTESIAN_POINT('',(3.43339994971427,46.7140611280173,1.09586078099269));
#8449=CARTESIAN_POINT('',(3.42497464696261,46.8441750938959,0.873364312270843));
#8450=CARTESIAN_POINT('',(3.42553860994105,46.9445911720599,0.631991294543533));
#8451=CARTESIAN_POINT('',(3.43265747957592,47.0026623690112,0.42543984647555));
#8452=CARTESIAN_POINT('',(3.44213408124409,47.0335129331592,0.25956932556946));
#8453=CARTESIAN_POINT('',(3.45198746440627,47.0490000597172,0.126063340053629));
#8454=CARTESIAN_POINT('',(3.45957163052871,47.0535158912695,0.0406923228005303));
#8455=CARTESIAN_POINT('',(3.46347829508676,47.0544440491961,7.09183822777959E-10));
#8456=CARTESIAN_POINT('',(-2.99999999999999,46.3893023649724,1.39238823558604));
#8457=CARTESIAN_POINT('',(-2.99999999999999,46.3893023649723,1.39238823558609));
#8458=VECTOR('',#8459,1.);
#8459=DIRECTION('',(1.,0.,0.));
#8460=AXIS2_PLACEMENT_3D('',#8461,#8462,#8463);
#8461=CARTESIAN_POINT('',(-2.99999999999999,45.0005484466332,-0.0468346638627023));
#8462=DIRECTION('',(-1.,0.,-1.18952466924124E-16));
#8463=DIRECTION('',(-8.55995571715623E-17,0.69437695916955,0.719611449724398));
#8464=CARTESIAN_POINT('',(-3.46347829627111,46.4571719858856,1.40261134614139));
#8465=CARTESIAN_POINT('',(-2.99999999999999,46.3893023649724,1.39238823558602));
#8466=CARTESIAN_POINT('',(-3.04423444137404,46.3897990184935,1.39190899812825));
#8467=CARTESIAN_POINT('',(-3.13750761046274,46.3926717681678,1.39319330933102));
#8468=CARTESIAN_POINT('',(-3.29196877569207,46.4136459860077,1.39557016392009));
#8469=CARTESIAN_POINT('',(-3.40451771801561,46.4408861522432,1.39878347032109));
#8470=CARTESIAN_POINT('',(-3.46347829627111,46.4571719858856,1.40261134614139));
#8471=CARTESIAN_POINT('',(-3.46347829627111,46.4571719858856,1.40261134614139));
#8472=CARTESIAN_POINT('',(-3.45828249735636,46.4953254937944,1.36423428812831));
#8473=CARTESIAN_POINT('',(-3.44745638745018,46.5801408047032,1.27178311624799));
#8474=CARTESIAN_POINT('',(-3.4333999484793,46.7140611326888,1.09586078219675));
#8475=CARTESIAN_POINT('',(-3.42497464480871,46.8441751021813,0.873364314046784));
#8476=CARTESIAN_POINT('',(-3.42553860681948,46.9445911843386,0.631991296481202));
#8477=CARTESIAN_POINT('',(-3.43265747568395,47.0026623846413,0.425439848137724));
#8478=CARTESIAN_POINT('',(-3.44213407678589,47.0335129513688,0.259569326756066));
#8479=CARTESIAN_POINT('',(-3.45198745953062,47.0490000799061,0.126063340707336));
#8480=CARTESIAN_POINT('',(-3.45957162541233,47.0535159126518,0.040692323025167));
#8481=CARTESIAN_POINT('',(-3.46347828986238,47.0544440711274,7.09200032034119E-10));
#8482=CARTESIAN_POINT('',(-3.46347829176617,47.05444407095,1.40382816482543E-9));
#8483=CARTESIAN_POINT('',(-3.54825554382106,47.0746400548251,0.0189774551322545));
#8484=CARTESIAN_POINT('',(-3.70425913253083,47.1229146182988,0.057640885907189));
#8485=CARTESIAN_POINT('',(-3.91031527940558,47.2150981644223,0.137468418342559));
#8486=CARTESIAN_POINT('',(-4.08940979605753,47.3187992940352,0.22650465516895));
#8487=CARTESIAN_POINT('',(-4.25478534802079,47.4379980876464,0.3297053241076));
#8488=CARTESIAN_POINT('',(-4.41202941302838,47.5782006507741,0.451799332395228));
#8489=CARTESIAN_POINT('',(-4.55733138925672,47.738794999316,0.59282967792573));
#8490=CARTESIAN_POINT('',(-4.68794310615156,47.9193333748266,0.752766863955557));
#8491=CARTESIAN_POINT('',(-4.80055194428642,48.1189890522876,0.931475865541121));
#8492=CARTESIAN_POINT('',(-4.89313084886733,48.3398111996628,1.13143238858997));
#8493=CARTESIAN_POINT('',(-4.95760410969093,48.568000003181,1.34077752958017));
#8494=CARTESIAN_POINT('',(-4.99288527218423,48.7910774152234,1.54815696416993));
#8495=CARTESIAN_POINT('',(-4.99999999999999,48.9326450185186,1.68165256207223));
#8496=CARTESIAN_POINT('',(-4.99999999999999,49.0000000098374,1.74538117124661));
#8497=CARTESIAN_POINT('',(-7.18239705738833,54.3726000115798,1.43532401277731));
#8498=CARTESIAN_POINT('',(-7.18114157437024,54.4175221762458,1.39238823558607));
#8499=CARTESIAN_POINT('',(-7.18114157437023,54.4175221762458,1.39238823558606));
#8500=CARTESIAN_POINT('',(-7.18128083849071,54.4125241580514,1.39715195604235));
#8501=CARTESIAN_POINT('',(-7.18155952158547,54.4025325618071,1.40668401542994));
#8502=CARTESIAN_POINT('',(-7.18197801421253,54.3875585005742,1.42099594742316));
#8503=CARTESIAN_POINT('',(-7.18225732357034,54.3775846903003,1.43054645567611));
#8504=CARTESIAN_POINT('',(-7.18239705738833,54.3726000115798,1.43532401277731));
#8505=CARTESIAN_POINT('',(-4.99999999999999,55.274315916165,4.1582142663681E-15));
#8506=CARTESIAN_POINT('',(-5.02459313387135,55.2719011015235,0.00808187054626749));
#8507=CARTESIAN_POINT('',(-5.07344784739828,55.2669802123478,0.0239149690189324));
#8508=CARTESIAN_POINT('',(-5.14676532905121,55.2592340594738,0.0471671971988079));
#8509=CARTESIAN_POINT('',(-5.21833783545481,55.2513357440407,0.0695007125591616));
#8510=CARTESIAN_POINT('',(-5.28820500179581,55.2433068437525,0.0911032560631098));
#8511=CARTESIAN_POINT('',(-5.35590389031809,55.2352192786743,0.112007006395781));
#8512=CARTESIAN_POINT('',(-5.42173449540105,55.227047771612,0.132490616178093));
#8513=CARTESIAN_POINT('',(-5.48532678047074,55.2188413247559,0.152631024359522));
#8514=CARTESIAN_POINT('',(-5.54732378769428,55.2105072590221,0.172843503659248));
#8515=CARTESIAN_POINT('',(-5.60746905936027,55.2020543655605,0.193285806453064));
#8516=CARTESIAN_POINT('',(-5.66581734559672,55.1934351091193,0.214253785217054));
#8517=CARTESIAN_POINT('',(-5.72160614192308,55.1847160563533,0.235753153632588));
#8518=CARTESIAN_POINT('',(-5.77507681495382,55.1758039880016,0.258156145418831));
#8519=CARTESIAN_POINT('',(-5.82575325564027,55.1667107067342,0.281534528554351));
#8520=CARTESIAN_POINT('',(-5.87372786016464,55.1573470205513,0.306156498414095));
#8521=CARTESIAN_POINT('',(-5.91846629751788,55.1477641269593,0.331834801653903));
#8522=CARTESIAN_POINT('',(-5.9604705510296,55.1378220167529,0.358801202165876));
#8523=CARTESIAN_POINT('',(-5.99980204069062,55.1274932517245,0.386913212813574));
#8524=CARTESIAN_POINT('',(-6.03692542061797,55.1166722527273,0.416179209075182));
#8525=CARTESIAN_POINT('',(-6.0719256820014,55.1053995989668,0.44619084651434));
#8526=CARTESIAN_POINT('',(-6.10533486075016,55.0936038176623,0.476853400733448));
#8527=CARTESIAN_POINT('',(-6.1376540804423,55.0812157336056,0.50809155746955));
#8528=CARTESIAN_POINT('',(-6.16943969915854,55.0681170627067,0.539966877298773));
#8529=CARTESIAN_POINT('',(-6.20118718812522,55.054183799321,0.572558973369541));
#8530=CARTESIAN_POINT('',(-6.23312353859416,55.0393827423115,0.605739029484086));
#8531=CARTESIAN_POINT('',(-6.26569918744014,55.023561519926,0.639660587541486));
#8532=CARTESIAN_POINT('',(-6.29909564515806,55.0066688279303,0.67424760256222));
#8533=CARTESIAN_POINT('',(-6.33373019279342,54.9885137874071,0.709698981803545));
#8534=CARTESIAN_POINT('',(-6.36940100970967,54.9692146027539,0.745611826416238));
#8535=CARTESIAN_POINT('',(-6.40620703018673,54.9487303367546,0.78193146452658));
#8536=CARTESIAN_POINT('',(-6.44389979855799,54.9272086501664,0.818302343034052));
#8537=CARTESIAN_POINT('',(-6.48253266703071,54.9046232105507,0.854698838657601));
#8538=CARTESIAN_POINT('',(-6.52179209474584,54.8811598337983,0.890782791361556));
#8539=CARTESIAN_POINT('',(-6.56154799336025,54.8569003478607,0.926424294723676));
#8540=CARTESIAN_POINT('',(-6.60162388672201,54.8319564839632,0.9614771497766));
#8541=CARTESIAN_POINT('',(-6.64203527989914,54.8063189870023,0.995975803757051));
#8542=CARTESIAN_POINT('',(-6.68272679857418,54.7800196005691,1.02989746509751));
#8543=CARTESIAN_POINT('',(-6.72367830654607,54.7530657488718,1.06325266790558));
#8544=CARTESIAN_POINT('',(-6.76483482329912,54.7254864074214,1.09602514219815));
#8545=CARTESIAN_POINT('',(-6.80617934728729,54.6972842569374,1.12822963074591));
#8546=CARTESIAN_POINT('',(-6.84765559738985,54.6684881683207,1.15985017359235));
#8547=CARTESIAN_POINT('',(-6.88922947065517,54.6391120840876,1.19088827481017));
#8548=CARTESIAN_POINT('',(-6.93086650223774,54.6091702844412,1.22134455329071));
#8549=CARTESIAN_POINT('',(-6.9725577819686,54.5786582649209,1.25123682824234));
#8550=CARTESIAN_POINT('',(-7.0142814248362,54.5475802763366,1.28057163227533));
#8551=CARTESIAN_POINT('',(-7.05602681565604,54.5159317720451,1.30936183322428));
#8552=CARTESIAN_POINT('',(-7.09777011472359,54.4837177410649,1.33760946572843));
#8553=CARTESIAN_POINT('',(-7.13949512979357,54.450937057461,1.36532052373093));
#8554=CARTESIAN_POINT('',(-7.16726648463471,54.4287224730911,1.38342511081897));
#8555=CARTESIAN_POINT('',(-7.18114157437025,54.4175221762458,1.39238823558607));
#8556=CARTESIAN_POINT('',(-7.18239705738833,54.3726000115798,1.43532401277731));
#8557=CARTESIAN_POINT('',(-7.14326506112686,54.3750861750183,1.43790820546224));
#8558=CARTESIAN_POINT('',(-7.06002242327051,54.3786582625757,1.44162103584098));
#8559=CARTESIAN_POINT('',(-6.9277469699675,54.3785981366885,1.44155802664655));
#8560=CARTESIAN_POINT('',(-6.77807383363947,54.3712858210681,1.43395637405051));
#8561=CARTESIAN_POINT('',(-6.61345650067036,54.3540663774058,1.41605630255694));
#8562=CARTESIAN_POINT('',(-6.43621606463346,54.3242736397708,1.38508636930639));
#8563=CARTESIAN_POINT('',(-6.25572528350241,54.2811696179857,1.34027947647237));
#8564=CARTESIAN_POINT('',(-6.07868301134348,54.2249669113115,1.28185664467181));
#8565=CARTESIAN_POINT('',(-5.9125151766242,54.1579718432777,1.21221530265283));
#8566=CARTESIAN_POINT('',(-5.75902363104293,54.0817441080229,1.13297674382476));
#8567=CARTESIAN_POINT('',(-5.61659122025529,53.9960315904329,1.04387889082981));
#8568=CARTESIAN_POINT('',(-5.48365499001773,53.8993170042811,0.943344533790148));
#8569=CARTESIAN_POINT('',(-5.36221513626076,53.7916239666757,0.8313982301305));
#8570=CARTESIAN_POINT('',(-5.2552521726299,53.6743580680692,0.709501088526327));
#8571=CARTESIAN_POINT('',(-5.16534663713178,53.5497124512596,0.579932868932374));
#8572=CARTESIAN_POINT('',(-5.09122382589032,53.4144409668334,0.439319226534905));
#8573=CARTESIAN_POINT('',(-5.03752695588742,53.2727830724385,0.292067053089235));
#8574=CARTESIAN_POINT('',(-5.00651982863072,53.1296608757,0.143292839020243));
#8575=CARTESIAN_POINT('',(-4.99998286710217,53.0366499963948,0.0466089331567684));
#8576=CARTESIAN_POINT('',(-4.99999999999999,52.9918117262885,-1.07360132879538E-9));
#8577=CARTESIAN_POINT('',(-54.4175221762458,7.18114157437031,1.39238823558606));
#8578=AXIS2_PLACEMENT_3D('',#8579,#8580,#8581);
#8579=CARTESIAN_POINT('',(-1.70518379588091E-16,-8.52591897940457E-17,1.39238823558607));
#8580=DIRECTION('',(-1.22464679914735E-16,-6.12323399573677E-17,1.));
#8581=DIRECTION('',(-0.130829528978544,0.991404879122174,4.46840442040489E-17));
#8582=CARTESIAN_POINT('',(-55.274315916165,5.00000000000003,-5.07724063163623E-15));
#8583=CARTESIAN_POINT('',(-55.2719011015236,5.02459313387144,0.00808187054626227));
#8584=CARTESIAN_POINT('',(-55.2669802123481,5.07344784739836,0.0239149690188921));
#8585=CARTESIAN_POINT('',(-55.259234059474,5.14676532905128,0.0471671971987282));
#8586=CARTESIAN_POINT('',(-55.251335744041,5.21833783545475,0.0695007125589666));
#8587=CARTESIAN_POINT('',(-55.2433068437523,5.28820500179585,0.0911032560630488));
#8588=CARTESIAN_POINT('',(-55.2352192786744,5.35590389031829,0.112007006395632));
#8589=CARTESIAN_POINT('',(-55.2270477716123,5.42173449540159,0.132490616177987));
#8590=CARTESIAN_POINT('',(-55.2188413247557,5.485326780471,0.152631024359409));
#8591=CARTESIAN_POINT('',(-55.210507259022,5.54732378769439,0.172843503659113));
#8592=CARTESIAN_POINT('',(-55.2020543655603,5.60746905936038,0.193285806452923));
#8593=CARTESIAN_POINT('',(-55.1934351091195,5.66581734559712,0.214253785216934));
#8594=CARTESIAN_POINT('',(-55.1847160563527,5.7216061419234,0.23575315363264));
#8595=CARTESIAN_POINT('',(-55.1758039880018,5.77507681495417,0.258156145418623));
#8596=CARTESIAN_POINT('',(-55.1667107067341,5.82575325564034,0.281534528554103));
#8597=CARTESIAN_POINT('',(-55.1573470205515,5.8737278601648,0.306156498413962));
#8598=CARTESIAN_POINT('',(-55.1477641269593,5.91846629751811,0.33183480165361));
#8599=CARTESIAN_POINT('',(-55.1378220167529,5.96047055102964,0.358801202165788));
#8600=CARTESIAN_POINT('',(-55.1274932517246,5.99980204069083,0.386913212812957));
#8601=CARTESIAN_POINT('',(-55.1166722527272,6.03692542061795,0.416179209075158));
#8602=CARTESIAN_POINT('',(-55.1053995989669,6.07192568200175,0.446190846513856));
#8603=CARTESIAN_POINT('',(-55.0936038176623,6.10533486075039,0.476853400733659));
#8604=CARTESIAN_POINT('',(-55.0812157336054,6.13765408044286,0.508091557469799));
#8605=CARTESIAN_POINT('',(-55.0681170627065,6.16943969915955,0.539966877299268));
#8606=CARTESIAN_POINT('',(-55.0541837993206,6.20118718812625,0.572558973370146));
#8607=CARTESIAN_POINT('',(-55.0393827423113,6.23312353859539,0.605739029484694));
#8608=CARTESIAN_POINT('',(-55.0235615199256,6.26569918744146,0.639660587542256));
#8609=CARTESIAN_POINT('',(-55.0066688279297,6.29909564515929,0.674247602563302));
#8610=CARTESIAN_POINT('',(-54.9885137874067,6.33373019279539,0.709698981803955));
#8611=CARTESIAN_POINT('',(-54.9692146027533,6.36940100971038,0.745611826417488));
#8612=CARTESIAN_POINT('',(-54.9487303367544,6.4062070301883,0.781931464526584));
#8613=CARTESIAN_POINT('',(-54.9272086501662,6.44389979855897,0.818302343034374));
#8614=CARTESIAN_POINT('',(-54.9046232105503,6.48253266703149,0.854698838658438));
#8615=CARTESIAN_POINT('',(-54.8811598337977,6.52179209474714,0.890782791362261));
#8616=CARTESIAN_POINT('',(-54.8569003478599,6.56154799336135,0.926424294724819));
#8617=CARTESIAN_POINT('',(-54.8319564839625,6.6016238867234,0.961477149777354));
#8618=CARTESIAN_POINT('',(-54.8063189870016,6.64203527990006,0.995975803758004));
#8619=CARTESIAN_POINT('',(-54.7800196005686,6.68272679857514,1.02989746509817));
#8620=CARTESIAN_POINT('',(-54.7530657488713,6.72367830654682,1.06325266790618));
#8621=CARTESIAN_POINT('',(-54.725486407421,6.76483482329996,1.09602514219856));
#8622=CARTESIAN_POINT('',(-54.6972842569369,6.80617934728769,1.12822963074651));
#8623=CARTESIAN_POINT('',(-54.6684881683203,6.84765559739052,1.1598501735927));
#8624=CARTESIAN_POINT('',(-54.6391120840873,6.88922947065582,1.19088827481044));
#8625=CARTESIAN_POINT('',(-54.6091702844406,6.93086650223806,1.22134455329143));
#8626=CARTESIAN_POINT('',(-54.5786582649205,6.97255778196943,1.25123682824259));
#8627=CARTESIAN_POINT('',(-54.5475802763362,7.01428142483658,1.2805716322758));
#8628=CARTESIAN_POINT('',(-54.515931772045,7.05602681565646,1.30936183322435));
#8629=CARTESIAN_POINT('',(-54.4837177410647,7.09777011472366,1.33760946572857));
#8630=CARTESIAN_POINT('',(-54.4509370574613,7.1394951297941,1.36532052373062));
#8631=CARTESIAN_POINT('',(-54.4287224730914,7.16726648463509,1.38342511081874));
#8632=CARTESIAN_POINT('',(-54.4175221762458,7.18114157437029,1.39238823558606));
#8633=CARTESIAN_POINT('',(-54.3726000115797,7.18239705738842,1.43532401277733));
#8634=CARTESIAN_POINT('',(-54.4175221762458,7.18114157437032,1.39238823558605));
#8635=CARTESIAN_POINT('',(-54.4125241580514,7.18128083849079,1.39715195604234));
#8636=CARTESIAN_POINT('',(-54.4025325618071,7.18155952158543,1.40668401542995));
#8637=CARTESIAN_POINT('',(-54.3875585005742,7.18197801421272,1.42099594742316));
#8638=CARTESIAN_POINT('',(-54.3775846903002,7.18225732357042,1.43054645567614));
#8639=CARTESIAN_POINT('',(-54.3726000115797,7.18239705738842,1.43532401277733));
#8640=CARTESIAN_POINT('',(-54.3726000115797,7.18239705738842,1.43532401277733));
#8641=CARTESIAN_POINT('',(-54.3750861750182,7.14326506112699,1.43790820546225));
#8642=CARTESIAN_POINT('',(-54.3786582625756,7.06002242327071,1.44162103584098));
#8643=CARTESIAN_POINT('',(-54.3785981366885,6.9277469699678,1.44155802664658));
#8644=CARTESIAN_POINT('',(-54.371285821068,6.77807383363979,1.43395637405053));
#8645=CARTESIAN_POINT('',(-54.3540663774059,6.61345650067076,1.41605630255701));
#8646=CARTESIAN_POINT('',(-54.3242736397709,6.43621606463398,1.38508636930647));
#8647=CARTESIAN_POINT('',(-54.2811696179859,6.25572528350315,1.34027947647258));
#8648=CARTESIAN_POINT('',(-54.2249669113118,6.0786830113445,1.28185664467215));
#8649=CARTESIAN_POINT('',(-54.1579718432783,5.91251517662553,1.21221530265344));
#8650=CARTESIAN_POINT('',(-54.0817441080238,5.75902363104471,1.13297674382571));
#8651=CARTESIAN_POINT('',(-53.9960315904343,5.61659122025758,1.04387889083131));
#8652=CARTESIAN_POINT('',(-53.8993170042834,5.48365499002066,0.943344533792476));
#8653=CARTESIAN_POINT('',(-53.7916239666791,5.36221513626437,0.831398230134053));
#8654=CARTESIAN_POINT('',(-53.674358068074,5.2552521726339,0.709501088531296));
#8655=CARTESIAN_POINT('',(-53.5497124512655,5.16534663713562,0.579932868938537));
#8656=CARTESIAN_POINT('',(-53.4144409668397,5.09122382589324,0.439319226541427));
#8657=CARTESIAN_POINT('',(-53.2727830724439,5.03752695588899,0.292067053094873));
#8658=CARTESIAN_POINT('',(-53.1296608757031,5.00651982863107,0.14329283902354));
#8659=CARTESIAN_POINT('',(-53.036649996396,4.99998286710221,0.0466089331580089));
#8660=CARTESIAN_POINT('',(-52.9918117262884,5.00000000000003,-1.07360573677207E-9));
#8661=CARTESIAN_POINT('',(-47.05444407095,3.46347829176621,1.40382638846859E-9));
#8662=CARTESIAN_POINT('',(-47.0746400548252,3.54825554382167,0.0189774551323813));
#8663=CARTESIAN_POINT('',(-47.1229146182992,3.7042591325322,0.0576408859075888));
#8664=CARTESIAN_POINT('',(-47.2150981644232,3.91031527940757,0.137468418343387));
#8665=CARTESIAN_POINT('',(-47.3187992940364,4.08940979605929,0.22650465516994));
#8666=CARTESIAN_POINT('',(-47.4379980876474,4.25478534802202,0.329705324108482));
#8667=CARTESIAN_POINT('',(-47.5782006507745,4.41202941302876,0.451799332395568));
#8668=CARTESIAN_POINT('',(-47.7387949993157,4.55733138925646,0.592829677925481));
#8669=CARTESIAN_POINT('',(-47.9193333748256,4.68794310615096,0.75276686395469));
#8670=CARTESIAN_POINT('',(-48.118989052286,4.80055194428568,0.931475865539721));
#8671=CARTESIAN_POINT('',(-48.3398111996605,4.8931308488665,1.13143238858785));
#8672=CARTESIAN_POINT('',(-48.5680000031778,4.95760410969025,1.34077752957726));
#8673=CARTESIAN_POINT('',(-48.791077415221,4.99288527218408,1.54815696416766));
#8674=CARTESIAN_POINT('',(-48.9326450185174,5.00000000000003,1.6816525620711));
#8675=CARTESIAN_POINT('',(-49.0000000098374,5.00000000000003,1.7453811712466));
#8676=CARTESIAN_POINT('',(-46.4571719858856,3.46347829627115,1.40261134614139));
#8677=CARTESIAN_POINT('',(-46.3893023583599,3.00000000000003,1.39238824196668));
#8678=CARTESIAN_POINT('',(-46.3893023543924,3.00000000000003,1.39238824579503));
#8679=CARTESIAN_POINT('',(-46.3897990066083,3.04423444177765,1.39190900959601));
#8680=CARTESIAN_POINT('',(-46.3926717441501,3.13750761150337,1.39319333257092));
#8681=CARTESIAN_POINT('',(-46.4136459668633,3.29196877699672,1.39557018266906));
#8682=CARTESIAN_POINT('',(-46.4408861457485,3.40451771806854,1.39878347658177));
#8683=CARTESIAN_POINT('',(-46.4571719858856,3.46347829627115,1.40261134614139));
#8684=AXIS2_PLACEMENT_3D('',#8685,#8686,#8687);
#8685=CARTESIAN_POINT('',(-45.0005484466332,3.00000000000003,-0.0468346638627006));
#8686=DIRECTION('',(5.07530525542929E-16,1.,-1.66533453693773E-16));
#8687=DIRECTION('',(-0.999725776683395,5.11291118001757E-16,0.0234173319313489));
#8688=CARTESIAN_POINT('',(-46.4571719858856,3.46347829627115,1.40261134614139));
#8689=CARTESIAN_POINT('',(-46.4953254932336,3.45828249750641,1.36423428796662));
#8690=CARTESIAN_POINT('',(-46.5801408027634,3.44745638796805,1.27178311569883));
#8691=CARTESIAN_POINT('',(-46.7140611280173,3.43339994971435,1.09586078099268));
#8692=CARTESIAN_POINT('',(-46.8441750938959,3.4249746469627,0.873364312270859));
#8693=CARTESIAN_POINT('',(-46.9445911720599,3.42553860994116,0.631991294543531));
#8694=CARTESIAN_POINT('',(-47.0026623690113,3.43265747957606,0.42543984647555));
#8695=CARTESIAN_POINT('',(-47.0335129331592,3.44213408124425,0.259569325569452));
#8696=CARTESIAN_POINT('',(-47.0490000597172,3.45198746440645,0.126063340053635));
#8697=CARTESIAN_POINT('',(-47.0535158912695,3.45957163052892,0.0406923228005336));
#8698=CARTESIAN_POINT('',(-47.0544440491961,3.46347829508697,7.09186487313218E-10));
#8699=CARTESIAN_POINT('',(-46.3893023649724,-2.99999999999997,1.39238823558604));
#8700=CARTESIAN_POINT('',(-46.3893023649723,-2.99999999999998,1.39238823558609));
#8701=VECTOR('',#8702,1.);
#8702=DIRECTION('',(0.,1.,0.));
#8703=AXIS2_PLACEMENT_3D('',#8704,#8705,#8706);
#8704=CARTESIAN_POINT('',(-45.0005484466332,-2.99999999999997,-0.0468346638626996));
#8705=DIRECTION('',(-5.07530525542929E-16,-1.,1.66533453693773E-16));
#8706=DIRECTION('',(-0.69437695916955,4.7225688305241E-16,0.719611449724398));
#8707=CARTESIAN_POINT('',(-46.4571719858856,-3.46347829627109,1.40261134614139));
#8708=CARTESIAN_POINT('',(-46.3893023649724,-2.99999999999997,1.39238823558601));
#8709=CARTESIAN_POINT('',(-46.3897990184935,-3.04423444137403,1.39190899812825));
#8710=CARTESIAN_POINT('',(-46.3926717681678,-3.13750761046272,1.39319330933102));
#8711=CARTESIAN_POINT('',(-46.4136459860077,-3.29196877569205,1.3955701639201));
#8712=CARTESIAN_POINT('',(-46.4408861522432,-3.40451771801559,1.39878347032109));
#8713=CARTESIAN_POINT('',(-46.4571719858856,-3.46347829627109,1.40261134614139));
#8714=CARTESIAN_POINT('',(-46.4571719858856,-3.46347829627109,1.40261134614139));
#8715=CARTESIAN_POINT('',(-46.4953254937944,-3.45828249735634,1.3642342881283));
#8716=CARTESIAN_POINT('',(-46.5801408047032,-3.44745638745017,1.27178311624798));
#8717=CARTESIAN_POINT('',(-46.7140611326888,-3.43339994847928,1.09586078219676));
#8718=CARTESIAN_POINT('',(-46.8441751021813,-3.42497464480869,0.873364314046775));
#8719=CARTESIAN_POINT('',(-46.9445911843386,-3.42553860681944,0.631991296481226));
#8720=CARTESIAN_POINT('',(-47.0026623846413,-3.4326574756839,0.425439848137718));
#8721=CARTESIAN_POINT('',(-47.0335129513688,-3.44213407678581,0.259569326756059));
#8722=CARTESIAN_POINT('',(-47.0490000799061,-3.45198745953054,0.126063340707322));
#8723=CARTESIAN_POINT('',(-47.0535159126518,-3.45957162541224,0.0406923230251555));
#8724=CARTESIAN_POINT('',(-47.0544440711274,-3.46347828986227,7.09190484116107E-10));
#8725=CARTESIAN_POINT('',(-47.05444407095,-3.46347829176615,1.40382994118227E-9));
#8726=CARTESIAN_POINT('',(-47.0746400548251,-3.54825554382107,0.018977455132266));
#8727=CARTESIAN_POINT('',(-47.1229146182988,-3.70425913253086,0.0576408859072058));
#8728=CARTESIAN_POINT('',(-47.2150981644222,-3.91031527940534,0.137468418342465));
#8729=CARTESIAN_POINT('',(-47.3187992940348,-4.08940979605684,0.226504655168598));
#8730=CARTESIAN_POINT('',(-47.4379980876455,-4.25478534801964,0.329705324106835));
#8731=CARTESIAN_POINT('',(-47.5782006507728,-4.41202941302697,0.451799332394036));
#8732=CARTESIAN_POINT('',(-47.7387949993143,-4.55733138925538,0.592829677924285));
#8733=CARTESIAN_POINT('',(-47.9193333748244,-4.68794310615015,0.752766863953641));
#8734=CARTESIAN_POINT('',(-48.1189890522851,-4.80055194428515,0.931475865538857));
#8735=CARTESIAN_POINT('',(-48.339811199658,-4.8931308488655,1.13143238858558));
#8736=CARTESIAN_POINT('',(-48.5680000031748,-4.95760410968948,1.34077752957448));
#8737=CARTESIAN_POINT('',(-48.7910774152182,-4.99288527218383,1.54815696416506));
#8738=CARTESIAN_POINT('',(-48.9326450185164,-4.99999999999997,1.68165256207008));
#8739=CARTESIAN_POINT('',(-49.0000000098374,-4.99999999999997,1.74538117124661));
#8740=CARTESIAN_POINT('',(-54.3726000115798,-7.18239705738828,1.43532401277731));
#8741=CARTESIAN_POINT('',(-54.4175221762458,-7.18114157437018,1.39238823558606));
#8742=CARTESIAN_POINT('',(-54.4175221762458,-7.18114157437018,1.39238823558605));
#8743=CARTESIAN_POINT('',(-54.4125241580514,-7.18128083849066,1.39715195604235));
#8744=CARTESIAN_POINT('',(-54.4025325618071,-7.18155952158548,1.40668401542993));
#8745=CARTESIAN_POINT('',(-54.3875585005742,-7.18197801421254,1.42099594742315));
#8746=CARTESIAN_POINT('',(-54.3775846903003,-7.18225732357029,1.4305464556761));
#8747=CARTESIAN_POINT('',(-54.3726000115798,-7.18239705738828,1.43532401277731));
#8748=CARTESIAN_POINT('',(-55.2743159161647,-4.99999999999997,-5.24809390029685E-15));
#8749=CARTESIAN_POINT('',(-55.2719011015232,-5.02459313387057,0.00808187054601671));
#8750=CARTESIAN_POINT('',(-55.2669802123477,-5.073447847397,0.0239149690185326));
#8751=CARTESIAN_POINT('',(-55.2592340594743,-5.14676532904952,0.0471671971982967));
#8752=CARTESIAN_POINT('',(-55.2513357440409,-5.21833783545335,0.0695007125587466));
#8753=CARTESIAN_POINT('',(-55.2433068437523,-5.28820500179473,0.091103256062943));
#8754=CARTESIAN_POINT('',(-55.2352192786745,-5.35590389031716,0.11200700639554));
#8755=CARTESIAN_POINT('',(-55.2270477716123,-5.42173449540052,0.132490616178152));
#8756=CARTESIAN_POINT('',(-55.2188413247559,-5.4853267804701,0.152631024359525));
#8757=CARTESIAN_POINT('',(-55.2105072590219,-5.54732378769371,0.172843503659396));
#8758=CARTESIAN_POINT('',(-55.2020543655605,-5.60746905935958,0.193285806453133));
#8759=CARTESIAN_POINT('',(-55.1934351091197,-5.66581734559609,0.214253785217163));
#8760=CARTESIAN_POINT('',(-55.1847160563529,-5.72160614192224,0.235753153632853));
#8761=CARTESIAN_POINT('',(-55.1758039880016,-5.7750768149533,0.258156145419287));
#8762=CARTESIAN_POINT('',(-55.166710706734,-5.82575325563981,0.281534528554961));
#8763=CARTESIAN_POINT('',(-55.1573470205514,-5.87372786016473,0.306156498414789));
#8764=CARTESIAN_POINT('',(-55.1477641269591,-5.91846629751785,0.33183480165485));
#8765=CARTESIAN_POINT('',(-55.1378220167527,-5.96047055102966,0.358801202167039));
#8766=CARTESIAN_POINT('',(-55.1274932517243,-5.9998020406909,0.386913212814293));
#8767=CARTESIAN_POINT('',(-55.1166722527269,-6.03692542061811,0.416179209076458));
#8768=CARTESIAN_POINT('',(-55.1053995989664,-6.07192568200162,0.446190846515583));
#8769=CARTESIAN_POINT('',(-55.0936038176619,-6.10533486075038,0.476853400735077));
#8770=CARTESIAN_POINT('',(-55.081215733605,-6.13765408044224,0.508091557471773));
#8771=CARTESIAN_POINT('',(-55.0681170627061,-6.1694396991595,0.539966877300317));
#8772=CARTESIAN_POINT('',(-55.0541837993201,-6.20118718812611,0.572558973371383));
#8773=CARTESIAN_POINT('',(-55.0393827423109,-6.23312353859506,0.605739029485933));
#8774=CARTESIAN_POINT('',(-55.0235615199252,-6.26569918744094,0.639660587543461));
#8775=CARTESIAN_POINT('',(-55.0066688279295,-6.29909564515933,0.674247602563922));
#8776=CARTESIAN_POINT('',(-54.9885137874063,-6.33373019279478,0.709698981805223));
#8777=CARTESIAN_POINT('',(-54.9692146027528,-6.36940100971087,0.745611826418289));
#8778=CARTESIAN_POINT('',(-54.9487303367535,-6.40620703018785,0.781931464528572));
#8779=CARTESIAN_POINT('',(-54.9272086501656,-6.4438997985596,0.818302343035447));
#8780=CARTESIAN_POINT('',(-54.9046232105502,-6.48253266703166,0.854698838658487));
#8781=CARTESIAN_POINT('',(-54.8811598337976,-6.52179209474637,0.890782791362627));
#8782=CARTESIAN_POINT('',(-54.85690034786,-6.56154799336063,0.926424294724655));
#8783=CARTESIAN_POINT('',(-54.8319564839624,-6.60162388672283,0.961477149777823));
#8784=CARTESIAN_POINT('',(-54.8063189870017,-6.6420352799,0.995975803757904));
#8785=CARTESIAN_POINT('',(-54.7800196005683,-6.6827267985749,1.02989746509866));
#8786=CARTESIAN_POINT('',(-54.7530657488711,-6.72367830654711,1.06325266790635));
#8787=CARTESIAN_POINT('',(-54.7254864074206,-6.76483482329973,1.09602514219921));
#8788=CARTESIAN_POINT('',(-54.6972842569368,-6.80617934728767,1.12822963074669));
#8789=CARTESIAN_POINT('',(-54.6684881683204,-6.84765559739056,1.15985017359265));
#8790=CARTESIAN_POINT('',(-54.6391120840871,-6.88922947065551,1.19088827481075));
#8791=CARTESIAN_POINT('',(-54.6091702844408,-6.93086650223825,1.22134455329115));
#8792=CARTESIAN_POINT('',(-54.5786582649204,-6.97255778196903,1.25123682824282));
#8793=CARTESIAN_POINT('',(-54.5475802763363,-7.01428142483647,1.28057163227568));
#8794=CARTESIAN_POINT('',(-54.515931772045,-7.05602681565638,1.30936183322439));
#8795=CARTESIAN_POINT('',(-54.4837177410648,-7.09777011472364,1.33760946572849));
#8796=CARTESIAN_POINT('',(-54.4509370574612,-7.13949512979384,1.36532052373077));
#8797=CARTESIAN_POINT('',(-54.4287224730913,-7.16726648463484,1.38342511081884));
#8798=CARTESIAN_POINT('',(-54.4175221762458,-7.18114157437018,1.39238823558606));
#8799=CARTESIAN_POINT('',(-54.3726000115798,-7.18239705738828,1.43532401277731));
#8800=CARTESIAN_POINT('',(-54.3750861750183,-7.14326506112686,1.43790820546222));
#8801=CARTESIAN_POINT('',(-54.3786582625757,-7.0600224232706,1.44162103584096));
#8802=CARTESIAN_POINT('',(-54.3785981366885,-6.92774696996767,1.44155802664656));
#8803=CARTESIAN_POINT('',(-54.3712858210681,-6.77807383363973,1.43395637405052));
#8804=CARTESIAN_POINT('',(-54.3540663774059,-6.61345650067069,1.41605630255698));
#8805=CARTESIAN_POINT('',(-54.324273639771,-6.43621606463393,1.38508636930648));
#8806=CARTESIAN_POINT('',(-54.2811696179859,-6.25572528350306,1.34027947647256));
#8807=CARTESIAN_POINT('',(-54.2249669113118,-6.0786830113444,1.28185664467214));
#8808=CARTESIAN_POINT('',(-54.1579718432783,-5.91251517662541,1.21221530265339));
#8809=CARTESIAN_POINT('',(-54.0817441080237,-5.75902363104458,1.13297674382567));
#8810=CARTESIAN_POINT('',(-53.9960315904344,-5.61659122025741,1.04387889083127));
#8811=CARTESIAN_POINT('',(-53.8993170042833,-5.48365499002049,0.943344533792409));
#8812=CARTESIAN_POINT('',(-53.791623966679,-5.3622151362642,0.831398230133939));
#8813=CARTESIAN_POINT('',(-53.6743580680739,-5.25525217263373,0.709501088531163));
#8814=CARTESIAN_POINT('',(-53.5497124512653,-5.16534663713545,0.579932868938369));
#8815=CARTESIAN_POINT('',(-53.4144409668395,-5.0912238258931,0.439319226541261));
#8816=CARTESIAN_POINT('',(-53.2727830724438,-5.03752695588889,0.292067053094726));
#8817=CARTESIAN_POINT('',(-53.1296608757031,-5.006519828631,0.143292839023455));
#8818=CARTESIAN_POINT('',(-53.036649996396,-4.99998286710215,0.0466089331579771));
#8819=CARTESIAN_POINT('',(-52.9918117262885,-4.99999999999997,-1.07360604293369E-9));
#8820=CARTESIAN_POINT('',(-7.18114157437019,-54.4175221762458,1.39238823558607));
#8821=AXIS2_PLACEMENT_3D('',#8822,#8823,#8824);
#8822=CARTESIAN_POINT('',(-1.70518379588091E-16,-8.52591897940457E-17,1.39238823558607));
#8823=DIRECTION('',(-1.22464679914735E-16,-6.12323399573677E-17,1.));
#8824=DIRECTION('',(-0.991404879122174,-0.130829528978543,-1.2942307938248E-16));
#8825=CARTESIAN_POINT('',(-5.00000000000003,-55.274315916165,-2.16845245197812E-15));
#8826=CARTESIAN_POINT('',(-5.02459313387085,-55.2719011015235,0.00808187054610687));
#8827=CARTESIAN_POINT('',(-5.07344784739763,-55.266980212348,0.0239149690187334));
#8828=CARTESIAN_POINT('',(-5.14676532905056,-55.2592340594743,0.0471671971986042));
#8829=CARTESIAN_POINT('',(-5.21833783545468,-55.2513357440405,0.0695007125592099));
#8830=CARTESIAN_POINT('',(-5.28820500179622,-55.2433068437524,0.0911032560633951));
#8831=CARTESIAN_POINT('',(-5.35590389031874,-55.2352192786744,0.112007006396086));
#8832=CARTESIAN_POINT('',(-5.42173449540192,-55.2270477716124,0.132490616178438));
#8833=CARTESIAN_POINT('',(-5.48532678047118,-55.2188413247555,0.152631024360002));
#8834=CARTESIAN_POINT('',(-5.54732378769465,-55.2105072590218,0.17284350365963));
#8835=CARTESIAN_POINT('',(-5.60746905936046,-55.2020543655605,0.193285806453613));
#8836=CARTESIAN_POINT('',(-5.66581734559696,-55.1934351091192,0.21425378521748));
#8837=CARTESIAN_POINT('',(-5.7216061419233,-55.184716056353,0.235753153633257));
#8838=CARTESIAN_POINT('',(-5.77507681495387,-55.1758039880011,0.258156145419743));
#8839=CARTESIAN_POINT('',(-5.82575325564042,-55.166710706734,0.2815345285551));
#8840=CARTESIAN_POINT('',(-5.87372786016503,-55.1573470205513,0.306156498414796));
#8841=CARTESIAN_POINT('',(-5.91846629751797,-55.147764126959,0.331834801655027));
#8842=CARTESIAN_POINT('',(-5.9604705510298,-55.1378220167527,0.358801202166796));
#8843=CARTESIAN_POINT('',(-5.99980204069072,-55.1274932517241,0.386913212814262));
#8844=CARTESIAN_POINT('',(-6.03692542061764,-55.116672252727,0.416179209076213));
#8845=CARTESIAN_POINT('',(-6.07192568200146,-55.1053995989668,0.446190846514455));
#8846=CARTESIAN_POINT('',(-6.10533486074893,-55.0936038176622,0.476853400734301));
#8847=CARTESIAN_POINT('',(-6.13765408044212,-55.0812157336056,0.508091557469863));
#8848=CARTESIAN_POINT('',(-6.1694396991584,-55.0681170627065,0.539966877299251));
#8849=CARTESIAN_POINT('',(-6.20118718812541,-55.0541837993205,0.572558973370546));
#8850=CARTESIAN_POINT('',(-6.23312353859419,-55.0393827423113,0.605739029485091));
#8851=CARTESIAN_POINT('',(-6.26569918744011,-55.0235615199255,0.639660587542914));
#8852=CARTESIAN_POINT('',(-6.29909564515903,-55.0066688279301,0.674247602562565));
#8853=CARTESIAN_POINT('',(-6.33373019279387,-54.9885137874067,0.709698981804428));
#8854=CARTESIAN_POINT('',(-6.36940100970943,-54.9692146027533,0.74561182641787));
#8855=CARTESIAN_POINT('',(-6.40620703018761,-54.9487303367542,0.781931464527256));
#8856=CARTESIAN_POINT('',(-6.44389979855806,-54.9272086501657,0.818302343035538));
#8857=CARTESIAN_POINT('',(-6.48253266703192,-54.9046232105505,0.854698838657925));
#8858=CARTESIAN_POINT('',(-6.52179209474607,-54.8811598337976,0.890782791362702));
#8859=CARTESIAN_POINT('',(-6.56154799336105,-54.8569003478602,0.926424294724274));
#8860=CARTESIAN_POINT('',(-6.60162388672242,-54.8319564839625,0.961477149777776));
#8861=CARTESIAN_POINT('',(-6.64203527990066,-54.8063189870019,0.995975803757417));
#8862=CARTESIAN_POINT('',(-6.68272679857468,-54.7800196005684,1.02989746509866));
#8863=CARTESIAN_POINT('',(-6.72367830654702,-54.7530657488713,1.06325266790607));
#8864=CARTESIAN_POINT('',(-6.76483482329959,-54.725486407421,1.09602514219874));
#8865=CARTESIAN_POINT('',(-6.8061793472874,-54.6972842569369,1.1282296307465));
#8866=CARTESIAN_POINT('',(-6.84765559739045,-54.6684881683205,1.15985017359249));
#8867=CARTESIAN_POINT('',(-6.88922947065529,-54.6391120840872,1.19088827481064));
#8868=CARTESIAN_POINT('',(-6.93086650223819,-54.6091702844406,1.22134455329129));
#8869=CARTESIAN_POINT('',(-6.97255778196929,-54.5786582649204,1.25123682824278));
#8870=CARTESIAN_POINT('',(-7.01428142483647,-54.547580276336,1.28057163227597));
#8871=CARTESIAN_POINT('',(-7.05602681565643,-54.5159317720449,1.30936183322451));
#8872=CARTESIAN_POINT('',(-7.09777011472367,-54.4837177410646,1.33760946572863));
#8873=CARTESIAN_POINT('',(-7.13949512979388,-54.4509370574612,1.36532052373079));
#8874=CARTESIAN_POINT('',(-7.16726648463487,-54.4287224730913,1.38342511081884));
#8875=CARTESIAN_POINT('',(-7.18114157437017,-54.4175221762458,1.39238823558607));
#8876=CARTESIAN_POINT('',(-7.18239705738832,-54.3726000115798,1.43532401277731));
#8877=CARTESIAN_POINT('',(-7.18114157437022,-54.4175221762458,1.39238823558607));
#8878=CARTESIAN_POINT('',(-7.1812808384907,-54.4125241580514,1.39715195604236));
#8879=CARTESIAN_POINT('',(-7.18155952158534,-54.4025325618071,1.40668401542995));
#8880=CARTESIAN_POINT('',(-7.18197801421263,-54.3875585005742,1.42099594742315));
#8881=CARTESIAN_POINT('',(-7.18225732357033,-54.3775846903003,1.43054645567611));
#8882=CARTESIAN_POINT('',(-7.18239705738832,-54.3726000115798,1.43532401277731));
#8883=CARTESIAN_POINT('',(-7.18239705738832,-54.3726000115798,1.43532401277731));
#8884=CARTESIAN_POINT('',(-7.14326506112693,-54.3750861750183,1.43790820546222));
#8885=CARTESIAN_POINT('',(-7.06002242327069,-54.3786582625757,1.44162103584096));
#8886=CARTESIAN_POINT('',(-6.9277469699678,-54.3785981366885,1.44155802664657));
#8887=CARTESIAN_POINT('',(-6.77807383363978,-54.3712858210681,1.43395637405054));
#8888=CARTESIAN_POINT('',(-6.61345650067071,-54.3540663774059,1.41605630255699));
#8889=CARTESIAN_POINT('',(-6.43621606463393,-54.3242736397709,1.38508636930648));
#8890=CARTESIAN_POINT('',(-6.25572528350311,-54.2811696179859,1.34027947647256));
#8891=CARTESIAN_POINT('',(-6.07868301134449,-54.2249669113118,1.28185664467217));
#8892=CARTESIAN_POINT('',(-5.91251517662555,-54.1579718432784,1.21221530265343));
#8893=CARTESIAN_POINT('',(-5.75902363104478,-54.0817441080238,1.13297674382576));
#8894=CARTESIAN_POINT('',(-5.61659122025767,-53.9960315904345,1.04387889083139));
#8895=CARTESIAN_POINT('',(-5.48365499002077,-53.8993170042835,0.943344533792584));
#8896=CARTESIAN_POINT('',(-5.36221513626454,-53.7916239666793,0.831398230134254));
#8897=CARTESIAN_POINT('',(-5.2552521726341,-53.6743580680743,0.709501088531564));
#8898=CARTESIAN_POINT('',(-5.16534663713581,-53.5497124512658,0.579932868938895));
#8899=CARTESIAN_POINT('',(-5.09122382589338,-53.4144409668401,0.439319226541789));
#8900=CARTESIAN_POINT('',(-5.03752695588907,-53.2727830724443,0.29206705309519));
#8901=CARTESIAN_POINT('',(-5.00651982863108,-53.1296608757033,0.143292839023738));
#8902=CARTESIAN_POINT('',(-4.9999828671022,-53.0366499963961,0.0466089331580882));
#8903=CARTESIAN_POINT('',(-5.00000000000002,-52.9918117262885,-1.07360457360811E-9));
#8904=CARTESIAN_POINT('',(-3.46347829176616,-47.05444407095,1.40382461211175E-9));
#8905=CARTESIAN_POINT('',(-3.54825554382137,-47.0746400548252,0.0189774551323342));
#8906=CARTESIAN_POINT('',(-3.70425913253156,-47.122914618299,0.0576408859073906));
#8907=CARTESIAN_POINT('',(-3.91031527940666,-47.2150981644228,0.137468418343012));
#8908=CARTESIAN_POINT('',(-4.08940979605801,-47.3187992940355,0.22650465516923));
#8909=CARTESIAN_POINT('',(-4.25478534802052,-47.4379980876462,0.329705324107458));
#8910=CARTESIAN_POINT('',(-4.41202941302691,-47.5782006507727,0.451799332393996));
#8911=CARTESIAN_POINT('',(-4.55733138925498,-47.7387949993138,0.592829677923841));
#8912=CARTESIAN_POINT('',(-4.68794310614994,-47.9193333748239,0.752766863953221));
#8913=CARTESIAN_POINT('',(-4.80055194428504,-48.1189890522847,0.931475865538568));
#8914=CARTESIAN_POINT('',(-4.89313084886689,-48.3398111996612,1.13143238858852));
#8915=CARTESIAN_POINT('',(-4.95760410969096,-48.5680000031805,1.34077752957974));
#8916=CARTESIAN_POINT('',(-4.99288527218432,-48.7910774152242,1.54815696417068));
#8917=CARTESIAN_POINT('',(-5.00000000000002,-48.932645018519,1.68165256207261));
#8918=CARTESIAN_POINT('',(-5.00000000000002,-49.0000000098374,1.7453811712466));
#8919=CARTESIAN_POINT('',(-3.46347829627109,-46.4571719858856,1.40261134614139));
#8920=CARTESIAN_POINT('',(-3.00000000000002,-46.3893023583648,1.39238824196189));
#8921=CARTESIAN_POINT('',(-3.00000000000002,-46.3893023544003,1.39238824578737));
#8922=CARTESIAN_POINT('',(-3.04423444177759,-46.3897990066163,1.39190900958835));
#8923=CARTESIAN_POINT('',(-3.13750761150336,-46.3926717441512,1.39319333256988));
#8924=CARTESIAN_POINT('',(-3.29196877699672,-46.413645966863,1.39557018266936));
#8925=CARTESIAN_POINT('',(-3.40451771806841,-46.4408861457484,1.39878347658177));
#8926=CARTESIAN_POINT('',(-3.46347829627109,-46.4571719858856,1.40261134614139));
#8927=AXIS2_PLACEMENT_3D('',#8928,#8929,#8930);
#8928=CARTESIAN_POINT('',(-3.00000000000002,-45.0005484466332,-0.0468346638627052));
#8929=DIRECTION('',(-1.,-9.24446373305874E-33,-3.96508223080413E-17));
#8930=DIRECTION('',(-9.28516467338362E-19,-0.999725776683395,0.0234173319313497));
#8931=CARTESIAN_POINT('',(-3.46347829627109,-46.4571719858856,1.40261134614139));
#8932=CARTESIAN_POINT('',(-3.45828249750636,-46.4953254932336,1.36423428796661));
#8933=CARTESIAN_POINT('',(-3.44745638796799,-46.5801408027634,1.27178311569882));
#8934=CARTESIAN_POINT('',(-3.4333999497143,-46.7140611280173,1.09586078099264));
#8935=CARTESIAN_POINT('',(-3.42497464696265,-46.8441750938959,0.873364312270851));
#8936=CARTESIAN_POINT('',(-3.42553860994114,-46.9445911720599,0.631991294543493));
#8937=CARTESIAN_POINT('',(-3.43265747957604,-47.0026623690113,0.425439846475557));
#8938=CARTESIAN_POINT('',(-3.44213408124425,-47.0335129331592,0.259569325569458));
#8939=CARTESIAN_POINT('',(-3.45198746440646,-47.0490000597172,0.126063340053651));
#8940=CARTESIAN_POINT('',(-3.45957163052894,-47.0535158912695,0.0406923228005511));
#8941=CARTESIAN_POINT('',(-3.46347829508699,-47.0544440491961,7.09204472926217E-10));
#8942=CARTESIAN_POINT('',(2.99999999999998,-46.3893023649723,1.39238823558609));
#8943=VECTOR('',#8944,1.);
#8944=DIRECTION('',(-1.,0.,0.));
#8945=CARTESIAN_POINT('',(4.99043570652546E-16,48.15,5.00000000000001));
#8946=AXIS2_PLACEMENT_3D('',#8947,#8948,#8949);
#8947=CARTESIAN_POINT('',(6.12323399573677E-16,50.,5.00000000000001));
#8948=DIRECTION('',(-1.22464679914735E-16,-6.12323399573677E-17,1.));
#8949=DIRECTION('',(6.12323399573677E-17,-1.,-6.12323399573676E-17));
#8950=CARTESIAN_POINT('',(2.99999999999998,-46.3887996237912,33.0548068964013));
#8951=CARTESIAN_POINT('',(4.99999999999998,-49.0000000077574,32.7022990860969));
#8952=CARTESIAN_POINT('',(4.99999999999998,-48.8609619178251,32.7205493344796));
#8953=CARTESIAN_POINT('',(4.98552338460749,-48.6017811832399,32.7530251304586));
#8954=CARTESIAN_POINT('',(4.92556424114239,-48.2440845914673,32.8000901130987));
#8955=CARTESIAN_POINT('',(4.83932854079899,-47.9308047513096,32.8416145929198));
#8956=CARTESIAN_POINT('',(4.73058154825228,-47.6505653141935,32.8793300682109));
#8957=CARTESIAN_POINT('',(4.60132882958127,-47.3998114292235,32.9134619395843));
#8958=CARTESIAN_POINT('',(4.45708371243787,-47.1806430575637,32.9436131687436));
#8959=CARTESIAN_POINT('',(4.30197116221759,-46.9920373797018,32.9697728724286));
#8960=CARTESIAN_POINT('',(4.13621437821652,-46.8302554082449,32.992371337992));
#8961=CARTESIAN_POINT('',(3.96471782301833,-46.6966233274386,33.0111649373141));
#8962=CARTESIAN_POINT('',(3.79326519874989,-46.5912747853788,33.0260383085615));
#8963=CARTESIAN_POINT('',(3.62681256093088,-46.512201283615,33.0372437518357));
#8964=CARTESIAN_POINT('',(3.47208881908931,-46.4572501557438,33.0450494197795));
#8965=CARTESIAN_POINT('',(3.32969311345855,-46.4212023117845,33.0501941897723));
#8966=CARTESIAN_POINT('',(3.20554735748207,-46.4006132450304,33.0530991229796));
#8967=CARTESIAN_POINT('',(3.09664783442874,-46.3907769288995,33.0545958106267));
#8968=CARTESIAN_POINT('',(3.03090171738695,-46.3891140055484,33.0551102730675));
#8969=CARTESIAN_POINT('',(2.99999999999998,-46.3887996237912,33.0548068964013));
#8970=AXIS2_PLACEMENT_3D('',#8971,#8972,#8973);
#8971=CARTESIAN_POINT('',(2.99999999999998,-45.0000000017084,34.4939856933902));
#8972=DIRECTION('',(-1.,0.,0.));
#8973=DIRECTION('',(0.,-0.694399811041419,-0.719589398494476));
#8974=CARTESIAN_POINT('',(-3.00000000000002,-46.3887996237912,33.0548068964012));
#8975=CARTESIAN_POINT('',(2.99999999999998,-46.3887996237912,33.0548068964013));
#8976=VECTOR('',#8977,1.);
#8977=DIRECTION('',(-1.,0.,0.));
#8978=AXIS2_PLACEMENT_3D('',#8979,#8980,#8981);
#8979=CARTESIAN_POINT('',(-3.00000000000002,-45.0000000017084,34.4939856933902));
#8980=DIRECTION('',(-1.,0.,0.));
#8981=DIRECTION('',(0.,-0.694399811041419,-0.719589398494476));
#8982=CARTESIAN_POINT('',(-3.00000000000002,-46.3887996237912,33.0548068964012));
#8983=CARTESIAN_POINT('',(-3.08481833502002,-46.3896912702748,33.0556673303529));
#8984=CARTESIAN_POINT('',(-3.24286623845799,-46.4011315364392,33.0526570416035));
#8985=CARTESIAN_POINT('',(-3.46028676735919,-46.4517882193196,33.0459126384325));
#8986=CARTESIAN_POINT('',(-3.65592307491396,-46.5235178053353,33.0356153418123));
#8987=CARTESIAN_POINT('',(-3.84191615570033,-46.6178025037927,33.0222962492764));
#8988=CARTESIAN_POINT('',(-4.02619724780348,-46.740476962624,33.0049742524579));
#8989=CARTESIAN_POINT('',(-4.20273904021705,-46.8905729454131,32.9839253663713));
#8990=CARTESIAN_POINT('',(-4.36998213004875,-47.0692607999831,32.959037973021));
#8991=CARTESIAN_POINT('',(-4.52418600655538,-47.2758798192055,32.9304719614889));
#8992=CARTESIAN_POINT('',(-4.66396172488426,-47.51317764959,32.8979837908171));
#8993=CARTESIAN_POINT('',(-4.78430554231376,-47.7783683430936,32.8620774282917));
#8994=CARTESIAN_POINT('',(-4.88694281724406,-48.0856206180299,32.8209837473729));
#8995=CARTESIAN_POINT('',(-4.95746393445073,-48.4092000214876,32.778394906938));
#8996=CARTESIAN_POINT('',(-4.993360395132,-48.7222177105261,32.7376493033902));
#8997=CARTESIAN_POINT('',(-5.00000000000002,-48.9136870644631,32.7134791716641));
#8998=CARTESIAN_POINT('',(-5.00000000000002,-49.0000000077574,32.7022990860969));
#8999=CARTESIAN_POINT('',(-7.18171210010436,-54.4169397823871,33.0548068948896));
#9000=CARTESIAN_POINT('',(-7.18171210010436,-54.4169397823868,33.0548068948893));
#9001=CARTESIAN_POINT('',(-7.10391961823416,-54.4218460306012,33.0496785378064));
#9002=CARTESIAN_POINT('',(-6.95360210961951,-54.4253618300519,33.0460035077366));
#9003=CARTESIAN_POINT('',(-6.73341567785115,-54.4128691552347,33.0590614432858));
#9004=CARTESIAN_POINT('',(-6.52824944967288,-54.3860831495053,33.0870596421284));
#9005=CARTESIAN_POINT('',(-6.32988523644531,-54.3454511157062,33.1295305569022));
#9006=CARTESIAN_POINT('',(-6.13434464340703,-54.2893551007197,33.1881653743823));
#9007=CARTESIAN_POINT('',(-5.9465460230262,-54.2183995972167,33.262332253233));
#9008=CARTESIAN_POINT('',(-5.77093446449195,-54.1341155414465,33.3504309757465));
#9009=CARTESIAN_POINT('',(-5.60923728869388,-54.0373030132991,33.4516252574741));
#9010=CARTESIAN_POINT('',(-5.46373081717688,-53.9293923903008,33.564419988201));
#9011=CARTESIAN_POINT('',(-5.33617354743288,-53.8119161218461,33.6872133649506));
#9012=CARTESIAN_POINT('',(-5.22802098124184,-53.6866409304701,33.818158707101));
#9013=CARTESIAN_POINT('',(-5.14008482854949,-53.5551660485031,33.9555844040456));
#9014=CARTESIAN_POINT('',(-5.07353363173465,-53.420364806026,34.0964870780016));
#9015=CARTESIAN_POINT('',(-5.02891943372685,-53.2867344133365,34.2361659663608));
#9016=CARTESIAN_POINT('',(-5.00480223207644,-53.1594040566579,34.369259718268));
#9017=CARTESIAN_POINT('',(-5.00000000000002,-53.0786222754291,34.4536979875584));
#9018=CARTESIAN_POINT('',(-5.00000000000002,-53.0400791854613,34.4939856917422));
#9019=CARTESIAN_POINT('',(-7.18239705738832,-54.3726000115798,1.43532401277731));
#9020=CARTESIAN_POINT('',(-7.19297173439141,-53.6734892125515,2.10653226023409));
#9021=CARTESIAN_POINT('',(-7.21322951669788,-52.4397866815633,3.45670275313587));
#9022=CARTESIAN_POINT('',(-7.23865147200867,-50.9687716559876,5.53205927629627));
#9023=CARTESIAN_POINT('',(-7.2590171771283,-49.8557072078739,7.52359169579698));
#9024=CARTESIAN_POINT('',(-7.27485040332239,-49.026446329928,9.41923324400294));
#9025=CARTESIAN_POINT('',(-7.28695557414858,-48.4097847748812,11.2830703552181));
#9026=CARTESIAN_POINT('',(-7.29538275792935,-47.9920177310341,13.0417657967454));
#9027=CARTESIAN_POINT('',(-7.30079540519742,-47.7297306350734,14.7417734548713));
#9028=CARTESIAN_POINT('',(-7.30330645745041,-47.6020602775734,16.4132207593258));
#9029=CARTESIAN_POINT('',(-7.30336779956543,-47.6044205461521,18.1122747980667));
#9030=CARTESIAN_POINT('',(-7.30030034433588,-47.7519813277342,19.9478609130919));
#9031=CARTESIAN_POINT('',(-7.29346039997911,-48.0854880514854,21.9083230869544));
#9032=CARTESIAN_POINT('',(-7.28225744986857,-48.648692965374,23.9773711835746));
#9033=CARTESIAN_POINT('',(-7.26757324679385,-49.4028404377935,25.9513927064201));
#9034=CARTESIAN_POINT('',(-7.25003888990166,-50.3410969173871,27.8408824849584));
#9035=CARTESIAN_POINT('',(-7.22994716332741,-51.4651127722026,29.6548223211106));
#9036=CARTESIAN_POINT('',(-7.20681162366359,-52.8212196952134,31.4231169468984));
#9037=CARTESIAN_POINT('',(-7.19041738522409,-53.8654033225819,32.5282517751984));
#9038=CARTESIAN_POINT('',(-7.18171210010436,-54.4169397823868,33.0548068948893));
#9039=CARTESIAN_POINT('',(-3.46347829627109,-46.4571719858856,1.40261134614139));
#9040=CARTESIAN_POINT('',(-3.54831388940742,-46.4837675221271,1.40507897513398));
#9041=CARTESIAN_POINT('',(-3.70426339681247,-46.5428076341059,1.41531487590148));
#9042=CARTESIAN_POINT('',(-3.91044035262896,-46.6597893265862,1.43120801520085));
#9043=CARTESIAN_POINT('',(-4.08986883213158,-46.7912326845358,1.44986276335032));
#9044=CARTESIAN_POINT('',(-4.25588754773166,-46.9435085984264,1.47113381277643));
#9045=CARTESIAN_POINT('',(-4.41406519225314,-47.1239858455897,1.4962469049351));
#9046=CARTESIAN_POINT('',(-4.56050190985888,-47.3327098706455,1.52500700823672));
#9047=CARTESIAN_POINT('',(-4.69207633676227,-47.5695090984573,1.55734941881841));
#9048=CARTESIAN_POINT('',(-4.80551370565871,-47.8345622427904,1.59314803761544));
#9049=CARTESIAN_POINT('',(-4.89830653337854,-48.1311928586347,1.63273098940594));
#9050=CARTESIAN_POINT('',(-4.96121891055864,-48.4378304041018,1.67301112886834));
#9051=CARTESIAN_POINT('',(-4.99374179228101,-48.731530417355,1.71121668284065));
#9052=CARTESIAN_POINT('',(-5.00000000000002,-48.9151767045351,1.73439221116337));
#9053=CARTESIAN_POINT('',(-5.00000000000002,-49.0000000098374,1.74538117124661));
#9054=AXIS2_PLACEMENT_3D('',#9055,#9056,#9057);
#9055=CARTESIAN_POINT('',(-3.00000000000002,-61.6655954667024,17.2238401295228));
#9056=DIRECTION('',(1.,0.,-6.12323399573677E-17));
#9057=DIRECTION('',(-4.40634928983453E-17,0.694376959650097,-0.719611449260702));
#9058=AXIS2_PLACEMENT_3D('',#9059,#9060,#9061);
#9059=CARTESIAN_POINT('',(-7.00000000000004,-53.0400791854613,34.4939856917416));
#9060=DIRECTION('',(0.991403349260958,-0.130841121495328,1.13400185801835E-16));
#9061=DIRECTION('',(-0.130841121495328,-0.991403349260958,3.55271367880049E-15));
#9062=CARTESIAN_POINT('',(-54.4169397823871,-7.18171210010431,33.0548068948896));
#9063=AXIS2_PLACEMENT_3D('',#9064,#9065,#9066);
#9064=CARTESIAN_POINT('',(-4.0480463460261E-15,-2.02402317301305E-15,33.0548068948901));
#9065=DIRECTION('',(-1.22464679914735E-16,-6.12323399573677E-17,1.));
#9066=DIRECTION('',(-0.991403349260958,-0.130841121495329,-1.29423601865445E-16));
#9067=AXIS2_PLACEMENT_3D('',#9068,#9069,#9070);
#9068=CARTESIAN_POINT('',(-53.0400791854613,-6.9999999999999,34.4939856917416));
#9069=DIRECTION('',(0.130841121495325,-0.991403349260958,-4.46825308532099E-17));
#9070=DIRECTION('',(-0.991403349260958,-0.130841121495325,3.5527136788005E-15));
#9071=CARTESIAN_POINT('',(-54.4169397823868,-7.18171210010431,33.0548068948893));
#9072=CARTESIAN_POINT('',(-54.4218460306004,-7.10391961824643,33.0496785378072));
#9073=CARTESIAN_POINT('',(-54.4253618300513,-6.95360210965693,33.0460035077371));
#9074=CARTESIAN_POINT('',(-54.4128691552405,-6.73341567792055,33.0590614432799));
#9075=CARTESIAN_POINT('',(-54.3860831495201,-6.52824944976347,33.0870596421129));
#9076=CARTESIAN_POINT('',(-54.3454511157301,-6.3298852365436,33.1295305568772));
#9077=CARTESIAN_POINT('',(-54.2893551007522,-6.1343446435051,33.1881653743483));
#9078=CARTESIAN_POINT('',(-54.2183995972572,-5.94654602312117,33.2623322531906));
#9079=CARTESIAN_POINT('',(-54.1341155414939,-5.7709344645801,33.350430975697));
#9080=CARTESIAN_POINT('',(-54.0373030133539,-5.60923728877601,33.4516252574168));
#9081=CARTESIAN_POINT('',(-53.92939239036,-5.46373081724861,33.5644199881391));
#9082=CARTESIAN_POINT('',(-53.8119161219106,-5.33617354749525,33.6872133648832));
#9083=CARTESIAN_POINT('',(-53.6866409305369,-5.22802098129275,33.8181587070311));
#9084=CARTESIAN_POINT('',(-53.5551660485719,-5.14008482858919,33.9555844039736));
#9085=CARTESIAN_POINT('',(-53.4203648060952,-5.07353363176306,34.0964870779293));
#9086=CARTESIAN_POINT('',(-53.2867344133969,-5.02891943374195,34.2361659662976));
#9087=CARTESIAN_POINT('',(-53.1594040566947,-5.00480223207947,34.3692597182296));
#9088=CARTESIAN_POINT('',(-53.0786222754432,-4.99999999999997,34.4536979875437));
#9089=CARTESIAN_POINT('',(-53.0400791854613,-4.99999999999997,34.4939856917422));
#9090=CARTESIAN_POINT('',(-46.4571719858856,-3.46347829627109,1.40261134614139));
#9091=CARTESIAN_POINT('',(-46.4837675221273,-3.54831388940772,1.40507897513398));
#9092=CARTESIAN_POINT('',(-46.5428076341062,-3.70426339681325,1.41531487590152));
#9093=CARTESIAN_POINT('',(-46.6597893265867,-3.91044035262977,1.43120801520093));
#9094=CARTESIAN_POINT('',(-46.7912326845362,-4.08986883213194,1.44986276335038));
#9095=CARTESIAN_POINT('',(-46.9435085984264,-4.25588754773154,1.47113381277642));
#9096=CARTESIAN_POINT('',(-47.123985845589,-4.41406519225257,1.49624690493502));
#9097=CARTESIAN_POINT('',(-47.3327098706442,-4.56050190985797,1.52500700823652));
#9098=CARTESIAN_POINT('',(-47.5695090984546,-4.69207633676087,1.55734941881805));
#9099=CARTESIAN_POINT('',(-47.8345622427859,-4.80551370565692,1.59314803761481));
#9100=CARTESIAN_POINT('',(-48.1311928586282,-4.89830653337677,1.63273098940507));
#9101=CARTESIAN_POINT('',(-48.4378304040944,-4.96121891055744,1.67301112886739));
#9102=CARTESIAN_POINT('',(-48.73153041735,-4.9937417922807,1.71121668283998));
#9103=CARTESIAN_POINT('',(-48.9151767045328,-4.99999999999997,1.73439221116305));
#9104=CARTESIAN_POINT('',(-49.0000000098374,-4.99999999999997,1.74538117124662));
#9105=CARTESIAN_POINT('',(-46.3887996237912,-2.99999999999997,33.0548068964012));
#9106=AXIS2_PLACEMENT_3D('',#9107,#9108,#9109);
#9107=CARTESIAN_POINT('',(-61.6655954667024,-2.99999999999997,17.2238401295228));
#9108=DIRECTION('',(-1.83697019872103E-16,-1.,-6.12323399573677E-17));
#9109=DIRECTION('',(0.694376959169548,-8.34914851405602E-17,-0.7196114497244));
#9110=CARTESIAN_POINT('',(-49.0000000077574,-4.99999999999997,32.7022990860969));
#9111=CARTESIAN_POINT('',(-48.8609619178237,-4.99999999999997,32.7205493344798));
#9112=CARTESIAN_POINT('',(-48.6017811832365,-4.98552338460722,32.753025130459));
#9113=CARTESIAN_POINT('',(-48.2440845914612,-4.92556424114112,32.8000901130995));
#9114=CARTESIAN_POINT('',(-47.9308047512992,-4.83932854079579,32.8416145929212));
#9115=CARTESIAN_POINT('',(-47.6505653141787,-4.73058154824587,32.8793300682129));
#9116=CARTESIAN_POINT('',(-47.3998114292036,-4.60132882956989,32.913461939587));
#9117=CARTESIAN_POINT('',(-47.1806430575451,-4.45708371242413,32.9436131687462));
#9118=CARTESIAN_POINT('',(-46.992037379687,-4.30197116220364,32.9697728724306));
#9119=CARTESIAN_POINT('',(-46.8302554082366,-4.13621437820677,32.9923713379932));
#9120=CARTESIAN_POINT('',(-46.6966233274317,-3.96471782300846,33.0111649373151));
#9121=CARTESIAN_POINT('',(-46.5912747853677,-3.79326519873076,33.026038308563));
#9122=CARTESIAN_POINT('',(-46.512201283596,-3.62681256088806,33.0372437518384));
#9123=CARTESIAN_POINT('',(-46.4572501557183,-3.47208881901014,33.0450494197831));
#9124=CARTESIAN_POINT('',(-46.4212023117564,-3.32969311333132,33.0501941897764));
#9125=CARTESIAN_POINT('',(-46.4006132450102,-3.20554735733163,33.053099122982));
#9126=CARTESIAN_POINT('',(-46.3907769288958,-3.09664783431937,33.0545958106283));
#9127=CARTESIAN_POINT('',(-46.3891140055479,-3.03090171733915,33.0551102730671));
#9128=CARTESIAN_POINT('',(-46.3887996237912,-2.99999999999997,33.0548068964013));
#9129=CARTESIAN_POINT('',(-54.3726000115798,-7.18239705738828,1.43532401277731));
#9130=CARTESIAN_POINT('',(-53.6734892125474,-7.19297173439068,2.10653226023814));
#9131=CARTESIAN_POINT('',(-52.4397866815457,-7.21322951669838,3.45670275315559));
#9132=CARTESIAN_POINT('',(-50.9687716559493,-7.23865147200917,5.53205927635322));
#9133=CARTESIAN_POINT('',(-49.8557072078177,-7.25901717712928,7.52359169590592));
#9134=CARTESIAN_POINT('',(-49.0264463298687,-7.2748504033237,9.41923324415497));
#9135=CARTESIAN_POINT('',(-48.4097847748349,-7.28695557414936,11.2830703553827));
#9136=CARTESIAN_POINT('',(-47.9920177310048,-7.29538275792977,13.0417657968983));
#9137=CARTESIAN_POINT('',(-47.7297306350573,-7.30079540519782,14.7417734550119));
#9138=CARTESIAN_POINT('',(-47.6020602775673,-7.30330645745089,16.4132207594741));
#9139=CARTESIAN_POINT('',(-47.6044205461584,-7.30336779956529,18.112274798238));
#9140=CARTESIAN_POINT('',(-47.7519813277622,-7.30030034433514,19.947860913336));
#9141=CARTESIAN_POINT('',(-48.0854880515588,-7.29346039997789,21.9083230873112));
#9142=CARTESIAN_POINT('',(-48.6486929655332,-7.282257449865,23.97737118408));
#9143=CARTESIAN_POINT('',(-49.4028404380531,-7.26757324678908,25.9513927070226));
#9144=CARTESIAN_POINT('',(-50.3410969177446,-7.25003888989529,27.8408824856022));
#9145=CARTESIAN_POINT('',(-51.4651127725902,-7.22994716332072,29.6548223216643));
#9146=CARTESIAN_POINT('',(-52.8212196955016,-7.20681162365878,31.4231169472163));
#9147=CARTESIAN_POINT('',(-53.8654033227064,-7.1904173852228,32.5282517753174));
#9148=CARTESIAN_POINT('',(-54.4169397823868,-7.18171210010431,33.0548068948893));
#9149=AXIS2_PLACEMENT_3D('',#9150,#9151,#9152);
#9150=CARTESIAN_POINT('',(-45.0000000017084,-2.99999999999997,34.4939856933902));
#9151=DIRECTION('',(-5.07530525542929E-16,1.,5.07530525542929E-16));
#9152=DIRECTION('',(-0.694399811041419,1.27844845582596E-17,-0.719589398494476));
#9153=CARTESIAN_POINT('',(-46.3887996237912,3.00000000000003,33.0548068964012));
#9154=CARTESIAN_POINT('',(-46.3887996237912,-2.99999999999997,33.0548068964012));
#9155=VECTOR('',#9156,1.);
#9156=DIRECTION('',(0.,1.,0.));
#9157=AXIS2_PLACEMENT_3D('',#9158,#9159,#9160);
#9158=CARTESIAN_POINT('',(-45.0000000017084,3.00000000000003,34.4939856933902));
#9159=DIRECTION('',(-5.07530525542929E-16,1.,5.07530525542929E-16));
#9160=DIRECTION('',(-0.694399811041419,1.27844845582596E-17,-0.719589398494476));
#9161=CARTESIAN_POINT('',(-46.3887996237912,3.00000000000003,33.0548068964012));
#9162=CARTESIAN_POINT('',(-46.3896912702747,3.084818335012,33.0556673303528));
#9163=CARTESIAN_POINT('',(-46.401131536437,3.24286623843708,33.0526570416038));
#9164=CARTESIAN_POINT('',(-46.45178821931,3.46028676732554,33.0459126384339));
#9165=CARTESIAN_POINT('',(-46.5235178053189,3.65592307487638,33.0356153418146));
#9166=CARTESIAN_POINT('',(-46.6178025037712,3.84191615566354,33.0222962492794));
#9167=CARTESIAN_POINT('',(-46.7404769625974,4.0261972477682,33.0049742524616));
#9168=CARTESIAN_POINT('',(-46.8905729453805,4.20273904018265,32.9839253663759));
#9169=CARTESIAN_POINT('',(-47.0692607999436,4.36998213001567,32.9590379730264));
#9170=CARTESIAN_POINT('',(-47.2758798191599,4.52418600652508,32.9304719614952));
#9171=CARTESIAN_POINT('',(-47.5131776495387,4.66396172485767,32.897983790824));
#9172=CARTESIAN_POINT('',(-47.7783683430375,4.78430554229173,32.8620774282993));
#9173=CARTESIAN_POINT('',(-48.0856206179697,4.8869428172277,32.8209837473809));
#9174=CARTESIAN_POINT('',(-48.4092000214337,4.95746393444221,32.778394906945));
#9175=CARTESIAN_POINT('',(-48.7222177104926,4.99336039513032,32.7376493033945));
#9176=CARTESIAN_POINT('',(-48.9136870644505,5.00000000000003,32.7134791716657));
#9177=CARTESIAN_POINT('',(-49.0000000077574,5.00000000000003,32.7022990860969));
#9178=CARTESIAN_POINT('',(-54.4169397823871,7.18171210010435,33.0548068948896));
#9179=CARTESIAN_POINT('',(-54.4169397823868,7.18171210010435,33.0548068948893));
#9180=CARTESIAN_POINT('',(-54.4218460306007,7.10391961824148,33.0496785378069));
#9181=CARTESIAN_POINT('',(-54.4253618300516,6.95360210964032,33.0460035077369));
#9182=CARTESIAN_POINT('',(-54.4128691552378,6.73341567788797,33.0590614432826));
#9183=CARTESIAN_POINT('',(-54.3860831495128,6.52824944971877,33.0870596421205));
#9184=CARTESIAN_POINT('',(-54.345451115718,6.32988523649355,33.1295305568899));
#9185=CARTESIAN_POINT('',(-54.2893551007355,6.13434464345514,33.1881653743656));
#9186=CARTESIAN_POINT('',(-54.2183995972361,5.9465460230713,33.2623322532128));
#9187=CARTESIAN_POINT('',(-54.1341155414688,5.77093446453338,33.3504309757232));
#9188=CARTESIAN_POINT('',(-54.0373030133241,5.60923728873148,33.4516252574479));
#9189=CARTESIAN_POINT('',(-53.9293923903286,5.46373081721059,33.564419988172));
#9190=CARTESIAN_POINT('',(-53.8119161218761,5.336173547462,33.6872133649192));
#9191=CARTESIAN_POINT('',(-53.6866409305023,5.22802098126639,33.8181587070674));
#9192=CARTESIAN_POINT('',(-53.5551660485359,5.14008482856849,33.9555844040112));
#9193=CARTESIAN_POINT('',(-53.4203648060599,5.07353363174862,34.0964870779662));
#9194=CARTESIAN_POINT('',(-53.286734413366,5.02891943373427,34.23616596633));
#9195=CARTESIAN_POINT('',(-53.1594040566761,5.00480223207796,34.369259718249));
#9196=CARTESIAN_POINT('',(-53.0786222754359,5.00000000000003,34.4536979875513));
#9197=CARTESIAN_POINT('',(-53.0400791854613,5.00000000000003,34.4939856917422));
#9198=CARTESIAN_POINT('',(-54.3726000115797,7.18239705738842,1.43532401277733));
#9199=CARTESIAN_POINT('',(-53.673489212566,7.19297173439235,2.10653226022004));
#9200=CARTESIAN_POINT('',(-52.4397866815964,7.21322951669699,3.4567027530979));
#9201=CARTESIAN_POINT('',(-50.9687716560313,7.23865147200789,5.53205927622845));
#9202=CARTESIAN_POINT('',(-49.8557072079147,7.25901717712761,7.52359169571515));
#9203=CARTESIAN_POINT('',(-49.0264463299631,7.27485040332152,9.41923324391257));
#9204=CARTESIAN_POINT('',(-48.4097847749117,7.28695557414826,11.2830703551124));
#9205=CARTESIAN_POINT('',(-47.9920177310584,7.29538275792851,13.0417657966235));
#9206=CARTESIAN_POINT('',(-47.7297306350879,7.30079540519746,14.7417734547437));
#9207=CARTESIAN_POINT('',(-47.6020602775772,7.30330645745032,16.4132207592089));
#9208=CARTESIAN_POINT('',(-47.6044205461476,7.30336779956572,18.1122747979753));
#9209=CARTESIAN_POINT('',(-47.7519813277212,7.30030034433601,19.9478609129762));
#9210=CARTESIAN_POINT('',(-48.0854880514472,7.29346039998001,21.9083230867604));
#9211=CARTESIAN_POINT('',(-48.6486929652721,7.28225744987022,23.9773711832463));
#9212=CARTESIAN_POINT('',(-49.4028404376126,7.26757324679758,25.9513927059988));
#9213=CARTESIAN_POINT('',(-50.3410969171258,7.25003888990635,27.8408824844867));
#9214=CARTESIAN_POINT('',(-51.465112771911,7.2299471633329,29.6548223206929));
#9215=CARTESIAN_POINT('',(-52.8212196949916,7.2068116236663,31.4231169466534));
#9216=CARTESIAN_POINT('',(-53.8654033224833,7.19041738522779,32.5282517751046));
#9217=CARTESIAN_POINT('',(-54.4169397823868,7.18171210010435,33.0548068948893));
#9218=CARTESIAN_POINT('',(-46.4571719858856,3.46347829627115,1.40261134614139));
#9219=CARTESIAN_POINT('',(-46.4837675221272,3.54831388940771,1.40507897513398));
#9220=CARTESIAN_POINT('',(-46.5428076341061,3.7042633968131,1.41531487590152));
#9221=CARTESIAN_POINT('',(-46.6597893265866,3.91044035262972,1.43120801520092));
#9222=CARTESIAN_POINT('',(-46.7912326845363,4.08986883213217,1.44986276335041));
#9223=CARTESIAN_POINT('',(-46.9435085984266,4.25588754773185,1.47113381277646));
#9224=CARTESIAN_POINT('',(-47.12398584559,4.41406519225341,1.49624690493515));
#9225=CARTESIAN_POINT('',(-47.3327098706458,4.5605019098591,1.52500700823677));
#9226=CARTESIAN_POINT('',(-47.5695090984585,4.6920763367629,1.55734941881858));
#9227=CARTESIAN_POINT('',(-47.834562242791,4.80551370565891,1.59314803761551));
#9228=CARTESIAN_POINT('',(-48.1311928586341,4.8983065333783,1.63273098940586));
#9229=CARTESIAN_POINT('',(-48.4378304040986,4.96121891055808,1.67301112886793));
#9230=CARTESIAN_POINT('',(-48.7315304173521,4.99374179228085,1.71121668284027));
#9231=CARTESIAN_POINT('',(-48.9151767045334,5.00000000000003,1.73439221116312));
#9232=CARTESIAN_POINT('',(-49.0000000098374,5.00000000000003,1.74538117124661));
#9233=AXIS2_PLACEMENT_3D('',#9234,#9235,#9236);
#9234=CARTESIAN_POINT('',(-61.6655954667024,3.00000000000003,17.2238401295228));
#9235=DIRECTION('',(-1.83697019872103E-16,-1.,-6.12323399573677E-17));
#9236=DIRECTION('',(0.694376959650458,-8.34914852573165E-17,-0.719611449260354));
#9237=AXIS2_PLACEMENT_3D('',#9238,#9239,#9240);
#9238=CARTESIAN_POINT('',(-53.0400791854612,7.00000000000014,34.4939856917416));
#9239=DIRECTION('',(-0.13084112149533,-0.991403349260958,-7.67293629804304E-17));
#9240=DIRECTION('',(-0.991403349260958,0.13084112149533,3.55271367880051E-15));
#9241=CARTESIAN_POINT('',(-7.18171210010426,54.4169397823871,33.0548068948896));
#9242=AXIS2_PLACEMENT_3D('',#9243,#9244,#9245);
#9243=CARTESIAN_POINT('',(-4.0480463460261E-15,-2.02402317301305E-15,33.0548068948901));
#9244=DIRECTION('',(-1.22464679914735E-16,-6.12323399573677E-17,1.));
#9245=DIRECTION('',(-0.130841121495327,0.991403349260958,4.46825308532097E-17));
#9246=AXIS2_PLACEMENT_3D('',#9247,#9248,#9249);
#9247=CARTESIAN_POINT('',(-7.,53.0400791854613,34.4939856917416));
#9248=DIRECTION('',(-0.991403349260958,-0.130841121495327,-1.29423601865445E-16));
#9249=DIRECTION('',(-0.130841121495327,0.991403349260958,3.55271367880049E-15));
#9250=CARTESIAN_POINT('',(-7.18171210010427,54.4169397823868,33.0548068948893));
#9251=CARTESIAN_POINT('',(-7.10391961824158,54.4218460306007,33.0496785378069));
#9252=CARTESIAN_POINT('',(-6.95360210964358,54.4253618300515,33.0460035077369));
#9253=CARTESIAN_POINT('',(-6.73341567789805,54.4128691552385,33.0590614432819));
#9254=CARTESIAN_POINT('',(-6.52824944973776,54.3860831495158,33.0870596421174));
#9255=CARTESIAN_POINT('',(-6.32988523651813,54.3454511157238,33.1295305568837));
#9256=CARTESIAN_POINT('',(-6.13434464348074,54.2893551007441,33.1881653743567));
#9257=CARTESIAN_POINT('',(-5.94654602309769,54.2183995972472,33.2623322532011));
#9258=CARTESIAN_POINT('',(-5.77093446455794,54.134115541482,33.3504309757094));
#9259=CARTESIAN_POINT('',(-5.60923728875563,54.0373030133402,33.451625257431));
#9260=CARTESIAN_POINT('',(-5.46373081723034,53.9293923903449,33.5644199881549));
#9261=CARTESIAN_POINT('',(-5.3361735474798,53.8119161218946,33.6872133648999));
#9262=CARTESIAN_POINT('',(-5.22802098127953,53.6866409305196,33.8181587070493));
#9263=CARTESIAN_POINT('',(-5.14008482857912,53.5551660485544,33.9555844039919));
#9264=CARTESIAN_POINT('',(-5.07353363175543,53.4203648060767,34.0964870779487));
#9265=CARTESIAN_POINT('',(-5.02891943373784,53.2867344133806,34.2361659663146));
#9266=CARTESIAN_POINT('',(-5.00480223207862,53.1594040566843,34.3692597182404));
#9267=CARTESIAN_POINT('',(-4.99999999999999,53.0786222754392,34.4536979875479));
#9268=CARTESIAN_POINT('',(-4.99999999999999,53.0400791854613,34.4939856917422));
#9269=CARTESIAN_POINT('',(-3.46347829627111,46.4571719858856,1.40261134614139));
#9270=CARTESIAN_POINT('',(-3.54831388940766,46.4837675221272,1.40507897513398));
#9271=CARTESIAN_POINT('',(-3.70426339681308,46.5428076341061,1.4153148759015));
#9272=CARTESIAN_POINT('',(-3.91044035262999,46.6597893265868,1.43120801520095));
#9273=CARTESIAN_POINT('',(-4.08986883213229,46.7912326845365,1.44986276335042));
#9274=CARTESIAN_POINT('',(-4.25588754773182,46.9435085984267,1.47113381277645));
#9275=CARTESIAN_POINT('',(-4.41406519225257,47.123985845589,1.49624690493502));
#9276=CARTESIAN_POINT('',(-4.56050190985792,47.3327098706441,1.52500700823652));
#9277=CARTESIAN_POINT('',(-4.69207633676139,47.5695090984555,1.55734941881818));
#9278=CARTESIAN_POINT('',(-4.8055137056575,47.8345622427873,1.59314803761501));
#9279=CARTESIAN_POINT('',(-4.89830653337717,48.1311928586299,1.63273098940529));
#9280=CARTESIAN_POINT('',(-4.9612189105574,48.4378304040944,1.67301112886738));
#9281=CARTESIAN_POINT('',(-4.99374179228067,48.7315304173495,1.71121668283992));
#9282=CARTESIAN_POINT('',(-4.99999999999999,48.9151767045322,1.73439221116296));
#9283=CARTESIAN_POINT('',(-4.99999999999999,49.0000000098374,1.74538117124661));
#9284=CARTESIAN_POINT('',(-2.99999999999999,46.3887996237912,33.0548068964013));
#9285=AXIS2_PLACEMENT_3D('',#9286,#9287,#9288);
#9286=CARTESIAN_POINT('',(-2.99999999999999,61.6655954667024,17.2238401295228));
#9287=DIRECTION('',(-1.,-1.22464679914735E-16,-6.12323399573677E-17));
#9288=DIRECTION('',(1.29100144971605E-16,-0.694376959169548,-0.719611449724399));
#9289=CARTESIAN_POINT('',(-4.99999999999999,49.0000000077574,32.7022990860969));
#9290=CARTESIAN_POINT('',(-4.99999999999999,48.8609619178322,32.7205493344787));
#9291=CARTESIAN_POINT('',(-4.98552338460896,48.60178118326,32.753025130456));
#9292=CARTESIAN_POINT('',(-4.92556424114907,48.2440845914992,32.8000901130945));
#9293=CARTESIAN_POINT('',(-4.83932854080963,47.9308047513411,32.8416145929156));
#9294=CARTESIAN_POINT('',(-4.73058154826258,47.6505653142154,32.8793300682079));
#9295=CARTESIAN_POINT('',(-4.60132882958832,47.399811429235,32.9134619395827));
#9296=CARTESIAN_POINT('',(-4.45708371244471,47.1806430575732,32.9436131687423));
#9297=CARTESIAN_POINT('',(-4.30197116222776,46.9920373797134,32.9697728724269));
#9298=CARTESIAN_POINT('',(-4.13621437823454,46.830255408261,32.9923713379898));
#9299=CARTESIAN_POINT('',(-3.96471782304035,46.696623327454,33.011164937312));
#9300=CARTESIAN_POINT('',(-3.79326519876967,46.5912747853892,33.02603830856));
#9301=CARTESIAN_POINT('',(-3.62681256093804,46.5122012836173,33.0372437518354));
#9302=CARTESIAN_POINT('',(-3.47208881907496,46.4572501557385,33.0450494197803));
#9303=CARTESIAN_POINT('',(-3.32969311341588,46.4212023117747,33.0501941897737));
#9304=CARTESIAN_POINT('',(-3.20554735742231,46.4006132450223,33.0530991229806));
#9305=CARTESIAN_POINT('',(-3.09664783438271,46.3907769288979,33.0545958106274));
#9306=CARTESIAN_POINT('',(-3.03090171736628,46.3891140055482,33.0551102730673));
#9307=CARTESIAN_POINT('',(-2.99999999999999,46.3887996237912,33.0548068964013));
#9308=CARTESIAN_POINT('',(-7.18239705738833,54.3726000115798,1.43532401277731));
#9309=CARTESIAN_POINT('',(-7.19297173439126,53.6734892125572,2.10653226022866));
#9310=CARTESIAN_POINT('',(-7.21322951669779,52.4397866815719,3.45670275312579));
#9311=CARTESIAN_POINT('',(-7.23865147200858,50.9687716559896,5.53205927629156));
#9312=CARTESIAN_POINT('',(-7.25901717712846,49.8557072078645,7.5235916958136));
#9313=CARTESIAN_POINT('',(-7.27485040332251,49.026446329912,9.4192332440434));
#9314=CARTESIAN_POINT('',(-7.28695557414906,48.409784774867,11.2830703552679));
#9315=CARTESIAN_POINT('',(-7.29538275792922,47.9920177310243,13.0417657967961));
#9316=CARTESIAN_POINT('',(-7.30079540519773,47.7297306350685,14.7417734549151));
#9317=CARTESIAN_POINT('',(-7.30330645745062,47.6020602775728,16.4132207593561));
#9318=CARTESIAN_POINT('',(-7.30336779956543,47.6044205461532,18.1122747980736));
#9319=CARTESIAN_POINT('',(-7.3003003443356,47.7519813277391,19.9478609131537));
#9320=CARTESIAN_POINT('',(-7.29346039997832,48.0854880515212,21.908323087149));
#9321=CARTESIAN_POINT('',(-7.28225744986597,48.6486929654956,23.9773711839698));
#9322=CARTESIAN_POINT('',(-7.26757324679006,49.4028404380041,25.9513927069074));
#9323=CARTESIAN_POINT('',(-7.2500388898966,50.3410969176575,27.8408824854389));
#9324=CARTESIAN_POINT('',(-7.22994716332348,51.4651127724546,29.6548223214671));
#9325=CARTESIAN_POINT('',(-7.20681162365958,52.8212196953838,31.4231169470856));
#9326=CARTESIAN_POINT('',(-7.19041738522582,53.8654033226494,32.5282517752632));
#9327=CARTESIAN_POINT('',(-7.18171210010427,54.4169397823868,33.0548068948893));
#9328=AXIS2_PLACEMENT_3D('',#9329,#9330,#9331);
#9329=CARTESIAN_POINT('',(-2.99999999999999,45.0000000017084,34.4939856933902));
#9330=DIRECTION('',(1.,0.,-1.01506105108586E-15));
#9331=DIRECTION('',(-7.3042717118604E-16,0.694399811041421,-0.719589398494474));
#9332=CARTESIAN_POINT('',(3.00000000000001,46.3887996237912,33.0548068964012));
#9333=CARTESIAN_POINT('',(-2.99999999999999,46.3887996237912,33.0548068964013));
#9334=VECTOR('',#9335,1.);
#9335=DIRECTION('',(1.,1.1842378929335E-15,0.));
#9336=AXIS2_PLACEMENT_3D('',#9337,#9338,#9339);
#9337=CARTESIAN_POINT('',(3.00000000000001,45.0000000017084,34.4939856933902));
#9338=DIRECTION('',(1.,0.,-1.01506105108586E-15));
#9339=DIRECTION('',(-7.3042717118604E-16,0.694399811041421,-0.719589398494474));
#9340=CARTESIAN_POINT('',(3.00000000000001,46.3887996237912,33.0548068964012));
#9341=CARTESIAN_POINT('',(3.08481833501758,46.3896912702747,33.0556673303528));
#9342=CARTESIAN_POINT('',(3.2428662384533,46.4011315364386,33.0526570416035));
#9343=CARTESIAN_POINT('',(3.46028676735246,46.4517882193176,33.0459126384328));
#9344=CARTESIAN_POINT('',(3.65592307490904,46.523517805333,33.0356153418126));
#9345=CARTESIAN_POINT('',(3.84191615569771,46.617802503791,33.0222962492766));
#9346=CARTESIAN_POINT('',(4.02619724780484,46.7404769626248,33.0049742524578));
#9347=CARTESIAN_POINT('',(4.20273904022135,46.890572945417,32.9839253663708));
#9348=CARTESIAN_POINT('',(4.36998213005451,47.0692607999899,32.95903797302));
#9349=CARTESIAN_POINT('',(4.52418600656165,47.2758798192149,32.9304719614876));
#9350=CARTESIAN_POINT('',(4.66396172488952,47.5131776496001,32.8979837908156));
#9351=CARTESIAN_POINT('',(4.78430554231833,47.7783683431054,32.8620774282902));
#9352=CARTESIAN_POINT('',(4.88694281724803,48.0856206180439,32.820983747371));
#9353=CARTESIAN_POINT('',(4.95746393445368,48.4092000215048,32.7783949069357));
#9354=CARTESIAN_POINT('',(4.99336039513272,48.7222177105391,32.7376493033885));
#9355=CARTESIAN_POINT('',(5.00000000000001,48.9136870644695,32.7134791716633));
#9356=CARTESIAN_POINT('',(5.00000000000001,49.0000000077574,32.7022990860969));
#9357=CARTESIAN_POINT('',(7.18171210010428,54.4169397823871,33.0548068948896));
#9358=CARTESIAN_POINT('',(7.18171210010429,54.4169397823868,33.0548068948893));
#9359=CARTESIAN_POINT('',(7.10391961823318,54.4218460306012,33.0496785378064));
#9360=CARTESIAN_POINT('',(6.95360210961645,54.4253618300518,33.0460035077366));
#9361=CARTESIAN_POINT('',(6.73341567784629,54.4128691552343,33.0590614432863));
#9362=CARTESIAN_POINT('',(6.52824944966902,54.3860831495046,33.0870596421292));
#9363=CARTESIAN_POINT('',(6.32988523644539,54.3454511157061,33.1295305569024));
#9364=CARTESIAN_POINT('',(6.13434464340973,54.2893551007205,33.1881653743814));
#9365=CARTESIAN_POINT('',(5.94654602302996,54.2183995972184,33.2623322532313));
#9366=CARTESIAN_POINT('',(5.77093446449443,54.1341155414479,33.350430975745));
#9367=CARTESIAN_POINT('',(5.60923728869653,54.0373030133008,33.4516252574722));
#9368=CARTESIAN_POINT('',(5.46373081717921,53.9293923903027,33.5644199881991));
#9369=CARTESIAN_POINT('',(5.33617354743552,53.8119161218489,33.6872133649477));
#9370=CARTESIAN_POINT('',(5.22802098124357,53.6866409304724,33.8181587070986));
#9371=CARTESIAN_POINT('',(5.14008482855078,53.5551660485054,33.9555844040432));
#9372=CARTESIAN_POINT('',(5.07353363173534,53.4203648060277,34.0964870779999));
#9373=CARTESIAN_POINT('',(5.02891943372723,53.2867344133381,34.2361659663591));
#9374=CARTESIAN_POINT('',(5.00480223207651,53.1594040566588,34.3692597182671));
#9375=CARTESIAN_POINT('',(5.00000000000001,53.0786222754295,34.453697987558));
#9376=CARTESIAN_POINT('',(5.00000000000001,53.0400791854613,34.4939856917422));
#9377=CARTESIAN_POINT('',(7.18239705738837,54.3726000115798,1.4353240127773));
#9378=CARTESIAN_POINT('',(7.19297173439098,53.6734892125594,2.1065322602265));
#9379=CARTESIAN_POINT('',(7.21322951669791,52.4397866815717,3.45670275312577));
#9380=CARTESIAN_POINT('',(7.23865147200855,50.9687716559872,5.53205927629468));
#9381=CARTESIAN_POINT('',(7.25901717712869,49.855707207856,7.52359169582985));
#9382=CARTESIAN_POINT('',(7.27485040332271,49.0264463299047,9.41923324406218));
#9383=CARTESIAN_POINT('',(7.28695557414905,48.4097847748626,11.283070355285));
#9384=CARTESIAN_POINT('',(7.29538275792938,47.9920177310236,13.0417657968008));
#9385=CARTESIAN_POINT('',(7.30079540519769,47.7297306350683,14.7417734549164));
#9386=CARTESIAN_POINT('',(7.30330645745063,47.6020602775719,16.4132207593658));
#9387=CARTESIAN_POINT('',(7.30336779956543,47.6044205461537,18.1122747981031));
#9388=CARTESIAN_POINT('',(7.30030034433558,47.7519813277421,19.9478609131696));
#9389=CARTESIAN_POINT('',(7.29346039997864,48.0854880515147,21.908323087104));
#9390=CARTESIAN_POINT('',(7.28225744986697,48.648692965447,23.9773711838055));
#9391=CARTESIAN_POINT('',(7.26757324679251,49.402840437875,25.9513927065975));
#9392=CARTESIAN_POINT('',(7.25003888990166,50.3410969173929,27.840882484948));
#9393=CARTESIAN_POINT('',(7.22994716332975,51.4651127720728,29.6548223209108));
#9394=CARTESIAN_POINT('',(7.20681162366617,52.8212196950488,31.4231169467143));
#9395=CARTESIAN_POINT('',(7.1904173852261,53.8654033224866,32.5282517751075));
#9396=CARTESIAN_POINT('',(7.18171210010429,54.4169397823868,33.0548068948893));
#9397=CARTESIAN_POINT('',(3.46347829627107,46.4571719858856,1.4026113461414));
#9398=CARTESIAN_POINT('',(3.54831388940772,46.4837675221272,1.40507897513399));
#9399=CARTESIAN_POINT('',(3.70426339681333,46.5428076341062,1.41531487590152));
#9400=CARTESIAN_POINT('',(3.91044035263069,46.6597893265872,1.431208015201));
#9401=CARTESIAN_POINT('',(4.08986883213333,46.7912326845373,1.44986276335054));
#9402=CARTESIAN_POINT('',(4.25588754773323,46.9435085984281,1.47113381277666));
#9403=CARTESIAN_POINT('',(4.41406519225377,47.1239858455905,1.49624690493523));
#9404=CARTESIAN_POINT('',(4.560501909859,47.3327098706458,1.52500700823677));
#9405=CARTESIAN_POINT('',(4.69207633676235,47.5695090984574,1.55734941881843));
#9406=CARTESIAN_POINT('',(4.8055137056584,47.8345622427897,1.59314803761534));
#9407=CARTESIAN_POINT('',(4.89830653337848,48.1311928586345,1.6327309894059));
#9408=CARTESIAN_POINT('',(4.96121891055846,48.4378304041005,1.6730111288682));
#9409=CARTESIAN_POINT('',(4.99374179228098,48.7315304173548,1.71121668284063));
#9410=CARTESIAN_POINT('',(5.00000000000001,48.9151767045345,1.73439221116329));
#9411=CARTESIAN_POINT('',(5.00000000000001,49.0000000098374,1.74538117124661));
#9412=AXIS2_PLACEMENT_3D('',#9413,#9414,#9415);
#9413=CARTESIAN_POINT('',(3.00000000000001,61.6655954667024,17.2238401295228));
#9414=DIRECTION('',(-1.,-1.22464679914735E-16,-6.12323399573677E-17));
#9415=DIRECTION('',(1.29100145002084E-16,-0.694376959650458,-0.719611449260354));
#9416=AXIS2_PLACEMENT_3D('',#9417,#9418,#9419);
#9417=CARTESIAN_POINT('',(7.00000000000002,53.0400791854612,34.4939856917416));
#9418=DIRECTION('',(-0.991403349260958,0.130841121495328,-1.13400185801835E-16));
#9419=DIRECTION('',(0.130841121495328,0.991403349260958,7.10542735760101E-15));
#9420=CARTESIAN_POINT('',(54.4169397823871,7.18171210010427,33.0548068948896));
#9421=AXIS2_PLACEMENT_3D('',#9422,#9423,#9424);
#9422=CARTESIAN_POINT('',(-4.0480463460261E-15,-2.02402317301305E-15,33.05480689489));
#9423=DIRECTION('',(-1.22464679914735E-16,-6.12323399573677E-17,1.));
#9424=DIRECTION('',(0.991403349260958,0.130841121495328,1.29423601865445E-16));
#9425=AXIS2_PLACEMENT_3D('',#9426,#9427,#9428);
#9426=CARTESIAN_POINT('',(53.0400791854613,6.9999999999999,34.4939856917416));
#9427=DIRECTION('',(-0.130841121495325,0.991403349260958,4.46825308532099E-17));
#9428=DIRECTION('',(0.991403349260958,0.130841121495325,7.10542735760099E-15));
#9429=CARTESIAN_POINT('',(54.4169397823868,7.18171210010426,33.0548068948893));
#9430=CARTESIAN_POINT('',(54.4218460306007,7.10391961824109,33.0496785378069));
#9431=CARTESIAN_POINT('',(54.4253618300515,6.95360210964141,33.0460035077369));
#9432=CARTESIAN_POINT('',(54.4128691552381,6.73341567789328,33.0590614432823));
#9433=CARTESIAN_POINT('',(54.3860831495146,6.52824944973028,33.0870596421187));
#9434=CARTESIAN_POINT('',(54.3454511157216,6.32988523650879,33.1295305568861));
#9435=CARTESIAN_POINT('',(54.2893551007409,6.13434464347105,33.1881653743601));
#9436=CARTESIAN_POINT('',(54.2183995972428,5.94654602308716,33.2623322532058));
#9437=CARTESIAN_POINT('',(54.1341155414771,5.77093446454878,33.3504309757145));
#9438=CARTESIAN_POINT('',(54.0373030133339,5.60923728874617,33.4516252574376));
#9439=CARTESIAN_POINT('',(53.9293923903387,5.46373081722285,33.5644199881613));
#9440=CARTESIAN_POINT('',(53.8119161218874,5.33617354747281,33.6872133649075));
#9441=CARTESIAN_POINT('',(53.6866409305126,5.22802098127416,33.8181587070566));
#9442=CARTESIAN_POINT('',(53.5551660485469,5.14008482857479,33.9555844039997));
#9443=CARTESIAN_POINT('',(53.4203648060695,5.0735336317525,34.0964870779562));
#9444=CARTESIAN_POINT('',(53.2867344133746,5.02891943373634,34.236165966321));
#9445=CARTESIAN_POINT('',(53.1594040566808,5.00480223207831,34.3692597182441));
#9446=CARTESIAN_POINT('',(53.0786222754379,4.99999999999998,34.4536979875492));
#9447=CARTESIAN_POINT('',(53.0400791854612,4.99999999999998,34.4939856917422));
#9448=CARTESIAN_POINT('',(46.4571719858856,3.46347829627105,1.40261134614139));
#9449=CARTESIAN_POINT('',(46.4837675221271,3.54831388940718,1.40507897513397));
#9450=CARTESIAN_POINT('',(46.5428076341057,3.70426339681188,1.41531487590143));
#9451=CARTESIAN_POINT('',(46.6597893265853,3.91044035262749,1.43120801520073));
#9452=CARTESIAN_POINT('',(46.791232684534,4.08986883212922,1.44986276335007));
#9453=CARTESIAN_POINT('',(46.9435085984233,4.25588754772852,1.47113381277599));
#9454=CARTESIAN_POINT('',(47.1239858455855,4.41406519224978,1.49624690493453));
#9455=CARTESIAN_POINT('',(47.3327098706402,4.56050190985547,1.52500700823597));
#9456=CARTESIAN_POINT('',(47.5695090984506,4.69207633675892,1.5573494188175));
#9457=CARTESIAN_POINT('',(47.8345622427813,4.80551370565523,1.59314803761419));
#9458=CARTESIAN_POINT('',(48.1311928586235,4.89830653337555,1.63273098940444));
#9459=CARTESIAN_POINT('',(48.4378304040898,4.96121891055676,1.67301112886678));
#9460=CARTESIAN_POINT('',(48.7315304173472,4.99374179228057,1.71121668283963));
#9461=CARTESIAN_POINT('',(48.9151767045318,4.99999999999998,1.73439221116291));
#9462=CARTESIAN_POINT('',(49.0000000098374,4.99999999999998,1.74538117124661));
#9463=CARTESIAN_POINT('',(46.3887996237912,2.99999999999998,33.0548068964012));
#9464=AXIS2_PLACEMENT_3D('',#9465,#9466,#9467);
#9465=CARTESIAN_POINT('',(61.6655954667024,2.99999999999998,17.2238401295228));
#9466=DIRECTION('',(6.12323399573676E-17,1.,-6.12323399573677E-17));
#9467=DIRECTION('',(-0.694376959169548,-1.54516690430571E-18,-0.7196114497244));
#9468=CARTESIAN_POINT('',(49.0000000077574,4.99999999999998,32.7022990860969));
#9469=CARTESIAN_POINT('',(48.8609619381109,4.99999999999998,32.7205493318182));
#9470=CARTESIAN_POINT('',(48.6017812397046,4.9855233887263,32.7530251232051));
#9471=CARTESIAN_POINT('',(48.2440846845671,4.92556426048081,32.8000901008633));
#9472=CARTESIAN_POINT('',(47.9308048561347,4.8393285752843,32.8416145789222));
#9473=CARTESIAN_POINT('',(47.6505654096784,4.73058159145432,32.8793300552927));
#9474=CARTESIAN_POINT('',(47.3998115107936,4.60132887747057,32.9134619284225));
#9475=CARTESIAN_POINT('',(47.1806431294924,4.45708376523854,32.9436131588414));
#9476=CARTESIAN_POINT('',(46.9920374471786,4.30197122367656,32.9697728629788));
#9477=CARTESIAN_POINT('',(46.8302554726452,4.13621445136434,32.9923713289975));
#9478=CARTESIAN_POINT('',(46.6966233814681,3.96471790108467,33.0111649296551));
#9479=CARTESIAN_POINT('',(46.5912748215166,3.79326526715009,33.0260383034738));
#9480=CARTESIAN_POINT('',(46.512201298284,3.62681260010578,33.0372437497617));
#9481=CARTESIAN_POINT('',(46.4572501525765,3.47208881428336,33.0450494201972));
#9482=CARTESIAN_POINT('',(46.4212022977176,3.32969305402964,33.0501941918715));
#9483=CARTESIAN_POINT('',(46.4006132320622,3.20554726422161,33.0530991245131));
#9484=CARTESIAN_POINT('',(46.3907769262989,3.09664775984779,33.0545958117617));
#9485=CARTESIAN_POINT('',(46.3891140052016,3.03090168325508,33.0551102727328));
#9486=CARTESIAN_POINT('',(46.3887996237912,2.99999999999998,33.0548068964013));
#9487=CARTESIAN_POINT('',(54.3726000115798,7.18239705738834,1.43532401277732));
#9488=CARTESIAN_POINT('',(53.6734892125673,7.19297173439098,2.10653226021895));
#9489=CARTESIAN_POINT('',(52.4397866815921,7.2132295166975,3.45670275310246));
#9490=CARTESIAN_POINT('',(50.9687716560178,7.23865147200802,5.53205927624784));
#9491=CARTESIAN_POINT('',(49.855707207888,7.25901717712802,7.52359169576612));
#9492=CARTESIAN_POINT('',(49.0264463299305,7.27485040332205,9.41923324399453));
#9493=CARTESIAN_POINT('',(48.4097847748784,7.28695557414862,11.2830703552273));
#9494=CARTESIAN_POINT('',(47.9920177310295,7.29538275792939,13.0417657967666));
#9495=CARTESIAN_POINT('',(47.7297306350672,7.30079540519756,14.7417734549171));
#9496=CARTESIAN_POINT('',(47.6020602775689,7.30330645745068,16.4132207594118));
#9497=CARTESIAN_POINT('',(47.6044205461563,7.30336779956529,18.1122747981996));
#9498=CARTESIAN_POINT('',(47.7519813277646,7.30030034433507,19.9478609133829));
#9499=CARTESIAN_POINT('',(48.0854880515906,7.29346039997712,21.9083230874828));
#9500=CARTESIAN_POINT('',(48.6486929656297,7.28225744986329,23.9773711843874));
#9501=CARTESIAN_POINT('',(49.4028404381685,7.26757324678696,25.9513927072753));
#9502=CARTESIAN_POINT('',(50.3410969177745,7.25003888989458,27.8408824856306));
#9503=CARTESIAN_POINT('',(51.4651127724581,7.22994716332322,29.6548223214591));
#9504=CARTESIAN_POINT('',(52.8212196953246,7.20681162366142,31.4231169470182));
#9505=CARTESIAN_POINT('',(53.8654033226027,7.19041738522449,32.5282517752185));
#9506=CARTESIAN_POINT('',(54.4169397823868,7.18171210010426,33.0548068948893));
#9507=AXIS2_PLACEMENT_3D('',#9508,#9509,#9510);
#9508=CARTESIAN_POINT('',(45.0000000017084,2.99999999999998,34.4939856933902));
#9509=DIRECTION('',(0.,-1.,0.));
#9510=DIRECTION('',(0.694399811041421,0.,-0.719589398494473));
#9511=CARTESIAN_POINT('',(46.3887996237912,-3.00000000000002,33.0548068964012));
#9512=CARTESIAN_POINT('',(46.3887996237912,2.99999999999998,33.0548068964013));
#9513=VECTOR('',#9514,1.);
#9514=DIRECTION('',(0.,-1.,0.));
#9515=AXIS2_PLACEMENT_3D('',#9516,#9517,#9518);
#9516=CARTESIAN_POINT('',(45.0000000017084,-3.00000000000002,34.4939856933902));
#9517=DIRECTION('',(0.,-1.,0.));
#9518=DIRECTION('',(0.694399811041421,0.,-0.719589398494473));
#9519=CARTESIAN_POINT('',(46.3887996237912,-3.00000000000002,33.0548068964012));
#9520=CARTESIAN_POINT('',(46.3896912702748,-3.08481833502264,33.0556673303529));
#9521=CARTESIAN_POINT('',(46.4011315364398,-3.24286623846382,33.0526570416034));
#9522=CARTESIAN_POINT('',(46.451788219322,-3.46028676736732,33.0459126384322));
#9523=CARTESIAN_POINT('',(46.5235178053383,-3.65592307492069,33.0356153418118));
#9524=CARTESIAN_POINT('',(46.6178025037963,-3.84191615570667,33.0222962492758));
#9525=CARTESIAN_POINT('',(46.7404769626246,-4.0261972478036,33.0049742524578));
#9526=CARTESIAN_POINT('',(46.8905729454316,-4.20273904023863,32.9839253663687));
#9527=CARTESIAN_POINT('',(47.0692607999298,-4.36998212999699,32.9590379730285));
#9528=CARTESIAN_POINT('',(47.2758798194171,-4.52418600671702,32.9304719614594));
#9529=CARTESIAN_POINT('',(47.5131776479931,-4.66396172393202,32.8979837910364));
#9530=CARTESIAN_POINT('',(47.778368343178,-4.78430554244785,32.8620774282776));
#9531=CARTESIAN_POINT('',(48.085620629537,-4.88694282119394,32.8209837458334));
#9532=CARTESIAN_POINT('',(48.4092000500235,-4.95746393985799,32.7783949031943));
#9533=CARTESIAN_POINT('',(48.7222177380345,-4.99336039672832,32.737649299862));
#9534=CARTESIAN_POINT('',(48.9136870794474,-5.00000000000002,32.7134791697223));
#9535=CARTESIAN_POINT('',(49.0000000077574,-5.00000000000002,32.7022990860969));
#9536=CARTESIAN_POINT('',(54.4169397823871,-7.18171210010435,33.0548068948896));
#9537=CARTESIAN_POINT('',(54.4169397823868,-7.18171210010434,33.0548068948893));
#9538=CARTESIAN_POINT('',(54.4218460306012,-7.10391961823275,33.0496785378063));
#9539=CARTESIAN_POINT('',(54.4253618300519,-6.95360210961567,33.0460035077366));
#9540=CARTESIAN_POINT('',(54.4128691552341,-6.73341567784514,33.0590614432864));
#9541=CARTESIAN_POINT('',(54.3860831495044,-6.52824944966812,33.0870596421293));
#9542=CARTESIAN_POINT('',(54.3454511157056,-6.32988523644323,33.1295305569028));
#9543=CARTESIAN_POINT('',(54.2893551007196,-6.13434464340681,33.1881653743824));
#9544=CARTESIAN_POINT('',(54.2183995972167,-5.94654602302612,33.262332253233));
#9545=CARTESIAN_POINT('',(54.1341155414462,-5.77093446449131,33.3504309757468));
#9546=CARTESIAN_POINT('',(54.0373030132989,-5.60923728869371,33.4516252574742));
#9547=CARTESIAN_POINT('',(53.9293923903005,-5.46373081717666,33.5644199882012));
#9548=CARTESIAN_POINT('',(53.8119161218464,-5.33617354743313,33.6872133649503));
#9549=CARTESIAN_POINT('',(53.6866409304698,-5.22802098124167,33.8181587071012));
#9550=CARTESIAN_POINT('',(53.5551660485028,-5.14008482854928,33.955584404046));
#9551=CARTESIAN_POINT('',(53.4203648060253,-5.07353363173437,34.0964870780024));
#9552=CARTESIAN_POINT('',(53.2867344133356,-5.0289194337266,34.2361659663618));
#9553=CARTESIAN_POINT('',(53.1594040566573,-5.00480223207638,34.3692597182687));
#9554=CARTESIAN_POINT('',(53.0786222754286,-5.00000000000002,34.4536979875589));
#9555=CARTESIAN_POINT('',(53.0400791854612,-5.00000000000002,34.4939856917422));
#9556=CARTESIAN_POINT('',(54.3726000115797,-7.18239705738836,1.43532401277732));
#9557=CARTESIAN_POINT('',(53.673489212578,-7.19297173439153,2.10653226020853));
#9558=CARTESIAN_POINT('',(52.4397866816255,-7.21322951669659,3.45670275306469));
#9559=CARTESIAN_POINT('',(50.9687716560809,-7.23865147200707,5.53205927615298));
#9560=CARTESIAN_POINT('',(49.8557072079704,-7.25901717712655,7.52359169560525));
#9561=CARTESIAN_POINT('',(49.0264463300127,-7.2748504033206,9.41923324378297));
#9562=CARTESIAN_POINT('',(48.4097847749389,-7.2869555741475,11.283070355011));
#9563=CARTESIAN_POINT('',(47.9920177310671,-7.29538275792848,13.0417657965703));
#9564=CARTESIAN_POINT('',(47.7297306350896,-7.30079540519726,14.741773454727));
#9565=CARTESIAN_POINT('',(47.6020602775792,-7.30330645745059,16.4132207591802));
#9566=CARTESIAN_POINT('',(47.6044205461461,-7.30336779956555,18.1122747978963));
#9567=CARTESIAN_POINT('',(47.7519813277192,-7.300300344336,19.9478609130084));
#9568=CARTESIAN_POINT('',(48.0854880515012,-7.29346039997905,21.9083230870757));
#9569=CARTESIAN_POINT('',(48.6486929655044,-7.28225744986575,23.9773711840093));
#9570=CARTESIAN_POINT('',(49.4028404380555,-7.26757324678911,25.9513927070319));
#9571=CARTESIAN_POINT('',(50.3410969177531,-7.25003888989504,27.8408824856125));
#9572=CARTESIAN_POINT('',(51.4651127725683,-7.22994716332131,29.6548223216302));
#9573=CARTESIAN_POINT('',(52.8212196954714,-7.20681162365877,31.4231169471825));
#9574=CARTESIAN_POINT('',(53.8654033226891,-7.19041738522398,32.528251775301));
#9575=CARTESIAN_POINT('',(54.4169397823868,-7.18171210010434,33.0548068948893));
#9576=CARTESIAN_POINT('',(46.4571719858856,-3.46347829627108,1.40261134614139));
#9577=CARTESIAN_POINT('',(46.4837675221272,-3.54831388940758,1.40507897513398));
#9578=CARTESIAN_POINT('',(46.5428076341061,-3.70426339681294,1.4153148759015));
#9579=CARTESIAN_POINT('',(46.6597893265864,-3.91044035262937,1.4312080152009));
#9580=CARTESIAN_POINT('',(46.791232684536,-4.08986883213181,1.44986276335036));
#9581=CARTESIAN_POINT('',(46.9435085984263,-4.25588754773154,1.47113381277642));
#9582=CARTESIAN_POINT('',(47.1239858455894,-4.41406519225288,1.49624690493507));
#9583=CARTESIAN_POINT('',(47.3327098706445,-4.5605019098582,1.52500700823659));
#9584=CARTESIAN_POINT('',(47.5695090984556,-4.6920763367614,1.55734941881818));
#9585=CARTESIAN_POINT('',(47.8345622427876,-4.80551370565768,1.59314803761507));
#9586=CARTESIAN_POINT('',(48.1311928586307,-4.89830653337747,1.6327309894054));
#9587=CARTESIAN_POINT('',(48.4378304040966,-4.96121891055779,1.67301112886768));
#9588=CARTESIAN_POINT('',(48.731530417351,-4.9937417922808,1.71121668284013));
#9589=CARTESIAN_POINT('',(48.9151767045332,-5.00000000000002,1.7343922111631));
#9590=CARTESIAN_POINT('',(49.0000000098374,-5.00000000000002,1.74538117124662));
#9591=AXIS2_PLACEMENT_3D('',#9592,#9593,#9594);
#9592=CARTESIAN_POINT('',(61.6655954667024,-3.00000000000002,17.2238401295228));
#9593=DIRECTION('',(6.12323399573676E-17,1.,-6.12323399573677E-17));
#9594=DIRECTION('',(-0.694376959650458,-1.54516684644384E-18,-0.719611449260354));
#9595=AXIS2_PLACEMENT_3D('',#9596,#9597,#9598);
#9596=CARTESIAN_POINT('',(53.0400791854612,-7.00000000000013,34.4939856917417));
#9597=DIRECTION('',(0.13084112149533,0.991403349260958,7.67293629804304E-17));
#9598=DIRECTION('',(0.991403349260958,-0.13084112149533,1.49076734529966E-32));
#9599=CARTESIAN_POINT('',(7.18171210010427,-54.4169397823871,33.0548068948896));
#9600=AXIS2_PLACEMENT_3D('',#9601,#9602,#9603);
#9601=CARTESIAN_POINT('',(-4.0480463460261E-15,-2.02402317301305E-15,33.0548068948901));
#9602=DIRECTION('',(-1.22464679914735E-16,-6.12323399573677E-17,1.));
#9603=DIRECTION('',(0.130841121495328,-0.991403349260958,-4.46825308532095E-17));
#9604=AXIS2_PLACEMENT_3D('',#9605,#9606,#9607);
#9605=CARTESIAN_POINT('',(7.,-53.0400791854613,34.4939856917417));
#9606=DIRECTION('',(0.991403349260958,0.130841121495327,1.29423601865445E-16));
#9607=DIRECTION('',(0.130841121495327,-0.991403349260958,7.1844531360468E-33));
#9608=CARTESIAN_POINT('',(7.18171210010427,-54.4169397823868,33.0548068948893));
#9609=CARTESIAN_POINT('',(7.10391961824285,-54.4218460306006,33.049678537807));
#9610=CARTESIAN_POINT('',(6.95360210964588,-54.4253618300515,33.046003507737));
#9611=CARTESIAN_POINT('',(6.73341567790096,-54.4128691552388,33.0590614432816));
#9612=CARTESIAN_POINT('',(6.52824944973957,-54.3860831495161,33.0870596421171));
#9613=CARTESIAN_POINT('',(6.32988523651965,-54.3454511157242,33.1295305568834));
#9614=CARTESIAN_POINT('',(6.13434464348201,-54.2893551007445,33.1881653743563));
#9615=CARTESIAN_POINT('',(5.94654602309853,-54.2183995972476,33.2623322532007));
#9616=CARTESIAN_POINT('',(5.77093446455883,-54.1341155414825,33.3504309757089));
#9617=CARTESIAN_POINT('',(5.60923728875622,-54.0373030133406,33.4516252574306));
#9618=CARTESIAN_POINT('',(5.46373081723153,-53.9293923903459,33.5644199881538));
#9619=CARTESIAN_POINT('',(5.33617354748033,-53.8119161218952,33.6872133648993));
#9620=CARTESIAN_POINT('',(5.22802098128018,-53.6866409305205,33.8181587070484));
#9621=CARTESIAN_POINT('',(5.14008482857942,-53.5551660485549,33.9555844039914));
#9622=CARTESIAN_POINT('',(5.07353363175589,-53.4203648060778,34.0964870779476));
#9623=CARTESIAN_POINT('',(5.02891943373821,-53.286734413382,34.2361659663132));
#9624=CARTESIAN_POINT('',(5.00480223207871,-53.1594040566854,34.3692597182392));
#9625=CARTESIAN_POINT('',(4.99999999999998,-53.0786222754397,34.4536979875473));
#9626=CARTESIAN_POINT('',(4.99999999999998,-53.0400791854613,34.4939856917422));
#9627=CARTESIAN_POINT('',(3.46347829627107,-46.4571719858856,1.40261134614139));
#9628=CARTESIAN_POINT('',(3.54831388940759,-46.4837675221272,1.40507897513398));
#9629=CARTESIAN_POINT('',(3.70426339681292,-46.5428076341061,1.41531487590149));
#9630=CARTESIAN_POINT('',(3.91044035262952,-46.6597893265865,1.43120801520091));
#9631=CARTESIAN_POINT('',(4.08986883213207,-46.7912326845363,1.44986276335039));
#9632=CARTESIAN_POINT('',(4.25588754773224,-46.943508598427,1.47113381277652));
#9633=CARTESIAN_POINT('',(4.41406519225355,-47.1239858455903,1.49624690493519));
#9634=CARTESIAN_POINT('',(4.56050190985884,-47.3327098706456,1.52500700823673));
#9635=CARTESIAN_POINT('',(4.69207633676177,-47.5695090984564,1.55734941881828));
#9636=CARTESIAN_POINT('',(4.80551370565738,-47.8345622427872,1.59314803761499));
#9637=CARTESIAN_POINT('',(4.89830653337757,-48.1311928586311,1.63273098940545));
#9638=CARTESIAN_POINT('',(4.96121891055801,-48.4378304040976,1.6730111288678));
#9639=CARTESIAN_POINT('',(4.99374179228087,-48.7315304173533,1.71121668284039));
#9640=CARTESIAN_POINT('',(4.99999999999998,-48.9151767045341,1.73439221116322));
#9641=CARTESIAN_POINT('',(4.99999999999998,-49.0000000098374,1.74538117124662));
#9642=AXIS2_PLACEMENT_3D('',#9643,#9644,#9645);
#9643=CARTESIAN_POINT('',(2.99999999999998,-61.6655954667024,17.2238401295228));
#9644=DIRECTION('',(1.,0.,-6.12323399573677E-17));
#9645=DIRECTION('',(-4.40634929267386E-17,0.694376959169548,-0.719611449724399));
#9646=CARTESIAN_POINT('',(7.18239705738834,-54.3726000115798,1.43532401277731));
#9647=CARTESIAN_POINT('',(7.19297173439084,-53.6734892125859,2.10653226020103));
#9648=CARTESIAN_POINT('',(7.21322951669633,-52.4397866816476,3.45670275303947));
#9649=CARTESIAN_POINT('',(7.23865147200622,-50.9687716561212,5.53205927609229));
#9650=CARTESIAN_POINT('',(7.25901717712555,-49.8557072080205,7.52359169550722));
#9651=CARTESIAN_POINT('',(7.27485040331955,-49.0264463300608,9.41923324365873));
#9652=CARTESIAN_POINT('',(7.28695557414681,-48.4097847749715,11.2830703548933));
#9653=CARTESIAN_POINT('',(7.29538275792817,-47.9920177310826,13.0417657964841));
#9654=CARTESIAN_POINT('',(7.30079540519706,-47.7297306350943,14.7417734546789));
#9655=CARTESIAN_POINT('',(7.3033064574505,-47.6020602775801,16.4132207591511));
#9656=CARTESIAN_POINT('',(7.30336779956555,-47.6044205461452,18.1122747978682));
#9657=CARTESIAN_POINT('',(7.30030034433617,-47.7519813277097,19.9478609129067));
#9658=CARTESIAN_POINT('',(7.29346039997985,-48.0854880514573,21.9083230868483));
#9659=CARTESIAN_POINT('',(7.28225744986815,-48.6486929653832,23.9773711836213));
#9660=CARTESIAN_POINT('',(7.26757324679276,-49.4028404378616,25.9513927065857));
#9661=CARTESIAN_POINT('',(7.25003888989931,-50.3410969175194,27.840882485199));
#9662=CARTESIAN_POINT('',(7.22994716332501,-51.4651127723603,29.6548223213372));
#9663=CARTESIAN_POINT('',(7.20681162366073,-52.8212196953374,31.4231169470353));
#9664=CARTESIAN_POINT('',(7.19041738522502,-53.8654033226372,32.5282517752515));
#9665=CARTESIAN_POINT('',(7.18171210010427,-54.4169397823868,33.0548068948893));
ENDSEC;
END-ISO-10303-21;
