ISO-10303-21;
HEADER;
FILE_DESCRIPTION(('STEP AP242'),
    '1');
FILE_NAME('Статор кожух',
    '',
    ('UNSPECIFIED'),
    ('UNSPECIFIED'),
    'C3D Converter',
    'C3D Toolkit',
    '');
FILE_SCHEMA(('AP242_MANAGED_MODEL_BASED_3D_ENGINEERING_MIM_LF { 1 0 10303 442 1 1 4 }'));
ENDSEC;

DATA;
#1=PRODUCT_DEFINITION('','UNSPECIFIED',#28,#31);
#2=SHAPE_DEFINITION_REPRESENTATION(#26,#3);
#3=SHAPE_REPRESENTATION('NONE',(#4),#8);
#4=AXIS2_PLACEMENT_3D('',#5,#6,#7);
#5=CARTESIAN_POINT('',(0.,0.,0.));
#6=DIRECTION('',(0.,0.,1.));
#7=DIRECTION('',(1.,0.,0.));
#8=(GEOMETRIC_REPRESENTATION_CONTEXT(3)GLOBAL_UNCERTAINTY_ASSIGNED_CONTEXT((#10))
GLOBAL_UNIT_ASSIGNED_CONTEXT((#9,#11,#12))REPRESENTATION_CONTEXT('NONE','NONE'));
#9=(LENGTH_UNIT()NAMED_UNIT(*)SI_UNIT(.MILLI.,.METRE.));
#10=UNCERTAINTY_MEASURE_WITH_UNIT(LENGTH_MEASURE(1.E-5),#9,'NONE','NONE');
#11=(NAMED_UNIT(*)PLANE_ANGLE_UNIT()SI_UNIT($,.RADIAN.));
#12=(NAMED_UNIT(*)SI_UNIT($,.STERADIAN.)SOLID_ANGLE_UNIT());
#13=MANIFOLD_SOLID_BREP('',#14);
#14=CLOSED_SHELL('',(#53,#54,#55,#56,#57,#58,#59,#60,#61,#62,#63,#64,#65,#66,#67,
#68,#69,#70,#71,#72,#73,#74,#75,#76,#77,#78,#79,#80,#81,#82,#83,#84,#85,#86,#87,
#88,#89,#90,#91,#92,#93,#94,#95,#96,#97,#98,#99,#100,#101,#102,#103,#104,#105,#106,
#107,#108,#109));
#15=COLOUR_RGB('',0.,0.4,0.4);
#16=FILL_AREA_STYLE_COLOUR('',#15);
#17=FILL_AREA_STYLE($,(#16));
#18=SURFACE_STYLE_FILL_AREA(#17);
#19=SURFACE_SIDE_STYLE('',(#18));
#20=SURFACE_STYLE_USAGE(.BOTH.,#19);
#21=PRESENTATION_STYLE_ASSIGNMENT((#20));
#22=MECHANICAL_DESIGN_GEOMETRIC_PRESENTATION_REPRESENTATION('NONE',(#23),#8);
#23=STYLED_ITEM('',(#21),#13);
#24=ADVANCED_BREP_SHAPE_REPRESENTATION('NONE',(#13),#8);
#25=SHAPE_REPRESENTATION_RELATIONSHIP('','',#3,#24);
#26=PRODUCT_DEFINITION_SHAPE('NONE','NONE',#1);
#27=MECHANICAL_CONTEXT('NONE',#32,'mechanical');
#28=PRODUCT_DEFINITION_FORMATION_WITH_SPECIFIED_SOURCE('ANY','UNSPECIFIED',#29,.NOT_KNOWN.);
#29=PRODUCT('','\X2\0421044204300442043E0440\X0\ \X2\043A043E043604430445\X0\','NONE',
(#27));
#30=PRODUCT_RELATED_PRODUCT_CATEGORY('detail','',(#29));
#31=DESIGN_CONTEXT('detailed design',#32,'design');
#32=APPLICATION_CONTEXT('configuration controlled 3d designs of mechanical parts and assemblies');
#33=APPLICATION_PROTOCOL_DEFINITION('international standard','config_control_design',
1994,#32);
#34=CC_DESIGN_DATE_AND_TIME_ASSIGNMENT(#35,#39,(#1));
#35=DATE_AND_TIME(#36,#37);
#36=CALENDAR_DATE(0,1,1);
#37=LOCAL_TIME(0,0,0.,#38);
#38=COORDINATED_UNIVERSAL_TIME_OFFSET(0,0,.AHEAD.);
#39=DATE_TIME_ROLE('creation_date');
#40=CC_DESIGN_APPROVAL(#41,(#1));
#41=APPROVAL(#42,'UNSPECIFIED');
#42=APPROVAL_STATUS('not_yet_approved');
#43=APPROVAL_DATE_TIME(#44,#41);
#44=DATE_AND_TIME(#45,#46);
#45=CALENDAR_DATE(0,1,1);
#46=LOCAL_TIME(0,0,0.,#47);
#47=COORDINATED_UNIVERSAL_TIME_OFFSET(0,0,.AHEAD.);
#48=PERSON('UNSPECIFIED','yaros','UNSPECIFIED',('UNSPECIFIED'),('UNSPECIFIED'),(
'UNSPECIFIED'));
#49=ORGANIZATION('UNSPECIFIED','UNSPECIFIED','UNSPECIFIED');
#50=PERSON_AND_ORGANIZATION(#48,#49);
#51=PERSON_AND_ORGANIZATION_ROLE('creator');
#52=CC_DESIGN_PERSON_AND_ORGANIZATION_ASSIGNMENT(#50,#51,(#28,#1));
#53=ADVANCED_FACE('',(#110,#112,#114,#116,#118,#120,#122),#124,.T.);
#54=ADVANCED_FACE('',(#129),#131,.F.);
#55=ADVANCED_FACE('',(#136),#138,.F.);
#56=ADVANCED_FACE('',(#143,#145,#147,#149,#151,#153,#155),#157,.T.);
#57=ADVANCED_FACE('',(#162),#164,.F.);
#58=ADVANCED_FACE('',(#169,#171,#173,#175,#177,#179,#181),#183,.T.);
#59=ADVANCED_FACE('',(#188,#190,#192,#194,#196,#198,#200),#202,.T.);
#60=ADVANCED_FACE('',(#207),#209,.F.);
#61=ADVANCED_FACE('',(#214),#216,.T.);
#62=ADVANCED_FACE('',(#221),#223,.T.);
#63=ADVANCED_FACE('',(#228),#230,.T.);
#64=ADVANCED_FACE('',(#235,#237),#239,.F.);
#65=ADVANCED_FACE('',(#244),#246,.T.);
#66=ADVANCED_FACE('',(#251),#253,.F.);
#67=ADVANCED_FACE('',(#258),#260,.F.);
#68=ADVANCED_FACE('',(#265,#267),#269,.F.);
#69=ADVANCED_FACE('',(#274,#276),#278,.F.);
#70=ADVANCED_FACE('',(#283,#285),#287,.F.);
#71=ADVANCED_FACE('',(#292,#294),#296,.F.);
#72=ADVANCED_FACE('',(#301,#303),#305,.F.);
#73=ADVANCED_FACE('',(#310,#312),#314,.F.);
#74=ADVANCED_FACE('',(#319,#321),#323,.F.);
#75=ADVANCED_FACE('',(#328,#330),#332,.F.);
#76=ADVANCED_FACE('',(#337,#339),#341,.F.);
#77=ADVANCED_FACE('',(#346,#348),#350,.F.);
#78=ADVANCED_FACE('',(#355,#357),#359,.F.);
#79=ADVANCED_FACE('',(#364,#366),#368,.F.);
#80=ADVANCED_FACE('',(#373,#375,#377,#379),#381,.F.);
#81=ADVANCED_FACE('',(#386),#388,.T.);
#82=ADVANCED_FACE('',(#393),#395,.T.);
#83=ADVANCED_FACE('',(#400,#402,#404,#406,#408,#410),#412,.T.);
#84=ADVANCED_FACE('',(#417),#419,.T.);
#85=ADVANCED_FACE('',(#424),#426,.T.);
#86=ADVANCED_FACE('',(#431,#433,#435,#437),#439,.T.);
#87=ADVANCED_FACE('',(#444),#446,.T.);
#88=ADVANCED_FACE('',(#451,#453,#455,#457,#459,#461),#463,.F.);
#89=ADVANCED_FACE('',(#468),#470,.T.);
#90=ADVANCED_FACE('',(#475),#477,.F.);
#91=ADVANCED_FACE('',(#482),#484,.F.);
#92=ADVANCED_FACE('',(#489),#491,.T.);
#93=ADVANCED_FACE('',(#496),#498,.T.);
#94=ADVANCED_FACE('',(#503),#505,.T.);
#95=ADVANCED_FACE('',(#510),#512,.T.);
#96=ADVANCED_FACE('',(#517,#519),#521,.F.);
#97=ADVANCED_FACE('',(#526,#528),#530,.F.);
#98=ADVANCED_FACE('',(#535,#537),#539,.F.);
#99=ADVANCED_FACE('',(#544),#546,.T.);
#100=ADVANCED_FACE('',(#551),#553,.F.);
#101=ADVANCED_FACE('',(#558,#560),#562,.F.);
#102=ADVANCED_FACE('',(#567,#569),#571,.F.);
#103=ADVANCED_FACE('',(#576,#578),#580,.F.);
#104=ADVANCED_FACE('',(#585,#587),#589,.F.);
#105=ADVANCED_FACE('',(#594,#596),#598,.F.);
#106=ADVANCED_FACE('',(#603,#605),#607,.F.);
#107=ADVANCED_FACE('',(#612,#614),#616,.F.);
#108=ADVANCED_FACE('',(#621,#623),#625,.F.);
#109=ADVANCED_FACE('',(#630,#632),#634,.F.);
#110=FACE_BOUND('',#111,.T.);
#111=EDGE_LOOP('',(#639,#640,#641,#642));
#112=FACE_BOUND('',#113,.T.);
#113=EDGE_LOOP('',(#643));
#114=FACE_BOUND('',#115,.T.);
#115=EDGE_LOOP('',(#644));
#116=FACE_BOUND('',#117,.T.);
#117=EDGE_LOOP('',(#645));
#118=FACE_BOUND('',#119,.T.);
#119=EDGE_LOOP('',(#646));
#120=FACE_BOUND('',#121,.T.);
#121=EDGE_LOOP('',(#647));
#122=FACE_BOUND('',#123,.T.);
#123=EDGE_LOOP('',(#648));
#124=PLANE('',#125);
#125=AXIS2_PLACEMENT_3D('',#126,#127,#128);
#126=CARTESIAN_POINT('',(1.04707301327099E-14,-3.49024337756996E-15,57.));
#127=DIRECTION('',(1.83697019872103E-16,-6.12323399573677E-17,1.));
#128=DIRECTION('',(-1.42757092581085E-32,-1.,-6.12323399573677E-17));
#129=FACE_BOUND('',#130,.T.);
#130=EDGE_LOOP('',(#649,#650,#651,#652));
#131=CYLINDRICAL_SURFACE('',#132,80.);
#132=AXIS2_PLACEMENT_3D('',#133,#134,#135);
#133=CARTESIAN_POINT('',(1.10218211923262E-15,-3.67394039744206E-16,6.));
#134=DIRECTION('',(1.83697019872103E-16,-6.12323399573677E-17,1.));
#135=DIRECTION('',(-1.13374703530202E-32,-1.,-6.12323399573677E-17));
#136=FACE_BOUND('',#137,.T.);
#137=EDGE_LOOP('',(#653,#654,#655,#656));
#138=CYLINDRICAL_SURFACE('',#139,80.);
#139=AXIS2_PLACEMENT_3D('',#140,#141,#142);
#140=CARTESIAN_POINT('',(1.04707301327099E-14,-3.49024337756996E-15,57.));
#141=DIRECTION('',(1.83697019872103E-16,-6.12323399573677E-17,1.));
#142=DIRECTION('',(-1.46541481191265E-32,-1.,-6.12323399573677E-17));
#143=FACE_BOUND('',#144,.T.);
#144=EDGE_LOOP('',(#657,#658,#659,#660));
#145=FACE_BOUND('',#146,.T.);
#146=EDGE_LOOP('',(#661));
#147=FACE_BOUND('',#148,.T.);
#148=EDGE_LOOP('',(#662));
#149=FACE_BOUND('',#150,.T.);
#150=EDGE_LOOP('',(#663));
#151=FACE_BOUND('',#152,.T.);
#152=EDGE_LOOP('',(#664));
#153=FACE_BOUND('',#154,.T.);
#154=EDGE_LOOP('',(#665));
#155=FACE_BOUND('',#156,.T.);
#156=EDGE_LOOP('',(#666));
#157=PLANE('',#158);
#158=AXIS2_PLACEMENT_3D('',#159,#160,#161);
#159=CARTESIAN_POINT('',(5.51091059616309E-16,-1.83697019872103E-16,3.));
#160=DIRECTION('',(-1.83697019872103E-16,6.12323399573677E-17,-1.));
#161=DIRECTION('',(-1.13275512437917E-32,-1.,-6.12323399573677E-17));
#162=FACE_BOUND('',#163,.T.);
#163=EDGE_LOOP('',(#667,#668,#669,#670));
#164=CYLINDRICAL_SURFACE('',#165,90.);
#165=AXIS2_PLACEMENT_3D('',#166,#167,#168);
#166=CARTESIAN_POINT('',(1.10218211923262E-14,-3.67394039744206E-15,60.));
#167=DIRECTION('',(1.83697019872103E-16,-6.12323399573677E-17,1.));
#168=DIRECTION('',(-1.42757092581085E-32,-1.,-6.12323399573677E-17));
#169=FACE_BOUND('',#170,.T.);
#170=EDGE_LOOP('',(#671,#672,#673,#674));
#171=FACE_BOUND('',#172,.T.);
#172=EDGE_LOOP('',(#675));
#173=FACE_BOUND('',#174,.T.);
#174=EDGE_LOOP('',(#676));
#175=FACE_BOUND('',#176,.T.);
#176=EDGE_LOOP('',(#677));
#177=FACE_BOUND('',#178,.T.);
#178=EDGE_LOOP('',(#678));
#179=FACE_BOUND('',#180,.T.);
#180=EDGE_LOOP('',(#679));
#181=FACE_BOUND('',#182,.T.);
#182=EDGE_LOOP('',(#680));
#183=PLANE('',#184);
#184=AXIS2_PLACEMENT_3D('',#185,#186,#187);
#185=CARTESIAN_POINT('',(-8.5725275940315E-16,-4.28626379701575E-16,7.00000000000002));
#186=DIRECTION('',(-1.22464679914735E-16,-6.12323399573677E-17,1.));
#187=DIRECTION('',(-1.,-1.22464679914735E-16,-1.22464679914735E-16));
#188=FACE_BOUND('',#189,.T.);
#189=EDGE_LOOP('',(#681,#682,#683,#684));
#190=FACE_BOUND('',#191,.T.);
#191=EDGE_LOOP('',(#685));
#192=FACE_BOUND('',#193,.T.);
#193=EDGE_LOOP('',(#686));
#194=FACE_BOUND('',#195,.T.);
#195=EDGE_LOOP('',(#687));
#196=FACE_BOUND('',#197,.T.);
#197=EDGE_LOOP('',(#688));
#198=FACE_BOUND('',#199,.T.);
#199=EDGE_LOOP('',(#689));
#200=FACE_BOUND('',#201,.T.);
#201=EDGE_LOOP('',(#690));
#202=PLANE('',#203);
#203=AXIS2_PLACEMENT_3D('',#204,#205,#206);
#204=CARTESIAN_POINT('',(-6.49062803548097E-15,-3.24531401774049E-15,53.));
#205=DIRECTION('',(1.22464679914735E-16,6.12323399573677E-17,-1.));
#206=DIRECTION('',(-1.,-1.22464679914735E-16,-1.22464679914735E-16));
#207=FACE_BOUND('',#208,.T.);
#208=EDGE_LOOP('',(#691,#692,#693,#694));
#209=CYLINDRICAL_SURFACE('',#210,90.);
#210=AXIS2_PLACEMENT_3D('',#211,#212,#213);
#211=CARTESIAN_POINT('',(5.51091059616309E-16,-1.83697019872103E-16,3.));
#212=DIRECTION('',(1.83697019872103E-16,-6.12323399573677E-17,1.));
#213=DIRECTION('',(-1.13275512437917E-32,-1.,-6.12323399573677E-17));
#214=FACE_BOUND('',#215,.T.);
#215=EDGE_LOOP('',(#695,#696,#697,#698));
#216=DEGENERATE_TOROIDAL_SURFACE('',#217,41.0384757729325,60.,.T.);
#217=AXIS2_PLACEMENT_3D('',#218,#219,#220);
#218=CARTESIAN_POINT('',(5.51091059616309E-15,-1.83697019872103E-15,30.));
#219=DIRECTION('',(1.83697019872103E-16,-6.12323399573677E-17,1.));
#220=DIRECTION('',(-1.45679607977966E-32,-1.,-6.12323399573677E-17));
#221=FACE_BOUND('',#222,.T.);
#222=EDGE_LOOP('',(#699,#700,#701,#702,#703,#704,#705,#706));
#223=DEGENERATE_TOROIDAL_SURFACE('',#224,41.0384757729325,60.,.T.);
#224=AXIS2_PLACEMENT_3D('',#225,#226,#227);
#225=CARTESIAN_POINT('',(5.51091059616309E-15,-1.83697019872103E-15,30.));
#226=DIRECTION('',(1.83697019872103E-16,-6.12323399573677E-17,1.));
#227=DIRECTION('',(-1.45679607977966E-32,-1.,-6.12323399573677E-17));
#228=FACE_BOUND('',#229,.T.);
#229=EDGE_LOOP('',(#707,#708,#709,#710,#711,#712,#713,#714,#715,#716,#717,#718));
#230=PLANE('',#231);
#231=AXIS2_PLACEMENT_3D('',#232,#233,#234);
#232=CARTESIAN_POINT('',(1.10218211923262E-14,-3.67394039744206E-15,60.));
#233=DIRECTION('',(1.83697019872103E-16,-6.12323399573677E-17,1.));
#234=DIRECTION('',(-1.41780476165554E-32,-1.,-6.12323399573677E-17));
#235=FACE_BOUND('',#236,.T.);
#236=EDGE_LOOP('',(#719,#720,#721,#722));
#237=FACE_BOUND('',#238,.T.);
#238=EDGE_LOOP('',(#723,#724,#725,#726));
#239=DEGENERATE_TOROIDAL_SURFACE('',#240,41.0384757729337,57.,.T.);
#240=AXIS2_PLACEMENT_3D('',#241,#242,#243);
#241=CARTESIAN_POINT('',(5.51091059616309E-15,-1.83697019872103E-15,30.));
#242=DIRECTION('',(1.83697019872103E-16,-6.12323399573677E-17,1.));
#243=DIRECTION('',(-1.45679607977965E-32,-1.,-6.12323399573677E-17));
#244=FACE_BOUND('',#245,.T.);
#245=EDGE_LOOP('',(#727,#728,#729,#730,#731,#732,#733,#734,#735,#736,#737,#738));
#246=PLANE('',#247);
#247=AXIS2_PLACEMENT_3D('',#248,#249,#250);
#248=CARTESIAN_POINT('',(1.03114420610212E-28,-3.43714735367374E-29,5.61328761250479E-13));
#249=DIRECTION('',(-1.83697019872103E-16,6.12323399573677E-17,-1.));
#250=DIRECTION('',(-1.12481983699639E-32,-1.,-6.12323399573677E-17));
#251=FACE_BOUND('',#252,.T.);
#252=EDGE_LOOP('',(#739,#740,#741,#742,#743,#744,#745,#746,#747,#748,#749,#750));
#253=PLANE('',#254);
#254=AXIS2_PLACEMENT_3D('',#255,#256,#257);
#255=CARTESIAN_POINT('',(0.,0.,0.));
#256=DIRECTION('',(-1.,0.,6.12323399573677E-17));
#257=DIRECTION('',(-3.74939945665464E-33,-1.,-6.12323399573677E-17));
#258=FACE_BOUND('',#259,.T.);
#259=EDGE_LOOP('',(#751,#752,#753,#754,#755,#756,#757,#758,#759,#760,#761,#762));
#260=PLANE('',#261);
#261=AXIS2_PLACEMENT_3D('',#262,#263,#264);
#262=CARTESIAN_POINT('',(0.,0.,0.));
#263=DIRECTION('',(-1.,0.,6.12323399573677E-17));
#264=DIRECTION('',(-3.74939945665464E-33,-1.,-6.12323399573677E-17));
#265=FACE_OUTER_BOUND('',#266,.T.);
#266=EDGE_LOOP('',(#763));
#267=FACE_OUTER_BOUND('',#268,.T.);
#268=EDGE_LOOP('',(#764));
#269=CYLINDRICAL_SURFACE('',#270,1.85);
#270=AXIS2_PLACEMENT_3D('',#271,#272,#273);
#271=CARTESIAN_POINT('',(-14.7600951016735,-83.7086590058857,4.45227631946446E-13));
#272=DIRECTION('',(1.83697019872103E-16,-6.12323399573677E-17,1.));
#273=DIRECTION('',(6.12323399573677E-17,-1.,-6.12323399573677E-17));
#274=FACE_OUTER_BOUND('',#275,.T.);
#275=EDGE_LOOP('',(#765));
#276=FACE_OUTER_BOUND('',#277,.T.);
#277=EDGE_LOOP('',(#766));
#278=CYLINDRICAL_SURFACE('',#279,1.85);
#279=AXIS2_PLACEMENT_3D('',#280,#281,#282);
#280=CARTESIAN_POINT('',(-7.40823813355434,-84.6765493379126,4.43817851541024E-13));
#281=DIRECTION('',(1.83697019872103E-16,-6.12323399573677E-17,1.));
#282=DIRECTION('',(6.12323399573677E-17,-1.,-6.12323399573677E-17));
#283=FACE_OUTER_BOUND('',#284,.T.);
#284=EDGE_LOOP('',(#767));
#285=FACE_OUTER_BOUND('',#286,.T.);
#286=EDGE_LOOP('',(#768));
#287=CYLINDRICAL_SURFACE('',#288,1.85);
#288=AXIS2_PLACEMENT_3D('',#289,#290,#291);
#289=CARTESIAN_POINT('',(-83.7086590061914,-14.7600951017218,4.62115159564719E-13));
#290=DIRECTION('',(1.83697019872103E-16,-6.12323399573677E-17,1.));
#291=DIRECTION('',(6.12323399573677E-17,-1.,-6.12323399573677E-17));
#292=FACE_OUTER_BOUND('',#293,.T.);
#293=EDGE_LOOP('',(#769));
#294=FACE_OUTER_BOUND('',#295,.T.);
#295=EDGE_LOOP('',(#770));
#296=CYLINDRICAL_SURFACE('',#297,1.85);
#297=AXIS2_PLACEMENT_3D('',#298,#299,#300);
#298=CARTESIAN_POINT('',(-14.7600951016735,83.7086590058857,4.55478986077693E-13));
#299=DIRECTION('',(1.83697019872103E-16,-6.12323399573677E-17,1.));
#300=DIRECTION('',(6.12323399573677E-17,-1.,-6.12323399573677E-17));
#301=FACE_OUTER_BOUND('',#302,.T.);
#302=EDGE_LOOP('',(#771));
#303=FACE_OUTER_BOUND('',#304,.T.);
#304=EDGE_LOOP('',(#772));
#305=CYLINDRICAL_SURFACE('',#306,1.85);
#306=AXIS2_PLACEMENT_3D('',#307,#308,#309);
#307=CARTESIAN_POINT('',(-7.40823813355435,84.6765493379126,4.54187738051976E-13));
#308=DIRECTION('',(1.83697019872103E-16,-6.12323399573677E-17,1.));
#309=DIRECTION('',(6.12323399573677E-17,-1.,-6.12323399573677E-17));
#310=FACE_OUTER_BOUND('',#311,.T.);
#311=EDGE_LOOP('',(#773));
#312=FACE_OUTER_BOUND('',#313,.T.);
#313=EDGE_LOOP('',(#774));
#314=CYLINDRICAL_SURFACE('',#315,1.85);
#315=AXIS2_PLACEMENT_3D('',#316,#317,#318);
#316=CARTESIAN_POINT('',(-83.7086590061914,14.7600951017219,4.63922749886862E-13));
#317=DIRECTION('',(1.83697019872103E-16,-6.12323399573677E-17,1.));
#318=DIRECTION('',(6.12323399573677E-17,-1.,-6.12323399573677E-17));
#319=FACE_OUTER_BOUND('',#320,.T.);
#320=EDGE_LOOP('',(#775));
#321=FACE_OUTER_BOUND('',#322,.T.);
#322=EDGE_LOOP('',(#776));
#323=CYLINDRICAL_SURFACE('',#324,1.85);
#324=AXIS2_PLACEMENT_3D('',#325,#326,#327);
#325=CARTESIAN_POINT('',(-14.7600951016735,-83.7086590058857,4.45227631946446E-13));
#326=DIRECTION('',(1.83697019872103E-16,-6.12323399573677E-17,1.));
#327=DIRECTION('',(6.12323399573677E-17,-1.,-6.12323399573677E-17));
#328=FACE_OUTER_BOUND('',#329,.T.);
#329=EDGE_LOOP('',(#777));
#330=FACE_OUTER_BOUND('',#331,.T.);
#331=EDGE_LOOP('',(#778));
#332=CYLINDRICAL_SURFACE('',#333,1.85);
#333=AXIS2_PLACEMENT_3D('',#334,#335,#336);
#334=CARTESIAN_POINT('',(-7.40823813355434,-84.6765493379126,4.43817851541024E-13));
#335=DIRECTION('',(1.83697019872103E-16,-6.12323399573677E-17,1.));
#336=DIRECTION('',(6.12323399573677E-17,-1.,-6.12323399573677E-17));
#337=FACE_OUTER_BOUND('',#338,.T.);
#338=EDGE_LOOP('',(#779));
#339=FACE_OUTER_BOUND('',#340,.T.);
#340=EDGE_LOOP('',(#780));
#341=CYLINDRICAL_SURFACE('',#342,1.85);
#342=AXIS2_PLACEMENT_3D('',#343,#344,#345);
#343=CARTESIAN_POINT('',(-83.7086590061914,-14.7600951017218,4.62115159564719E-13));
#344=DIRECTION('',(1.83697019872103E-16,-6.12323399573677E-17,1.));
#345=DIRECTION('',(6.12323399573677E-17,-1.,-6.12323399573677E-17));
#346=FACE_OUTER_BOUND('',#347,.T.);
#347=EDGE_LOOP('',(#781));
#348=FACE_OUTER_BOUND('',#349,.T.);
#349=EDGE_LOOP('',(#782));
#350=CYLINDRICAL_SURFACE('',#351,1.85);
#351=AXIS2_PLACEMENT_3D('',#352,#353,#354);
#352=CARTESIAN_POINT('',(-14.7600951016735,83.7086590058857,4.55478986077693E-13));
#353=DIRECTION('',(1.83697019872103E-16,-6.12323399573677E-17,1.));
#354=DIRECTION('',(6.12323399573677E-17,-1.,-6.12323399573677E-17));
#355=FACE_OUTER_BOUND('',#356,.T.);
#356=EDGE_LOOP('',(#783));
#357=FACE_OUTER_BOUND('',#358,.T.);
#358=EDGE_LOOP('',(#784));
#359=CYLINDRICAL_SURFACE('',#360,1.85);
#360=AXIS2_PLACEMENT_3D('',#361,#362,#363);
#361=CARTESIAN_POINT('',(-7.40823813355435,84.6765493379126,4.54187738051976E-13));
#362=DIRECTION('',(1.83697019872103E-16,-6.12323399573677E-17,1.));
#363=DIRECTION('',(6.12323399573677E-17,-1.,-6.12323399573677E-17));
#364=FACE_OUTER_BOUND('',#365,.T.);
#365=EDGE_LOOP('',(#785));
#366=FACE_OUTER_BOUND('',#367,.T.);
#367=EDGE_LOOP('',(#786));
#368=CYLINDRICAL_SURFACE('',#369,1.85);
#369=AXIS2_PLACEMENT_3D('',#370,#371,#372);
#370=CARTESIAN_POINT('',(-83.7086590061914,14.7600951017219,4.63922749886862E-13));
#371=DIRECTION('',(1.83697019872103E-16,-6.12323399573677E-17,1.));
#372=DIRECTION('',(6.12323399573677E-17,-1.,-6.12323399573677E-17));
#373=FACE_BOUND('',#374,.T.);
#374=EDGE_LOOP('',(#787,#788,#789,#790,#791,#792));
#375=FACE_BOUND('',#376,.T.);
#376=EDGE_LOOP('',(#793));
#377=FACE_BOUND('',#378,.T.);
#378=EDGE_LOOP('',(#794));
#379=FACE_BOUND('',#380,.T.);
#380=EDGE_LOOP('',(#795));
#381=PLANE('',#382);
#382=AXIS2_PLACEMENT_3D('',#383,#384,#385);
#383=CARTESIAN_POINT('',(0.,61.,3.68940708360039E-16));
#384=DIRECTION('',(0.,-1.,0.));
#385=DIRECTION('',(1.,0.,0.));
#386=FACE_BOUND('',#387,.T.);
#387=EDGE_LOOP('',(#796,#797,#798,#799,#800,#801,#802,#803,#804,#805));
#388=PLANE('',#389);
#389=AXIS2_PLACEMENT_3D('',#390,#391,#392);
#390=CARTESIAN_POINT('',(0.,-61.,-7.10140476643882E-15));
#391=DIRECTION('',(0.,-1.,-1.22464679914735E-16));
#392=DIRECTION('',(1.,0.,0.));
#393=FACE_BOUND('',#394,.T.);
#394=EDGE_LOOP('',(#806,#807,#808,#809));
#395=PLANE('',#396);
#396=AXIS2_PLACEMENT_3D('',#397,#398,#399);
#397=CARTESIAN_POINT('',(-66.15,-59.,52.15));
#398=DIRECTION('',(1.1842378929335E-16,0.,1.));
#399=DIRECTION('',(-1.,0.,1.1842378929335E-16));
#400=FACE_BOUND('',#401,.T.);
#401=EDGE_LOOP('',(#810,#811,#812,#813));
#402=FACE_BOUND('',#403,.T.);
#403=EDGE_LOOP('',(#814));
#404=FACE_BOUND('',#405,.T.);
#405=EDGE_LOOP('',(#815));
#406=FACE_BOUND('',#407,.T.);
#407=EDGE_LOOP('',(#816));
#408=FACE_BOUND('',#409,.T.);
#409=EDGE_LOOP('',(#817));
#410=FACE_BOUND('',#411,.T.);
#411=EDGE_LOOP('',(#818));
#412=PLANE('',#413);
#413=AXIS2_PLACEMENT_3D('',#414,#415,#416);
#414=CARTESIAN_POINT('',(0.,-63.,-7.71527483462832E-15));
#415=DIRECTION('',(0.,-1.,-1.22464679914735E-16));
#416=DIRECTION('',(1.,0.,0.));
#417=FACE_BOUND('',#418,.T.);
#418=EDGE_LOOP('',(#819,#820,#821,#822));
#419=PLANE('',#420);
#420=AXIS2_PLACEMENT_3D('',#421,#422,#423);
#421=CARTESIAN_POINT('',(-126.15,-59.,9.84999999999999));
#422=DIRECTION('',(2.96059473233375E-17,0.,-1.));
#423=DIRECTION('',(1.,0.,2.96059473233375E-17));
#424=FACE_BOUND('',#425,.T.);
#425=EDGE_LOOP('',(#823,#824,#825,#826));
#426=CYLINDRICAL_SURFACE('',#427,20.);
#427=AXIS2_PLACEMENT_3D('',#428,#429,#430);
#428=CARTESIAN_POINT('',(-115.,138.,40.));
#429=DIRECTION('',(0.,1.,4.30631961066727E-16));
#430=DIRECTION('',(-1.,-6.31088724176809E-31,1.06581410364015E-15));
#431=FACE_BOUND('',#432,.T.);
#432=EDGE_LOOP('',(#827,#828,#829,#830,#831,#832,#833,#834,#835,#836));
#433=FACE_BOUND('',#434,.T.);
#434=EDGE_LOOP('',(#837));
#435=FACE_BOUND('',#436,.T.);
#436=EDGE_LOOP('',(#838));
#437=FACE_BOUND('',#438,.T.);
#438=EDGE_LOOP('',(#839));
#439=PLANE('',#440);
#440=AXIS2_PLACEMENT_3D('',#441,#442,#443);
#441=CARTESIAN_POINT('',(0.,50.,3.68940708360039E-16));
#442=DIRECTION('',(0.,-1.,0.));
#443=DIRECTION('',(1.,0.,0.));
#444=FACE_BOUND('',#445,.T.);
#445=EDGE_LOOP('',(#840,#841,#842,#843));
#446=DEGENERATE_TOROIDAL_SURFACE('',#447,41.0384757729325,60.,.T.);
#447=AXIS2_PLACEMENT_3D('',#448,#449,#450);
#448=CARTESIAN_POINT('',(5.51091059616309E-15,-1.83697019872103E-15,30.));
#449=DIRECTION('',(1.83697019872103E-16,-6.12323399573677E-17,1.));
#450=DIRECTION('',(-1.45679607977966E-32,-1.,-6.12323399573677E-17));
#451=FACE_BOUND('',#452,.T.);
#452=EDGE_LOOP('',(#844,#845,#846,#847,#848,#849,#850,#851,#852,#853));
#453=FACE_BOUND('',#454,.T.);
#454=EDGE_LOOP('',(#854));
#455=FACE_BOUND('',#456,.T.);
#456=EDGE_LOOP('',(#855));
#457=FACE_BOUND('',#458,.T.);
#458=EDGE_LOOP('',(#856));
#459=FACE_BOUND('',#460,.T.);
#460=EDGE_LOOP('',(#857));
#461=FACE_BOUND('',#462,.T.);
#462=EDGE_LOOP('',(#858));
#463=PLANE('',#464);
#464=AXIS2_PLACEMENT_3D('',#465,#466,#467);
#465=CARTESIAN_POINT('',(0.,-50.,-5.75429328737673E-15));
#466=DIRECTION('',(0.,-1.,-1.22464679914735E-16));
#467=DIRECTION('',(1.,0.,0.));
#468=FACE_BOUND('',#469,.T.);
#469=EDGE_LOOP('',(#859,#860,#861,#862));
#470=CYLINDRICAL_SURFACE('',#471,20.);
#471=AXIS2_PLACEMENT_3D('',#472,#473,#474);
#472=CARTESIAN_POINT('',(-115.,-138.,40.));
#473=DIRECTION('',(0.,1.,4.30631961066727E-16));
#474=DIRECTION('',(-1.,6.31088724176809E-31,-1.77635683940025E-15));
#475=FACE_BOUND('',#476,.T.);
#476=EDGE_LOOP('',(#863,#864,#865,#866));
#477=PLANE('',#478);
#478=AXIS2_PLACEMENT_3D('',#479,#480,#481);
#479=CARTESIAN_POINT('',(-101.038475772933,57.,51.));
#480=DIRECTION('',(2.10971928364278E-16,-6.23283101543947E-17,1.));
#481=DIRECTION('',(0.,-1.,-6.23283101543947E-17));
#482=FACE_BOUND('',#483,.T.);
#483=EDGE_LOOP('',(#867,#868,#869,#870));
#484=PLANE('',#485);
#485=AXIS2_PLACEMENT_3D('',#486,#487,#488);
#486=CARTESIAN_POINT('',(-101.038475772933,-57.,11.));
#487=DIRECTION('',(-1.75809940303565E-16,6.23283101543947E-17,-1.));
#488=DIRECTION('',(0.,1.,6.23283101543947E-17));
#489=FACE_BOUND('',#490,.T.);
#490=EDGE_LOOP('',(#871,#872,#873,#874));
#491=CYLINDRICAL_SURFACE('',#492,20.);
#492=AXIS2_PLACEMENT_3D('',#493,#494,#495);
#493=CARTESIAN_POINT('',(-115.,-138.,20.0000000000006));
#494=DIRECTION('',(-3.44505568853382E-16,1.,-8.61263922133455E-17));
#495=DIRECTION('',(2.8421709430404E-15,-8.61263922133447E-17,-1.));
#496=FACE_BOUND('',#497,.T.);
#497=EDGE_LOOP('',(#875,#876,#877,#878));
#498=DEGENERATE_TOROIDAL_SURFACE('',#499,41.0384757729325,60.,.T.);
#499=AXIS2_PLACEMENT_3D('',#500,#501,#502);
#500=CARTESIAN_POINT('',(5.51091059616309E-15,-1.83697019872103E-15,30.));
#501=DIRECTION('',(1.83697019872103E-16,-6.12323399573677E-17,1.));
#502=DIRECTION('',(-1.45679607977966E-32,-1.,-6.12323399573677E-17));
#503=FACE_BOUND('',#504,.T.);
#504=EDGE_LOOP('',(#879,#880,#881,#882));
#505=CYLINDRICAL_SURFACE('',#506,20.);
#506=AXIS2_PLACEMENT_3D('',#507,#508,#509);
#507=CARTESIAN_POINT('',(-115.,138.,20.0000000000006));
#508=DIRECTION('',(3.44505568853382E-16,1.,1.93784382480027E-16));
#509=DIRECTION('',(2.8421709430404E-15,1.93784382480026E-16,-1.));
#510=FACE_BOUND('',#511,.T.);
#511=EDGE_LOOP('',(#883,#884,#885,#886));
#512=PLANE('',#513);
#513=AXIS2_PLACEMENT_3D('',#514,#515,#516);
#514=CARTESIAN_POINT('',(-135.,61.,60.0000000000006));
#515=DIRECTION('',(-1.,0.,0.));
#516=DIRECTION('',(0.,0.,-1.));
#517=FACE_OUTER_BOUND('',#518,.T.);
#518=EDGE_LOOP('',(#887));
#519=FACE_OUTER_BOUND('',#520,.T.);
#520=EDGE_LOOP('',(#888));
#521=CYLINDRICAL_SURFACE('',#522,1.5);
#522=AXIS2_PLACEMENT_3D('',#523,#524,#525);
#523=CARTESIAN_POINT('',(-105.,43.,57.0000000000006));
#524=DIRECTION('',(0.,1.,0.));
#525=DIRECTION('',(-1.,0.,-1.22464679914735E-16));
#526=FACE_OUTER_BOUND('',#527,.T.);
#527=EDGE_LOOP('',(#889));
#528=FACE_OUTER_BOUND('',#529,.T.);
#529=EDGE_LOOP('',(#890));
#530=CYLINDRICAL_SURFACE('',#531,1.5);
#531=AXIS2_PLACEMENT_3D('',#532,#533,#534);
#532=CARTESIAN_POINT('',(-105.,43.,3.00000000000058));
#533=DIRECTION('',(0.,1.,0.));
#534=DIRECTION('',(-1.,0.,-1.22464679914735E-16));
#535=FACE_OUTER_BOUND('',#536,.T.);
#536=EDGE_LOOP('',(#891));
#537=FACE_OUTER_BOUND('',#538,.T.);
#538=EDGE_LOOP('',(#892));
#539=CYLINDRICAL_SURFACE('',#540,18.6);
#540=AXIS2_PLACEMENT_3D('',#541,#542,#543);
#541=CARTESIAN_POINT('',(-105.,61.,31.));
#542=DIRECTION('',(0.,-1.,0.));
#543=DIRECTION('',(1.,0.,0.));
#544=FACE_BOUND('',#545,.T.);
#545=EDGE_LOOP('',(#893,#894,#895,#896));
#546=PLANE('',#547);
#547=AXIS2_PLACEMENT_3D('',#548,#549,#550);
#548=CARTESIAN_POINT('',(-126.15,-59.,52.15));
#549=DIRECTION('',(-1.,0.,0.));
#550=DIRECTION('',(0.,1.67977006089858E-16,-1.));
#551=FACE_BOUND('',#552,.T.);
#552=EDGE_LOOP('',(#897,#898,#899,#900));
#553=PLANE('',#554);
#554=AXIS2_PLACEMENT_3D('',#555,#556,#557);
#555=CARTESIAN_POINT('',(-135.,-61.,60.0000000000006));
#556=DIRECTION('',(1.,0.,0.));
#557=DIRECTION('',(0.,1.22464679914735E-16,-1.));
#558=FACE_OUTER_BOUND('',#559,.T.);
#559=EDGE_LOOP('',(#901));
#560=FACE_OUTER_BOUND('',#561,.T.);
#561=EDGE_LOOP('',(#902));
#562=CYLINDRICAL_SURFACE('',#563,1.5);
#563=AXIS2_PLACEMENT_3D('',#564,#565,#566);
#564=CARTESIAN_POINT('',(-120.5,-48.,46.5));
#565=DIRECTION('',(0.,-1.,-1.22464679914735E-16));
#566=DIRECTION('',(1.,0.,0.));
#567=FACE_OUTER_BOUND('',#568,.T.);
#568=EDGE_LOOP('',(#903));
#569=FACE_OUTER_BOUND('',#570,.T.);
#570=EDGE_LOOP('',(#904));
#571=CYLINDRICAL_SURFACE('',#572,1.5);
#572=AXIS2_PLACEMENT_3D('',#573,#574,#575);
#573=CARTESIAN_POINT('',(-89.5,-48.,46.5));
#574=DIRECTION('',(0.,-1.,-1.22464679914735E-16));
#575=DIRECTION('',(1.,0.,0.));
#576=FACE_OUTER_BOUND('',#577,.T.);
#577=EDGE_LOOP('',(#905));
#578=FACE_OUTER_BOUND('',#579,.T.);
#579=EDGE_LOOP('',(#906));
#580=CYLINDRICAL_SURFACE('',#581,1.5);
#581=AXIS2_PLACEMENT_3D('',#582,#583,#584);
#582=CARTESIAN_POINT('',(-89.5,-48.,15.5));
#583=DIRECTION('',(0.,-1.,-1.22464679914735E-16));
#584=DIRECTION('',(1.,0.,0.));
#585=FACE_OUTER_BOUND('',#586,.T.);
#586=EDGE_LOOP('',(#907));
#587=FACE_OUTER_BOUND('',#588,.T.);
#588=EDGE_LOOP('',(#908));
#589=CYLINDRICAL_SURFACE('',#590,1.5);
#590=AXIS2_PLACEMENT_3D('',#591,#592,#593);
#591=CARTESIAN_POINT('',(-120.5,-48.,15.5));
#592=DIRECTION('',(0.,-1.,-1.22464679914735E-16));
#593=DIRECTION('',(1.,0.,0.));
#594=FACE_OUTER_BOUND('',#595,.T.);
#595=EDGE_LOOP('',(#909));
#596=FACE_OUTER_BOUND('',#597,.T.);
#597=EDGE_LOOP('',(#910));
#598=CYLINDRICAL_SURFACE('',#599,12.5);
#599=AXIS2_PLACEMENT_3D('',#600,#601,#602);
#600=CARTESIAN_POINT('',(-105.,-59.,31.));
#601=DIRECTION('',(0.,-1.,-1.22464679914735E-16));
#602=DIRECTION('',(1.,0.,0.));
#603=FACE_OUTER_BOUND('',#604,.T.);
#604=EDGE_LOOP('',(#911));
#605=FACE_OUTER_BOUND('',#606,.T.);
#606=EDGE_LOOP('',(#912));
#607=CYLINDRICAL_SURFACE('',#608,18.6);
#608=AXIS2_PLACEMENT_3D('',#609,#610,#611);
#609=CARTESIAN_POINT('',(-105.,-61.,31.));
#610=DIRECTION('',(0.,-1.,-1.22464679914735E-16));
#611=DIRECTION('',(1.,0.,0.));
#612=FACE_BOUND('',#613,.T.);
#613=EDGE_LOOP('',(#913));
#614=FACE_BOUND('',#615,.T.);
#615=EDGE_LOOP('',(#914));
#616=PLANE('',#617);
#617=AXIS2_PLACEMENT_3D('',#618,#619,#620);
#618=CARTESIAN_POINT('',(0.,-59.,-7.22541611496938E-15));
#619=DIRECTION('',(0.,-1.,-1.22464679914735E-16));
#620=DIRECTION('',(1.,0.,0.));
#621=FACE_BOUND('',#622,.T.);
#622=EDGE_LOOP('',(#915));
#623=FACE_BOUND('',#624,.T.);
#624=EDGE_LOOP('',(#916));
#625=PLANE('',#626);
#626=AXIS2_PLACEMENT_3D('',#627,#628,#629);
#627=CARTESIAN_POINT('',(-101.038475772933,-57.,51.));
#628=DIRECTION('',(0.,-1.,0.));
#629=DIRECTION('',(-3.5527136788005E-16,0.,-1.));
#630=FACE_OUTER_BOUND('',#631,.T.);
#631=EDGE_LOOP('',(#917));
#632=FACE_OUTER_BOUND('',#633,.T.);
#633=EDGE_LOOP('',(#918));
#634=CYLINDRICAL_SURFACE('',#635,17.);
#635=AXIS2_PLACEMENT_3D('',#636,#637,#638);
#636=CARTESIAN_POINT('',(-105.,-61.,31.));
#637=DIRECTION('',(0.,-1.,-1.22464679914735E-16));
#638=DIRECTION('',(1.,0.,0.));
#639=ORIENTED_EDGE('',*,*,#919,.T.);
#640=ORIENTED_EDGE('',*,*,#920,.T.);
#641=ORIENTED_EDGE('',*,*,#921,.T.);
#642=ORIENTED_EDGE('',*,*,#922,.F.);
#643=ORIENTED_EDGE('',*,*,#923,.T.);
#644=ORIENTED_EDGE('',*,*,#924,.T.);
#645=ORIENTED_EDGE('',*,*,#925,.T.);
#646=ORIENTED_EDGE('',*,*,#926,.T.);
#647=ORIENTED_EDGE('',*,*,#927,.T.);
#648=ORIENTED_EDGE('',*,*,#928,.T.);
#649=ORIENTED_EDGE('',*,*,#929,.T.);
#650=ORIENTED_EDGE('',*,*,#930,.F.);
#651=ORIENTED_EDGE('',*,*,#931,.T.);
#652=ORIENTED_EDGE('',*,*,#932,.T.);
#653=ORIENTED_EDGE('',*,*,#933,.T.);
#654=ORIENTED_EDGE('',*,*,#934,.F.);
#655=ORIENTED_EDGE('',*,*,#935,.T.);
#656=ORIENTED_EDGE('',*,*,#922,.T.);
#657=ORIENTED_EDGE('',*,*,#936,.T.);
#658=ORIENTED_EDGE('',*,*,#937,.F.);
#659=ORIENTED_EDGE('',*,*,#938,.T.);
#660=ORIENTED_EDGE('',*,*,#930,.T.);
#661=ORIENTED_EDGE('',*,*,#939,.T.);
#662=ORIENTED_EDGE('',*,*,#940,.T.);
#663=ORIENTED_EDGE('',*,*,#941,.T.);
#664=ORIENTED_EDGE('',*,*,#942,.T.);
#665=ORIENTED_EDGE('',*,*,#943,.T.);
#666=ORIENTED_EDGE('',*,*,#944,.T.);
#667=ORIENTED_EDGE('',*,*,#945,.T.);
#668=ORIENTED_EDGE('',*,*,#920,.F.);
#669=ORIENTED_EDGE('',*,*,#946,.T.);
#670=ORIENTED_EDGE('',*,*,#947,.T.);
#671=ORIENTED_EDGE('',*,*,#948,.T.);
#672=ORIENTED_EDGE('',*,*,#949,.T.);
#673=ORIENTED_EDGE('',*,*,#950,.T.);
#674=ORIENTED_EDGE('',*,*,#932,.F.);
#675=ORIENTED_EDGE('',*,*,#951,.T.);
#676=ORIENTED_EDGE('',*,*,#952,.T.);
#677=ORIENTED_EDGE('',*,*,#953,.T.);
#678=ORIENTED_EDGE('',*,*,#954,.T.);
#679=ORIENTED_EDGE('',*,*,#955,.T.);
#680=ORIENTED_EDGE('',*,*,#956,.T.);
#681=ORIENTED_EDGE('',*,*,#957,.T.);
#682=ORIENTED_EDGE('',*,*,#958,.T.);
#683=ORIENTED_EDGE('',*,*,#959,.T.);
#684=ORIENTED_EDGE('',*,*,#934,.T.);
#685=ORIENTED_EDGE('',*,*,#960,.T.);
#686=ORIENTED_EDGE('',*,*,#961,.T.);
#687=ORIENTED_EDGE('',*,*,#962,.T.);
#688=ORIENTED_EDGE('',*,*,#963,.T.);
#689=ORIENTED_EDGE('',*,*,#964,.T.);
#690=ORIENTED_EDGE('',*,*,#965,.T.);
#691=ORIENTED_EDGE('',*,*,#966,.T.);
#692=ORIENTED_EDGE('',*,*,#967,.F.);
#693=ORIENTED_EDGE('',*,*,#968,.T.);
#694=ORIENTED_EDGE('',*,*,#937,.T.);
#695=ORIENTED_EDGE('',*,*,#969,.T.);
#696=ORIENTED_EDGE('',*,*,#970,.T.);
#697=ORIENTED_EDGE('',*,*,#971,.F.);
#698=ORIENTED_EDGE('',*,*,#972,.F.);
#699=ORIENTED_EDGE('',*,*,#973,.T.);
#700=ORIENTED_EDGE('',*,*,#974,.F.);
#701=ORIENTED_EDGE('',*,*,#975,.F.);
#702=ORIENTED_EDGE('',*,*,#976,.F.);
#703=ORIENTED_EDGE('',*,*,#977,.F.);
#704=ORIENTED_EDGE('',*,*,#978,.F.);
#705=ORIENTED_EDGE('',*,*,#979,.F.);
#706=ORIENTED_EDGE('',*,*,#980,.T.);
#707=ORIENTED_EDGE('',*,*,#981,.T.);
#708=ORIENTED_EDGE('',*,*,#972,.T.);
#709=ORIENTED_EDGE('',*,*,#982,.T.);
#710=ORIENTED_EDGE('',*,*,#983,.T.);
#711=ORIENTED_EDGE('',*,*,#984,.F.);
#712=ORIENTED_EDGE('',*,*,#985,.T.);
#713=ORIENTED_EDGE('',*,*,#986,.T.);
#714=ORIENTED_EDGE('',*,*,#987,.F.);
#715=ORIENTED_EDGE('',*,*,#988,.F.);
#716=ORIENTED_EDGE('',*,*,#974,.T.);
#717=ORIENTED_EDGE('',*,*,#989,.T.);
#718=ORIENTED_EDGE('',*,*,#947,.F.);
#719=ORIENTED_EDGE('',*,*,#990,.T.);
#720=ORIENTED_EDGE('',*,*,#958,.F.);
#721=ORIENTED_EDGE('',*,*,#991,.T.);
#722=ORIENTED_EDGE('',*,*,#949,.F.);
#723=ORIENTED_EDGE('',*,*,#992,.T.);
#724=ORIENTED_EDGE('',*,*,#993,.F.);
#725=ORIENTED_EDGE('',*,*,#994,.T.);
#726=ORIENTED_EDGE('',*,*,#995,.F.);
#727=ORIENTED_EDGE('',*,*,#996,.T.);
#728=ORIENTED_EDGE('',*,*,#980,.F.);
#729=ORIENTED_EDGE('',*,*,#997,.F.);
#730=ORIENTED_EDGE('',*,*,#998,.T.);
#731=ORIENTED_EDGE('',*,*,#999,.T.);
#732=ORIENTED_EDGE('',*,*,#1000,.F.);
#733=ORIENTED_EDGE('',*,*,#1001,.F.);
#734=ORIENTED_EDGE('',*,*,#1002,.F.);
#735=ORIENTED_EDGE('',*,*,#1003,.T.);
#736=ORIENTED_EDGE('',*,*,#970,.F.);
#737=ORIENTED_EDGE('',*,*,#1004,.T.);
#738=ORIENTED_EDGE('',*,*,#967,.T.);
#739=ORIENTED_EDGE('',*,*,#996,.F.);
#740=ORIENTED_EDGE('',*,*,#966,.F.);
#741=ORIENTED_EDGE('',*,*,#936,.F.);
#742=ORIENTED_EDGE('',*,*,#929,.F.);
#743=ORIENTED_EDGE('',*,*,#950,.F.);
#744=ORIENTED_EDGE('',*,*,#991,.F.);
#745=ORIENTED_EDGE('',*,*,#957,.F.);
#746=ORIENTED_EDGE('',*,*,#933,.F.);
#747=ORIENTED_EDGE('',*,*,#921,.F.);
#748=ORIENTED_EDGE('',*,*,#945,.F.);
#749=ORIENTED_EDGE('',*,*,#989,.F.);
#750=ORIENTED_EDGE('',*,*,#973,.F.);
#751=ORIENTED_EDGE('',*,*,#1004,.F.);
#752=ORIENTED_EDGE('',*,*,#969,.F.);
#753=ORIENTED_EDGE('',*,*,#981,.F.);
#754=ORIENTED_EDGE('',*,*,#946,.F.);
#755=ORIENTED_EDGE('',*,*,#919,.F.);
#756=ORIENTED_EDGE('',*,*,#935,.F.);
#757=ORIENTED_EDGE('',*,*,#959,.F.);
#758=ORIENTED_EDGE('',*,*,#990,.F.);
#759=ORIENTED_EDGE('',*,*,#948,.F.);
#760=ORIENTED_EDGE('',*,*,#931,.F.);
#761=ORIENTED_EDGE('',*,*,#938,.F.);
#762=ORIENTED_EDGE('',*,*,#968,.F.);
#763=ORIENTED_EDGE('',*,*,#923,.F.);
#764=ORIENTED_EDGE('',*,*,#960,.F.);
#765=ORIENTED_EDGE('',*,*,#924,.F.);
#766=ORIENTED_EDGE('',*,*,#961,.F.);
#767=ORIENTED_EDGE('',*,*,#925,.F.);
#768=ORIENTED_EDGE('',*,*,#962,.F.);
#769=ORIENTED_EDGE('',*,*,#926,.F.);
#770=ORIENTED_EDGE('',*,*,#963,.F.);
#771=ORIENTED_EDGE('',*,*,#927,.F.);
#772=ORIENTED_EDGE('',*,*,#964,.F.);
#773=ORIENTED_EDGE('',*,*,#928,.F.);
#774=ORIENTED_EDGE('',*,*,#965,.F.);
#775=ORIENTED_EDGE('',*,*,#951,.F.);
#776=ORIENTED_EDGE('',*,*,#939,.F.);
#777=ORIENTED_EDGE('',*,*,#952,.F.);
#778=ORIENTED_EDGE('',*,*,#940,.F.);
#779=ORIENTED_EDGE('',*,*,#953,.F.);
#780=ORIENTED_EDGE('',*,*,#941,.F.);
#781=ORIENTED_EDGE('',*,*,#954,.F.);
#782=ORIENTED_EDGE('',*,*,#942,.F.);
#783=ORIENTED_EDGE('',*,*,#955,.F.);
#784=ORIENTED_EDGE('',*,*,#943,.F.);
#785=ORIENTED_EDGE('',*,*,#956,.F.);
#786=ORIENTED_EDGE('',*,*,#944,.F.);
#787=ORIENTED_EDGE('',*,*,#1005,.F.);
#788=ORIENTED_EDGE('',*,*,#982,.F.);
#789=ORIENTED_EDGE('',*,*,#971,.T.);
#790=ORIENTED_EDGE('',*,*,#1003,.F.);
#791=ORIENTED_EDGE('',*,*,#1006,.F.);
#792=ORIENTED_EDGE('',*,*,#1007,.F.);
#793=ORIENTED_EDGE('',*,*,#1008,.T.);
#794=ORIENTED_EDGE('',*,*,#1009,.T.);
#795=ORIENTED_EDGE('',*,*,#1010,.T.);
#796=ORIENTED_EDGE('',*,*,#1011,.F.);
#797=ORIENTED_EDGE('',*,*,#1012,.F.);
#798=ORIENTED_EDGE('',*,*,#1013,.F.);
#799=ORIENTED_EDGE('',*,*,#975,.T.);
#800=ORIENTED_EDGE('',*,*,#988,.T.);
#801=ORIENTED_EDGE('',*,*,#1014,.F.);
#802=ORIENTED_EDGE('',*,*,#1015,.T.);
#803=ORIENTED_EDGE('',*,*,#1016,.F.);
#804=ORIENTED_EDGE('',*,*,#997,.T.);
#805=ORIENTED_EDGE('',*,*,#979,.T.);
#806=ORIENTED_EDGE('',*,*,#976,.T.);
#807=ORIENTED_EDGE('',*,*,#1013,.T.);
#808=ORIENTED_EDGE('',*,*,#1017,.T.);
#809=ORIENTED_EDGE('',*,*,#1018,.F.);
#810=ORIENTED_EDGE('',*,*,#977,.T.);
#811=ORIENTED_EDGE('',*,*,#1018,.T.);
#812=ORIENTED_EDGE('',*,*,#1019,.T.);
#813=ORIENTED_EDGE('',*,*,#1020,.T.);
#814=ORIENTED_EDGE('',*,*,#1021,.T.);
#815=ORIENTED_EDGE('',*,*,#1022,.T.);
#816=ORIENTED_EDGE('',*,*,#1023,.T.);
#817=ORIENTED_EDGE('',*,*,#1024,.T.);
#818=ORIENTED_EDGE('',*,*,#1025,.T.);
#819=ORIENTED_EDGE('',*,*,#978,.T.);
#820=ORIENTED_EDGE('',*,*,#1020,.F.);
#821=ORIENTED_EDGE('',*,*,#1026,.F.);
#822=ORIENTED_EDGE('',*,*,#1011,.T.);
#823=ORIENTED_EDGE('',*,*,#983,.F.);
#824=ORIENTED_EDGE('',*,*,#1005,.T.);
#825=ORIENTED_EDGE('',*,*,#1027,.T.);
#826=ORIENTED_EDGE('',*,*,#1028,.T.);
#827=ORIENTED_EDGE('',*,*,#1028,.F.);
#828=ORIENTED_EDGE('',*,*,#1029,.T.);
#829=ORIENTED_EDGE('',*,*,#1030,.F.);
#830=ORIENTED_EDGE('',*,*,#1001,.T.);
#831=ORIENTED_EDGE('',*,*,#1031,.T.);
#832=ORIENTED_EDGE('',*,*,#1032,.T.);
#833=ORIENTED_EDGE('',*,*,#993,.T.);
#834=ORIENTED_EDGE('',*,*,#1033,.T.);
#835=ORIENTED_EDGE('',*,*,#1034,.T.);
#836=ORIENTED_EDGE('',*,*,#984,.T.);
#837=ORIENTED_EDGE('',*,*,#1035,.T.);
#838=ORIENTED_EDGE('',*,*,#1036,.T.);
#839=ORIENTED_EDGE('',*,*,#1037,.T.);
#840=ORIENTED_EDGE('',*,*,#1038,.F.);
#841=ORIENTED_EDGE('',*,*,#985,.F.);
#842=ORIENTED_EDGE('',*,*,#1034,.F.);
#843=ORIENTED_EDGE('',*,*,#1039,.T.);
#844=ORIENTED_EDGE('',*,*,#1040,.F.);
#845=ORIENTED_EDGE('',*,*,#986,.F.);
#846=ORIENTED_EDGE('',*,*,#1038,.T.);
#847=ORIENTED_EDGE('',*,*,#1041,.T.);
#848=ORIENTED_EDGE('',*,*,#995,.T.);
#849=ORIENTED_EDGE('',*,*,#1042,.T.);
#850=ORIENTED_EDGE('',*,*,#1043,.T.);
#851=ORIENTED_EDGE('',*,*,#999,.F.);
#852=ORIENTED_EDGE('',*,*,#1044,.F.);
#853=ORIENTED_EDGE('',*,*,#1045,.F.);
#854=ORIENTED_EDGE('',*,*,#1046,.T.);
#855=ORIENTED_EDGE('',*,*,#1047,.T.);
#856=ORIENTED_EDGE('',*,*,#1048,.T.);
#857=ORIENTED_EDGE('',*,*,#1049,.T.);
#858=ORIENTED_EDGE('',*,*,#1050,.F.);
#859=ORIENTED_EDGE('',*,*,#987,.T.);
#860=ORIENTED_EDGE('',*,*,#1040,.T.);
#861=ORIENTED_EDGE('',*,*,#1051,.F.);
#862=ORIENTED_EDGE('',*,*,#1014,.T.);
#863=ORIENTED_EDGE('',*,*,#1041,.F.);
#864=ORIENTED_EDGE('',*,*,#1039,.F.);
#865=ORIENTED_EDGE('',*,*,#1033,.F.);
#866=ORIENTED_EDGE('',*,*,#992,.F.);
#867=ORIENTED_EDGE('',*,*,#1042,.F.);
#868=ORIENTED_EDGE('',*,*,#994,.F.);
#869=ORIENTED_EDGE('',*,*,#1032,.F.);
#870=ORIENTED_EDGE('',*,*,#1052,.F.);
#871=ORIENTED_EDGE('',*,*,#1053,.T.);
#872=ORIENTED_EDGE('',*,*,#1044,.T.);
#873=ORIENTED_EDGE('',*,*,#998,.F.);
#874=ORIENTED_EDGE('',*,*,#1016,.T.);
#875=ORIENTED_EDGE('',*,*,#1043,.F.);
#876=ORIENTED_EDGE('',*,*,#1052,.T.);
#877=ORIENTED_EDGE('',*,*,#1031,.F.);
#878=ORIENTED_EDGE('',*,*,#1000,.T.);
#879=ORIENTED_EDGE('',*,*,#1054,.F.);
#880=ORIENTED_EDGE('',*,*,#1006,.T.);
#881=ORIENTED_EDGE('',*,*,#1002,.T.);
#882=ORIENTED_EDGE('',*,*,#1030,.T.);
#883=ORIENTED_EDGE('',*,*,#1027,.F.);
#884=ORIENTED_EDGE('',*,*,#1007,.T.);
#885=ORIENTED_EDGE('',*,*,#1054,.T.);
#886=ORIENTED_EDGE('',*,*,#1029,.F.);
#887=ORIENTED_EDGE('',*,*,#1008,.F.);
#888=ORIENTED_EDGE('',*,*,#1035,.F.);
#889=ORIENTED_EDGE('',*,*,#1009,.F.);
#890=ORIENTED_EDGE('',*,*,#1036,.F.);
#891=ORIENTED_EDGE('',*,*,#1010,.F.);
#892=ORIENTED_EDGE('',*,*,#1037,.F.);
#893=ORIENTED_EDGE('',*,*,#1012,.T.);
#894=ORIENTED_EDGE('',*,*,#1026,.T.);
#895=ORIENTED_EDGE('',*,*,#1019,.F.);
#896=ORIENTED_EDGE('',*,*,#1017,.F.);
#897=ORIENTED_EDGE('',*,*,#1051,.T.);
#898=ORIENTED_EDGE('',*,*,#1045,.T.);
#899=ORIENTED_EDGE('',*,*,#1053,.F.);
#900=ORIENTED_EDGE('',*,*,#1015,.F.);
#901=ORIENTED_EDGE('',*,*,#1046,.F.);
#902=ORIENTED_EDGE('',*,*,#1021,.F.);
#903=ORIENTED_EDGE('',*,*,#1047,.F.);
#904=ORIENTED_EDGE('',*,*,#1022,.F.);
#905=ORIENTED_EDGE('',*,*,#1048,.F.);
#906=ORIENTED_EDGE('',*,*,#1023,.F.);
#907=ORIENTED_EDGE('',*,*,#1049,.F.);
#908=ORIENTED_EDGE('',*,*,#1024,.F.);
#909=ORIENTED_EDGE('',*,*,#1055,.F.);
#910=ORIENTED_EDGE('',*,*,#1025,.F.);
#911=ORIENTED_EDGE('',*,*,#1050,.T.);
#912=ORIENTED_EDGE('',*,*,#1056,.T.);
#913=ORIENTED_EDGE('',*,*,#1057,.T.);
#914=ORIENTED_EDGE('',*,*,#1055,.T.);
#915=ORIENTED_EDGE('',*,*,#1056,.F.);
#916=ORIENTED_EDGE('',*,*,#1058,.F.);
#917=ORIENTED_EDGE('',*,*,#1058,.T.);
#918=ORIENTED_EDGE('',*,*,#1057,.F.);
#919=EDGE_CURVE('',#1059,#1060,#1061,.F.);
#920=EDGE_CURVE('',#1060,#1062,#1063,.T.);
#921=EDGE_CURVE('',#1062,#1064,#1065,.F.);
#922=EDGE_CURVE('',#1059,#1064,#1066,.T.);
#923=EDGE_CURVE('',#1067,#1067,#1068,.F.);
#924=EDGE_CURVE('',#1069,#1069,#1070,.F.);
#925=EDGE_CURVE('',#1071,#1071,#1072,.F.);
#926=EDGE_CURVE('',#1073,#1073,#1074,.F.);
#927=EDGE_CURVE('',#1075,#1075,#1076,.F.);
#928=EDGE_CURVE('',#1077,#1077,#1078,.F.);
#929=EDGE_CURVE('',#1079,#1080,#1081,.T.);
#930=EDGE_CURVE('',#1082,#1080,#1083,.T.);
#931=EDGE_CURVE('',#1082,#1084,#1085,.F.);
#932=EDGE_CURVE('',#1084,#1079,#1086,.T.);
#933=EDGE_CURVE('',#1064,#1087,#1088,.T.);
#934=EDGE_CURVE('',#1089,#1087,#1090,.T.);
#935=EDGE_CURVE('',#1089,#1059,#1091,.F.);
#936=EDGE_CURVE('',#1080,#1092,#1093,.F.);
#937=EDGE_CURVE('',#1094,#1092,#1095,.T.);
#938=EDGE_CURVE('',#1094,#1082,#1096,.F.);
#939=EDGE_CURVE('',#1097,#1097,#1098,.T.);
#940=EDGE_CURVE('',#1099,#1099,#1100,.T.);
#941=EDGE_CURVE('',#1101,#1101,#1102,.T.);
#942=EDGE_CURVE('',#1103,#1103,#1104,.T.);
#943=EDGE_CURVE('',#1105,#1105,#1106,.T.);
#944=EDGE_CURVE('',#1107,#1107,#1108,.T.);
#945=EDGE_CURVE('',#1109,#1062,#1110,.T.);
#946=EDGE_CURVE('',#1060,#1111,#1112,.F.);
#947=EDGE_CURVE('',#1111,#1109,#1113,.T.);
#948=EDGE_CURVE('',#1084,#1114,#1115,.F.);
#949=EDGE_CURVE('',#1114,#1116,#1117,.T.);
#950=EDGE_CURVE('',#1116,#1079,#1118,.F.);
#951=EDGE_CURVE('',#1119,#1119,#1120,.F.);
#952=EDGE_CURVE('',#1121,#1121,#1122,.F.);
#953=EDGE_CURVE('',#1123,#1123,#1124,.F.);
#954=EDGE_CURVE('',#1125,#1125,#1126,.F.);
#955=EDGE_CURVE('',#1127,#1127,#1128,.F.);
#956=EDGE_CURVE('',#1129,#1129,#1130,.F.);
#957=EDGE_CURVE('',#1087,#1131,#1132,.F.);
#958=EDGE_CURVE('',#1131,#1133,#1134,.F.);
#959=EDGE_CURVE('',#1133,#1089,#1135,.F.);
#960=EDGE_CURVE('',#1136,#1136,#1137,.T.);
#961=EDGE_CURVE('',#1138,#1138,#1139,.T.);
#962=EDGE_CURVE('',#1140,#1140,#1141,.T.);
#963=EDGE_CURVE('',#1142,#1142,#1143,.T.);
#964=EDGE_CURVE('',#1144,#1144,#1145,.T.);
#965=EDGE_CURVE('',#1146,#1146,#1147,.T.);
#966=EDGE_CURVE('',#1092,#1148,#1149,.T.);
#967=EDGE_CURVE('',#1150,#1148,#1151,.T.);
#968=EDGE_CURVE('',#1150,#1094,#1152,.F.);
#969=EDGE_CURVE('',#1153,#1154,#1155,.F.);
#970=EDGE_CURVE('',#1154,#1156,#1157,.T.);
#971=EDGE_CURVE('',#1158,#1156,#1159,.F.);
#972=EDGE_CURVE('',#1153,#1158,#1160,.T.);
#973=EDGE_CURVE('',#1161,#1162,#1163,.T.);
#974=EDGE_CURVE('',#1164,#1162,#1165,.T.);
#975=EDGE_CURVE('',#1166,#1164,#1167,.T.);
#976=EDGE_CURVE('',#1168,#1166,#1169,.F.);
#977=EDGE_CURVE('',#1170,#1168,#1171,.F.);
#978=EDGE_CURVE('',#1172,#1170,#1173,.T.);
#979=EDGE_CURVE('',#1174,#1172,#1175,.T.);
#980=EDGE_CURVE('',#1174,#1161,#1176,.T.);
#981=EDGE_CURVE('',#1111,#1153,#1177,.F.);
#982=EDGE_CURVE('',#1158,#1178,#1179,.T.);
#983=EDGE_CURVE('',#1178,#1180,#1181,.T.);
#984=EDGE_CURVE('',#1182,#1180,#1183,.T.);
#985=EDGE_CURVE('',#1182,#1184,#1185,.T.);
#986=EDGE_CURVE('',#1184,#1186,#1187,.T.);
#987=EDGE_CURVE('',#1188,#1186,#1189,.T.);
#988=EDGE_CURVE('',#1164,#1188,#1190,.T.);
#989=EDGE_CURVE('',#1162,#1109,#1191,.F.);
#990=EDGE_CURVE('',#1114,#1133,#1192,.F.);
#991=EDGE_CURVE('',#1131,#1116,#1193,.T.);
#992=EDGE_CURVE('',#1194,#1195,#1196,.F.);
#993=EDGE_CURVE('',#1197,#1195,#1198,.T.);
#994=EDGE_CURVE('',#1197,#1199,#1200,.T.);
#995=EDGE_CURVE('',#1194,#1199,#1201,.F.);
#996=EDGE_CURVE('',#1148,#1161,#1202,.F.);
#997=EDGE_CURVE('',#1203,#1174,#1204,.T.);
#998=EDGE_CURVE('',#1203,#1205,#1206,.T.);
#999=EDGE_CURVE('',#1205,#1207,#1208,.T.);
#1000=EDGE_CURVE('',#1209,#1207,#1210,.T.);
#1001=EDGE_CURVE('',#1211,#1209,#1212,.T.);
#1002=EDGE_CURVE('',#1213,#1211,#1214,.T.);
#1003=EDGE_CURVE('',#1213,#1156,#1215,.T.);
#1004=EDGE_CURVE('',#1154,#1150,#1216,.F.);
#1005=EDGE_CURVE('',#1178,#1217,#1218,.F.);
#1006=EDGE_CURVE('',#1219,#1213,#1220,.F.);
#1007=EDGE_CURVE('',#1217,#1219,#1221,.T.);
#1008=EDGE_CURVE('',#1222,#1222,#1223,.F.);
#1009=EDGE_CURVE('',#1224,#1224,#1225,.F.);
#1010=EDGE_CURVE('',#1226,#1226,#1227,.T.);
#1011=EDGE_CURVE('',#1228,#1172,#1229,.T.);
#1012=EDGE_CURVE('',#1230,#1228,#1231,.T.);
#1013=EDGE_CURVE('',#1166,#1230,#1232,.T.);
#1014=EDGE_CURVE('',#1233,#1188,#1234,.F.);
#1015=EDGE_CURVE('',#1233,#1235,#1236,.T.);
#1016=EDGE_CURVE('',#1203,#1235,#1237,.F.);
#1017=EDGE_CURVE('',#1230,#1238,#1239,.T.);
#1018=EDGE_CURVE('',#1168,#1238,#1240,.T.);
#1019=EDGE_CURVE('',#1238,#1241,#1242,.T.);
#1020=EDGE_CURVE('',#1241,#1170,#1243,.T.);
#1021=EDGE_CURVE('',#1244,#1244,#1245,.F.);
#1022=EDGE_CURVE('',#1246,#1246,#1247,.F.);
#1023=EDGE_CURVE('',#1248,#1248,#1249,.F.);
#1024=EDGE_CURVE('',#1250,#1250,#1251,.F.);
#1025=EDGE_CURVE('',#1252,#1252,#1253,.F.);
#1026=EDGE_CURVE('',#1228,#1241,#1254,.T.);
#1027=EDGE_CURVE('',#1217,#1255,#1256,.T.);
#1028=EDGE_CURVE('',#1255,#1180,#1257,.F.);
#1029=EDGE_CURVE('',#1255,#1258,#1259,.T.);
#1030=EDGE_CURVE('',#1211,#1258,#1260,.F.);
#1031=EDGE_CURVE('',#1209,#1261,#1262,.T.);
#1032=EDGE_CURVE('',#1261,#1197,#1263,.F.);
#1033=EDGE_CURVE('',#1195,#1264,#1265,.F.);
#1034=EDGE_CURVE('',#1264,#1182,#1266,.T.);
#1035=EDGE_CURVE('',#1267,#1267,#1268,.T.);
#1036=EDGE_CURVE('',#1269,#1269,#1270,.T.);
#1037=EDGE_CURVE('',#1271,#1271,#1272,.F.);
#1038=EDGE_CURVE('',#1184,#1273,#1274,.F.);
#1039=EDGE_CURVE('',#1264,#1273,#1275,.T.);
#1040=EDGE_CURVE('',#1186,#1276,#1277,.F.);
#1041=EDGE_CURVE('',#1273,#1194,#1278,.T.);
#1042=EDGE_CURVE('',#1199,#1279,#1280,.T.);
#1043=EDGE_CURVE('',#1279,#1207,#1281,.F.);
#1044=EDGE_CURVE('',#1282,#1205,#1283,.F.);
#1045=EDGE_CURVE('',#1276,#1282,#1284,.T.);
#1046=EDGE_CURVE('',#1285,#1285,#1286,.T.);
#1047=EDGE_CURVE('',#1287,#1287,#1288,.T.);
#1048=EDGE_CURVE('',#1289,#1289,#1290,.T.);
#1049=EDGE_CURVE('',#1291,#1291,#1292,.T.);
#1050=EDGE_CURVE('',#1293,#1293,#1294,.F.);
#1051=EDGE_CURVE('',#1233,#1276,#1295,.T.);
#1052=EDGE_CURVE('',#1279,#1261,#1296,.F.);
#1053=EDGE_CURVE('',#1235,#1282,#1297,.T.);
#1054=EDGE_CURVE('',#1219,#1258,#1298,.T.);
#1055=EDGE_CURVE('',#1299,#1299,#1300,.T.);
#1056=EDGE_CURVE('',#1301,#1301,#1302,.T.);
#1057=EDGE_CURVE('',#1303,#1303,#1304,.F.);
#1058=EDGE_CURVE('',#1305,#1305,#1306,.F.);
#1059=VERTEX_POINT('',#1307);
#1060=VERTEX_POINT('',#1308);
#1061=LINE('',#1309,#1310);
#1062=VERTEX_POINT('',#1312);
#1063=CIRCLE('',#1313,90.);
#1064=VERTEX_POINT('',#1317);
#1065=LINE('',#1318,#1319);
#1066=CIRCLE('',#1321,80.);
#1067=VERTEX_POINT('',#1325);
#1068=CIRCLE('',#1326,1.85);
#1069=VERTEX_POINT('',#1330);
#1070=CIRCLE('',#1331,1.85);
#1071=VERTEX_POINT('',#1335);
#1072=CIRCLE('',#1336,1.85);
#1073=VERTEX_POINT('',#1340);
#1074=CIRCLE('',#1341,1.85);
#1075=VERTEX_POINT('',#1345);
#1076=CIRCLE('',#1346,1.85);
#1077=VERTEX_POINT('',#1350);
#1078=CIRCLE('',#1351,1.85);
#1079=VERTEX_POINT('',#1355);
#1080=VERTEX_POINT('',#1356);
#1081=LINE('',#1357,#1358);
#1082=VERTEX_POINT('',#1360);
#1083=CIRCLE('',#1361,80.);
#1084=VERTEX_POINT('',#1365);
#1085=LINE('',#1366,#1367);
#1086=CIRCLE('',#1369,80.);
#1087=VERTEX_POINT('',#1373);
#1088=LINE('',#1374,#1375);
#1089=VERTEX_POINT('',#1377);
#1090=CIRCLE('',#1378,80.);
#1091=LINE('',#1382,#1383);
#1092=VERTEX_POINT('',#1385);
#1093=LINE('',#1386,#1387);
#1094=VERTEX_POINT('',#1389);
#1095=CIRCLE('',#1390,90.);
#1096=LINE('',#1394,#1395);
#1097=VERTEX_POINT('',#1397);
#1098=CIRCLE('',#1398,1.85);
#1099=VERTEX_POINT('',#1402);
#1100=CIRCLE('',#1403,1.85);
#1101=VERTEX_POINT('',#1407);
#1102=CIRCLE('',#1408,1.85);
#1103=VERTEX_POINT('',#1412);
#1104=CIRCLE('',#1413,1.85);
#1105=VERTEX_POINT('',#1417);
#1106=CIRCLE('',#1418,1.85);
#1107=VERTEX_POINT('',#1422);
#1108=CIRCLE('',#1423,1.85);
#1109=VERTEX_POINT('',#1427);
#1110=LINE('',#1428,#1429);
#1111=VERTEX_POINT('',#1431);
#1112=LINE('',#1432,#1433);
#1113=CIRCLE('',#1435,90.);
#1114=VERTEX_POINT('',#1439);
#1115=LINE('',#1440,#1441);
#1116=VERTEX_POINT('',#1443);
#1117=CIRCLE('',#1444,93.1920950145549);
#1118=LINE('',#1448,#1449);
#1119=VERTEX_POINT('',#1451);
#1120=CIRCLE('',#1452,1.85);
#1121=VERTEX_POINT('',#1456);
#1122=CIRCLE('',#1457,1.85);
#1123=VERTEX_POINT('',#1461);
#1124=CIRCLE('',#1462,1.85);
#1125=VERTEX_POINT('',#1466);
#1126=CIRCLE('',#1467,1.85);
#1127=VERTEX_POINT('',#1471);
#1128=CIRCLE('',#1472,1.85);
#1129=VERTEX_POINT('',#1476);
#1130=CIRCLE('',#1477,1.85);
#1131=VERTEX_POINT('',#1481);
#1132=LINE('',#1482,#1483);
#1133=VERTEX_POINT('',#1485);
#1134=CIRCLE('',#1486,93.1920950145549);
#1135=LINE('',#1490,#1491);
#1136=VERTEX_POINT('',#1493);
#1137=CIRCLE('',#1494,1.85);
#1138=VERTEX_POINT('',#1498);
#1139=CIRCLE('',#1499,1.85);
#1140=VERTEX_POINT('',#1503);
#1141=CIRCLE('',#1504,1.85);
#1142=VERTEX_POINT('',#1508);
#1143=CIRCLE('',#1509,1.85);
#1144=VERTEX_POINT('',#1513);
#1145=CIRCLE('',#1514,1.85);
#1146=VERTEX_POINT('',#1518);
#1147=CIRCLE('',#1519,1.85);
#1148=VERTEX_POINT('',#1523);
#1149=LINE('',#1524,#1525);
#1150=VERTEX_POINT('',#1527);
#1151=CIRCLE('',#1528,90.);
#1152=LINE('',#1532,#1533);
#1153=VERTEX_POINT('',#1535);
#1154=VERTEX_POINT('',#1536);
#1155=CIRCLE('',#1537,60.);
#1156=VERTEX_POINT('',#1541);
#1157=CIRCLE('',#1542,92.9999999999989);
#1158=VERTEX_POINT('',#1546);
#1159=B_SPLINE_CURVE_WITH_KNOTS('',3,
(#1547,#1548,#1549,#1550,#1551,#1552,#1553,#1554,#1555,#1556,#1557,#1558,#1559,#1560,
#1561,#1562,#1563,#1564,#1565,#1566,#1567,#1568,#1569,#1570,#1571,#1572,#1573,#1574,
#1575,#1576,#1577,#1578,#1579,#1580,#1581,#1582,#1583,#1584,#1585,#1586,#1587,#1588,
#1589,#1590,#1591,#1592,#1593,#1594,#1595,#1596,#1597,#1598,#1599,#1600,#1601,#1602,
#1603,#1604,#1605,#1606,#1607,#1608,#1609,#1610,#1611,#1612,#1613,#1614,#1615,#1616,
#1617,#1618,#1619,#1620),
.UNSPECIFIED.,.F.,.F.,
(4,1,1,1,1,1,1,1,1,1,1,1,1,1,1,1,1,1,1,1,1,1,1,1,1,1,1,1,1,1,1,1,1,1,1,1,1,1,1,1,
1,1,1,1,1,1,1,1,1,1,1,1,1,1,1,1,1,1,1,1,1,1,1,1,1,1,1,1,1,1,1,4),
(0.,0.0168533385977651,0.0336211203834239,0.0473304780669187,0.0503083478345144,
0.0668688581090631,0.0833741168941092,0.0997553340767337,0.116074106888235,0.117713239405462,
0.132280839401659,0.14843666808298,0.166341642764245,0.182891179512088,0.186034306718924,
0.214867212875374,0.243887628128489,0.253330089052249,0.273100171718618,0.293440584554604,
0.312084785975287,0.328323485025682,0.32904180687736,0.346022374929254,0.368677305374691,
0.391281290425966,0.397938524677577,0.413865823966926,0.430719189227808,0.444430142564536,
0.447524218681438,0.464270902465993,0.481008082384889,0.497812727317113,0.499991328187986,
0.51423591309829,0.514678326975244,0.531632337433992,0.548616467351473,0.565601247175595,
0.582573097505489,0.5839829472615,0.59946252163009,0.61627951745928,0.630480594883443,
0.632870206815046,0.649290402484039,0.665431899066511,0.681474012081474,0.698819260190674,
0.700144406975034,0.717576514542171,0.744219934942112,0.777072544885929,0.792838953297045,
0.807944203932206,0.830375837273114,0.849149592222603,0.864347742143435,0.867652088068696,
0.885881941607452,0.899202856729322,0.912445305167539,0.925434954917441,0.929180805442993,
0.938252620511348,0.950807704237219,0.963276426288594,0.975587837373304,0.98434919443904,
0.98782778219775,1.),
.UNSPECIFIED.);
#1160=CIRCLE('',#1621,93.);
#1161=VERTEX_POINT('',#1625);
#1162=VERTEX_POINT('',#1626);
#1163=CIRCLE('',#1627,60.);
#1164=VERTEX_POINT('',#1631);
#1165=CIRCLE('',#1632,93.);
#1166=VERTEX_POINT('',#1636);
#1167=B_SPLINE_CURVE_WITH_KNOTS('',3,
(#1637,#1638,#1639,#1640,#1641,#1642,#1643,#1644,#1645,#1646,#1647,#1648,#1649,#1650,
#1651,#1652,#1653,#1654,#1655,#1656,#1657,#1658),
.UNSPECIFIED.,.F.,.F.,
(4,1,1,1,1,1,1,1,1,1,1,1,1,1,1,1,1,1,1,4),
(0.,0.0650416703706969,0.130037611869891,0.194924962737536,0.25948199697063,0.285200863206225,
0.32392796848531,0.38781411250575,0.451299727905045,0.514151389696608,0.57674664291429,
0.638599568466303,0.699958182369247,0.743715185241894,0.760596577527355,0.82099692814675,
0.880912593731137,0.940578947203168,0.958118966889845,1.),
.UNSPECIFIED.);
#1168=VERTEX_POINT('',#1659);
#1169=CIRCLE('',#1660,96.8002682477087);
#1170=VERTEX_POINT('',#1664);
#1171=B_SPLINE_CURVE_WITH_KNOTS('',3,
(#1665,#1666,#1667,#1668,#1669,#1670,#1671,#1672,#1673,#1674,#1675,#1676,#1677,#1678,
#1679,#1680,#1681,#1682,#1683,#1684,#1685,#1686,#1687,#1688,#1689,#1690,#1691,#1692,
#1693,#1694,#1695,#1696,#1697,#1698,#1699,#1700,#1701,#1702,#1703,#1704,#1705,#1706,
#1707,#1708,#1709,#1710,#1711,#1712,#1713,#1714,#1715,#1716,#1717,#1718,#1719,#1720,
#1721,#1722,#1723,#1724,#1725,#1726,#1727,#1728,#1729,#1730),
.UNSPECIFIED.,.F.,.F.,
(4,1,1,1,1,1,1,1,1,1,1,1,1,1,1,1,1,1,1,1,1,1,1,1,1,1,1,1,1,1,1,1,1,1,1,1,1,1,1,1,
1,1,1,1,1,1,1,1,1,1,1,1,1,1,1,1,1,1,1,1,1,1,1,4),
(0.,0.0131712778062218,0.0264160454495882,0.0287241652975649,0.0397398446145009,
0.0532254054722673,0.0667917086818149,0.0805963547927159,0.0945570036718839,0.100519757376264,
0.108759292156574,0.123049531609898,0.139853106648975,0.159081601020091,0.188184495073573,
0.189245612764329,0.220713101819916,0.253471051688059,0.277584410935239,0.300249020569114,
0.300420612488081,0.321736949613794,0.343495749266391,0.365766036957495,0.388288805181719,
0.401624968278069,0.411078942276933,0.433870033733491,0.456715966306078,0.468962809229761,
0.479612873454531,0.502636570070414,0.525438831183038,0.52574768838066,0.549169620189592,
0.56985593183686,0.572803505994303,0.596730716625049,0.620740730043066,0.64464889945156,
0.668393217500701,0.691695472115048,0.704323341539226,0.714717407960938,0.736824517552836,
0.758279928890189,0.77869159616511,0.798727420862724,0.823083219553207,0.838811457942784,
0.84595582459007,0.867360323910273,0.881876009431792,0.895669164392396,0.908566183997984,
0.921291701043143,0.933508828655769,0.945387068160512,0.95302128338102,0.956753907575998,
0.967948687791181,0.97880067423347,0.989483876961571,1.),
.UNSPECIFIED.);
#1172=VERTEX_POINT('',#1731);
#1173=CIRCLE('',#1732,97.5537613158722);
#1174=VERTEX_POINT('',#1736);
#1175=B_SPLINE_CURVE_WITH_KNOTS('',3,
(#1737,#1738,#1739,#1740,#1741,#1742,#1743,#1744,#1745,#1746,#1747,#1748,#1749,#1750,
#1751,#1752,#1753,#1754,#1755,#1756,#1757,#1758),
.UNSPECIFIED.,.F.,.F.,
(4,1,1,1,1,1,1,1,1,1,1,1,1,1,1,1,1,1,1,4),
(0.,0.0636189554899008,0.127194725334251,0.19072217121404,0.254113260644676,0.264967690239934,
0.317426642514174,0.380498040457074,0.443420704621529,0.506121054143144,0.568786942311806,
0.631217823987511,0.693453792717587,0.727385645331212,0.755308987656876,0.816929908764034,
0.878199127569105,0.939242025449944,0.962132403853808,1.),
.UNSPECIFIED.);
#1176=CIRCLE('',#1759,92.9999999999989);
#1177=LINE('',#1763,#1764);
#1178=VERTEX_POINT('',#1766);
#1179=LINE('',#1767,#1768);
#1180=VERTEX_POINT('',#1770);
#1181=LINE('',#1771,#1772);
#1182=VERTEX_POINT('',#1774);
#1183=LINE('',#1775,#1776);
#1184=VERTEX_POINT('',#1778);
#1185=CIRCLE('',#1779,93.);
#1186=VERTEX_POINT('',#1783);
#1187=LINE('',#1784,#1785);
#1188=VERTEX_POINT('',#1787);
#1189=LINE('',#1788,#1789);
#1190=LINE('',#1791,#1792);
#1191=LINE('',#1794,#1795);
#1192=CIRCLE('',#1797,57.);
#1193=CIRCLE('',#1801,57.);
#1194=VERTEX_POINT('',#1805);
#1195=VERTEX_POINT('',#1806);
#1196=CIRCLE('',#1807,94.0290409709008);
#1197=VERTEX_POINT('',#1811);
#1198=B_SPLINE_CURVE_WITH_KNOTS('',3,
(#1812,#1813,#1814,#1815,#1816,#1817,#1818,#1819,#1820,#1821,#1822,#1823,#1824,#1825,
#1826,#1827,#1828,#1829,#1830,#1831,#1832,#1833,#1834,#1835,#1836,#1837,#1838,#1839,
#1840,#1841,#1842,#1843,#1844,#1845,#1846,#1847,#1848,#1849,#1850,#1851,#1852,#1853,
#1854,#1855,#1856,#1857,#1858,#1859,#1860,#1861,#1862,#1863,#1864,#1865,#1866,#1867,
#1868,#1869,#1870,#1871,#1872,#1873,#1874),
.UNSPECIFIED.,.F.,.F.,
(4,1,1,1,1,1,1,1,1,1,1,1,1,1,1,1,1,1,1,1,1,1,1,1,1,1,1,1,1,1,1,1,1,1,1,1,1,1,1,1,
1,1,1,1,1,1,1,1,1,1,1,1,1,1,1,1,1,1,1,1,4),
(0.,0.00715747567417274,0.0144376779666716,0.015633090777886,0.021841287346263,0.0294924821982683,
0.0372685888233681,0.0454116560253677,0.0537982186030221,0.054745933498044,0.0625474369546582,
0.0714157432469898,0.0813731139271647,0.0922973689806883,0.105044738818903,0.11864784045523,
0.121869573664171,0.13438515390478,0.151400881769122,0.17012201520466,0.189280097440298,
0.20972974304061,0.231030524677932,0.240305086189629,0.253603865674424,0.276611820907331,
0.300263050314717,0.32411943494542,0.348007612621021,0.352229221285466,0.371710185225474,
0.395097088957208,0.418359170017211,0.427011437842624,0.441568572399943,0.464836168171383,
0.473467764336599,0.488383823026314,0.512152468076638,0.536234126165982,0.539279452568512,
0.560420304542129,0.584795132817619,0.609247616077417,0.633792064899474,0.651403112623201,
0.658358107883026,0.685420887705093,0.71497583249765,0.726104345216703,0.757209082940651,
0.809096125673681,0.838032229158235,0.857611664859451,0.892598827150354,0.921594349153187,
0.950332985867771,0.951232230614338,0.978818018403453,0.994909043189464,1.),
.UNSPECIFIED.);
#1199=VERTEX_POINT('',#1875);
#1200=CIRCLE('',#1876,94.7785911431113);
#1201=B_SPLINE_CURVE_WITH_KNOTS('',3,
(#1880,#1881,#1882,#1883,#1884,#1885,#1886,#1887,#1888,#1889,#1890,#1891,#1892,#1893,
#1894,#1895,#1896,#1897,#1898,#1899,#1900,#1901,#1902,#1903,#1904,#1905,#1906,#1907,
#1908,#1909,#1910,#1911,#1912,#1913,#1914,#1915,#1916,#1917,#1918,#1919,#1920,#1921,
#1922,#1923,#1924,#1925,#1926,#1927,#1928,#1929,#1930,#1931,#1932,#1933,#1934,#1935,
#1936,#1937,#1938,#1939,#1940,#1941,#1942),
.UNSPECIFIED.,.F.,.F.,
(4,1,1,1,1,1,1,1,1,1,1,1,1,1,1,1,1,1,1,1,1,1,1,1,1,1,1,1,1,1,1,1,1,1,1,1,1,1,1,1,
1,1,1,1,1,1,1,1,1,1,1,1,1,1,1,1,1,1,1,1,4),
(0.,0.00715747568779675,0.0144376779930934,0.0156330907911277,0.02184128737005,0.0294924822154474,
0.0372685888342073,0.0454116560301526,0.0537982186023198,0.0547459334973056,0.0625474369495983,
0.0714157432386653,0.0813731139172377,0.0922973689702878,0.105044738809557,0.118647840447689,
0.121869573661927,0.134385153899884,0.151400881767079,0.170122015204962,0.189280097441947,
0.209729743042331,0.23103052467906,0.240305086190008,0.253603865674537,0.276611820906587,
0.300263050313414,0.324119434943804,0.348007612619415,0.352229221284797,0.371710185224067,
0.395097088956271,0.418359170016906,0.427011437842524,0.441568572400465,0.464836168172816,
0.473467764337152,0.488383823028631,0.51215246807972,0.536234126169496,0.539279452569823,
0.560420304545762,0.58479513282067,0.609247616079283,0.633792064899207,0.651403112622506,
0.658358107879991,0.685420887699028,0.714975832488893,0.726104345212575,0.75720908293294,
0.80909612567777,0.83803222916035,0.857611664884333,0.89259882719873,0.921594349225221,
0.950332985953425,0.951232230657039,0.978818018492929,0.994909043223272,1.),
.UNSPECIFIED.);
#1202=LINE('',#1943,#1944);
#1203=VERTEX_POINT('',#1946);
#1204=LINE('',#1947,#1948);
#1205=VERTEX_POINT('',#1950);
#1206=LINE('',#1951,#1952);
#1207=VERTEX_POINT('',#1954);
#1208=LINE('',#1955,#1956);
#1209=VERTEX_POINT('',#1958);
#1210=CIRCLE('',#1959,92.9999999999989);
#1211=VERTEX_POINT('',#1963);
#1212=LINE('',#1964,#1965);
#1213=VERTEX_POINT('',#1967);
#1214=LINE('',#1968,#1969);
#1215=LINE('',#1971,#1972);
#1216=LINE('',#1974,#1975);
#1217=VERTEX_POINT('',#1977);
#1218=CIRCLE('',#1978,20.);
#1219=VERTEX_POINT('',#1982);
#1220=CIRCLE('',#1983,20.);
#1221=LINE('',#1987,#1988);
#1222=VERTEX_POINT('',#1990);
#1223=CIRCLE('',#1991,1.5);
#1224=VERTEX_POINT('',#1995);
#1225=CIRCLE('',#1996,1.5);
#1226=VERTEX_POINT('',#2000);
#1227=CIRCLE('',#2001,18.6);
#1228=VERTEX_POINT('',#2005);
#1229=LINE('',#2006,#2007);
#1230=VERTEX_POINT('',#2009);
#1231=LINE('',#2010,#2011);
#1232=LINE('',#2013,#2014);
#1233=VERTEX_POINT('',#2016);
#1234=CIRCLE('',#2017,20.0000000000006);
#1235=VERTEX_POINT('',#2021);
#1236=LINE('',#2022,#2023);
#1237=CIRCLE('',#2025,20.0000000000001);
#1238=VERTEX_POINT('',#2029);
#1239=LINE('',#2030,#2031);
#1240=LINE('',#2033,#2034);
#1241=VERTEX_POINT('',#2036);
#1242=LINE('',#2037,#2038);
#1243=LINE('',#2040,#2041);
#1244=VERTEX_POINT('',#2043);
#1245=CIRCLE('',#2044,1.5);
#1246=VERTEX_POINT('',#2048);
#1247=CIRCLE('',#2049,1.5);
#1248=VERTEX_POINT('',#2053);
#1249=CIRCLE('',#2054,1.5);
#1250=VERTEX_POINT('',#2058);
#1251=CIRCLE('',#2059,1.5);
#1252=VERTEX_POINT('',#2063);
#1253=CIRCLE('',#2064,12.5);
#1254=LINE('',#2068,#2069);
#1255=VERTEX_POINT('',#2071);
#1256=LINE('',#2072,#2073);
#1257=CIRCLE('',#2075,20.0000000000005);
#1258=VERTEX_POINT('',#2079);
#1259=LINE('',#2080,#2081);
#1260=CIRCLE('',#2083,20.0000000000001);
#1261=VERTEX_POINT('',#2087);
#1262=B_SPLINE_CURVE_WITH_KNOTS('',3,
(#2088,#2089,#2090,#2091,#2092,#2093,#2094,#2095,#2096,#2097,#2098,#2099,#2100,#2101,
#2102,#2103,#2104,#2105,#2106,#2107,#2108,#2109,#2110,#2111,#2112,#2113,#2114,#2115,
#2116,#2117,#2118,#2119,#2120,#2121,#2122,#2123,#2124,#2125),
.UNSPECIFIED.,.F.,.F.,
(4,1,1,1,1,1,1,1,1,1,1,1,1,1,1,1,1,1,1,1,1,1,1,1,1,1,1,1,1,1,1,1,1,1,1,4),
(0.,0.0333732324669864,0.0665494705376338,0.0995263218973135,0.132094038350937,0.135959505488894,
0.164457987725554,0.196198042619779,0.227519408810513,0.258205692871885,0.288674422734785,
0.318596229794782,0.348197633063841,0.377355769567607,0.401005350014319,0.406393692628607,
0.435289444912726,0.464160995343227,0.493108514868396,0.522154248894183,0.551621708810317,
0.581416642306933,0.622001633653374,0.652357291460803,0.663131444012298,0.704812777064815,
0.736701440179296,0.768707194210467,0.801064063415584,0.833661573955034,0.866625014155951,
0.887369206572515,0.899711521592194,0.93303262186769,0.966463496775713,1.),
.UNSPECIFIED.);
#1263=LINE('',#2126,#2127);
#1264=VERTEX_POINT('',#2129);
#1265=LINE('',#2130,#2131);
#1266=B_SPLINE_CURVE_WITH_KNOTS('',3,
(#2133,#2134,#2135,#2136,#2137,#2138,#2139,#2140,#2141,#2142,#2143,#2144,#2145,#2146,
#2147,#2148,#2149,#2150,#2151,#2152,#2153,#2154),
.UNSPECIFIED.,.F.,.F.,
(4,1,1,1,1,1,1,1,1,1,1,1,1,1,1,1,1,1,1,4),
(0.,0.0643656693529976,0.128718258632672,0.193026228021828,0.257143223382046,0.277314350971177,
0.321190195014922,0.384827823564522,0.448166842179574,0.511016036619017,0.573655653149966,
0.635705443018758,0.697364038051672,0.71920157479861,0.758437029961333,0.819303035680472,
0.879757514597227,0.939990444586953,0.941469540939583,1.),
.UNSPECIFIED.);
#1267=VERTEX_POINT('',#2155);
#1268=CIRCLE('',#2156,1.5);
#1269=VERTEX_POINT('',#2160);
#1270=CIRCLE('',#2161,1.5);
#1271=VERTEX_POINT('',#2165);
#1272=CIRCLE('',#2166,18.6);
#1273=VERTEX_POINT('',#2170);
#1274=B_SPLINE_CURVE_WITH_KNOTS('',3,
(#2171,#2172,#2173,#2174,#2175,#2176,#2177,#2178,#2179,#2180,#2181,#2182,#2183,#2184,
#2185,#2186,#2187,#2188,#2189,#2190,#2191,#2192),
.UNSPECIFIED.,.F.,.F.,
(4,1,1,1,1,1,1,1,1,1,1,1,1,1,1,1,1,1,1,4),
(0.,0.0643656693529942,0.128718258632669,0.193026228021821,0.257143223382037,0.277314350971175,
0.321190195014915,0.38482782356452,0.448166842179569,0.511016036619017,0.57365565314997,
0.63570544301876,0.697364038051674,0.71920157479861,0.75843702996134,0.81930303568048,
0.879757514597232,0.939990444586957,0.941469540939583,1.),
.UNSPECIFIED.);
#1275=CIRCLE('',#2193,97.2434577585181);
#1276=VERTEX_POINT('',#2197);
#1277=CIRCLE('',#2198,20.);
#1278=LINE('',#2202,#2203);
#1279=VERTEX_POINT('',#2205);
#1280=LINE('',#2206,#2207);
#1281=B_SPLINE_CURVE_WITH_KNOTS('',3,
(#2209,#2210,#2211,#2212,#2213,#2214,#2215,#2216,#2217,#2218,#2219,#2220,#2221,#2222,
#2223,#2224,#2225,#2226,#2227,#2228,#2229,#2230,#2231,#2232,#2233,#2234,#2235,#2236,
#2237,#2238,#2239,#2240,#2241,#2242,#2243,#2244,#2245,#2246),
.UNSPECIFIED.,.F.,.F.,
(4,1,1,1,1,1,1,1,1,1,1,1,1,1,1,1,1,1,1,1,1,1,1,1,1,1,1,1,1,1,1,1,1,1,1,4),
(0.,0.0333732324669863,0.0665494705376355,0.0995263218973144,0.13209403835094,0.135959505488896,
0.164457987725553,0.196198042619778,0.227519408810511,0.258205692871884,0.288674422734784,
0.31859622979478,0.34819763306384,0.377355769567608,0.40100535001432,0.406393692628609,
0.435289444912731,0.464160995343232,0.493108514868401,0.522154248894187,0.551621708810323,
0.581416642306938,0.622001633653377,0.652357291460804,0.6631314440123,0.704812777064815,
0.736701440179296,0.768707194210468,0.801064063415584,0.833661573955032,0.866625014155948,
0.887369206572512,0.899711521592191,0.933032621867688,0.966463496775713,1.),
.UNSPECIFIED.);
#1282=VERTEX_POINT('',#2247);
#1283=CIRCLE('',#2248,20.);
#1284=LINE('',#2252,#2253);
#1285=VERTEX_POINT('',#2255);
#1286=CIRCLE('',#2256,1.5);
#1287=VERTEX_POINT('',#2260);
#1288=CIRCLE('',#2261,1.5);
#1289=VERTEX_POINT('',#2265);
#1290=CIRCLE('',#2266,1.5);
#1291=VERTEX_POINT('',#2270);
#1292=CIRCLE('',#2271,1.5);
#1293=VERTEX_POINT('',#2275);
#1294=CIRCLE('',#2276,18.6);
#1295=LINE('',#2280,#2281);
#1296=CIRCLE('',#2283,97.9506888734613);
#1297=LINE('',#2287,#2288);
#1298=LINE('',#2290,#2291);
#1299=VERTEX_POINT('',#2293);
#1300=CIRCLE('',#2294,12.5);
#1301=VERTEX_POINT('',#2298);
#1302=CIRCLE('',#2299,18.6);
#1303=VERTEX_POINT('',#2303);
#1304=CIRCLE('',#2304,17.);
#1305=VERTEX_POINT('',#2308);
#1306=CIRCLE('',#2309,17.);
#1307=CARTESIAN_POINT('',(2.02679045258887E-14,80.,57.));
#1308=CARTESIAN_POINT('',(-5.84435064479752E-14,90.,57.));
#1309=CARTESIAN_POINT('',(3.49024337756996E-15,90.,57.));
#1310=VECTOR('',#1311,1.);
#1311=DIRECTION('',(0.,-1.,0.));
#1312=CARTESIAN_POINT('',(4.54427554084023E-14,-90.,57.));
#1313=AXIS2_PLACEMENT_3D('',#1314,#1315,#1316);
#1314=CARTESIAN_POINT('',(1.04707301327099E-14,-3.49024337756996E-15,57.));
#1315=DIRECTION('',(1.83697019872103E-16,-6.12323399573677E-17,1.));
#1316=DIRECTION('',(-1.65389215948551E-15,1.,6.1232339957368E-17));
#1317=CARTESIAN_POINT('',(1.04707301327099E-14,-80.,57.));
#1318=CARTESIAN_POINT('',(3.49024337756996E-15,-80.,57.));
#1319=VECTOR('',#1320,1.);
#1320=DIRECTION('',(0.,-1.,0.));
#1321=AXIS2_PLACEMENT_3D('',#1322,#1323,#1324);
#1322=CARTESIAN_POINT('',(1.04707301327099E-14,-3.49024337756996E-15,57.));
#1323=DIRECTION('',(1.83697019872103E-16,-6.12323399573677E-17,1.));
#1324=DIRECTION('',(1.22464679914735E-16,1.,6.12323399573676E-17));
#1325=CARTESIAN_POINT('',(-14.7600951016735,-85.5586590058857,57.));
#1326=AXIS2_PLACEMENT_3D('',#1327,#1328,#1329);
#1327=CARTESIAN_POINT('',(-14.7600951016735,-83.7086590058857,57.));
#1328=DIRECTION('',(1.83697019872103E-16,-6.12323399573677E-17,1.));
#1329=DIRECTION('',(6.12323399573677E-17,-1.,-6.12323399573677E-17));
#1330=CARTESIAN_POINT('',(-7.40823813355433,-86.5265493379126,57.));
#1331=AXIS2_PLACEMENT_3D('',#1332,#1333,#1334);
#1332=CARTESIAN_POINT('',(-7.40823813355433,-84.6765493379126,57.));
#1333=DIRECTION('',(1.83697019872103E-16,-6.12323399573677E-17,1.));
#1334=DIRECTION('',(6.12323399573677E-17,-1.,-6.12323399573677E-17));
#1335=CARTESIAN_POINT('',(-83.7086590061914,-16.6100951017218,57.));
#1336=AXIS2_PLACEMENT_3D('',#1337,#1338,#1339);
#1337=CARTESIAN_POINT('',(-83.7086590061914,-14.7600951017218,57.));
#1338=DIRECTION('',(1.83697019872103E-16,-6.12323399573677E-17,1.));
#1339=DIRECTION('',(6.12323399573677E-17,-1.,-6.12323399573677E-17));
#1340=CARTESIAN_POINT('',(-14.7600951016735,81.8586590058857,57.));
#1341=AXIS2_PLACEMENT_3D('',#1342,#1343,#1344);
#1342=CARTESIAN_POINT('',(-14.7600951016735,83.7086590058857,57.));
#1343=DIRECTION('',(1.83697019872103E-16,-6.12323399573677E-17,1.));
#1344=DIRECTION('',(6.12323399573677E-17,-1.,-6.12323399573677E-17));
#1345=CARTESIAN_POINT('',(-7.40823813355434,82.8265493379126,57.));
#1346=AXIS2_PLACEMENT_3D('',#1347,#1348,#1349);
#1347=CARTESIAN_POINT('',(-7.40823813355434,84.6765493379126,57.));
#1348=DIRECTION('',(1.83697019872103E-16,-6.12323399573677E-17,1.));
#1349=DIRECTION('',(6.12323399573677E-17,-1.,-6.12323399573677E-17));
#1350=CARTESIAN_POINT('',(-83.7086590061914,12.9100951017219,57.));
#1351=AXIS2_PLACEMENT_3D('',#1352,#1353,#1354);
#1352=CARTESIAN_POINT('',(-83.7086590061914,14.7600951017219,57.));
#1353=DIRECTION('',(1.83697019872103E-16,-6.12323399573677E-17,1.));
#1354=DIRECTION('',(6.12323399573677E-17,-1.,-6.12323399573677E-17));
#1355=CARTESIAN_POINT('',(-4.32708535698732E-15,-80.,7.));
#1356=CARTESIAN_POINT('',(5.51091059616308E-16,-80.,3.));
#1357=CARTESIAN_POINT('',(-8.93992163377568E-15,-80.,6.99999999999999));
#1358=VECTOR('',#1359,1.);
#1359=DIRECTION('',(-1.22464679914735E-16,0.,-1.));
#1360=CARTESIAN_POINT('',(1.03482654527951E-14,80.,3.00000000000001));
#1361=AXIS2_PLACEMENT_3D('',#1362,#1363,#1364);
#1362=CARTESIAN_POINT('',(5.51091059616309E-16,-1.83697019872103E-16,3.));
#1363=DIRECTION('',(1.83697019872103E-16,-6.12323399573677E-17,1.));
#1364=DIRECTION('',(1.22464679914735E-16,1.,6.12323399573676E-17));
#1365=CARTESIAN_POINT('',(7.5621939847349E-15,80.,7.00000000000002));
#1366=CARTESIAN_POINT('',(5.75583995599256E-15,80.,7.00000000000001));
#1367=VECTOR('',#1368,1.);
#1368=DIRECTION('',(-1.22464679914735E-16,0.,-1.));
#1369=AXIS2_PLACEMENT_3D('',#1370,#1371,#1372);
#1370=CARTESIAN_POINT('',(-8.5725275940315E-16,-4.28626379701575E-16,7.00000000000002));
#1371=DIRECTION('',(-1.22464679914735E-16,-6.12323399573677E-17,1.));
#1372=DIRECTION('',(6.12323399573676E-17,1.,6.12323399573677E-17));
#1373=CARTESIAN_POINT('',(2.38909289273165E-15,-80.,53.));
#1374=CARTESIAN_POINT('',(-2.81668763803891E-15,-80.,57.));
#1375=VECTOR('',#1376,1.);
#1376=DIRECTION('',(-1.22464679914735E-16,0.,-1.));
#1377=CARTESIAN_POINT('',(8.97053780375436E-15,80.,53.));
#1378=AXIS2_PLACEMENT_3D('',#1379,#1380,#1381);
#1379=CARTESIAN_POINT('',(-6.49062803548097E-15,-3.24531401774049E-15,53.));
#1380=DIRECTION('',(-1.22464679914735E-16,-6.12323399573677E-17,1.));
#1381=DIRECTION('',(6.12323399573676E-17,1.,6.12323399573677E-17));
#1382=CARTESIAN_POINT('',(1.18790739517293E-14,80.,57.));
#1383=VECTOR('',#1384,1.);
#1384=DIRECTION('',(-1.22464679914736E-16,0.,-1.));
#1385=CARTESIAN_POINT('',(4.05191199461219E-14,-90.,3.));
#1386=CARTESIAN_POINT('',(1.83697019872103E-16,-90.,3.));
#1387=VECTOR('',#1388,1.);
#1388=DIRECTION('',(0.,1.,4.44089209850063E-17));
#1389=CARTESIAN_POINT('',(3.15569266951953E-14,90.,3.00000000000001));
#1390=AXIS2_PLACEMENT_3D('',#1391,#1392,#1393);
#1391=CARTESIAN_POINT('',(5.51091059616309E-16,-1.83697019872103E-16,3.));
#1392=DIRECTION('',(1.83697019872103E-16,-6.12323399573677E-17,1.));
#1393=DIRECTION('',(5.66553889764798E-16,1.,6.12323399573676E-17));
#1394=CARTESIAN_POINT('',(1.83697019872103E-16,80.,3.00000000000001));
#1395=VECTOR('',#1396,1.);
#1396=DIRECTION('',(4.93038065763132E-33,1.,4.44089209850063E-17));
#1397=CARTESIAN_POINT('',(-14.7600951016735,-85.5586590058857,3.));
#1398=AXIS2_PLACEMENT_3D('',#1399,#1400,#1401);
#1399=CARTESIAN_POINT('',(-14.7600951016735,-83.7086590058857,3.));
#1400=DIRECTION('',(1.83697019872103E-16,-6.12323399573677E-17,1.));
#1401=DIRECTION('',(6.12323399573677E-17,-1.,-6.12323399573677E-17));
#1402=CARTESIAN_POINT('',(-7.40823813355434,-86.5265493379126,3.));
#1403=AXIS2_PLACEMENT_3D('',#1404,#1405,#1406);
#1404=CARTESIAN_POINT('',(-7.40823813355434,-84.6765493379126,3.));
#1405=DIRECTION('',(1.83697019872103E-16,-6.12323399573677E-17,1.));
#1406=DIRECTION('',(6.12323399573677E-17,-1.,-6.12323399573677E-17));
#1407=CARTESIAN_POINT('',(-83.7086590061914,-16.6100951017218,3.00000000000002));
#1408=AXIS2_PLACEMENT_3D('',#1409,#1410,#1411);
#1409=CARTESIAN_POINT('',(-83.7086590061914,-14.7600951017218,3.00000000000002));
#1410=DIRECTION('',(1.83697019872103E-16,-6.12323399573677E-17,1.));
#1411=DIRECTION('',(6.12323399573677E-17,-1.,-6.12323399573677E-17));
#1412=CARTESIAN_POINT('',(-14.7600951016735,81.8586590058857,3.00000000000001));
#1413=AXIS2_PLACEMENT_3D('',#1414,#1415,#1416);
#1414=CARTESIAN_POINT('',(-14.7600951016735,83.7086590058857,3.00000000000001));
#1415=DIRECTION('',(1.83697019872103E-16,-6.12323399573677E-17,1.));
#1416=DIRECTION('',(6.12323399573677E-17,-1.,-6.12323399573677E-17));
#1417=CARTESIAN_POINT('',(-7.40823813355435,82.8265493379126,3.00000000000001));
#1418=AXIS2_PLACEMENT_3D('',#1419,#1420,#1421);
#1419=CARTESIAN_POINT('',(-7.40823813355435,84.6765493379126,3.00000000000001));
#1420=DIRECTION('',(1.83697019872103E-16,-6.12323399573677E-17,1.));
#1421=DIRECTION('',(6.12323399573677E-17,-1.,-6.12323399573677E-17));
#1422=CARTESIAN_POINT('',(-83.7086590061914,12.9100951017219,3.00000000000002));
#1423=AXIS2_PLACEMENT_3D('',#1424,#1425,#1426);
#1424=CARTESIAN_POINT('',(-83.7086590061914,14.7600951017219,3.00000000000002));
#1425=DIRECTION('',(1.83697019872103E-16,-6.12323399573677E-17,1.));
#1426=DIRECTION('',(6.12323399573677E-17,-1.,-6.12323399573677E-17));
#1427=CARTESIAN_POINT('',(2.4980018054066E-14,-90.,60.));
#1428=CARTESIAN_POINT('',(7.34788079488412E-15,-90.,60.));
#1429=VECTOR('',#1430,1.);
#1430=DIRECTION('',(-1.22464679914735E-16,0.,-1.));
#1431=CARTESIAN_POINT('',(4.20276568279052E-14,90.,60.));
#1432=CARTESIAN_POINT('',(1.83697019872103E-15,90.,60.));
#1433=VECTOR('',#1434,1.);
#1434=DIRECTION('',(-1.22464679914735E-16,0.,-1.));
#1435=AXIS2_PLACEMENT_3D('',#1436,#1437,#1438);
#1436=CARTESIAN_POINT('',(1.10218211923262E-14,-3.67394039744206E-15,60.));
#1437=DIRECTION('',(1.83697019872103E-16,-6.12323399573677E-17,1.));
#1438=DIRECTION('',(1.22464679914735E-16,1.,6.12323399573676E-17));
#1439=CARTESIAN_POINT('',(1.44251679050528E-14,93.1920950145549,7.00000000000003));
#1440=CARTESIAN_POINT('',(4.28626379701575E-16,93.1920950145549,7.00000000000003));
#1441=VECTOR('',#1442,1.);
#1442=DIRECTION('',(-3.73737503572527E-33,-1.,0.));
#1443=CARTESIAN_POINT('',(-8.82167191728003E-6,-93.1920950145524,7.00000000000002));
#1444=AXIS2_PLACEMENT_3D('',#1445,#1446,#1447);
#1445=CARTESIAN_POINT('',(1.28587913910473E-15,-4.28626379701575E-16,7.00000000000002));
#1446=DIRECTION('',(-1.22464679914735E-16,-6.12323399573677E-17,1.));
#1447=DIRECTION('',(1.38691758931684E-16,1.,6.12323399573677E-17));
#1448=CARTESIAN_POINT('',(4.28626379701575E-16,-80.,7.00000000000002));
#1449=VECTOR('',#1450,1.);
#1450=DIRECTION('',(-5.97980005716043E-32,-1.,0.));
#1451=CARTESIAN_POINT('',(-14.7600951016735,-85.5586590058857,7.00000000000002));
#1452=AXIS2_PLACEMENT_3D('',#1453,#1454,#1455);
#1453=CARTESIAN_POINT('',(-14.7600951016735,-83.7086590058857,7.00000000000002));
#1454=DIRECTION('',(-1.22464679914735E-16,-6.12323399573677E-17,1.));
#1455=DIRECTION('',(6.12323399573677E-17,-1.,-6.12323399573677E-17));
#1456=CARTESIAN_POINT('',(-7.40823813355434,-86.5265493379126,7.00000000000002));
#1457=AXIS2_PLACEMENT_3D('',#1458,#1459,#1460);
#1458=CARTESIAN_POINT('',(-7.40823813355434,-84.6765493379126,7.00000000000002));
#1459=DIRECTION('',(-1.22464679914735E-16,-6.12323399573677E-17,1.));
#1460=DIRECTION('',(6.12323399573677E-17,-1.,-6.12323399573677E-17));
#1461=CARTESIAN_POINT('',(-83.7086590061914,-16.6100951017218,7.00000000000004));
#1462=AXIS2_PLACEMENT_3D('',#1463,#1464,#1465);
#1463=CARTESIAN_POINT('',(-83.7086590061914,-14.7600951017218,7.00000000000001));
#1464=DIRECTION('',(-1.22464679914735E-16,-6.12323399573677E-17,1.));
#1465=DIRECTION('',(6.12323399573677E-17,-1.,-6.12323399573677E-17));
#1466=CARTESIAN_POINT('',(-14.7600951016735,81.8586590058857,7.00000000000003));
#1467=AXIS2_PLACEMENT_3D('',#1468,#1469,#1470);
#1468=CARTESIAN_POINT('',(-14.7600951016735,83.7086590058857,7.00000000000003));
#1469=DIRECTION('',(-1.22464679914735E-16,-6.12323399573677E-17,1.));
#1470=DIRECTION('',(6.12323399573677E-17,-1.,-6.12323399573677E-17));
#1471=CARTESIAN_POINT('',(-7.40823813355435,82.8265493379126,7.00000000000003));
#1472=AXIS2_PLACEMENT_3D('',#1473,#1474,#1475);
#1473=CARTESIAN_POINT('',(-7.40823813355435,84.6765493379126,7.00000000000003));
#1474=DIRECTION('',(-1.22464679914735E-16,-6.12323399573677E-17,1.));
#1475=DIRECTION('',(6.12323399573677E-17,-1.,-6.12323399573677E-17));
#1476=CARTESIAN_POINT('',(-83.7086590061914,12.9100951017219,7.00000000000004));
#1477=AXIS2_PLACEMENT_3D('',#1478,#1479,#1480);
#1478=CARTESIAN_POINT('',(-83.7086590061914,14.7600951017219,7.00000000000002));
#1479=DIRECTION('',(-1.22464679914735E-16,-6.12323399573677E-17,1.));
#1480=DIRECTION('',(6.12323399573677E-17,-1.,-6.12323399573677E-17));
#1481=CARTESIAN_POINT('',(-8.82167191162542E-6,-93.1920950145524,53.));
#1482=CARTESIAN_POINT('',(3.24531401774049E-15,-93.1920950145549,53.));
#1483=VECTOR('',#1484,1.);
#1484=DIRECTION('',(8.96970008574066E-32,1.,0.));
#1485=CARTESIAN_POINT('',(1.93862254028727E-14,93.1920950145549,53.));
#1486=AXIS2_PLACEMENT_3D('',#1487,#1488,#1489);
#1487=CARTESIAN_POINT('',(9.73594205322146E-15,-3.24531401774049E-15,53.));
#1488=DIRECTION('',(-1.22464679914735E-16,-6.12323399573677E-17,1.));
#1489=DIRECTION('',(4.80181571331951E-17,1.,6.12323399573677E-17));
#1490=CARTESIAN_POINT('',(3.24531401774049E-15,80.,53.));
#1491=VECTOR('',#1492,1.);
#1492=DIRECTION('',(0.,1.,0.));
#1493=CARTESIAN_POINT('',(-14.7600951016735,-85.5586590058857,53.));
#1494=AXIS2_PLACEMENT_3D('',#1495,#1496,#1497);
#1495=CARTESIAN_POINT('',(-14.7600951016735,-83.7086590058857,53.));
#1496=DIRECTION('',(-1.22464679914735E-16,-6.12323399573677E-17,1.));
#1497=DIRECTION('',(6.12323399573677E-17,-1.,-6.12323399573677E-17));
#1498=CARTESIAN_POINT('',(-7.40823813355433,-86.5265493379126,53.));
#1499=AXIS2_PLACEMENT_3D('',#1500,#1501,#1502);
#1500=CARTESIAN_POINT('',(-7.40823813355433,-84.6765493379126,53.));
#1501=DIRECTION('',(-1.22464679914735E-16,-6.12323399573677E-17,1.));
#1502=DIRECTION('',(6.12323399573677E-17,-1.,-6.12323399573677E-17));
#1503=CARTESIAN_POINT('',(-83.7086590061914,-16.6100951017218,53.));
#1504=AXIS2_PLACEMENT_3D('',#1505,#1506,#1507);
#1505=CARTESIAN_POINT('',(-83.7086590061914,-14.7600951017218,53.));
#1506=DIRECTION('',(-1.22464679914735E-16,-6.12323399573677E-17,1.));
#1507=DIRECTION('',(6.12323399573677E-17,-1.,-6.12323399573677E-17));
#1508=CARTESIAN_POINT('',(-14.7600951016735,81.8586590058857,53.));
#1509=AXIS2_PLACEMENT_3D('',#1510,#1511,#1512);
#1510=CARTESIAN_POINT('',(-14.7600951016735,83.7086590058857,53.));
#1511=DIRECTION('',(-1.22464679914735E-16,-6.12323399573677E-17,1.));
#1512=DIRECTION('',(6.12323399573677E-17,-1.,-6.12323399573677E-17));
#1513=CARTESIAN_POINT('',(-7.40823813355434,82.8265493379126,53.));
#1514=AXIS2_PLACEMENT_3D('',#1515,#1516,#1517);
#1515=CARTESIAN_POINT('',(-7.40823813355434,84.6765493379126,53.));
#1516=DIRECTION('',(-1.22464679914735E-16,-6.12323399573677E-17,1.));
#1517=DIRECTION('',(6.12323399573677E-17,-1.,-6.12323399573677E-17));
#1518=CARTESIAN_POINT('',(-83.7086590061914,12.9100951017219,53.));
#1519=AXIS2_PLACEMENT_3D('',#1520,#1521,#1522);
#1520=CARTESIAN_POINT('',(-83.7086590061914,14.7600951017219,53.));
#1521=DIRECTION('',(-1.22464679914735E-16,-6.12323399573677E-17,1.));
#1522=DIRECTION('',(6.12323399573677E-17,-1.,-6.12323399573677E-17));
#1523=CARTESIAN_POINT('',(-4.09978428572053E-14,-90.,5.0395033314084E-13));
#1524=CARTESIAN_POINT('',(3.67394039744205E-16,-90.,3.));
#1525=VECTOR('',#1526,1.);
#1526=DIRECTION('',(-1.22464679914735E-16,0.,-1.));
#1527=CARTESIAN_POINT('',(3.10058356355791E-14,90.,5.44988380525008E-13));
#1528=AXIS2_PLACEMENT_3D('',#1529,#1530,#1531);
#1529=CARTESIAN_POINT('',(1.03114420610212E-28,-3.43714735367374E-29,5.61328761250479E-13));
#1530=DIRECTION('',(1.83697019872103E-16,-6.12323399573677E-17,1.));
#1531=DIRECTION('',(1.22464679914735E-16,1.,6.12323399573676E-17));
#1532=CARTESIAN_POINT('',(-5.14351655641888E-15,90.,3.00000000000001));
#1533=VECTOR('',#1534,1.);
#1534=DIRECTION('',(-1.22464679914735E-16,0.,-1.));
#1535=CARTESIAN_POINT('',(2.24110364243965E-14,92.9999999999996,59.9999999999998));
#1536=CARTESIAN_POINT('',(3.20393634900981E-14,92.999999999999,5.37530712467493E-13));
#1537=AXIS2_PLACEMENT_3D('',#1538,#1539,#1540);
#1538=CARTESIAN_POINT('',(1.83697019872103E-15,41.0384757729325,30.));
#1539=DIRECTION('',(1.,0.,-6.12323399573677E-17));
#1540=DIRECTION('',(-3.06161699786833E-17,0.866025403784443,-0.499999999999992));
#1541=CARTESIAN_POINT('',(-70.199715099136,61.,5.57277048835617E-13));
#1542=AXIS2_PLACEMENT_3D('',#1543,#1544,#1545);
#1543=CARTESIAN_POINT('',(1.03114420610212E-28,-3.43714735367374E-29,5.61328761250479E-13));
#1544=DIRECTION('',(1.83697019872103E-16,-6.12323399573677E-17,1.));
#1545=DIRECTION('',(1.22464679914735E-16,1.,6.12323399573676E-17));
#1546=CARTESIAN_POINT('',(-70.1997150993064,61.0000000000001,60.));
#1547=CARTESIAN_POINT('',(-70.1997150991361,61.,5.46935867029695E-13));
#1548=CARTESIAN_POINT('',(-70.420119883844,61.,0.288157750398605));
#1549=CARTESIAN_POINT('',(-70.8539793179901,61.,0.867604097522263));
#1550=CARTESIAN_POINT('',(-71.4479566403733,61.,1.69591510041003));
#1551=CARTESIAN_POINT('',(-71.856775002595,61.,2.28926731599298));
#1552=CARTESIAN_POINT('',(-72.2569461657404,61.,2.88313401112985));
#1553=CARTESIAN_POINT('',(-72.6829764344464,60.9999999999999,3.53223458826001));
#1554=CARTESIAN_POINT('',(-73.2489499450803,60.9999999999999,4.43466874619415));
#1555=CARTESIAN_POINT('',(-73.7934913174811,60.9999999999998,5.3441809959221));
#1556=CARTESIAN_POINT('',(-74.1603139388071,60.9999999999997,5.98663750856536));
#1557=CARTESIAN_POINT('',(-74.5007750919427,60.9999999999997,6.59905713684654));
#1558=CARTESIAN_POINT('',(-74.8332451993172,60.9999999999996,7.21189411479212));
#1559=CARTESIAN_POINT('',(-75.3146473849157,60.9999999999995,8.14238385803435));
#1560=CARTESIAN_POINT('',(-75.7943629236677,60.9999999999994,9.12150361213279));
#1561=CARTESIAN_POINT('',(-76.1344552042176,60.9999999999993,9.85657609435351));
#1562=CARTESIAN_POINT('',(-76.5612128835359,60.9999999999991,10.810740477253));
#1563=CARTESIAN_POINT('',(-77.0727088113439,60.9999999999989,12.0211312551405));
#1564=CARTESIAN_POINT('',(-77.5861177511766,60.9999999999987,13.3767812534866));
#1565=CARTESIAN_POINT('',(-78.000521127993,60.9999999999984,14.5605653576332));
#1566=CARTESIAN_POINT('',(-78.3337320804391,60.9999999999982,15.5745875135046));
#1567=CARTESIAN_POINT('',(-78.6967999077336,60.9999999999979,16.7870164040866));
#1568=CARTESIAN_POINT('',(-79.0084474389415,60.9999999999976,17.9350383650077));
#1569=CARTESIAN_POINT('',(-79.1921156802987,60.9999999999975,18.6796062190244));
#1570=CARTESIAN_POINT('',(-79.359147609322,60.9999999999973,19.3912773948801));
#1571=CARTESIAN_POINT('',(-79.5477602013684,60.999999999997,20.2398414396586));
#1572=CARTESIAN_POINT('',(-79.8038770471418,60.9999999999967,21.5559504800012));
#1573=CARTESIAN_POINT('',(-79.9840925106489,60.9999999999963,22.6597610302497));
#1574=CARTESIAN_POINT('',(-80.1220129219381,60.999999999996,23.6233515960109));
#1575=CARTESIAN_POINT('',(-80.2295990553984,60.9999999999958,24.4661009592644));
#1576=CARTESIAN_POINT('',(-80.3344660146556,60.9999999999954,25.4621617232451));
#1577=CARTESIAN_POINT('',(-80.3955093574132,60.9999999999952,26.1846756268325));
#1578=CARTESIAN_POINT('',(-80.4481870984898,60.999999999995,26.9055134334367));
#1579=CARTESIAN_POINT('',(-80.4950925888879,60.9999999999947,27.6921136709736));
#1580=CARTESIAN_POINT('',(-80.5351149340352,60.9999999999943,28.7747278418591));
#1581=CARTESIAN_POINT('',(-80.5461150012747,60.999999999994,29.5441556321035));
#1582=CARTESIAN_POINT('',(-80.5471683725244,60.9999999999937,30.2599117590503));
#1583=CARTESIAN_POINT('',(-80.543672355808,60.9999999999936,30.6232079265258));
#1584=CARTESIAN_POINT('',(-80.5303532524214,60.9999999999933,31.3046392549881));
#1585=CARTESIAN_POINT('',(-80.507180210565,60.999999999993,32.0448888595637));
#1586=CARTESIAN_POINT('',(-80.4477443539228,60.9999999999926,33.1402081733037));
#1587=CARTESIAN_POINT('',(-80.3631893059063,60.9999999999921,34.2342429642541));
#1588=CARTESIAN_POINT('',(-80.2871112139183,60.9999999999918,34.9922479714744));
#1589=CARTESIAN_POINT('',(-80.205295624478,60.9999999999915,35.7169892281718));
#1590=CARTESIAN_POINT('',(-80.1156477695213,60.9999999999911,36.4374836075135));
#1591=CARTESIAN_POINT('',(-79.9704109152639,60.9999999999907,37.428497269079));
#1592=CARTESIAN_POINT('',(-79.8512480710896,60.9999999999904,38.138189537752));
#1593=CARTESIAN_POINT('',(-79.7257077338488,60.99999999999,38.8380727837635));
#1594=CARTESIAN_POINT('',(-79.583440976142,60.9999999999897,39.5774102422175));
#1595=CARTESIAN_POINT('',(-79.3632382527079,60.9999999999892,40.6009976392847));
#1596=CARTESIAN_POINT('',(-79.1164705454649,60.9999999999886,41.6390072442042));
#1597=CARTESIAN_POINT('',(-78.9273731255496,60.9999999999883,42.3624864642205));
#1598=CARTESIAN_POINT('',(-78.7213926299552,60.9999999999879,43.1123920501347));
#1599=CARTESIAN_POINT('',(-78.4506068579365,60.9999999999874,44.0522013087768));
#1600=CARTESIAN_POINT('',(-77.9454224704701,60.9999999999865,45.6307216711355));
#1601=CARTESIAN_POINT('',(-77.3909506289299,60.9999999999857,47.1545962871029));
#1602=CARTESIAN_POINT('',(-76.8807920107408,60.9999999999849,48.4289292826327));
#1603=CARTESIAN_POINT('',(-76.4327057336899,60.9999999999843,49.4860211963135));
#1604=CARTESIAN_POINT('',(-75.9322306594472,60.9999999999836,50.5909138964099));
#1605=CARTESIAN_POINT('',(-75.40167047151,60.9999999999829,51.6838734097481));
#1606=CARTESIAN_POINT('',(-75.0353501241554,60.9999999999825,52.398372598233));
#1607=CARTESIAN_POINT('',(-74.6660811386062,60.999999999982,53.0981025726252));
#1608=CARTESIAN_POINT('',(-74.3065543975833,60.9999999999816,53.757240137107));
#1609=CARTESIAN_POINT('',(-73.8276456093094,60.999999999981,54.5948644747979));
#1610=CARTESIAN_POINT('',(-73.3924002177876,60.9999999999805,55.3272848446248));
#1611=CARTESIAN_POINT('',(-73.0534035045141,60.9999999999801,55.8768662977464));
#1612=CARTESIAN_POINT('',(-72.7566382822479,60.9999999999798,56.346878148074));
#1613=CARTESIAN_POINT('',(-72.4611742601058,60.9999999999795,56.8066184283084));
#1614=CARTESIAN_POINT('',(-72.0558467220757,60.999999999979,57.4189844902359));
#1615=CARTESIAN_POINT('',(-71.6016771378866,60.9999999999785,58.082513842093));
#1616=CARTESIAN_POINT('',(-71.1846196557547,60.9999999999781,58.6722516314129));
#1617=CARTESIAN_POINT('',(-70.8738173706271,60.9999999999778,59.0998838211604));
#1618=CARTESIAN_POINT('',(-70.5616245478662,60.9999999999775,59.5227297554491));
#1619=CARTESIAN_POINT('',(-70.3589046904667,60.9999999999772,59.791873659571));
#1620=CARTESIAN_POINT('',(-70.1997150993068,60.9999999999771,59.9999999999983));
#1621=AXIS2_PLACEMENT_3D('',#1622,#1623,#1624);
#1622=CARTESIAN_POINT('',(1.10218211923262E-14,-3.67394039744206E-15,60.));
#1623=DIRECTION('',(1.83697019872103E-16,-6.12323399573677E-17,1.));
#1624=DIRECTION('',(1.22464679914735E-16,1.,6.12323399573676E-17));
#1625=CARTESIAN_POINT('',(-2.6876826425591E-14,-92.999999999999,5.24730677493857E-13));
#1626=CARTESIAN_POINT('',(-1.5855005233265E-14,-92.9999999999996,59.9999999999997));
#1627=AXIS2_PLACEMENT_3D('',#1628,#1629,#1630);
#1628=CARTESIAN_POINT('',(1.83697019872103E-15,-41.0384757729325,30.));
#1629=DIRECTION('',(-1.,0.,6.12323399573677E-17));
#1630=DIRECTION('',(-3.06161699786833E-17,-0.866025403784443,-0.499999999999992));
#1631=CARTESIAN_POINT('',(-70.1997150993064,-61.0000000000001,60.));
#1632=AXIS2_PLACEMENT_3D('',#1633,#1634,#1635);
#1633=CARTESIAN_POINT('',(1.10218211923262E-14,-3.67394039744206E-15,60.));
#1634=DIRECTION('',(1.83697019872103E-16,-6.12323399573677E-17,1.));
#1635=DIRECTION('',(-0.754835646227274,-0.65591397849463,9.84979109912105E-17));
#1636=CARTESIAN_POINT('',(-75.1617717515251,-61.,52.15));
#1637=CARTESIAN_POINT('',(-75.1617717515251,-61.,52.15));
#1638=CARTESIAN_POINT('',(-75.0696400478711,-61.,52.3300907358673));
#1639=CARTESIAN_POINT('',(-74.8833799789108,-61.,52.6888300590875));
#1640=CARTESIAN_POINT('',(-74.5980366141217,-61.,53.2226531687981));
#1641=CARTESIAN_POINT('',(-74.3073207979326,-61.,53.7512597887259));
#1642=CARTESIAN_POINT('',(-74.0705195572323,-61.,54.1700088784139));
#1643=CARTESIAN_POINT('',(-73.8708679394554,-60.9999999999999,54.5163803526899));
#1644=CARTESIAN_POINT('',(-73.6702881364273,-60.9999999999999,54.8596901977995));
#1645=CARTESIAN_POINT('',(-73.4066391983918,-60.9999999999998,55.3014412212014));
#1646=CARTESIAN_POINT('',(-73.0989796544437,-60.9999999999998,55.8036823132016));
#1647=CARTESIAN_POINT('',(-72.7877994043317,-60.9999999999997,56.2989098205758));
#1648=CARTESIAN_POINT('',(-72.4738093468878,-60.9999999999996,56.7863184323806));
#1649=CARTESIAN_POINT('',(-72.1569266814413,-60.9999999999995,57.2663727302859));
#1650=CARTESIAN_POINT('',(-71.8673837764695,-60.9999999999994,57.6946813019705));
#1651=CARTESIAN_POINT('',(-71.6528489656816,-60.9999999999993,58.0057186548402));
#1652=CARTESIAN_POINT('',(-71.4382973452559,-60.9999999999992,58.3132221940967));
#1653=CARTESIAN_POINT('',(-71.192645745543,-60.9999999999991,58.6602031689774));
#1654=CARTESIAN_POINT('',(-70.8653785816872,-60.9999999999989,59.1121820302623));
#1655=CARTESIAN_POINT('',(-70.6122587169868,-60.9999999999988,59.4541038692854));
#1656=CARTESIAN_POINT('',(-70.3903091992726,-60.9999999999987,59.749698257129));
#1657=CARTESIAN_POINT('',(-70.2787489066937,-60.9999999999986,59.8966700857619));
#1658=CARTESIAN_POINT('',(-70.1997150993065,-60.9999999999986,60.0000000000001));
#1659=CARTESIAN_POINT('',(-73.4934822472605,-63.,52.15));
#1660=AXIS2_PLACEMENT_3D('',#1661,#1662,#1663);
#1661=CARTESIAN_POINT('',(0.,0.,52.15));
#1662=DIRECTION('',(1.1842378929335E-16,0.,1.));
#1663=DIRECTION('',(-0.776462432514813,-0.63016354297371,9.19516235023362E-17));
#1664=CARTESIAN_POINT('',(-74.4831279342789,-63.,9.84999999999999));
#1665=CARTESIAN_POINT('',(-73.4934822472605,-62.9999999999999,52.1499999999999));
#1666=CARTESIAN_POINT('',(-73.5827374900948,-63.,51.9794041553449));
#1667=CARTESIAN_POINT('',(-73.7597624035146,-63.,51.6362106335358));
#1668=CARTESIAN_POINT('',(-73.9478885153972,-63.,51.2607889292941));
#1669=CARTESIAN_POINT('',(-74.1194965601445,-63.,50.9123465255762));
#1670=CARTESIAN_POINT('',(-74.2905818578559,-62.9999999999999,50.5597179586333));
#1671=CARTESIAN_POINT('',(-74.5280453158787,-62.9999999999997,50.056374109805));
#1672=CARTESIAN_POINT('',(-74.7763713282961,-62.9999999999994,49.5131057775759));
#1673=CARTESIAN_POINT('',(-75.0208388466496,-62.999999999999,48.9604778407276));
#1674=CARTESIAN_POINT('',(-75.2147018369626,-62.9999999999986,48.5070610084303));
#1675=CARTESIAN_POINT('',(-75.3731761196334,-62.9999999999982,48.1270280166796));
#1676=CARTESIAN_POINT('',(-75.5310437507108,-62.9999999999978,47.7415288119194));
#1677=CARTESIAN_POINT('',(-75.7435621020166,-62.9999999999971,47.2071618370712));
#1678=CARTESIAN_POINT('',(-76.0058188249711,-62.9999999999961,46.5197490727874));
#1679=CARTESIAN_POINT('',(-76.3306946293737,-62.9999999999946,45.6245718345888));
#1680=CARTESIAN_POINT('',(-76.5620831274918,-62.9999999999932,44.9404829244442));
#1681=CARTESIAN_POINT('',(-76.8389967348533,-62.9999999999913,44.0830745520721));
#1682=CARTESIAN_POINT('',(-77.1188347388836,-62.9999999999891,43.1704790518862));
#1683=CARTESIAN_POINT('',(-77.4609606233943,-62.9999999999857,41.925016704118));
#1684=CARTESIAN_POINT('',(-77.7395193091727,-62.9999999999821,40.7960357352196));
#1685=CARTESIAN_POINT('',(-77.8895236550206,-62.9999999999799,40.1262139386753));
#1686=CARTESIAN_POINT('',(-78.0239217929087,-62.9999999999776,39.4948764240739));
#1687=CARTESIAN_POINT('',(-78.1494152848844,-62.9999999999754,38.875182963765));
#1688=CARTESIAN_POINT('',(-78.3203043870979,-62.9999999999717,37.9352312301276));
#1689=CARTESIAN_POINT('',(-78.4747449610974,-62.9999999999677,36.9745597682486));
#1690=CARTESIAN_POINT('',(-78.5921351459439,-62.9999999999639,36.1328267920135));
#1691=CARTESIAN_POINT('',(-78.6726725115169,-62.9999999999609,35.4752519382743));
#1692=CARTESIAN_POINT('',(-78.7466575486609,-62.9999999999577,34.8129551321501));
#1693=CARTESIAN_POINT('',(-78.82403975432,-62.9999999999537,34.0111670954614));
#1694=CARTESIAN_POINT('',(-78.8873852100466,-62.9999999999493,33.167167784451));
#1695=CARTESIAN_POINT('',(-78.9265038685518,-62.9999999999457,32.4994832765293));
#1696=CARTESIAN_POINT('',(-78.9586016448842,-62.999999999942,31.828821154817));
#1697=CARTESIAN_POINT('',(-78.9850937126678,-62.9999999999373,31.0034382900955));
#1698=CARTESIAN_POINT('',(-78.9922856528877,-62.9999999999332,30.3288831851377));
#1699=CARTESIAN_POINT('',(-78.9921874026502,-62.999999999929,29.6485087149766));
#1700=CARTESIAN_POINT('',(-78.9848874505302,-62.999999999925,28.9990776425956));
#1701=CARTESIAN_POINT('',(-78.9629699105409,-62.9999999999205,28.3113917074827));
#1702=CARTESIAN_POINT('',(-78.9331431194718,-62.9999999999158,27.6166490185066));
#1703=CARTESIAN_POINT('',(-78.8918974467812,-62.9999999999108,26.8737803696601));
#1704=CARTESIAN_POINT('',(-78.8101984416816,-62.9999999999033,25.8265102277699));
#1705=CARTESIAN_POINT('',(-78.7053745515427,-62.9999999998957,24.7840135271285));
#1706=CARTESIAN_POINT('',(-78.5786875003926,-62.9999999998878,23.754385974746));
#1707=CARTESIAN_POINT('',(-78.4532034710291,-62.999999999881,22.8909935190761));
#1708=CARTESIAN_POINT('',(-78.344617004906,-62.9999999998755,22.2225043105312));
#1709=CARTESIAN_POINT('',(-78.2318759978824,-62.9999999998702,21.5724327575748));
#1710=CARTESIAN_POINT('',(-78.085369512735,-62.9999999998636,20.7972910391999));
#1711=CARTESIAN_POINT('',(-77.893155213746,-62.9999999998557,19.8819308209788));
#1712=CARTESIAN_POINT('',(-77.6900598509527,-62.9999999998478,18.9999814577325));
#1713=CARTESIAN_POINT('',(-77.4602627943907,-62.9999999998393,18.0808504757426));
#1714=CARTESIAN_POINT('',(-77.2296914854922,-62.9999999998313,17.2326655009752));
#1715=CARTESIAN_POINT('',(-77.036339987415,-62.9999999998249,16.5698204250146));
#1716=CARTESIAN_POINT('',(-76.8485731374326,-62.9999999998188,15.9503379696329));
#1717=CARTESIAN_POINT('',(-76.6580824740501,-62.9999999998127,15.3502258973556));
#1718=CARTESIAN_POINT('',(-76.4268606271124,-62.9999999998057,14.6611678311656));
#1719=CARTESIAN_POINT('',(-76.2278613597226,-62.9999999997998,14.0925432994003));
#1720=CARTESIAN_POINT('',(-76.0309251977237,-62.999999999794,13.5509698540702));
#1721=CARTESIAN_POINT('',(-75.8358358472756,-62.9999999997885,13.0332828152129));
#1722=CARTESIAN_POINT('',(-75.6403263351126,-62.999999999783,12.531710208635));
#1723=CARTESIAN_POINT('',(-75.4671586246473,-62.9999999997782,12.1013524242957));
#1724=CARTESIAN_POINT('',(-75.3375307986874,-62.9999999997747,11.7872051615085));
#1725=CARTESIAN_POINT('',(-75.2101576026702,-62.9999999997713,11.4829452491973));
#1726=CARTESIAN_POINT('',(-75.0622873221254,-62.9999999997674,11.1362752472064));
#1727=CARTESIAN_POINT('',(-74.8702064952014,-62.9999999997623,10.6980238046218));
#1728=CARTESIAN_POINT('',(-74.6779823351738,-62.9999999997574,10.2707030769977));
#1729=CARTESIAN_POINT('',(-74.5481732530958,-62.9999999997541,9.98929015049947));
#1730=CARTESIAN_POINT('',(-74.4831279342791,-62.9999999997524,9.85000000000023));
#1731=CARTESIAN_POINT('',(-76.1297336582373,-61.,9.84999999999999));
#1732=AXIS2_PLACEMENT_3D('',#1733,#1734,#1735);
#1733=CARTESIAN_POINT('',(0.,0.,9.85));
#1734=DIRECTION('',(-2.96059473233375E-17,0.,1.));
#1735=DIRECTION('',(-0.780387476929922,-0.625296238474973,-2.31041105337795E-17));
#1736=CARTESIAN_POINT('',(-70.199715099136,-61.,5.49928342733217E-13));
#1737=CARTESIAN_POINT('',(-70.1997150991361,-61.,5.39647980613495E-13));
#1738=CARTESIAN_POINT('',(-70.3487893970075,-61.,0.194902388668812));
#1739=CARTESIAN_POINT('',(-70.6438999438541,-61.,0.586330066610033));
#1740=CARTESIAN_POINT('',(-71.0775930560201,-61.,1.1785244969969));
#1741=CARTESIAN_POINT('',(-71.5019697022866,-61.,1.77527487950735));
#1742=CARTESIAN_POINT('',(-71.802533954583,-61.,2.21067534441606));
#1743=CARTESIAN_POINT('',(-72.0755232999636,-61.,2.61314862026018));
#1744=CARTESIAN_POINT('',(-72.3449071974916,-61.,3.0163530873722));
#1745=CARTESIAN_POINT('',(-72.717747108964,-61.,3.59018401090762));
#1746=CARTESIAN_POINT('',(-73.1032877180824,-61.,4.20217286354058));
#1747=CARTESIAN_POINT('',(-73.479323767839,-61.,4.81806838771702));
#1748=CARTESIAN_POINT('',(-73.8457139520936,-61.,5.43757805381247));
#1749=CARTESIAN_POINT('',(-74.2025345345276,-61.,6.06076923157356));
#1750=CARTESIAN_POINT('',(-74.4972778275008,-61.,6.59278516253944));
#1751=CARTESIAN_POINT('',(-74.7234335489113,-61.,7.01172020021823));
#1752=CARTESIAN_POINT('',(-74.9456060926125,-61.,7.43029414190257));
#1753=CARTESIAN_POINT('',(-75.2118928305577,-61.,7.94457840945079));
#1754=CARTESIAN_POINT('',(-75.5281117834569,-61.,8.57691460894358));
#1755=CARTESIAN_POINT('',(-75.7709855399653,-61.,9.08013916060928));
#1756=CARTESIAN_POINT('',(-75.9707976408541,-61.,9.50459927339229));
#1757=CARTESIAN_POINT('',(-76.0690508364907,-61.,9.71717907029604));
#1758=CARTESIAN_POINT('',(-76.1297336582377,-61.,9.8499999999997));
#1759=AXIS2_PLACEMENT_3D('',#1760,#1761,#1762);
#1760=CARTESIAN_POINT('',(1.03114420610212E-28,-3.43714735367374E-29,5.61328761250479E-13));
#1761=DIRECTION('',(1.83697019872103E-16,-6.12323399573677E-17,1.));
#1762=DIRECTION('',(-0.754835646227274,-0.65591397849463,9.84979109912105E-17));
#1763=CARTESIAN_POINT('',(3.67394039744206E-15,93.,60.));
#1764=VECTOR('',#1765,1.);
#1765=DIRECTION('',(0.,-1.,0.));
#1766=CARTESIAN_POINT('',(-115.,61.,60.0000000000001));
#1767=CARTESIAN_POINT('',(-70.1997150994768,61.,60.0000000000003));
#1768=VECTOR('',#1769,1.);
#1769=DIRECTION('',(-1.,0.,0.));
#1770=CARTESIAN_POINT('',(-115.,50.,60.0000000000002));
#1771=CARTESIAN_POINT('',(-115.,61.,60.));
#1772=VECTOR('',#1773,1.);
#1773=DIRECTION('',(0.,-1.,-6.45947941600092E-16));
#1774=CARTESIAN_POINT('',(-78.4155596818538,50.0000000000001,60.));
#1775=CARTESIAN_POINT('',(-78.415559683247,50.,60.0000000000003));
#1776=VECTOR('',#1777,1.);
#1777=DIRECTION('',(-1.,0.,0.));
#1778=CARTESIAN_POINT('',(-78.4155596818538,-50.0000000000001,60.));
#1779=AXIS2_PLACEMENT_3D('',#1780,#1781,#1782);
#1780=CARTESIAN_POINT('',(1.10218211923262E-14,-3.67394039744206E-15,60.));
#1781=DIRECTION('',(1.83697019872103E-16,-6.12323399573677E-17,1.));
#1782=DIRECTION('',(-0.843178061080227,0.537634408602155,1.87809909922281E-16));
#1783=CARTESIAN_POINT('',(-115.,-50.,60.0000000000001));
#1784=CARTESIAN_POINT('',(-78.415559683247,-50.,60.0000000000003));
#1785=VECTOR('',#1786,1.);
#1786=DIRECTION('',(-1.,0.,3.88439855637056E-16));
#1787=CARTESIAN_POINT('',(-115.,-61.,60.0000000000002));
#1788=CARTESIAN_POINT('',(-115.,-61.,60.));
#1789=VECTOR('',#1790,1.);
#1790=DIRECTION('',(0.,1.,0.));
#1791=CARTESIAN_POINT('',(-70.1997150994768,-61.,60.0000000000003));
#1792=VECTOR('',#1793,1.);
#1793=DIRECTION('',(-1.,0.,1.58602280618935E-16));
#1794=CARTESIAN_POINT('',(3.67394039744206E-15,-90.,60.));
#1795=VECTOR('',#1796,1.);
#1796=DIRECTION('',(0.,-1.,0.));
#1797=AXIS2_PLACEMENT_3D('',#1798,#1799,#1800);
#1798=CARTESIAN_POINT('',(1.83697019872103E-15,41.0384757729337,30.));
#1799=DIRECTION('',(-1.,0.,6.12323399573677E-17));
#1800=DIRECTION('',(2.4707786298587E-17,0.914975776168792,0.403508771929826));
#1801=AXIS2_PLACEMENT_3D('',#1802,#1803,#1804);
#1802=CARTESIAN_POINT('',(1.83697019872103E-15,-41.0384757729337,30.));
#1803=DIRECTION('',(1.,0.,-6.12323399573677E-17));
#1804=DIRECTION('',(2.4707786298587E-17,-0.914975776168792,0.403508771929825));
#1805=CARTESIAN_POINT('',(-79.6332879260133,-50.,51.));
#1806=CARTESIAN_POINT('',(-79.6332879260133,50.,51.));
#1807=AXIS2_PLACEMENT_3D('',#1808,#1809,#1810);
#1808=CARTESIAN_POINT('',(0.,0.,51.));
#1809=DIRECTION('',(2.10971928364278E-16,-6.23283101543947E-17,1.));
#1810=DIRECTION('',(-0.846900990414839,0.531750611127402,2.11815452096574E-16));
#1811=CARTESIAN_POINT('',(-80.5169630517273,49.9999999999983,11.));
#1812=CARTESIAN_POINT('',(-80.5169630517273,49.9999999999992,11.));
#1813=CARTESIAN_POINT('',(-80.5547090740432,49.9999999999996,11.0906970672106));
#1814=CARTESIAN_POINT('',(-80.6303151339239,50.0000000000001,11.2738747457943));
#1815=CARTESIAN_POINT('',(-80.7110124380409,50.0000000000001,11.4727110041228));
#1816=CARTESIAN_POINT('',(-80.7861627758387,49.9999999999998,11.6597406790642));
#1817=CARTESIAN_POINT('',(-80.8626321856251,49.9999999999992,11.8517344856614));
#1818=CARTESIAN_POINT('',(-80.9709634981183,49.9999999999974,12.1282859731679));
#1819=CARTESIAN_POINT('',(-81.0870792289476,49.9999999999946,12.4303263422612));
#1820=CARTESIAN_POINT('',(-81.204784568496,49.9999999999906,12.7425819764383));
#1821=CARTESIAN_POINT('',(-81.287898440542,49.9999999999869,12.967694166491));
#1822=CARTESIAN_POINT('',(-81.3685412592383,49.9999999999829,13.1887225603888));
#1823=CARTESIAN_POINT('',(-81.450634895976,49.9999999999784,13.41626830092));
#1824=CARTESIAN_POINT('',(-81.5723527601104,49.9999999999703,13.7610401204767));
#1825=CARTESIAN_POINT('',(-81.705357957841,49.9999999999598,14.1473066007965));
#1826=CARTESIAN_POINT('',(-81.8519445314331,49.9999999999461,14.5852366398418));
#1827=CARTESIAN_POINT('',(-82.0096762259444,49.9999999999284,15.0722308917978));
#1828=CARTESIAN_POINT('',(-82.1306016561474,49.9999999999123,15.4599489136167));
#1829=CARTESIAN_POINT('',(-82.2478973896708,49.999999999895,15.8454568114142));
#1830=CARTESIAN_POINT('',(-82.3760324511533,49.9999999998742,16.2766614565578));
#1831=CARTESIAN_POINT('',(-82.5570192502766,49.9999999998399,16.9142095270071));
#1832=CARTESIAN_POINT('',(-82.752143458252,49.9999999997954,17.64251886333));
#1833=CARTESIAN_POINT('',(-82.9472646560166,49.9999999997422,18.4195669039509));
#1834=CARTESIAN_POINT('',(-83.1376096338963,49.9999999996802,19.2342293490692));
#1835=CARTESIAN_POINT('',(-83.2851643831585,49.9999999996225,19.9193552125211));
#1836=CARTESIAN_POINT('',(-83.4045056978061,49.9999999995692,20.5099990153933));
#1837=CARTESIAN_POINT('',(-83.5226996572169,49.9999999995111,21.124755639243));
#1838=CARTESIAN_POINT('',(-83.6658856624347,49.9999999994289,21.9356612166581));
#1839=CARTESIAN_POINT('',(-83.8156338441505,49.9999999993234,22.8924092605493));
#1840=CARTESIAN_POINT('',(-83.947949850822,49.9999999992075,23.8638815174695));
#1841=CARTESIAN_POINT('',(-84.030090168248,49.9999999991166,24.5727387756886));
#1842=CARTESIAN_POINT('',(-84.0976534204573,49.9999999990298,25.2227133806643));
#1843=CARTESIAN_POINT('',(-84.1581103045878,49.999999998941,25.8664886729237));
#1844=CARTESIAN_POINT('',(-84.2267390898557,49.9999999988088,26.7719607513195));
#1845=CARTESIAN_POINT('',(-84.2692922831276,49.9999999986915,27.530147696127));
#1846=CARTESIAN_POINT('',(-84.2965085380988,49.9999999985891,28.1676838673942));
#1847=CARTESIAN_POINT('',(-84.3175122665208,49.9999999984839,28.8055480570396));
#1848=CARTESIAN_POINT('',(-84.3283749342316,49.9999999983742,29.4434210667852));
#1849=CARTESIAN_POINT('',(-84.3307062133933,49.9999999982599,30.0862990665469));
#1850=CARTESIAN_POINT('',(-84.3266344174835,49.9999999981414,30.7360672936455));
#1851=CARTESIAN_POINT('',(-84.3072250315538,49.9999999979781,31.597844597409));
#1852=CARTESIAN_POINT('',(-84.2774438636938,49.9999999978396,32.2961933907036));
#1853=CARTESIAN_POINT('',(-84.2416589651991,49.999999997705,32.9580913182647));
#1854=CARTESIAN_POINT('',(-84.1988933877148,49.9999999975666,33.6236382473159));
#1855=CARTESIAN_POINT('',(-84.1189640812035,49.9999999973593,34.5812431580598));
#1856=CARTESIAN_POINT('',(-84.014594207529,49.9999999971332,35.5835034030948));
#1857=CARTESIAN_POINT('',(-83.9011768032564,49.9999999969201,36.4912266526193));
#1858=CARTESIAN_POINT('',(-83.8057520541073,49.9999999967581,37.1588908538966));
#1859=CARTESIAN_POINT('',(-83.6982243554576,49.9999999965847,37.8597053967617));
#1860=CARTESIAN_POINT('',(-83.5535417656867,49.9999999963661,38.7207253466419));
#1861=CARTESIAN_POINT('',(-83.3776892175836,49.9999999961244,39.6343849057009));
#1862=CARTESIAN_POINT('',(-83.1749455795178,49.9999999958615,40.5992019471179));
#1863=CARTESIAN_POINT('',(-82.8868703550131,49.9999999955078,41.8593882220453));
#1864=CARTESIAN_POINT('',(-82.4926654638494,49.9999999950667,43.3455302328707));
#1865=CARTESIAN_POINT('',(-82.0946561743618,49.9999999946537,44.6657832185353));
#1866=CARTESIAN_POINT('',(-81.7416949919387,49.9999999943017,45.7568783650192));
#1867=CARTESIAN_POINT('',(-81.3639548966917,49.9999999939401,46.840560971205));
#1868=CARTESIAN_POINT('',(-80.9133300225765,49.999999993527,48.0314857720081));
#1869=CARTESIAN_POINT('',(-80.6106292618062,49.9999999932592,48.7775851388485));
#1870=CARTESIAN_POINT('',(-80.3064341003958,49.9999999929946,49.502037884829));
#1871=CARTESIAN_POINT('',(-80.0629075512294,49.9999999927861,50.0635908470145));
#1872=CARTESIAN_POINT('',(-79.7856183181354,49.999999992554,50.6730447761917));
#1873=CARTESIAN_POINT('',(-79.6629106580842,49.9999999924524,50.9366951722515));
#1874=CARTESIAN_POINT('',(-79.6332879246915,49.9999999924279,51.0000000028109));
#1875=CARTESIAN_POINT('',(-80.5169630517272,-49.9999999999985,11.));
#1876=AXIS2_PLACEMENT_3D('',#1877,#1878,#1879);
#1877=CARTESIAN_POINT('',(0.,0.,11.));
#1878=DIRECTION('',(1.75809940303565E-16,-6.23283101543947E-17,1.));
#1879=DIRECTION('',(-0.849526903498179,0.527545296854019,1.82236281073097E-16));
#1880=CARTESIAN_POINT('',(-80.5169630513645,-50.0000000000003,10.9999999991311));
#1881=CARTESIAN_POINT('',(-80.554709073781,-50.0000000000001,11.0906970665768));
#1882=CARTESIAN_POINT('',(-80.6303151338525,-50.,11.2738747456155));
#1883=CARTESIAN_POINT('',(-80.711012438084,-50.,11.4727110042288));
#1884=CARTESIAN_POINT('',(-80.7861627759735,-50.0000000000001,11.6597406794013));
#1885=CARTESIAN_POINT('',(-80.8626321857503,-50.0000000000003,11.8517344859778));
#1886=CARTESIAN_POINT('',(-80.970963498276,-50.0000000000008,12.1282859735758));
#1887=CARTESIAN_POINT('',(-81.0870792290525,-50.0000000000018,12.4303263425381));
#1888=CARTESIAN_POINT('',(-81.2047845685483,-50.0000000000031,12.7425819765803));
#1889=CARTESIAN_POINT('',(-81.2878984405584,-50.0000000000043,12.9676941665369));
#1890=CARTESIAN_POINT('',(-81.3685412592245,-50.0000000000056,13.1887225603517));
#1891=CARTESIAN_POINT('',(-81.4506348959404,-50.000000000007,13.4162683008221));
#1892=CARTESIAN_POINT('',(-81.5723527600467,-50.0000000000096,13.7610401202958));
#1893=CARTESIAN_POINT('',(-81.7053579577618,-50.0000000000131,14.1473066005649));
#1894=CARTESIAN_POINT('',(-81.8519445313522,-50.0000000000175,14.5852366395977));
#1895=CARTESIAN_POINT('',(-82.0096762258707,-50.0000000000233,15.0722308915675));
#1896=CARTESIAN_POINT('',(-82.130601656102,-50.0000000000285,15.4599489134712));
#1897=CARTESIAN_POINT('',(-82.2478973896367,-50.0000000000341,15.8454568113026));
#1898=CARTESIAN_POINT('',(-82.3760324511323,-50.0000000000409,16.2766614564886));
#1899=CARTESIAN_POINT('',(-82.5570192502539,-50.000000000052,16.9142095269265));
#1900=CARTESIAN_POINT('',(-82.7521434582426,-50.0000000000665,17.6425188632963));
#1901=CARTESIAN_POINT('',(-82.9472646560163,-50.0000000000837,18.4195669039528));
#1902=CARTESIAN_POINT('',(-83.1376096338993,-50.0000000001039,19.2342293490876));
#1903=CARTESIAN_POINT('',(-83.2851643831606,-50.0000000001226,19.919355212537));
#1904=CARTESIAN_POINT('',(-83.4045056978065,-50.0000000001399,20.5099990154017));
#1905=CARTESIAN_POINT('',(-83.5226996572151,-50.0000000001588,21.1247556392406));
#1906=CARTESIAN_POINT('',(-83.6658856624313,-50.0000000001855,21.9356612166467));
#1907=CARTESIAN_POINT('',(-83.8156338441453,-50.0000000002198,22.8924092605241));
#1908=CARTESIAN_POINT('',(-83.9479498508163,-50.0000000002574,23.863881517437));
#1909=CARTESIAN_POINT('',(-84.0300901682437,-50.0000000002869,24.5727387756648));
#1910=CARTESIAN_POINT('',(-84.0976534204534,-50.0000000003151,25.2227133806419));
#1911=CARTESIAN_POINT('',(-84.1581103045848,-50.000000000344,25.8664886729079));
#1912=CARTESIAN_POINT('',(-84.2267390898528,-50.0000000003869,26.7719607513024));
#1913=CARTESIAN_POINT('',(-84.2692922831254,-50.000000000425,27.5301476961204));
#1914=CARTESIAN_POINT('',(-84.2965085380972,-50.0000000004582,28.1676838674002));
#1915=CARTESIAN_POINT('',(-84.3175122665195,-50.0000000004924,28.8055480570613));
#1916=CARTESIAN_POINT('',(-84.3283749342298,-50.000000000528,29.4434210668064));
#1917=CARTESIAN_POINT('',(-84.3307062133913,-50.0000000005652,30.0862990665833));
#1918=CARTESIAN_POINT('',(-84.3266344174808,-50.0000000006037,30.736067293695));
#1919=CARTESIAN_POINT('',(-84.3072250315492,-50.0000000006567,31.5978445974879));
#1920=CARTESIAN_POINT('',(-84.2774438636887,-50.0000000007017,32.2961933907621));
#1921=CARTESIAN_POINT('',(-84.2416589651933,-50.0000000007454,32.9580913183269));
#1922=CARTESIAN_POINT('',(-84.1988933877087,-50.0000000007904,33.6236382473699));
#1923=CARTESIAN_POINT('',(-84.1189640811948,-50.0000000008577,34.5812431581265));
#1924=CARTESIAN_POINT('',(-84.014594207523,-50.0000000009311,35.5835034031245));
#1925=CARTESIAN_POINT('',(-83.9011768032532,-50.0000000010003,36.4912266526253));
#1926=CARTESIAN_POINT('',(-83.8057520541094,-50.000000001053,37.1588908538655));
#1927=CARTESIAN_POINT('',(-83.6982243554672,-50.0000000011093,37.8597053966861));
#1928=CARTESIAN_POINT('',(-83.5535417657089,-50.0000000011802,38.7207253465032));
#1929=CARTESIAN_POINT('',(-83.3776892176033,-50.0000000012588,39.6343849055918));
#1930=CARTESIAN_POINT('',(-83.1749455795371,-50.0000000013441,40.59920194702));
#1931=CARTESIAN_POINT('',(-82.8868703549897,-50.000000001459,41.8593882221399));
#1932=CARTESIAN_POINT('',(-82.4926654638154,-50.0000000016023,43.3455302329851));
#1933=CARTESIAN_POINT('',(-82.0946561742489,-50.0000000017364,44.6657832188949));
#1934=CARTESIAN_POINT('',(-81.7416949917017,-50.0000000018508,45.7568783657318));
#1935=CARTESIAN_POINT('',(-81.3639548962221,-50.0000000019682,46.8405609725058));
#1936=CARTESIAN_POINT('',(-80.9133300219507,-50.0000000021024,48.0314857736051));
#1937=CARTESIAN_POINT('',(-80.6106292613331,-50.0000000021893,48.777585139987));
#1938=CARTESIAN_POINT('',(-80.3064340999893,-50.0000000022753,49.5020378857758));
#1939=CARTESIAN_POINT('',(-80.062907551253,-50.000000002343,50.0635908469568));
#1940=CARTESIAN_POINT('',(-79.7856183185953,-50.0000000024184,50.6730447751575));
#1941=CARTESIAN_POINT('',(-79.6629106591774,-50.0000000024514,50.9366951699097));
#1942=CARTESIAN_POINT('',(-79.6332879260113,-50.0000000024593,51.0000000000021));
#1943=CARTESIAN_POINT('',(3.40227793872685E-29,-92.9999999999989,5.55634153634444E-13));
#1944=VECTOR('',#1945,1.);
#1945=DIRECTION('',(3.74939945665458E-33,1.,6.12323399573683E-17));
#1946=CARTESIAN_POINT('',(-115.,-61.,5.77091457179966E-13));
#1947=CARTESIAN_POINT('',(-115.,-61.,5.76827206557209E-13));
#1948=VECTOR('',#1949,1.);
#1949=DIRECTION('',(1.,0.,-1.72545271712541E-16));
#1950=CARTESIAN_POINT('',(-115.,-50.,5.81909845544764E-13));
#1951=CARTESIAN_POINT('',(-115.,-61.,5.84234608239627E-13));
#1952=VECTOR('',#1953,1.);
#1953=DIRECTION('',(-1.29189588320018E-15,1.,3.06161699786855E-17));
#1954=CARTESIAN_POINT('',(-78.4155596804605,-50.,5.5154696856317E-13));
#1955=CARTESIAN_POINT('',(-115.,-50.,5.77837540166505E-13));
#1956=VECTOR('',#1957,1.);
#1957=DIRECTION('',(1.,0.,-1.72545271712543E-16));
#1958=CARTESIAN_POINT('',(-78.4155596804605,50.,5.57997600346195E-13));
#1959=AXIS2_PLACEMENT_3D('',#1960,#1961,#1962);
#1960=CARTESIAN_POINT('',(1.03114420610212E-28,-3.43714735367374E-29,5.61328761250479E-13));
#1961=DIRECTION('',(1.83697019872103E-16,-6.12323399573677E-17,1.));
#1962=DIRECTION('',(-0.843178061080227,0.537634408602155,1.87809909922281E-16));
#1963=CARTESIAN_POINT('',(-115.,50.,5.84215644702522E-13));
#1964=CARTESIAN_POINT('',(-115.,50.,5.83960774162242E-13));
#1965=VECTOR('',#1966,1.);
#1966=DIRECTION('',(1.,0.,-1.72545271712543E-16));
#1967=CARTESIAN_POINT('',(-115.,61.,5.89769233800566E-13));
#1968=CARTESIAN_POINT('',(-115.,61.,5.93298851495228E-13));
#1969=VECTOR('',#1970,1.);
#1970=DIRECTION('',(-1.29189588320018E-15,-1.,-1.92103155378708E-16));
#1971=CARTESIAN_POINT('',(-115.,61.,5.84297552032008E-13));
#1972=VECTOR('',#1973,1.);
#1973=DIRECTION('',(1.,0.,-1.72545271712543E-16));
#1974=CARTESIAN_POINT('',(3.47089194878363E-29,90.,5.66839671846642E-13));
#1975=VECTOR('',#1976,1.);
#1976=DIRECTION('',(3.7493994566546E-33,1.,6.12323399573686E-17));
#1977=CARTESIAN_POINT('',(-135.,61.,40.0000000000003));
#1978=AXIS2_PLACEMENT_3D('',#1979,#1980,#1981);
#1979=CARTESIAN_POINT('',(-115.,61.,40.));
#1980=DIRECTION('',(0.,1.,0.));
#1981=DIRECTION('',(-1.,0.,2.77111666946439E-14));
#1982=CARTESIAN_POINT('',(-135.,61.,20.0000000000006));
#1983=AXIS2_PLACEMENT_3D('',#1984,#1985,#1986);
#1984=CARTESIAN_POINT('',(-115.,61.,20.0000000000006));
#1985=DIRECTION('',(0.,1.,0.));
#1986=DIRECTION('',(2.1316282072803E-15,0.,-1.));
#1987=CARTESIAN_POINT('',(-135.,61.,40.0000000000006));
#1988=VECTOR('',#1989,1.);
#1989=DIRECTION('',(0.,0.,-1.));
#1990=CARTESIAN_POINT('',(-106.5,61.,57.0000000000006));
#1991=AXIS2_PLACEMENT_3D('',#1992,#1993,#1994);
#1992=CARTESIAN_POINT('',(-105.,61.,57.0000000000006));
#1993=DIRECTION('',(0.,1.,0.));
#1994=DIRECTION('',(-1.,0.,-1.22464679914735E-16));
#1995=CARTESIAN_POINT('',(-106.5,61.,3.00000000000058));
#1996=AXIS2_PLACEMENT_3D('',#1997,#1998,#1999);
#1997=CARTESIAN_POINT('',(-105.,61.,3.00000000000058));
#1998=DIRECTION('',(0.,1.,0.));
#1999=DIRECTION('',(-1.,0.,-1.22464679914735E-16));
#2000=CARTESIAN_POINT('',(-86.4,61.,31.));
#2001=AXIS2_PLACEMENT_3D('',#2002,#2003,#2004);
#2002=CARTESIAN_POINT('',(-105.,61.,31.));
#2003=DIRECTION('',(0.,-1.,0.));
#2004=DIRECTION('',(1.,0.,6.12323399573677E-17));
#2005=CARTESIAN_POINT('',(-126.15,-61.,9.84999999999999));
#2006=CARTESIAN_POINT('',(-126.15,-61.,9.84999999999999));
#2007=VECTOR('',#2008,1.);
#2008=DIRECTION('',(1.,0.,3.5512742520468E-17));
#2009=CARTESIAN_POINT('',(-126.15,-61.,52.15));
#2010=CARTESIAN_POINT('',(-126.15,-61.,52.15));
#2011=VECTOR('',#2012,1.);
#2012=DIRECTION('',(0.,1.67977006089858E-16,-1.));
#2013=CARTESIAN_POINT('',(-75.1617717515251,-61.,52.15));
#2014=VECTOR('',#2015,1.);
#2015=DIRECTION('',(-1.,0.,1.3935427061664E-16));
#2016=CARTESIAN_POINT('',(-135.,-61.,40.0000000000003));
#2017=AXIS2_PLACEMENT_3D('',#2018,#2019,#2020);
#2018=CARTESIAN_POINT('',(-115.,-61.,40.));
#2019=DIRECTION('',(0.,-1.,-1.22464679914735E-16));
#2020=DIRECTION('',(7.10542735760079E-16,-1.22464679914735E-16,1.));
#2021=CARTESIAN_POINT('',(-135.,-61.,20.0000000000006));
#2022=CARTESIAN_POINT('',(-135.,-61.,40.0000000000006));
#2023=VECTOR('',#2024,1.);
#2024=DIRECTION('',(0.,3.5527136788005E-16,-1.));
#2025=AXIS2_PLACEMENT_3D('',#2026,#2027,#2028);
#2026=CARTESIAN_POINT('',(-115.,-61.,20.0000000000006));
#2027=DIRECTION('',(0.,-1.,-1.22464679914735E-16));
#2028=DIRECTION('',(-1.,-6.52622915254506E-32,5.32907051820074E-16));
#2029=CARTESIAN_POINT('',(-126.15,-63.,52.15));
#2030=CARTESIAN_POINT('',(-126.15,-61.,52.15));
#2031=VECTOR('',#2032,1.);
#2032=DIRECTION('',(0.,-1.,0.));
#2033=CARTESIAN_POINT('',(-73.4934822472605,-63.,52.15));
#2034=VECTOR('',#2035,1.);
#2035=DIRECTION('',(-1.,0.,1.34939180577154E-16));
#2036=CARTESIAN_POINT('',(-126.15,-63.,9.84999999999999));
#2037=CARTESIAN_POINT('',(-126.15,-63.,52.15));
#2038=VECTOR('',#2039,1.);
#2039=DIRECTION('',(0.,1.67977006089858E-16,-1.));
#2040=CARTESIAN_POINT('',(-126.15,-63.,9.84999999999999));
#2041=VECTOR('',#2042,1.);
#2042=DIRECTION('',(1.,0.,3.43809634370878E-17));
#2043=CARTESIAN_POINT('',(-119.,-63.,46.5));
#2044=AXIS2_PLACEMENT_3D('',#2045,#2046,#2047);
#2045=CARTESIAN_POINT('',(-120.5,-63.,46.5));
#2046=DIRECTION('',(0.,-1.,-1.22464679914735E-16));
#2047=DIRECTION('',(1.,0.,0.));
#2048=CARTESIAN_POINT('',(-88.,-63.,46.5));
#2049=AXIS2_PLACEMENT_3D('',#2050,#2051,#2052);
#2050=CARTESIAN_POINT('',(-89.5,-63.,46.5));
#2051=DIRECTION('',(0.,-1.,-1.22464679914735E-16));
#2052=DIRECTION('',(1.,0.,0.));
#2053=CARTESIAN_POINT('',(-88.,-63.,15.5));
#2054=AXIS2_PLACEMENT_3D('',#2055,#2056,#2057);
#2055=CARTESIAN_POINT('',(-89.5,-63.,15.5));
#2056=DIRECTION('',(0.,-1.,-1.22464679914735E-16));
#2057=DIRECTION('',(1.,0.,0.));
#2058=CARTESIAN_POINT('',(-119.,-63.,15.5));
#2059=AXIS2_PLACEMENT_3D('',#2060,#2061,#2062);
#2060=CARTESIAN_POINT('',(-120.5,-63.,15.5));
#2061=DIRECTION('',(0.,-1.,-1.22464679914735E-16));
#2062=DIRECTION('',(1.,0.,0.));
#2063=CARTESIAN_POINT('',(-92.5,-63.,31.));
#2064=AXIS2_PLACEMENT_3D('',#2065,#2066,#2067);
#2065=CARTESIAN_POINT('',(-105.,-63.,31.));
#2066=DIRECTION('',(0.,-1.,-1.22464679914735E-16));
#2067=DIRECTION('',(1.,0.,0.));
#2068=CARTESIAN_POINT('',(-126.15,-61.,9.84999999999999));
#2069=VECTOR('',#2070,1.);
#2070=DIRECTION('',(0.,-1.,0.));
#2071=CARTESIAN_POINT('',(-135.,50.,40.0000000000003));
#2072=CARTESIAN_POINT('',(-135.,61.,40.));
#2073=VECTOR('',#2074,1.);
#2074=DIRECTION('',(0.,-1.,0.));
#2075=AXIS2_PLACEMENT_3D('',#2076,#2077,#2078);
#2076=CARTESIAN_POINT('',(-115.,50.,40.));
#2077=DIRECTION('',(0.,-1.,0.));
#2078=DIRECTION('',(7.10542735760081E-16,0.,1.));
#2079=CARTESIAN_POINT('',(-135.,50.,20.0000000000006));
#2080=CARTESIAN_POINT('',(-135.,50.,40.0000000000006));
#2081=VECTOR('',#2082,1.);
#2082=DIRECTION('',(0.,0.,-1.));
#2083=AXIS2_PLACEMENT_3D('',#2084,#2085,#2086);
#2084=CARTESIAN_POINT('',(-115.,50.,20.0000000000006));
#2085=DIRECTION('',(0.,-1.,0.));
#2086=DIRECTION('',(-1.,0.,1.77635683940025E-16));
#2087=CARTESIAN_POINT('',(-84.2278899818,49.9999999999942,11.));
#2088=CARTESIAN_POINT('',(-78.4155596804606,50.,5.47598859082667E-13));
#2089=CARTESIAN_POINT('',(-78.4941698840122,50.,0.114804535777666));
#2090=CARTESIAN_POINT('',(-78.6500101258208,50.,0.344249436805841));
#2091=CARTESIAN_POINT('',(-78.8803399913139,50.,0.688919028793601));
#2092=CARTESIAN_POINT('',(-79.1061102349571,50.,1.0323046064252));
#2093=CARTESIAN_POINT('',(-79.262969771504,49.9999999999999,1.27478495219279));
#2094=CARTESIAN_POINT('',(-79.4087316261447,49.9999999999999,1.50216485304817));
#2095=CARTESIAN_POINT('',(-79.5517785485276,49.9999999999998,1.72712380707129));
#2096=CARTESIAN_POINT('',(-79.753812428941,49.9999999999997,2.04969976646391));
#2097=CARTESIAN_POINT('',(-79.9582267407236,49.9999999999996,2.38133820580562));
#2098=CARTESIAN_POINT('',(-80.1574923526757,49.9999999999994,2.70979028615384));
#2099=CARTESIAN_POINT('',(-80.3514307023006,49.9999999999992,3.0345422494105));
#2100=CARTESIAN_POINT('',(-80.540805449178,49.999999999999,3.3566721018362));
#2101=CARTESIAN_POINT('',(-80.7252349858685,49.9999999999988,3.67532741026837));
#2102=CARTESIAN_POINT('',(-80.8946148232507,49.9999999999986,3.97256724226952));
#2103=CARTESIAN_POINT('',(-81.0129559496221,49.9999999999984,4.1831896505298));
#2104=CARTESIAN_POINT('',(-81.1300670782029,49.9999999999982,4.39325616658902));
#2105=CARTESIAN_POINT('',(-81.2568378765162,49.999999999998,4.62276471296539));
#2106=CARTESIAN_POINT('',(-81.4288243862974,49.9999999999977,4.93906752156388));
#2107=CARTESIAN_POINT('',(-81.5990281215265,49.9999999999974,5.25710671618717));
#2108=CARTESIAN_POINT('',(-81.7682974588573,49.999999999997,5.57853537246688));
#2109=CARTESIAN_POINT('',(-81.9370488526724,49.9999999999967,5.90428646624524));
#2110=CARTESIAN_POINT('',(-82.125361137142,49.9999999999962,6.27396108301739));
#2111=CARTESIAN_POINT('',(-82.3123432189382,49.9999999999957,6.64851922999542));
#2112=CARTESIAN_POINT('',(-82.4615386428061,49.9999999999953,6.95362283424504));
#2113=CARTESIAN_POINT('',(-82.6112682452903,49.9999999999949,7.26355035052413));
#2114=CARTESIAN_POINT('',(-82.7618588587711,49.9999999999944,7.58015703625454));
#2115=CARTESIAN_POINT('',(-82.9469727788376,49.9999999999938,7.97806683896128));
#2116=CARTESIAN_POINT('',(-83.1130405352389,49.9999999999932,8.34207453246729));
#2117=CARTESIAN_POINT('',(-83.2775816192612,49.9999999999926,8.71000156943938));
#2118=CARTESIAN_POINT('',(-83.4409323372331,49.9999999999919,9.08280315200621));
#2119=CARTESIAN_POINT('',(-83.5823938702267,49.9999999999913,9.41247571605321));
#2120=CARTESIAN_POINT('',(-83.689070561908,49.9999999999909,9.66544338583436));
#2121=CARTESIAN_POINT('',(-83.7953403199884,49.9999999999904,9.92018847228449));
#2122=CARTESIAN_POINT('',(-83.920290809804,49.9999999999898,10.2242653781789));
#2123=CARTESIAN_POINT('',(-84.075703867557,49.999999999989,10.611028119878));
#2124=CARTESIAN_POINT('',(-84.1774489697897,49.9999999999885,10.8700774931992));
#2125=CARTESIAN_POINT('',(-84.2278899818005,49.9999999999882,10.9999999999996));
#2126=CARTESIAN_POINT('',(-80.5169630517263,50.,11.));
#2127=VECTOR('',#2128,1.);
#2128=DIRECTION('',(-1.,0.,0.));
#2129=CARTESIAN_POINT('',(-83.4043768445806,49.9999999999988,51.));
#2130=CARTESIAN_POINT('',(-83.4043768445799,50.,51.));
#2131=VECTOR('',#2132,1.);
#2132=DIRECTION('',(1.,0.,0.));
#2133=CARTESIAN_POINT('',(-83.4043768445806,49.9999999999994,51.));
#2134=CARTESIAN_POINT('',(-83.315760236777,49.9999999999997,51.2034218523402));
#2135=CARTESIAN_POINT('',(-83.1361258487173,50.0000000000001,51.6088727163587));
#2136=CARTESIAN_POINT('',(-82.8595262298082,50.0000000000001,52.2128510986789));
#2137=CARTESIAN_POINT('',(-82.576112513008,49.9999999999995,52.8120382512427));
#2138=CARTESIAN_POINT('',(-82.3521603147984,49.9999999999986,53.2708253340897));
#2139=CARTESIAN_POINT('',(-82.1559054926641,49.9999999999975,53.6647932452587));
#2140=CARTESIAN_POINT('',(-81.9580436045053,49.9999999999963,54.0559750287485));
#2141=CARTESIAN_POINT('',(-81.6880428601265,49.9999999999942,54.5764661248304));
#2142=CARTESIAN_POINT('',(-81.3811984830935,49.9999999999913,55.1509074432823));
#2143=CARTESIAN_POINT('',(-81.0692063376329,49.9999999999878,55.7185296477843));
#2144=CARTESIAN_POINT('',(-80.7526842621907,49.9999999999838,56.2785306301608));
#2145=CARTESIAN_POINT('',(-80.4316081885489,49.9999999999793,56.8312878755991));
#2146=CARTESIAN_POINT('',(-80.1757551984183,49.9999999999753,57.2601635773584));
#2147=CARTESIAN_POINT('',(-79.957119741821,49.9999999999717,57.620193105913));
#2148=CARTESIAN_POINT('',(-79.7377983853421,49.999999999968,57.9767211219744));
#2149=CARTESIAN_POINT('',(-79.4444945826527,49.9999999999627,58.443621809629));
#2150=CARTESIAN_POINT('',(-79.1066340389946,49.9999999999562,58.9681099387237));
#2151=CARTESIAN_POINT('',(-78.8751408584231,49.9999999999515,59.3187112658677));
#2152=CARTESIAN_POINT('',(-78.6452055269879,49.9999999999467,59.6626210785652));
#2153=CARTESIAN_POINT('',(-78.5294380618919,49.9999999999442,59.8336888069902));
#2154=CARTESIAN_POINT('',(-78.4155596818535,49.9999999999417,60.));
#2155=CARTESIAN_POINT('',(-106.5,50.,57.0000000000006));
#2156=AXIS2_PLACEMENT_3D('',#2157,#2158,#2159);
#2157=CARTESIAN_POINT('',(-105.,50.,57.0000000000006));
#2158=DIRECTION('',(0.,1.,0.));
#2159=DIRECTION('',(-1.,0.,-1.22464679914735E-16));
#2160=CARTESIAN_POINT('',(-106.5,50.,3.00000000000058));
#2161=AXIS2_PLACEMENT_3D('',#2162,#2163,#2164);
#2162=CARTESIAN_POINT('',(-105.,50.,3.00000000000058));
#2163=DIRECTION('',(0.,1.,0.));
#2164=DIRECTION('',(-1.,0.,-1.22464679914735E-16));
#2165=CARTESIAN_POINT('',(-86.4,50.,31.));
#2166=AXIS2_PLACEMENT_3D('',#2167,#2168,#2169);
#2167=CARTESIAN_POINT('',(-105.,50.,31.));
#2168=DIRECTION('',(0.,-1.,0.));
#2169=DIRECTION('',(1.,0.,0.));
#2170=CARTESIAN_POINT('',(-83.4043768445802,-49.9999999999996,51.));
#2171=CARTESIAN_POINT('',(-83.4043768445802,-49.9999999999998,51.));
#2172=CARTESIAN_POINT('',(-83.3157602367767,-49.9999999999999,51.2034218523403));
#2173=CARTESIAN_POINT('',(-83.1361258487173,-50.,51.6088727163589));
#2174=CARTESIAN_POINT('',(-82.8595262298083,-50.,52.212851098679));
#2175=CARTESIAN_POINT('',(-82.5761125130082,-49.9999999999998,52.8120382512428));
#2176=CARTESIAN_POINT('',(-82.3521603147986,-49.9999999999995,53.2708253340898));
#2177=CARTESIAN_POINT('',(-82.1559054926643,-49.9999999999991,53.6647932452588));
#2178=CARTESIAN_POINT('',(-81.9580436045054,-49.9999999999986,54.0559750287486));
#2179=CARTESIAN_POINT('',(-81.6880428601269,-49.9999999999979,54.5764661248306));
#2180=CARTESIAN_POINT('',(-81.3811984830938,-49.9999999999968,55.1509074432824));
#2181=CARTESIAN_POINT('',(-81.0692063376334,-49.9999999999956,55.7185296477845));
#2182=CARTESIAN_POINT('',(-80.7526842621911,-49.9999999999942,56.278530630161));
#2183=CARTESIAN_POINT('',(-80.4316081885494,-49.9999999999926,56.8312878755993));
#2184=CARTESIAN_POINT('',(-80.1757551984188,-49.9999999999912,57.2601635773586));
#2185=CARTESIAN_POINT('',(-79.9571197418215,-49.9999999999899,57.6201931059132));
#2186=CARTESIAN_POINT('',(-79.7377983853427,-49.9999999999886,57.9767211219746));
#2187=CARTESIAN_POINT('',(-79.4444945826534,-49.9999999999867,58.4436218096292));
#2188=CARTESIAN_POINT('',(-79.1066340389952,-49.9999999999844,58.9681099387239));
#2189=CARTESIAN_POINT('',(-78.8751408584238,-49.9999999999827,59.3187112658679));
#2190=CARTESIAN_POINT('',(-78.6452055269886,-49.999999999981,59.6626210785655));
#2191=CARTESIAN_POINT('',(-78.529438061893,-49.9999999999801,59.8336888069908));
#2192=CARTESIAN_POINT('',(-78.4155596818543,-49.9999999999792,60.0000000000002));
#2193=AXIS2_PLACEMENT_3D('',#2194,#2195,#2196);
#2194=CARTESIAN_POINT('',(0.,0.,51.));
#2195=DIRECTION('',(2.10971928364278E-16,-6.23283101543947E-17,1.));
#2196=DIRECTION('',(-0.85768625228955,0.5141734071629,2.12995282171849E-16));
#2197=CARTESIAN_POINT('',(-135.,-50.,40.0000000000003));
#2198=AXIS2_PLACEMENT_3D('',#2199,#2200,#2201);
#2199=CARTESIAN_POINT('',(-115.,-50.,40.));
#2200=DIRECTION('',(0.,1.,1.22464679914735E-16));
#2201=DIRECTION('',(-1.,-3.74170471412584E-30,3.05533376376843E-14));
#2202=CARTESIAN_POINT('',(-83.4043768445799,-50.,51.));
#2203=VECTOR('',#2204,1.);
#2204=DIRECTION('',(1.,0.,1.88418451832786E-15));
#2205=CARTESIAN_POINT('',(-84.2278899818,-49.9999999999942,11.));
#2206=CARTESIAN_POINT('',(-80.5169630517263,-50.,11.));
#2207=VECTOR('',#2208,1.);
#2208=DIRECTION('',(-1.,0.,0.));
#2209=CARTESIAN_POINT('',(-78.4155596804606,-50.,5.40984528405998E-13));
#2210=CARTESIAN_POINT('',(-78.4941698840122,-50.,0.114804535777656));
#2211=CARTESIAN_POINT('',(-78.6500101258208,-50.,0.344249436805832));
#2212=CARTESIAN_POINT('',(-78.8803399913139,-50.,0.68891902879358));
#2213=CARTESIAN_POINT('',(-79.1061102349571,-50.,1.03230460642516));
#2214=CARTESIAN_POINT('',(-79.262969771504,-50.,1.27478495219284));
#2215=CARTESIAN_POINT('',(-79.4087316261447,-50.,1.50216485304809));
#2216=CARTESIAN_POINT('',(-79.5517785485276,-49.9999999999999,1.72712380707129));
#2217=CARTESIAN_POINT('',(-79.7538124289411,-49.9999999999999,2.04969976646388));
#2218=CARTESIAN_POINT('',(-79.9582267407237,-49.9999999999999,2.38133820580557));
#2219=CARTESIAN_POINT('',(-80.1574923526757,-49.9999999999998,2.70979028615378));
#2220=CARTESIAN_POINT('',(-80.3514307023006,-49.9999999999998,3.03454224941044));
#2221=CARTESIAN_POINT('',(-80.5408054491781,-49.9999999999997,3.35667210183612));
#2222=CARTESIAN_POINT('',(-80.7252349858686,-49.9999999999997,3.67532741026833));
#2223=CARTESIAN_POINT('',(-80.8946148232509,-49.9999999999996,3.97256724226946));
#2224=CARTESIAN_POINT('',(-81.0129559496222,-49.9999999999995,4.18318965052975));
#2225=CARTESIAN_POINT('',(-81.130067078203,-49.9999999999995,4.393256166589));
#2226=CARTESIAN_POINT('',(-81.2568378765162,-49.9999999999994,4.62276471296535));
#2227=CARTESIAN_POINT('',(-81.4288243862975,-49.9999999999994,4.93906752156382));
#2228=CARTESIAN_POINT('',(-81.5990281215266,-49.9999999999993,5.25710671618712));
#2229=CARTESIAN_POINT('',(-81.7682974588574,-49.9999999999992,5.57853537246684));
#2230=CARTESIAN_POINT('',(-81.9370488526726,-49.9999999999991,5.90428646624516));
#2231=CARTESIAN_POINT('',(-82.1253611371422,-49.999999999999,6.27396108301734));
#2232=CARTESIAN_POINT('',(-82.3123432189383,-49.9999999999988,6.64851922999535));
#2233=CARTESIAN_POINT('',(-82.4615386428062,-49.9999999999987,6.95362283424494));
#2234=CARTESIAN_POINT('',(-82.6112682452905,-49.9999999999986,7.26355035052403));
#2235=CARTESIAN_POINT('',(-82.7618588587712,-49.9999999999985,7.58015703625443));
#2236=CARTESIAN_POINT('',(-82.9469727788377,-49.9999999999983,7.97806683896116));
#2237=CARTESIAN_POINT('',(-83.113040535239,-49.9999999999982,8.34207453246716));
#2238=CARTESIAN_POINT('',(-83.2775816192613,-49.999999999998,8.71000156943923));
#2239=CARTESIAN_POINT('',(-83.4409323372332,-49.9999999999978,9.08280315200605));
#2240=CARTESIAN_POINT('',(-83.5823938702268,-49.9999999999977,9.41247571605306));
#2241=CARTESIAN_POINT('',(-83.6890705619081,-49.9999999999976,9.66544338583421));
#2242=CARTESIAN_POINT('',(-83.7953403199886,-49.9999999999974,9.92018847228431));
#2243=CARTESIAN_POINT('',(-83.9202908098041,-49.9999999999973,10.2242653781788));
#2244=CARTESIAN_POINT('',(-84.0757038675572,-49.9999999999971,10.6110281198778));
#2245=CARTESIAN_POINT('',(-84.1774489697899,-49.9999999999969,10.8700774931991));
#2246=CARTESIAN_POINT('',(-84.2278899818007,-49.9999999999969,10.9999999999994));
#2247=CARTESIAN_POINT('',(-135.,-50.,20.0000000000006));
#2248=AXIS2_PLACEMENT_3D('',#2249,#2250,#2251);
#2249=CARTESIAN_POINT('',(-115.,-50.,20.0000000000006));
#2250=DIRECTION('',(0.,1.,1.22464679914735E-16));
#2251=DIRECTION('',(0.,1.22464679914735E-16,-1.));
#2252=CARTESIAN_POINT('',(-135.,-50.,40.0000000000006));
#2253=VECTOR('',#2254,1.);
#2254=DIRECTION('',(0.,3.5527136788005E-16,-1.));
#2255=CARTESIAN_POINT('',(-119.,-50.,46.5));
#2256=AXIS2_PLACEMENT_3D('',#2257,#2258,#2259);
#2257=CARTESIAN_POINT('',(-120.5,-50.,46.5));
#2258=DIRECTION('',(0.,-1.,-1.22464679914735E-16));
#2259=DIRECTION('',(1.,0.,0.));
#2260=CARTESIAN_POINT('',(-88.,-50.,46.5));
#2261=AXIS2_PLACEMENT_3D('',#2262,#2263,#2264);
#2262=CARTESIAN_POINT('',(-89.5,-50.,46.5));
#2263=DIRECTION('',(0.,-1.,-1.22464679914735E-16));
#2264=DIRECTION('',(1.,0.,0.));
#2265=CARTESIAN_POINT('',(-88.,-50.,15.5));
#2266=AXIS2_PLACEMENT_3D('',#2267,#2268,#2269);
#2267=CARTESIAN_POINT('',(-89.5,-50.,15.5));
#2268=DIRECTION('',(0.,-1.,-1.22464679914735E-16));
#2269=DIRECTION('',(1.,0.,0.));
#2270=CARTESIAN_POINT('',(-119.,-50.,15.5));
#2271=AXIS2_PLACEMENT_3D('',#2272,#2273,#2274);
#2272=CARTESIAN_POINT('',(-120.5,-50.,15.5));
#2273=DIRECTION('',(0.,-1.,-1.22464679914735E-16));
#2274=DIRECTION('',(1.,0.,0.));
#2275=CARTESIAN_POINT('',(-86.4,-50.,31.));
#2276=AXIS2_PLACEMENT_3D('',#2277,#2278,#2279);
#2277=CARTESIAN_POINT('',(-105.,-50.,31.));
#2278=DIRECTION('',(0.,-1.,-1.22464679914735E-16));
#2279=DIRECTION('',(1.,0.,0.));
#2280=CARTESIAN_POINT('',(-135.,-61.,40.));
#2281=VECTOR('',#2282,1.);
#2282=DIRECTION('',(0.,1.,1.29189588320018E-15));
#2283=AXIS2_PLACEMENT_3D('',#2284,#2285,#2286);
#2284=CARTESIAN_POINT('',(0.,0.,11.));
#2285=DIRECTION('',(1.75809940303565E-16,-6.23283101543947E-17,1.));
#2286=DIRECTION('',(-0.859900945572835,0.510460932690195,1.82995301242556E-16));
#2287=CARTESIAN_POINT('',(-135.,-61.,20.0000000000006));
#2288=VECTOR('',#2289,1.);
#2289=DIRECTION('',(0.,1.,-3.22973970800045E-16));
#2290=CARTESIAN_POINT('',(-135.,61.,20.0000000000006));
#2291=VECTOR('',#2292,1.);
#2292=DIRECTION('',(0.,-1.,0.));
#2293=CARTESIAN_POINT('',(-92.5,-59.,31.));
#2294=AXIS2_PLACEMENT_3D('',#2295,#2296,#2297);
#2295=CARTESIAN_POINT('',(-105.,-59.,31.));
#2296=DIRECTION('',(0.,-1.,-1.22464679914735E-16));
#2297=DIRECTION('',(1.,0.,0.));
#2298=CARTESIAN_POINT('',(-86.4,-57.,31.));
#2299=AXIS2_PLACEMENT_3D('',#2300,#2301,#2302);
#2300=CARTESIAN_POINT('',(-105.,-57.,31.));
#2301=DIRECTION('',(0.,-1.,0.));
#2302=DIRECTION('',(1.,0.,0.));
#2303=CARTESIAN_POINT('',(-88.,-59.,31.));
#2304=AXIS2_PLACEMENT_3D('',#2305,#2306,#2307);
#2305=CARTESIAN_POINT('',(-105.,-59.,31.));
#2306=DIRECTION('',(0.,-1.,-1.22464679914735E-16));
#2307=DIRECTION('',(1.,0.,0.));
#2308=CARTESIAN_POINT('',(-88.,-57.,31.));
#2309=AXIS2_PLACEMENT_3D('',#2310,#2311,#2312);
#2310=CARTESIAN_POINT('',(-105.,-57.,31.));
#2311=DIRECTION('',(0.,-1.,0.));
#2312=DIRECTION('',(1.,0.,0.));
ENDSEC;
END-ISO-10303-21;
